
*** Running vivado
    with args -log system_bd_wrapper.vds -m64 -product Vivado -mode batch -messageDb vivado.pb -notrace -source system_bd_wrapper.tcl


****** Vivado v2018.1 (64-bit)
  **** SW Build 2188600 on Wed Apr  4 18:40:38 MDT 2018
  **** IP Build 2185939 on Wed Apr  4 20:55:05 MDT 2018
    ** Copyright 1986-2018 Xilinx, Inc. All Rights Reserved.

source system_bd_wrapper.tcl -notrace
INFO: [IP_Flow 19-234] Refreshing IP repositories
INFO: [IP_Flow 19-1700] Loaded user IP repository 'c:/Users/hrish/Downloads/ReRAM_Thesis/Project Folder/ip_repo/reram_axi_ip_1.0'.
INFO: [IP_Flow 19-2313] Loaded Vivado IP repository 'C:/Xilinx/Vivado/2018.1/data/ip'.
add_files: Time (s): cpu = 00:00:05 ; elapsed = 00:00:06 . Memory (MB): peak = 336.910 ; gain = 81.113
Command: synth_design -top system_bd_wrapper -part xc7z020clg400-1
Starting synth_design
Attempting to get a license for feature 'Synthesis' and/or device 'xc7z020'
INFO: [Common 17-349] Got license for feature 'Synthesis' and/or device 'xc7z020'
INFO: Launching helper process for spawning children vivado processes
INFO: Helper process launched with PID 24084 
---------------------------------------------------------------------------------
Starting RTL Elaboration : Time (s): cpu = 00:00:14 ; elapsed = 00:00:18 . Memory (MB): peak = 480.184 ; gain = 140.098
---------------------------------------------------------------------------------
INFO: [Synth 8-6157] synthesizing module 'system_bd_wrapper' [C:/Users/hrish/Downloads/ReRAM_Thesis/Project Folder/ReRAM_AXI_Project/ReRAM_AXI_Project.srcs/sources_1/bd/system_bd/hdl/system_bd_wrapper.v:12]
INFO: [Synth 8-6157] synthesizing module 'system_bd' [C:/Users/hrish/Downloads/ReRAM_Thesis/Project Folder/ReRAM_AXI_Project/ReRAM_AXI_Project.srcs/sources_1/bd/system_bd/synth/system_bd.v:1004]
INFO: [Synth 8-638] synthesizing module 'system_bd_axi_bram_ctrl_0_0' [c:/Users/hrish/Downloads/ReRAM_Thesis/Project Folder/ReRAM_AXI_Project/ReRAM_AXI_Project.srcs/sources_1/bd/system_bd/ip/system_bd_axi_bram_ctrl_0_0/synth/system_bd_axi_bram_ctrl_0_0.vhd:108]
	Parameter C_BRAM_INST_MODE bound to: EXTERNAL - type: string 
	Parameter C_MEMORY_DEPTH bound to: 2048 - type: integer 
	Parameter C_BRAM_ADDR_WIDTH bound to: 11 - type: integer 
	Parameter C_S_AXI_ADDR_WIDTH bound to: 13 - type: integer 
	Parameter C_S_AXI_DATA_WIDTH bound to: 32 - type: integer 
	Parameter C_S_AXI_ID_WIDTH bound to: 12 - type: integer 
	Parameter C_S_AXI_PROTOCOL bound to: AXI4 - type: string 
	Parameter C_S_AXI_SUPPORTS_NARROW_BURST bound to: 0 - type: integer 
	Parameter C_SINGLE_PORT_BRAM bound to: 1 - type: integer 
	Parameter C_FAMILY bound to: zynq - type: string 
	Parameter C_SELECT_XPM bound to: 1 - type: integer 
	Parameter C_S_AXI_CTRL_ADDR_WIDTH bound to: 32 - type: integer 
	Parameter C_S_AXI_CTRL_DATA_WIDTH bound to: 32 - type: integer 
	Parameter C_ECC bound to: 0 - type: integer 
	Parameter C_ECC_TYPE bound to: 0 - type: integer 
	Parameter C_FAULT_INJECT bound to: 0 - type: integer 
	Parameter C_ECC_ONOFF_RESET_VALUE bound to: 0 - type: integer 
INFO: [Synth 8-3491] module 'axi_bram_ctrl' declared at 'c:/Users/hrish/Downloads/ReRAM_Thesis/Project Folder/ReRAM_AXI_Project/ReRAM_AXI_Project.srcs/sources_1/bd/system_bd/ipshared/6db1/hdl/axi_bram_ctrl_v4_0_rfs.vhd:23737' bound to instance 'U0' of component 'axi_bram_ctrl' [c:/Users/hrish/Downloads/ReRAM_Thesis/Project Folder/ReRAM_AXI_Project/ReRAM_AXI_Project.srcs/sources_1/bd/system_bd/ip/system_bd_axi_bram_ctrl_0_0/synth/system_bd_axi_bram_ctrl_0_0.vhd:262]
INFO: [Synth 8-638] synthesizing module 'axi_bram_ctrl' [c:/Users/hrish/Downloads/ReRAM_Thesis/Project Folder/ReRAM_AXI_Project/ReRAM_AXI_Project.srcs/sources_1/bd/system_bd/ipshared/6db1/hdl/axi_bram_ctrl_v4_0_rfs.vhd:23907]
	Parameter C_BRAM_INST_MODE bound to: EXTERNAL - type: string 
	Parameter C_MEMORY_DEPTH bound to: 2048 - type: integer 
	Parameter C_BRAM_ADDR_WIDTH bound to: 11 - type: integer 
	Parameter C_S_AXI_ADDR_WIDTH bound to: 13 - type: integer 
	Parameter C_S_AXI_DATA_WIDTH bound to: 32 - type: integer 
	Parameter C_S_AXI_ID_WIDTH bound to: 12 - type: integer 
	Parameter C_S_AXI_PROTOCOL bound to: AXI4 - type: string 
	Parameter C_S_AXI_SUPPORTS_NARROW_BURST bound to: 0 - type: integer 
	Parameter C_SINGLE_PORT_BRAM bound to: 1 - type: integer 
	Parameter C_FAMILY bound to: zynq - type: string 
	Parameter C_SELECT_XPM bound to: 1 - type: integer 
	Parameter C_S_AXI_CTRL_ADDR_WIDTH bound to: 32 - type: integer 
	Parameter C_S_AXI_CTRL_DATA_WIDTH bound to: 32 - type: integer 
	Parameter C_ECC bound to: 0 - type: integer 
	Parameter C_ECC_TYPE bound to: 0 - type: integer 
	Parameter C_FAULT_INJECT bound to: 0 - type: integer 
	Parameter C_ECC_ONOFF_RESET_VALUE bound to: 0 - type: integer 
INFO: [Synth 8-638] synthesizing module 'axi_bram_ctrl_top' [c:/Users/hrish/Downloads/ReRAM_Thesis/Project Folder/ReRAM_AXI_Project/ReRAM_AXI_Project.srcs/sources_1/bd/system_bd/ipshared/6db1/hdl/axi_bram_ctrl_v4_0_rfs.vhd:22907]
	Parameter C_BRAM_ADDR_WIDTH bound to: 11 - type: integer 
	Parameter C_S_AXI_ADDR_WIDTH bound to: 13 - type: integer 
	Parameter C_S_AXI_DATA_WIDTH bound to: 32 - type: integer 
	Parameter C_S_AXI_ID_WIDTH bound to: 12 - type: integer 
	Parameter C_S_AXI_PROTOCOL bound to: AXI4 - type: string 
	Parameter C_S_AXI_SUPPORTS_NARROW_BURST bound to: 0 - type: integer 
	Parameter C_SINGLE_PORT_BRAM bound to: 1 - type: integer 
	Parameter C_S_AXI_CTRL_ADDR_WIDTH bound to: 32 - type: integer 
	Parameter C_S_AXI_CTRL_DATA_WIDTH bound to: 32 - type: integer 
	Parameter C_ECC bound to: 0 - type: integer 
	Parameter C_ECC_TYPE bound to: 0 - type: integer 
	Parameter C_FAULT_INJECT bound to: 0 - type: integer 
	Parameter C_ECC_ONOFF_RESET_VALUE bound to: 0 - type: integer 
INFO: [Synth 8-638] synthesizing module 'full_axi' [c:/Users/hrish/Downloads/ReRAM_Thesis/Project Folder/ReRAM_AXI_Project/ReRAM_AXI_Project.srcs/sources_1/bd/system_bd/ipshared/6db1/hdl/axi_bram_ctrl_v4_0_rfs.vhd:21852]
	Parameter C_S_AXI_ADDR_WIDTH bound to: 13 - type: integer 
	Parameter C_S_AXI_DATA_WIDTH bound to: 32 - type: integer 
	Parameter C_S_AXI_ID_WIDTH bound to: 12 - type: integer 
	Parameter C_S_AXI_PROTOCOL bound to: AXI4 - type: string 
	Parameter C_S_AXI_SUPPORTS_NARROW_BURST bound to: 0 - type: integer 
	Parameter C_SINGLE_PORT_BRAM bound to: 1 - type: integer 
	Parameter C_S_AXI_CTRL_ADDR_WIDTH bound to: 32 - type: integer 
	Parameter C_S_AXI_CTRL_DATA_WIDTH bound to: 32 - type: integer 
	Parameter C_ECC bound to: 0 - type: integer 
	Parameter C_ECC_WIDTH bound to: 0 - type: integer 
	Parameter C_ECC_TYPE bound to: 0 - type: integer 
	Parameter C_FAULT_INJECT bound to: 0 - type: integer 
	Parameter C_ECC_ONOFF_RESET_VALUE bound to: 0 - type: integer 
	Parameter C_ENABLE_AXI_CTRL_REG_IF bound to: 0 - type: integer 
	Parameter C_CE_FAILING_REGISTERS bound to: 0 - type: integer 
	Parameter C_UE_FAILING_REGISTERS bound to: 0 - type: integer 
	Parameter C_ECC_STATUS_REGISTERS bound to: 0 - type: integer 
	Parameter C_ECC_ONOFF_REGISTER bound to: 0 - type: integer 
	Parameter C_CE_COUNTER_WIDTH bound to: 0 - type: integer 
INFO: [Synth 8-3919] null assignment ignored [c:/Users/hrish/Downloads/ReRAM_Thesis/Project Folder/ReRAM_AXI_Project/ReRAM_AXI_Project.srcs/sources_1/bd/system_bd/ipshared/6db1/hdl/axi_bram_ctrl_v4_0_rfs.vhd:21920]
INFO: [Synth 8-638] synthesizing module 'sng_port_arb' [c:/Users/hrish/Downloads/ReRAM_Thesis/Project Folder/ReRAM_AXI_Project/ReRAM_AXI_Project.srcs/sources_1/bd/system_bd/ipshared/6db1/hdl/axi_bram_ctrl_v4_0_rfs.vhd:9219]
	Parameter C_S_AXI_ADDR_WIDTH bound to: 13 - type: integer 
INFO: [Synth 8-256] done synthesizing module 'sng_port_arb' (1#1) [c:/Users/hrish/Downloads/ReRAM_Thesis/Project Folder/ReRAM_AXI_Project/ReRAM_AXI_Project.srcs/sources_1/bd/system_bd/ipshared/6db1/hdl/axi_bram_ctrl_v4_0_rfs.vhd:9219]
INFO: [Synth 8-638] synthesizing module 'wr_chnl' [c:/Users/hrish/Downloads/ReRAM_Thesis/Project Folder/ReRAM_AXI_Project/ReRAM_AXI_Project.srcs/sources_1/bd/system_bd/ipshared/6db1/hdl/axi_bram_ctrl_v4_0_rfs.vhd:17016]
	Parameter C_AXI_ADDR_WIDTH bound to: 13 - type: integer 
	Parameter C_BRAM_ADDR_ADJUST_FACTOR bound to: 2 - type: integer 
	Parameter C_AXI_DATA_WIDTH bound to: 32 - type: integer 
	Parameter C_AXI_ID_WIDTH bound to: 12 - type: integer 
	Parameter C_S_AXI_SUPPORTS_NARROW bound to: 0 - type: integer 
	Parameter C_S_AXI_PROTOCOL bound to: AXI4 - type: string 
	Parameter C_SINGLE_PORT_BRAM bound to: 1 - type: integer 
	Parameter C_ECC bound to: 0 - type: integer 
	Parameter C_ECC_WIDTH bound to: 0 - type: integer 
	Parameter C_ECC_TYPE bound to: 0 - type: integer 
INFO: [Synth 8-506] null port 'FaultInjectECC' ignored [c:/Users/hrish/Downloads/ReRAM_Thesis/Project Folder/ReRAM_AXI_Project/ReRAM_AXI_Project.srcs/sources_1/bd/system_bd/ipshared/6db1/hdl/axi_bram_ctrl_v4_0_rfs.vhd:16983]
INFO: [Synth 8-638] synthesizing module 'wrap_brst' [c:/Users/hrish/Downloads/ReRAM_Thesis/Project Folder/ReRAM_AXI_Project/ReRAM_AXI_Project.srcs/sources_1/bd/system_bd/ipshared/6db1/hdl/axi_bram_ctrl_v4_0_rfs.vhd:10218]
	Parameter C_AXI_ADDR_WIDTH bound to: 13 - type: integer 
	Parameter C_BRAM_ADDR_ADJUST_FACTOR bound to: 2 - type: integer 
	Parameter C_AXI_DATA_WIDTH bound to: 32 - type: integer 
INFO: [Synth 8-256] done synthesizing module 'wrap_brst' (2#1) [c:/Users/hrish/Downloads/ReRAM_Thesis/Project Folder/ReRAM_AXI_Project/ReRAM_AXI_Project.srcs/sources_1/bd/system_bd/ipshared/6db1/hdl/axi_bram_ctrl_v4_0_rfs.vhd:10218]
INFO: [Synth 8-638] synthesizing module 'SRL_FIFO' [c:/Users/hrish/Downloads/ReRAM_Thesis/Project Folder/ReRAM_AXI_Project/ReRAM_AXI_Project.srcs/sources_1/bd/system_bd/ipshared/6db1/hdl/axi_bram_ctrl_v4_0_rfs.vhd:133]
	Parameter C_DATA_BITS bound to: 12 - type: integer 
	Parameter C_DEPTH bound to: 8 - type: integer 
	Parameter C_XON bound to: 0 - type: bool 
INFO: [Synth 8-3491] module 'FDR' declared at 'C:/Xilinx/Vivado/2018.1/scripts/rt/data/unisim_comp.v:3953' bound to instance 'Data_Exists_DFF' of component 'FDR' [c:/Users/hrish/Downloads/ReRAM_Thesis/Project Folder/ReRAM_AXI_Project/ReRAM_AXI_Project.srcs/sources_1/bd/system_bd/ipshared/6db1/hdl/axi_bram_ctrl_v4_0_rfs.vhd:230]
INFO: [Synth 8-6157] synthesizing module 'FDR' [C:/Xilinx/Vivado/2018.1/scripts/rt/data/unisim_comp.v:3953]
	Parameter INIT bound to: 1'b0 
INFO: [Synth 8-6155] done synthesizing module 'FDR' (3#1) [C:/Xilinx/Vivado/2018.1/scripts/rt/data/unisim_comp.v:3953]
INFO: [Synth 8-3491] module 'MUXCY_L' declared at 'C:/Xilinx/Vivado/2018.1/scripts/rt/data/unisim_comp.v:26640' bound to instance 'MUXCY_L_I' of component 'MUXCY_L' [c:/Users/hrish/Downloads/ReRAM_Thesis/Project Folder/ReRAM_AXI_Project/ReRAM_AXI_Project.srcs/sources_1/bd/system_bd/ipshared/6db1/hdl/axi_bram_ctrl_v4_0_rfs.vhd:247]
INFO: [Synth 8-6157] synthesizing module 'MUXCY_L' [C:/Xilinx/Vivado/2018.1/scripts/rt/data/unisim_comp.v:26640]
INFO: [Synth 8-6155] done synthesizing module 'MUXCY_L' (4#1) [C:/Xilinx/Vivado/2018.1/scripts/rt/data/unisim_comp.v:26640]
INFO: [Synth 8-3491] module 'XORCY' declared at 'C:/Xilinx/Vivado/2018.1/scripts/rt/data/unisim_comp.v:52721' bound to instance 'XORCY_I' of component 'XORCY' [c:/Users/hrish/Downloads/ReRAM_Thesis/Project Folder/ReRAM_AXI_Project/ReRAM_AXI_Project.srcs/sources_1/bd/system_bd/ipshared/6db1/hdl/axi_bram_ctrl_v4_0_rfs.vhd:254]
INFO: [Synth 8-6157] synthesizing module 'XORCY' [C:/Xilinx/Vivado/2018.1/scripts/rt/data/unisim_comp.v:52721]
INFO: [Synth 8-6155] done synthesizing module 'XORCY' (5#1) [C:/Xilinx/Vivado/2018.1/scripts/rt/data/unisim_comp.v:52721]
INFO: [Synth 8-3491] module 'FDRE' declared at 'C:/Xilinx/Vivado/2018.1/scripts/rt/data/unisim_comp.v:3966' bound to instance 'FDRE_I' of component 'FDRE' [c:/Users/hrish/Downloads/ReRAM_Thesis/Project Folder/ReRAM_AXI_Project/ReRAM_AXI_Project.srcs/sources_1/bd/system_bd/ipshared/6db1/hdl/axi_bram_ctrl_v4_0_rfs.vhd:260]
INFO: [Synth 8-6157] synthesizing module 'FDRE' [C:/Xilinx/Vivado/2018.1/scripts/rt/data/unisim_comp.v:3966]
	Parameter INIT bound to: 1'b0 
	Parameter IS_C_INVERTED bound to: 1'b0 
	Parameter IS_D_INVERTED bound to: 1'b0 
	Parameter IS_R_INVERTED bound to: 1'b0 
INFO: [Synth 8-6155] done synthesizing module 'FDRE' (6#1) [C:/Xilinx/Vivado/2018.1/scripts/rt/data/unisim_comp.v:3966]
INFO: [Synth 8-3491] module 'MUXCY_L' declared at 'C:/Xilinx/Vivado/2018.1/scripts/rt/data/unisim_comp.v:26640' bound to instance 'MUXCY_L_I' of component 'MUXCY_L' [c:/Users/hrish/Downloads/ReRAM_Thesis/Project Folder/ReRAM_AXI_Project/ReRAM_AXI_Project.srcs/sources_1/bd/system_bd/ipshared/6db1/hdl/axi_bram_ctrl_v4_0_rfs.vhd:247]
INFO: [Synth 8-3491] module 'XORCY' declared at 'C:/Xilinx/Vivado/2018.1/scripts/rt/data/unisim_comp.v:52721' bound to instance 'XORCY_I' of component 'XORCY' [c:/Users/hrish/Downloads/ReRAM_Thesis/Project Folder/ReRAM_AXI_Project/ReRAM_AXI_Project.srcs/sources_1/bd/system_bd/ipshared/6db1/hdl/axi_bram_ctrl_v4_0_rfs.vhd:254]
INFO: [Synth 8-3491] module 'FDRE' declared at 'C:/Xilinx/Vivado/2018.1/scripts/rt/data/unisim_comp.v:3966' bound to instance 'FDRE_I' of component 'FDRE' [c:/Users/hrish/Downloads/ReRAM_Thesis/Project Folder/ReRAM_AXI_Project/ReRAM_AXI_Project.srcs/sources_1/bd/system_bd/ipshared/6db1/hdl/axi_bram_ctrl_v4_0_rfs.vhd:260]
INFO: [Synth 8-3491] module 'MUXCY_L' declared at 'C:/Xilinx/Vivado/2018.1/scripts/rt/data/unisim_comp.v:26640' bound to instance 'MUXCY_L_I' of component 'MUXCY_L' [c:/Users/hrish/Downloads/ReRAM_Thesis/Project Folder/ReRAM_AXI_Project/ReRAM_AXI_Project.srcs/sources_1/bd/system_bd/ipshared/6db1/hdl/axi_bram_ctrl_v4_0_rfs.vhd:247]
INFO: [Synth 8-3491] module 'XORCY' declared at 'C:/Xilinx/Vivado/2018.1/scripts/rt/data/unisim_comp.v:52721' bound to instance 'XORCY_I' of component 'XORCY' [c:/Users/hrish/Downloads/ReRAM_Thesis/Project Folder/ReRAM_AXI_Project/ReRAM_AXI_Project.srcs/sources_1/bd/system_bd/ipshared/6db1/hdl/axi_bram_ctrl_v4_0_rfs.vhd:254]
INFO: [Synth 8-3491] module 'FDRE' declared at 'C:/Xilinx/Vivado/2018.1/scripts/rt/data/unisim_comp.v:3966' bound to instance 'FDRE_I' of component 'FDRE' [c:/Users/hrish/Downloads/ReRAM_Thesis/Project Folder/ReRAM_AXI_Project/ReRAM_AXI_Project.srcs/sources_1/bd/system_bd/ipshared/6db1/hdl/axi_bram_ctrl_v4_0_rfs.vhd:260]
INFO: [Synth 8-3491] module 'MUXCY_L' declared at 'C:/Xilinx/Vivado/2018.1/scripts/rt/data/unisim_comp.v:26640' bound to instance 'MUXCY_L_I' of component 'MUXCY_L' [c:/Users/hrish/Downloads/ReRAM_Thesis/Project Folder/ReRAM_AXI_Project/ReRAM_AXI_Project.srcs/sources_1/bd/system_bd/ipshared/6db1/hdl/axi_bram_ctrl_v4_0_rfs.vhd:247]
INFO: [Synth 8-3491] module 'XORCY' declared at 'C:/Xilinx/Vivado/2018.1/scripts/rt/data/unisim_comp.v:52721' bound to instance 'XORCY_I' of component 'XORCY' [c:/Users/hrish/Downloads/ReRAM_Thesis/Project Folder/ReRAM_AXI_Project/ReRAM_AXI_Project.srcs/sources_1/bd/system_bd/ipshared/6db1/hdl/axi_bram_ctrl_v4_0_rfs.vhd:254]
INFO: [Synth 8-3491] module 'FDRE' declared at 'C:/Xilinx/Vivado/2018.1/scripts/rt/data/unisim_comp.v:3966' bound to instance 'FDRE_I' of component 'FDRE' [c:/Users/hrish/Downloads/ReRAM_Thesis/Project Folder/ReRAM_AXI_Project/ReRAM_AXI_Project.srcs/sources_1/bd/system_bd/ipshared/6db1/hdl/axi_bram_ctrl_v4_0_rfs.vhd:260]
INFO: [Synth 8-3491] module 'SRL16E' declared at 'C:/Xilinx/Vivado/2018.1/scripts/rt/data/unisim_comp.v:50709' bound to instance 'SRL16E_I' of component 'SRL16E' [c:/Users/hrish/Downloads/ReRAM_Thesis/Project Folder/ReRAM_AXI_Project/ReRAM_AXI_Project.srcs/sources_1/bd/system_bd/ipshared/6db1/hdl/axi_bram_ctrl_v4_0_rfs.vhd:271]
INFO: [Synth 8-6157] synthesizing module 'SRL16E' [C:/Xilinx/Vivado/2018.1/scripts/rt/data/unisim_comp.v:50709]
	Parameter INIT bound to: 16'b0000000000000000 
	Parameter IS_CLK_INVERTED bound to: 1'b0 
INFO: [Synth 8-6155] done synthesizing module 'SRL16E' (7#1) [C:/Xilinx/Vivado/2018.1/scripts/rt/data/unisim_comp.v:50709]
INFO: [Synth 8-3491] module 'SRL16E' declared at 'C:/Xilinx/Vivado/2018.1/scripts/rt/data/unisim_comp.v:50709' bound to instance 'SRL16E_I' of component 'SRL16E' [c:/Users/hrish/Downloads/ReRAM_Thesis/Project Folder/ReRAM_AXI_Project/ReRAM_AXI_Project.srcs/sources_1/bd/system_bd/ipshared/6db1/hdl/axi_bram_ctrl_v4_0_rfs.vhd:271]
INFO: [Synth 8-3491] module 'SRL16E' declared at 'C:/Xilinx/Vivado/2018.1/scripts/rt/data/unisim_comp.v:50709' bound to instance 'SRL16E_I' of component 'SRL16E' [c:/Users/hrish/Downloads/ReRAM_Thesis/Project Folder/ReRAM_AXI_Project/ReRAM_AXI_Project.srcs/sources_1/bd/system_bd/ipshared/6db1/hdl/axi_bram_ctrl_v4_0_rfs.vhd:271]
INFO: [Synth 8-3491] module 'SRL16E' declared at 'C:/Xilinx/Vivado/2018.1/scripts/rt/data/unisim_comp.v:50709' bound to instance 'SRL16E_I' of component 'SRL16E' [c:/Users/hrish/Downloads/ReRAM_Thesis/Project Folder/ReRAM_AXI_Project/ReRAM_AXI_Project.srcs/sources_1/bd/system_bd/ipshared/6db1/hdl/axi_bram_ctrl_v4_0_rfs.vhd:271]
INFO: [Synth 8-3491] module 'SRL16E' declared at 'C:/Xilinx/Vivado/2018.1/scripts/rt/data/unisim_comp.v:50709' bound to instance 'SRL16E_I' of component 'SRL16E' [c:/Users/hrish/Downloads/ReRAM_Thesis/Project Folder/ReRAM_AXI_Project/ReRAM_AXI_Project.srcs/sources_1/bd/system_bd/ipshared/6db1/hdl/axi_bram_ctrl_v4_0_rfs.vhd:271]
INFO: [Synth 8-3491] module 'SRL16E' declared at 'C:/Xilinx/Vivado/2018.1/scripts/rt/data/unisim_comp.v:50709' bound to instance 'SRL16E_I' of component 'SRL16E' [c:/Users/hrish/Downloads/ReRAM_Thesis/Project Folder/ReRAM_AXI_Project/ReRAM_AXI_Project.srcs/sources_1/bd/system_bd/ipshared/6db1/hdl/axi_bram_ctrl_v4_0_rfs.vhd:271]
INFO: [Synth 8-3491] module 'SRL16E' declared at 'C:/Xilinx/Vivado/2018.1/scripts/rt/data/unisim_comp.v:50709' bound to instance 'SRL16E_I' of component 'SRL16E' [c:/Users/hrish/Downloads/ReRAM_Thesis/Project Folder/ReRAM_AXI_Project/ReRAM_AXI_Project.srcs/sources_1/bd/system_bd/ipshared/6db1/hdl/axi_bram_ctrl_v4_0_rfs.vhd:271]
INFO: [Synth 8-3491] module 'SRL16E' declared at 'C:/Xilinx/Vivado/2018.1/scripts/rt/data/unisim_comp.v:50709' bound to instance 'SRL16E_I' of component 'SRL16E' [c:/Users/hrish/Downloads/ReRAM_Thesis/Project Folder/ReRAM_AXI_Project/ReRAM_AXI_Project.srcs/sources_1/bd/system_bd/ipshared/6db1/hdl/axi_bram_ctrl_v4_0_rfs.vhd:271]
INFO: [Synth 8-3491] module 'SRL16E' declared at 'C:/Xilinx/Vivado/2018.1/scripts/rt/data/unisim_comp.v:50709' bound to instance 'SRL16E_I' of component 'SRL16E' [c:/Users/hrish/Downloads/ReRAM_Thesis/Project Folder/ReRAM_AXI_Project/ReRAM_AXI_Project.srcs/sources_1/bd/system_bd/ipshared/6db1/hdl/axi_bram_ctrl_v4_0_rfs.vhd:271]
INFO: [Synth 8-3491] module 'SRL16E' declared at 'C:/Xilinx/Vivado/2018.1/scripts/rt/data/unisim_comp.v:50709' bound to instance 'SRL16E_I' of component 'SRL16E' [c:/Users/hrish/Downloads/ReRAM_Thesis/Project Folder/ReRAM_AXI_Project/ReRAM_AXI_Project.srcs/sources_1/bd/system_bd/ipshared/6db1/hdl/axi_bram_ctrl_v4_0_rfs.vhd:271]
INFO: [Synth 8-3491] module 'SRL16E' declared at 'C:/Xilinx/Vivado/2018.1/scripts/rt/data/unisim_comp.v:50709' bound to instance 'SRL16E_I' of component 'SRL16E' [c:/Users/hrish/Downloads/ReRAM_Thesis/Project Folder/ReRAM_AXI_Project/ReRAM_AXI_Project.srcs/sources_1/bd/system_bd/ipshared/6db1/hdl/axi_bram_ctrl_v4_0_rfs.vhd:271]
INFO: [Synth 8-3491] module 'SRL16E' declared at 'C:/Xilinx/Vivado/2018.1/scripts/rt/data/unisim_comp.v:50709' bound to instance 'SRL16E_I' of component 'SRL16E' [c:/Users/hrish/Downloads/ReRAM_Thesis/Project Folder/ReRAM_AXI_Project/ReRAM_AXI_Project.srcs/sources_1/bd/system_bd/ipshared/6db1/hdl/axi_bram_ctrl_v4_0_rfs.vhd:271]
INFO: [Synth 8-256] done synthesizing module 'SRL_FIFO' (8#1) [c:/Users/hrish/Downloads/ReRAM_Thesis/Project Folder/ReRAM_AXI_Project/ReRAM_AXI_Project.srcs/sources_1/bd/system_bd/ipshared/6db1/hdl/axi_bram_ctrl_v4_0_rfs.vhd:133]
WARNING: [Synth 8-6014] Unused sequential element curr_awsize_reg_reg was removed.  [c:/Users/hrish/Downloads/ReRAM_Thesis/Project Folder/ReRAM_AXI_Project/ReRAM_AXI_Project.srcs/sources_1/bd/system_bd/ipshared/6db1/hdl/axi_bram_ctrl_v4_0_rfs.vhd:18172]
WARNING: [Synth 8-6014] Unused sequential element curr_awlen_reg_1_or_2_reg was removed.  [c:/Users/hrish/Downloads/ReRAM_Thesis/Project Folder/ReRAM_AXI_Project/ReRAM_AXI_Project.srcs/sources_1/bd/system_bd/ipshared/6db1/hdl/axi_bram_ctrl_v4_0_rfs.vhd:18449]
INFO: [Synth 8-256] done synthesizing module 'wr_chnl' (9#1) [c:/Users/hrish/Downloads/ReRAM_Thesis/Project Folder/ReRAM_AXI_Project/ReRAM_AXI_Project.srcs/sources_1/bd/system_bd/ipshared/6db1/hdl/axi_bram_ctrl_v4_0_rfs.vhd:17016]
INFO: [Synth 8-638] synthesizing module 'rd_chnl' [c:/Users/hrish/Downloads/ReRAM_Thesis/Project Folder/ReRAM_AXI_Project/ReRAM_AXI_Project.srcs/sources_1/bd/system_bd/ipshared/6db1/hdl/axi_bram_ctrl_v4_0_rfs.vhd:11498]
	Parameter C_AXI_ADDR_WIDTH bound to: 13 - type: integer 
	Parameter C_BRAM_ADDR_ADJUST_FACTOR bound to: 2 - type: integer 
	Parameter C_AXI_DATA_WIDTH bound to: 32 - type: integer 
	Parameter C_AXI_ID_WIDTH bound to: 12 - type: integer 
	Parameter C_S_AXI_SUPPORTS_NARROW bound to: 0 - type: integer 
	Parameter C_S_AXI_PROTOCOL bound to: AXI4 - type: string 
	Parameter C_SINGLE_PORT_BRAM bound to: 1 - type: integer 
	Parameter C_ECC bound to: 0 - type: integer 
	Parameter C_ECC_WIDTH bound to: 0 - type: integer 
	Parameter C_ECC_TYPE bound to: 0 - type: integer 
WARNING: [Synth 8-6014] Unused sequential element curr_arsize_reg_reg was removed.  [c:/Users/hrish/Downloads/ReRAM_Thesis/Project Folder/ReRAM_AXI_Project/ReRAM_AXI_Project.srcs/sources_1/bd/system_bd/ipshared/6db1/hdl/axi_bram_ctrl_v4_0_rfs.vhd:12641]
WARNING: [Synth 8-6014] Unused sequential element no_ar_ack_reg was removed.  [c:/Users/hrish/Downloads/ReRAM_Thesis/Project Folder/ReRAM_AXI_Project/ReRAM_AXI_Project.srcs/sources_1/bd/system_bd/ipshared/6db1/hdl/axi_bram_ctrl_v4_0_rfs.vhd:14982]
WARNING: [Synth 8-6014] Unused sequential element do_cmplt_burst_reg was removed.  [c:/Users/hrish/Downloads/ReRAM_Thesis/Project Folder/ReRAM_AXI_Project/ReRAM_AXI_Project.srcs/sources_1/bd/system_bd/ipshared/6db1/hdl/axi_bram_ctrl_v4_0_rfs.vhd:16034]
WARNING: [Synth 8-6014] Unused sequential element axi_arsize_pipe_max_reg was removed.  [c:/Users/hrish/Downloads/ReRAM_Thesis/Project Folder/ReRAM_AXI_Project/ReRAM_AXI_Project.srcs/sources_1/bd/system_bd/ipshared/6db1/hdl/axi_bram_ctrl_v4_0_rfs.vhd:12181]
INFO: [Synth 8-256] done synthesizing module 'rd_chnl' (10#1) [c:/Users/hrish/Downloads/ReRAM_Thesis/Project Folder/ReRAM_AXI_Project/ReRAM_AXI_Project.srcs/sources_1/bd/system_bd/ipshared/6db1/hdl/axi_bram_ctrl_v4_0_rfs.vhd:11498]
INFO: [Synth 8-256] done synthesizing module 'full_axi' (11#1) [c:/Users/hrish/Downloads/ReRAM_Thesis/Project Folder/ReRAM_AXI_Project/ReRAM_AXI_Project.srcs/sources_1/bd/system_bd/ipshared/6db1/hdl/axi_bram_ctrl_v4_0_rfs.vhd:21852]
INFO: [Synth 8-256] done synthesizing module 'axi_bram_ctrl_top' (12#1) [c:/Users/hrish/Downloads/ReRAM_Thesis/Project Folder/ReRAM_AXI_Project/ReRAM_AXI_Project.srcs/sources_1/bd/system_bd/ipshared/6db1/hdl/axi_bram_ctrl_v4_0_rfs.vhd:22907]
INFO: [Synth 8-256] done synthesizing module 'axi_bram_ctrl' (13#1) [c:/Users/hrish/Downloads/ReRAM_Thesis/Project Folder/ReRAM_AXI_Project/ReRAM_AXI_Project.srcs/sources_1/bd/system_bd/ipshared/6db1/hdl/axi_bram_ctrl_v4_0_rfs.vhd:23907]
INFO: [Synth 8-256] done synthesizing module 'system_bd_axi_bram_ctrl_0_0' (14#1) [c:/Users/hrish/Downloads/ReRAM_Thesis/Project Folder/ReRAM_AXI_Project/ReRAM_AXI_Project.srcs/sources_1/bd/system_bd/ip/system_bd_axi_bram_ctrl_0_0/synth/system_bd_axi_bram_ctrl_0_0.vhd:108]
INFO: [Synth 8-638] synthesizing module 'system_bd_axi_bram_ctrl_0_bram_1' [c:/Users/hrish/Downloads/ReRAM_Thesis/Project Folder/ReRAM_AXI_Project/ReRAM_AXI_Project.srcs/sources_1/bd/system_bd/ip/system_bd_axi_bram_ctrl_0_bram_1/synth/system_bd_axi_bram_ctrl_0_bram_1.vhd:72]
	Parameter C_FAMILY bound to: zynq - type: string 
	Parameter C_XDEVICEFAMILY bound to: zynq - type: string 
	Parameter C_ELABORATION_DIR bound to: ./ - type: string 
	Parameter C_INTERFACE_TYPE bound to: 0 - type: integer 
	Parameter C_AXI_TYPE bound to: 1 - type: integer 
	Parameter C_AXI_SLAVE_TYPE bound to: 0 - type: integer 
	Parameter C_USE_BRAM_BLOCK bound to: 1 - type: integer 
	Parameter C_ENABLE_32BIT_ADDRESS bound to: 1 - type: integer 
	Parameter C_CTRL_ECC_ALGO bound to: NONE - type: string 
	Parameter C_HAS_AXI_ID bound to: 0 - type: integer 
	Parameter C_AXI_ID_WIDTH bound to: 4 - type: integer 
	Parameter C_MEM_TYPE bound to: 0 - type: integer 
	Parameter C_BYTE_SIZE bound to: 8 - type: integer 
	Parameter C_ALGORITHM bound to: 1 - type: integer 
	Parameter C_PRIM_TYPE bound to: 1 - type: integer 
	Parameter C_LOAD_INIT_FILE bound to: 0 - type: integer 
	Parameter C_INIT_FILE_NAME bound to: no_coe_file_loaded - type: string 
	Parameter C_INIT_FILE bound to: NONE - type: string 
	Parameter C_USE_DEFAULT_DATA bound to: 0 - type: integer 
	Parameter C_DEFAULT_DATA bound to: 0 - type: string 
	Parameter C_HAS_RSTA bound to: 1 - type: integer 
	Parameter C_RST_PRIORITY_A bound to: CE - type: string 
	Parameter C_RSTRAM_A bound to: 0 - type: integer 
	Parameter C_INITA_VAL bound to: 0 - type: string 
	Parameter C_HAS_ENA bound to: 1 - type: integer 
	Parameter C_HAS_REGCEA bound to: 0 - type: integer 
	Parameter C_USE_BYTE_WEA bound to: 1 - type: integer 
	Parameter C_WEA_WIDTH bound to: 4 - type: integer 
	Parameter C_WRITE_MODE_A bound to: WRITE_FIRST - type: string 
	Parameter C_WRITE_WIDTH_A bound to: 32 - type: integer 
	Parameter C_READ_WIDTH_A bound to: 32 - type: integer 
	Parameter C_WRITE_DEPTH_A bound to: 2048 - type: integer 
	Parameter C_READ_DEPTH_A bound to: 2048 - type: integer 
	Parameter C_ADDRA_WIDTH bound to: 32 - type: integer 
	Parameter C_HAS_RSTB bound to: 0 - type: integer 
	Parameter C_RST_PRIORITY_B bound to: CE - type: string 
	Parameter C_RSTRAM_B bound to: 0 - type: integer 
	Parameter C_INITB_VAL bound to: 0 - type: string 
	Parameter C_HAS_ENB bound to: 0 - type: integer 
	Parameter C_HAS_REGCEB bound to: 0 - type: integer 
	Parameter C_USE_BYTE_WEB bound to: 1 - type: integer 
	Parameter C_WEB_WIDTH bound to: 4 - type: integer 
	Parameter C_WRITE_MODE_B bound to: WRITE_FIRST - type: string 
	Parameter C_WRITE_WIDTH_B bound to: 32 - type: integer 
	Parameter C_READ_WIDTH_B bound to: 32 - type: integer 
	Parameter C_WRITE_DEPTH_B bound to: 2048 - type: integer 
	Parameter C_READ_DEPTH_B bound to: 2048 - type: integer 
	Parameter C_ADDRB_WIDTH bound to: 32 - type: integer 
	Parameter C_HAS_MEM_OUTPUT_REGS_A bound to: 0 - type: integer 
	Parameter C_HAS_MEM_OUTPUT_REGS_B bound to: 0 - type: integer 
	Parameter C_HAS_MUX_OUTPUT_REGS_A bound to: 0 - type: integer 
	Parameter C_HAS_MUX_OUTPUT_REGS_B bound to: 0 - type: integer 
	Parameter C_MUX_PIPELINE_STAGES bound to: 0 - type: integer 
	Parameter C_HAS_SOFTECC_INPUT_REGS_A bound to: 0 - type: integer 
	Parameter C_HAS_SOFTECC_OUTPUT_REGS_B bound to: 0 - type: integer 
	Parameter C_USE_SOFTECC bound to: 0 - type: integer 
	Parameter C_USE_ECC bound to: 0 - type: integer 
	Parameter C_EN_ECC_PIPE bound to: 0 - type: integer 
	Parameter C_HAS_INJECTERR bound to: 0 - type: integer 
	Parameter C_SIM_COLLISION_CHECK bound to: ALL - type: string 
	Parameter C_COMMON_CLK bound to: 0 - type: integer 
	Parameter C_DISABLE_WARN_BHV_COLL bound to: 0 - type: integer 
	Parameter C_EN_SLEEP_PIN bound to: 0 - type: integer 
	Parameter C_USE_URAM bound to: 0 - type: integer 
	Parameter C_EN_RDADDRA_CHG bound to: 0 - type: integer 
	Parameter C_EN_RDADDRB_CHG bound to: 0 - type: integer 
	Parameter C_EN_DEEPSLEEP_PIN bound to: 0 - type: integer 
	Parameter C_EN_SHUTDOWN_PIN bound to: 0 - type: integer 
	Parameter C_EN_SAFETY_CKT bound to: 1 - type: integer 
	Parameter C_DISABLE_WARN_BHV_RANGE bound to: 0 - type: integer 
	Parameter C_COUNT_36K_BRAM bound to: 2 - type: string 
	Parameter C_COUNT_18K_BRAM bound to: 0 - type: string 
	Parameter C_EST_POWER_SUMMARY bound to: Estimated Power for IP     :     5.3746 mW - type: string 
INFO: [Synth 8-3491] module 'blk_mem_gen_v8_4_1' declared at 'c:/Users/hrish/Downloads/ReRAM_Thesis/Project Folder/ReRAM_AXI_Project/ReRAM_AXI_Project.srcs/sources_1/bd/system_bd/ipshared/67d8/hdl/blk_mem_gen_v8_4_vhsyn_rfs.vhd:195313' bound to instance 'U0' of component 'blk_mem_gen_v8_4_1' [c:/Users/hrish/Downloads/ReRAM_Thesis/Project Folder/ReRAM_AXI_Project/ReRAM_AXI_Project.srcs/sources_1/bd/system_bd/ip/system_bd_axi_bram_ctrl_0_bram_1/synth/system_bd_axi_bram_ctrl_0_bram_1.vhd:237]
INFO: [Synth 8-256] done synthesizing module 'system_bd_axi_bram_ctrl_0_bram_1' (23#1) [c:/Users/hrish/Downloads/ReRAM_Thesis/Project Folder/ReRAM_AXI_Project/ReRAM_AXI_Project.srcs/sources_1/bd/system_bd/ip/system_bd_axi_bram_ctrl_0_bram_1/synth/system_bd_axi_bram_ctrl_0_bram_1.vhd:72]
WARNING: [Synth 8-350] instance 'axi_bram_ctrl_0_bram' of module 'system_bd_axi_bram_ctrl_0_bram_1' requires 8 connections, but only 7 given [C:/Users/hrish/Downloads/ReRAM_Thesis/Project Folder/ReRAM_AXI_Project/ReRAM_AXI_Project.srcs/sources_1/bd/system_bd/synth/system_bd.v:1224]
WARNING: [Synth 8-4446] all outputs are unconnected for this instance and logic may be removed [C:/Users/hrish/Downloads/ReRAM_Thesis/Project Folder/ReRAM_AXI_Project/ReRAM_AXI_Project.srcs/sources_1/bd/system_bd/synth/system_bd.v:1232]
INFO: [Synth 8-6157] synthesizing module 'system_bd_ila_0_0' [c:/Users/hrish/Downloads/ReRAM_Thesis/Project Folder/ReRAM_AXI_Project/ReRAM_AXI_Project.srcs/sources_1/bd/system_bd/ip/system_bd_ila_0_0/synth/system_bd_ila_0_0.v:84]
INFO: [Synth 8-6157] synthesizing module 'CFGLUT5' [C:/Xilinx/Vivado/2018.1/scripts/rt/data/unisim_comp.v:1000]
INFO: [Synth 8-6155] done synthesizing module 'CFGLUT5' (31#1) [C:/Xilinx/Vivado/2018.1/scripts/rt/data/unisim_comp.v:1000]
INFO: [Synth 8-6157] synthesizing module 'CARRY4' [C:/Xilinx/Vivado/2018.1/scripts/rt/data/unisim_comp.v:963]
INFO: [Synth 8-6155] done synthesizing module 'CARRY4' (32#1) [C:/Xilinx/Vivado/2018.1/scripts/rt/data/unisim_comp.v:963]
INFO: [Synth 8-6157] synthesizing module 'SRLC32E' [C:/Xilinx/Vivado/2018.1/scripts/rt/data/unisim_comp.v:50859]
INFO: [Synth 8-6155] done synthesizing module 'SRLC32E' (42#1) [C:/Xilinx/Vivado/2018.1/scripts/rt/data/unisim_comp.v:50859]
INFO: [Synth 8-6157] synthesizing module 'SRLC16E' [C:/Xilinx/Vivado/2018.1/scripts/rt/data/unisim_comp.v:50798]
INFO: [Synth 8-6155] done synthesizing module 'SRLC16E' (45#1) [C:/Xilinx/Vivado/2018.1/scripts/rt/data/unisim_comp.v:50798]
WARNING: [Synth 8-350] instance 'inst' of module 'ila_v6_2_6_ila' requires 1033 connections, but only 1027 given [c:/Users/hrish/Downloads/ReRAM_Thesis/Project Folder/ReRAM_AXI_Project/ReRAM_AXI_Project.srcs/sources_1/bd/system_bd/ip/system_bd_ila_0_0/synth/system_bd_ila_0_0.v:3295]
WARNING: [Synth 8-3848] Net sl_iport0 in module/entity system_bd_ila_0_0 does not have driver. [c:/Users/hrish/Downloads/ReRAM_Thesis/Project Folder/ReRAM_AXI_Project/ReRAM_AXI_Project.srcs/sources_1/bd/system_bd/ip/system_bd_ila_0_0/synth/system_bd_ila_0_0.v:184]
INFO: [Synth 8-6155] done synthesizing module 'system_bd_ila_0_0' (67#1) [c:/Users/hrish/Downloads/ReRAM_Thesis/Project Folder/ReRAM_AXI_Project/ReRAM_AXI_Project.srcs/sources_1/bd/system_bd/ip/system_bd_ila_0_0/synth/system_bd_ila_0_0.v:84]
WARNING: [Synth 8-4446] all outputs are unconnected for this instance and logic may be removed [C:/Users/hrish/Downloads/ReRAM_Thesis/Project Folder/ReRAM_AXI_Project/ReRAM_AXI_Project.srcs/sources_1/bd/system_bd/synth/system_bd.v:1278]
INFO: [Synth 8-6157] synthesizing module 'system_bd_ila_1_0' [c:/Users/hrish/Downloads/ReRAM_Thesis/Project Folder/ReRAM_AXI_Project/ReRAM_AXI_Project.srcs/sources_1/bd/system_bd/ip/system_bd_ila_1_0/synth/system_bd_ila_1_0.v:84]
WARNING: [Synth 8-350] instance 'inst' of module 'ila_v6_2_6_ila' requires 1033 connections, but only 1027 given [c:/Users/hrish/Downloads/ReRAM_Thesis/Project Folder/ReRAM_AXI_Project/ReRAM_AXI_Project.srcs/sources_1/bd/system_bd/ip/system_bd_ila_1_0/synth/system_bd_ila_1_0.v:3297]
WARNING: [Synth 8-3848] Net sl_iport0 in module/entity system_bd_ila_1_0 does not have driver. [c:/Users/hrish/Downloads/ReRAM_Thesis/Project Folder/ReRAM_AXI_Project/ReRAM_AXI_Project.srcs/sources_1/bd/system_bd/ip/system_bd_ila_1_0/synth/system_bd_ila_1_0.v:186]
INFO: [Synth 8-6155] done synthesizing module 'system_bd_ila_1_0' (68#1) [c:/Users/hrish/Downloads/ReRAM_Thesis/Project Folder/ReRAM_AXI_Project/ReRAM_AXI_Project.srcs/sources_1/bd/system_bd/ip/system_bd_ila_1_0/synth/system_bd_ila_1_0.v:84]
INFO: [Synth 8-6157] synthesizing module 'system_bd_processing_system7_0_2' [c:/Users/hrish/Downloads/ReRAM_Thesis/Project Folder/ReRAM_AXI_Project/ReRAM_AXI_Project.srcs/sources_1/bd/system_bd/ip/system_bd_processing_system7_0_2/synth/system_bd_processing_system7_0_2.v:60]
INFO: [Synth 8-6157] synthesizing module 'processing_system7_v5_5_processing_system7' [c:/Users/hrish/Downloads/ReRAM_Thesis/Project Folder/ReRAM_AXI_Project/ReRAM_AXI_Project.srcs/sources_1/bd/system_bd/ip/system_bd_processing_system7_0_2/hdl/verilog/processing_system7_v5_5_processing_system7.v:161]
	Parameter C_USE_DEFAULT_ACP_USER_VAL bound to: 0 - type: integer 
	Parameter C_S_AXI_ACP_ARUSER_VAL bound to: 31 - type: integer 
	Parameter C_S_AXI_ACP_AWUSER_VAL bound to: 31 - type: integer 
	Parameter C_M_AXI_GP0_THREAD_ID_WIDTH bound to: 12 - type: integer 
	Parameter C_M_AXI_GP1_THREAD_ID_WIDTH bound to: 12 - type: integer 
	Parameter C_M_AXI_GP0_ENABLE_STATIC_REMAP bound to: 0 - type: integer 
	Parameter C_M_AXI_GP1_ENABLE_STATIC_REMAP bound to: 0 - type: integer 
	Parameter C_M_AXI_GP0_ID_WIDTH bound to: 12 - type: integer 
	Parameter C_M_AXI_GP1_ID_WIDTH bound to: 12 - type: integer 
	Parameter C_S_AXI_GP0_ID_WIDTH bound to: 6 - type: integer 
	Parameter C_S_AXI_GP1_ID_WIDTH bound to: 6 - type: integer 
	Parameter C_S_AXI_HP0_ID_WIDTH bound to: 6 - type: integer 
	Parameter C_S_AXI_HP1_ID_WIDTH bound to: 6 - type: integer 
	Parameter C_S_AXI_HP2_ID_WIDTH bound to: 6 - type: integer 
	Parameter C_S_AXI_HP3_ID_WIDTH bound to: 6 - type: integer 
	Parameter C_S_AXI_ACP_ID_WIDTH bound to: 3 - type: integer 
	Parameter C_S_AXI_HP0_DATA_WIDTH bound to: 64 - type: integer 
	Parameter C_S_AXI_HP1_DATA_WIDTH bound to: 64 - type: integer 
	Parameter C_S_AXI_HP2_DATA_WIDTH bound to: 64 - type: integer 
	Parameter C_S_AXI_HP3_DATA_WIDTH bound to: 64 - type: integer 
	Parameter C_INCLUDE_ACP_TRANS_CHECK bound to: 0 - type: integer 
	Parameter C_NUM_F2P_INTR_INPUTS bound to: 1 - type: integer 
	Parameter C_FCLK_CLK0_BUF bound to: TRUE - type: string 
	Parameter C_FCLK_CLK1_BUF bound to: FALSE - type: string 
	Parameter C_FCLK_CLK2_BUF bound to: FALSE - type: string 
	Parameter C_FCLK_CLK3_BUF bound to: FALSE - type: string 
	Parameter C_EMIO_GPIO_WIDTH bound to: 64 - type: integer 
	Parameter C_INCLUDE_TRACE_BUFFER bound to: 0 - type: integer 
	Parameter C_TRACE_BUFFER_FIFO_SIZE bound to: 128 - type: integer 
	Parameter C_TRACE_BUFFER_CLOCK_DELAY bound to: 12 - type: integer 
	Parameter USE_TRACE_DATA_EDGE_DETECTOR bound to: 0 - type: integer 
	Parameter C_TRACE_PIPELINE_WIDTH bound to: 8 - type: integer 
	Parameter C_PS7_SI_REV bound to: PRODUCTION - type: string 
	Parameter C_EN_EMIO_ENET0 bound to: 0 - type: integer 
	Parameter C_EN_EMIO_ENET1 bound to: 0 - type: integer 
	Parameter C_EN_EMIO_TRACE bound to: 0 - type: integer 
	Parameter C_DQ_WIDTH bound to: 32 - type: integer 
	Parameter C_DQS_WIDTH bound to: 4 - type: integer 
	Parameter C_DM_WIDTH bound to: 4 - type: integer 
	Parameter C_MIO_PRIMITIVE bound to: 54 - type: integer 
	Parameter C_PACKAGE_NAME bound to: clg400 - type: string 
	Parameter C_IRQ_F2P_MODE bound to: DIRECT - type: string 
	Parameter C_TRACE_INTERNAL_WIDTH bound to: 2 - type: integer 
	Parameter C_EN_EMIO_PJTAG bound to: 0 - type: integer 
	Parameter C_USE_AXI_NONSECURE bound to: 0 - type: integer 
	Parameter C_USE_S_AXI_HP0 bound to: 0 - type: integer 
	Parameter C_USE_S_AXI_HP1 bound to: 0 - type: integer 
	Parameter C_USE_S_AXI_HP2 bound to: 0 - type: integer 
	Parameter C_USE_S_AXI_HP3 bound to: 0 - type: integer 
	Parameter C_USE_M_AXI_GP0 bound to: 1 - type: integer 
	Parameter C_USE_M_AXI_GP1 bound to: 0 - type: integer 
	Parameter C_USE_S_AXI_GP0 bound to: 0 - type: integer 
	Parameter C_USE_S_AXI_GP1 bound to: 0 - type: integer 
	Parameter C_USE_S_AXI_ACP bound to: 0 - type: integer 
	Parameter C_GP0_EN_MODIFIABLE_TXN bound to: 1 - type: integer 
	Parameter C_GP1_EN_MODIFIABLE_TXN bound to: 1 - type: integer 
INFO: [Synth 8-5534] Detected attribute (* keep = "true" *) [c:/Users/hrish/Downloads/ReRAM_Thesis/Project Folder/ReRAM_AXI_Project/ReRAM_AXI_Project.srcs/sources_1/bd/system_bd/ip/system_bd_processing_system7_0_2/hdl/verilog/processing_system7_v5_5_processing_system7.v:1347]
INFO: [Synth 8-5534] Detected attribute (* keep = "true" *) [c:/Users/hrish/Downloads/ReRAM_Thesis/Project Folder/ReRAM_AXI_Project/ReRAM_AXI_Project.srcs/sources_1/bd/system_bd/ip/system_bd_processing_system7_0_2/hdl/verilog/processing_system7_v5_5_processing_system7.v:1348]
INFO: [Synth 8-6157] synthesizing module 'BUFG' [C:/Xilinx/Vivado/2018.1/scripts/rt/data/unisim_comp.v:609]
INFO: [Synth 8-6155] done synthesizing module 'BUFG' (69#1) [C:/Xilinx/Vivado/2018.1/scripts/rt/data/unisim_comp.v:609]
INFO: [Synth 8-6157] synthesizing module 'BIBUF' [C:/Xilinx/Vivado/2018.1/scripts/rt/data/unisim_comp.v:270]
INFO: [Synth 8-6155] done synthesizing module 'BIBUF' (70#1) [C:/Xilinx/Vivado/2018.1/scripts/rt/data/unisim_comp.v:270]
INFO: [Synth 8-6157] synthesizing module 'PS7' [C:/Xilinx/Vivado/2018.1/scripts/rt/data/unisim_comp.v:40563]
INFO: [Synth 8-6155] done synthesizing module 'PS7' (71#1) [C:/Xilinx/Vivado/2018.1/scripts/rt/data/unisim_comp.v:40563]
INFO: [Synth 8-6155] done synthesizing module 'processing_system7_v5_5_processing_system7' (72#1) [c:/Users/hrish/Downloads/ReRAM_Thesis/Project Folder/ReRAM_AXI_Project/ReRAM_AXI_Project.srcs/sources_1/bd/system_bd/ip/system_bd_processing_system7_0_2/hdl/verilog/processing_system7_v5_5_processing_system7.v:161]
WARNING: [Synth 8-350] instance 'inst' of module 'processing_system7_v5_5_processing_system7' requires 685 connections, but only 672 given [c:/Users/hrish/Downloads/ReRAM_Thesis/Project Folder/ReRAM_AXI_Project/ReRAM_AXI_Project.srcs/sources_1/bd/system_bd/ip/system_bd_processing_system7_0_2/synth/system_bd_processing_system7_0_2.v:323]
INFO: [Synth 8-6155] done synthesizing module 'system_bd_processing_system7_0_2' (73#1) [c:/Users/hrish/Downloads/ReRAM_Thesis/Project Folder/ReRAM_AXI_Project/ReRAM_AXI_Project.srcs/sources_1/bd/system_bd/ip/system_bd_processing_system7_0_2/synth/system_bd_processing_system7_0_2.v:60]
WARNING: [Synth 8-350] instance 'processing_system7_0' of module 'system_bd_processing_system7_0_2' requires 65 connections, but only 63 given [C:/Users/hrish/Downloads/ReRAM_Thesis/Project Folder/ReRAM_AXI_Project/ReRAM_AXI_Project.srcs/sources_1/bd/system_bd/synth/system_bd.v:1327]
INFO: [Synth 8-6157] synthesizing module 'system_bd_ps7_0_axi_periph_0' [C:/Users/hrish/Downloads/ReRAM_Thesis/Project Folder/ReRAM_AXI_Project/ReRAM_AXI_Project.srcs/sources_1/bd/system_bd/synth/system_bd.v:1528]
INFO: [Synth 8-6157] synthesizing module 'm00_couplers_imp_ONZ5WB' [C:/Users/hrish/Downloads/ReRAM_Thesis/Project Folder/ReRAM_AXI_Project/ReRAM_AXI_Project.srcs/sources_1/bd/system_bd/synth/system_bd.v:12]
INFO: [Synth 8-6155] done synthesizing module 'm00_couplers_imp_ONZ5WB' (74#1) [C:/Users/hrish/Downloads/ReRAM_Thesis/Project Folder/ReRAM_AXI_Project/ReRAM_AXI_Project.srcs/sources_1/bd/system_bd/synth/system_bd.v:12]
INFO: [Synth 8-6157] synthesizing module 'm01_couplers_imp_13OOAMB' [C:/Users/hrish/Downloads/ReRAM_Thesis/Project Folder/ReRAM_AXI_Project/ReRAM_AXI_Project.srcs/sources_1/bd/system_bd/synth/system_bd.v:298]
INFO: [Synth 8-6157] synthesizing module 'system_bd_auto_pc_0' [c:/Users/hrish/Downloads/ReRAM_Thesis/Project Folder/ReRAM_AXI_Project/ReRAM_AXI_Project.srcs/sources_1/bd/system_bd/ip/system_bd_auto_pc_0/synth/system_bd_auto_pc_0.v:58]
INFO: [Synth 8-6157] synthesizing module 'axi_protocol_converter_v2_1_16_axi_protocol_converter' [c:/Users/hrish/Downloads/ReRAM_Thesis/Project Folder/ReRAM_AXI_Project/ReRAM_AXI_Project.srcs/sources_1/bd/system_bd/ipshared/1229/hdl/axi_protocol_converter_v2_1_vl_rfs.v:4811]
	Parameter C_FAMILY bound to: zynq - type: string 
	Parameter C_M_AXI_PROTOCOL bound to: 2 - type: integer 
	Parameter C_S_AXI_PROTOCOL bound to: 0 - type: integer 
	Parameter C_IGNORE_ID bound to: 0 - type: integer 
	Parameter C_AXI_ID_WIDTH bound to: 12 - type: integer 
	Parameter C_AXI_ADDR_WIDTH bound to: 32 - type: integer 
	Parameter C_AXI_DATA_WIDTH bound to: 32 - type: integer 
	Parameter C_AXI_SUPPORTS_WRITE bound to: 1 - type: integer 
	Parameter C_AXI_SUPPORTS_READ bound to: 1 - type: integer 
	Parameter C_AXI_SUPPORTS_USER_SIGNALS bound to: 0 - type: integer 
	Parameter C_AXI_AWUSER_WIDTH bound to: 1 - type: integer 
	Parameter C_AXI_ARUSER_WIDTH bound to: 1 - type: integer 
	Parameter C_AXI_WUSER_WIDTH bound to: 1 - type: integer 
	Parameter C_AXI_RUSER_WIDTH bound to: 1 - type: integer 
	Parameter C_AXI_BUSER_WIDTH bound to: 1 - type: integer 
	Parameter C_TRANSLATION_MODE bound to: 2 - type: integer 
	Parameter P_AXI4 bound to: 0 - type: integer 
	Parameter P_AXI3 bound to: 1 - type: integer 
	Parameter P_AXILITE bound to: 2 - type: integer 
	Parameter P_AXILITE_SIZE bound to: 3'b010 
	Parameter P_INCR bound to: 2'b01 
	Parameter P_DECERR bound to: 2'b11 
	Parameter P_SLVERR bound to: 2'b10 
	Parameter P_PROTECTION bound to: 1 - type: integer 
	Parameter P_CONVERSION bound to: 2 - type: integer 
INFO: [Synth 8-6157] synthesizing module 'axi_protocol_converter_v2_1_16_b2s' [c:/Users/hrish/Downloads/ReRAM_Thesis/Project Folder/ReRAM_AXI_Project/ReRAM_AXI_Project.srcs/sources_1/bd/system_bd/ipshared/1229/hdl/axi_protocol_converter_v2_1_vl_rfs.v:4229]
	Parameter C_S_AXI_PROTOCOL bound to: 0 - type: integer 
	Parameter C_AXI_ID_WIDTH bound to: 12 - type: integer 
	Parameter C_AXI_ADDR_WIDTH bound to: 32 - type: integer 
	Parameter C_AXI_DATA_WIDTH bound to: 32 - type: integer 
	Parameter C_AXI_SUPPORTS_WRITE bound to: 1 - type: integer 
	Parameter C_AXI_SUPPORTS_READ bound to: 1 - type: integer 
INFO: [Synth 8-6157] synthesizing module 'axi_protocol_converter_v2_1_16_b2s_aw_channel' [c:/Users/hrish/Downloads/ReRAM_Thesis/Project Folder/ReRAM_AXI_Project/ReRAM_AXI_Project.srcs/sources_1/bd/system_bd/ipshared/1229/hdl/axi_protocol_converter_v2_1_vl_rfs.v:3974]
	Parameter C_ID_WIDTH bound to: 12 - type: integer 
	Parameter C_AXI_ADDR_WIDTH bound to: 32 - type: integer 
INFO: [Synth 8-6157] synthesizing module 'axi_protocol_converter_v2_1_16_b2s_cmd_translator' [c:/Users/hrish/Downloads/ReRAM_Thesis/Project Folder/ReRAM_AXI_Project/ReRAM_AXI_Project.srcs/sources_1/bd/system_bd/ipshared/1229/hdl/axi_protocol_converter_v2_1_vl_rfs.v:3467]
	Parameter C_AXI_ADDR_WIDTH bound to: 32 - type: integer 
	Parameter P_AXBURST_FIXED bound to: 2'b00 
	Parameter P_AXBURST_INCR bound to: 2'b01 
	Parameter P_AXBURST_WRAP bound to: 2'b10 
INFO: [Synth 8-6157] synthesizing module 'axi_protocol_converter_v2_1_16_b2s_incr_cmd' [c:/Users/hrish/Downloads/ReRAM_Thesis/Project Folder/ReRAM_AXI_Project/ReRAM_AXI_Project.srcs/sources_1/bd/system_bd/ipshared/1229/hdl/axi_protocol_converter_v2_1_vl_rfs.v:3093]
	Parameter C_AXI_ADDR_WIDTH bound to: 32 - type: integer 
	Parameter L_AXI_ADDR_LOW_BIT bound to: 12 - type: integer 
INFO: [Synth 8-6155] done synthesizing module 'axi_protocol_converter_v2_1_16_b2s_incr_cmd' (75#1) [c:/Users/hrish/Downloads/ReRAM_Thesis/Project Folder/ReRAM_AXI_Project/ReRAM_AXI_Project.srcs/sources_1/bd/system_bd/ipshared/1229/hdl/axi_protocol_converter_v2_1_vl_rfs.v:3093]
INFO: [Synth 8-6157] synthesizing module 'axi_protocol_converter_v2_1_16_b2s_wrap_cmd' [c:/Users/hrish/Downloads/ReRAM_Thesis/Project Folder/ReRAM_AXI_Project/ReRAM_AXI_Project.srcs/sources_1/bd/system_bd/ipshared/1229/hdl/axi_protocol_converter_v2_1_vl_rfs.v:2903]
	Parameter C_AXI_ADDR_WIDTH bound to: 32 - type: integer 
	Parameter L_AXI_ADDR_LOW_BIT bound to: 12 - type: integer 
INFO: [Synth 8-6155] done synthesizing module 'axi_protocol_converter_v2_1_16_b2s_wrap_cmd' (76#1) [c:/Users/hrish/Downloads/ReRAM_Thesis/Project Folder/ReRAM_AXI_Project/ReRAM_AXI_Project.srcs/sources_1/bd/system_bd/ipshared/1229/hdl/axi_protocol_converter_v2_1_vl_rfs.v:2903]
INFO: [Synth 8-6155] done synthesizing module 'axi_protocol_converter_v2_1_16_b2s_cmd_translator' (77#1) [c:/Users/hrish/Downloads/ReRAM_Thesis/Project Folder/ReRAM_AXI_Project/ReRAM_AXI_Project.srcs/sources_1/bd/system_bd/ipshared/1229/hdl/axi_protocol_converter_v2_1_vl_rfs.v:3467]
INFO: [Synth 8-6157] synthesizing module 'axi_protocol_converter_v2_1_16_b2s_wr_cmd_fsm' [c:/Users/hrish/Downloads/ReRAM_Thesis/Project Folder/ReRAM_AXI_Project/ReRAM_AXI_Project.srcs/sources_1/bd/system_bd/ipshared/1229/hdl/axi_protocol_converter_v2_1_vl_rfs.v:3225]
	Parameter SM_IDLE bound to: 2'b00 
	Parameter SM_CMD_EN bound to: 2'b01 
	Parameter SM_CMD_ACCEPTED bound to: 2'b10 
	Parameter SM_DONE_WAIT bound to: 2'b11 
INFO: [Synth 8-226] default block is never used [c:/Users/hrish/Downloads/ReRAM_Thesis/Project Folder/ReRAM_AXI_Project/ReRAM_AXI_Project.srcs/sources_1/bd/system_bd/ipshared/1229/hdl/axi_protocol_converter_v2_1_vl_rfs.v:3279]
INFO: [Synth 8-6155] done synthesizing module 'axi_protocol_converter_v2_1_16_b2s_wr_cmd_fsm' (78#1) [c:/Users/hrish/Downloads/ReRAM_Thesis/Project Folder/ReRAM_AXI_Project/ReRAM_AXI_Project.srcs/sources_1/bd/system_bd/ipshared/1229/hdl/axi_protocol_converter_v2_1_vl_rfs.v:3225]
INFO: [Synth 8-6155] done synthesizing module 'axi_protocol_converter_v2_1_16_b2s_aw_channel' (79#1) [c:/Users/hrish/Downloads/ReRAM_Thesis/Project Folder/ReRAM_AXI_Project/ReRAM_AXI_Project.srcs/sources_1/bd/system_bd/ipshared/1229/hdl/axi_protocol_converter_v2_1_vl_rfs.v:3974]
INFO: [Synth 8-6157] synthesizing module 'axi_protocol_converter_v2_1_16_b2s_b_channel' [c:/Users/hrish/Downloads/ReRAM_Thesis/Project Folder/ReRAM_AXI_Project/ReRAM_AXI_Project.srcs/sources_1/bd/system_bd/ipshared/1229/hdl/axi_protocol_converter_v2_1_vl_rfs.v:3609]
	Parameter C_ID_WIDTH bound to: 12 - type: integer 
	Parameter LP_RESP_OKAY bound to: 2'b00 
	Parameter LP_RESP_EXOKAY bound to: 2'b01 
	Parameter LP_RESP_SLVERROR bound to: 2'b10 
	Parameter LP_RESP_DECERR bound to: 2'b11 
	Parameter P_WIDTH bound to: 20 - type: integer 
	Parameter P_DEPTH bound to: 4 - type: integer 
	Parameter P_AWIDTH bound to: 2 - type: integer 
	Parameter P_RWIDTH bound to: 2 - type: integer 
	Parameter P_RDEPTH bound to: 4 - type: integer 
	Parameter P_RAWIDTH bound to: 2 - type: integer 
INFO: [Synth 8-6157] synthesizing module 'axi_protocol_converter_v2_1_16_b2s_simple_fifo' [c:/Users/hrish/Downloads/ReRAM_Thesis/Project Folder/ReRAM_AXI_Project/ReRAM_AXI_Project.srcs/sources_1/bd/system_bd/ipshared/1229/hdl/axi_protocol_converter_v2_1_vl_rfs.v:2816]
	Parameter C_WIDTH bound to: 20 - type: integer 
	Parameter C_AWIDTH bound to: 2 - type: integer 
	Parameter C_DEPTH bound to: 4 - type: integer 
	Parameter C_EMPTY bound to: 2'b11 
	Parameter C_EMPTY_PRE bound to: 2'b00 
	Parameter C_FULL bound to: 2'b10 
	Parameter C_FULL_PRE bound to: 2'b01 
INFO: [Synth 8-6155] done synthesizing module 'axi_protocol_converter_v2_1_16_b2s_simple_fifo' (80#1) [c:/Users/hrish/Downloads/ReRAM_Thesis/Project Folder/ReRAM_AXI_Project/ReRAM_AXI_Project.srcs/sources_1/bd/system_bd/ipshared/1229/hdl/axi_protocol_converter_v2_1_vl_rfs.v:2816]
INFO: [Synth 8-6157] synthesizing module 'axi_protocol_converter_v2_1_16_b2s_simple_fifo__parameterized0' [c:/Users/hrish/Downloads/ReRAM_Thesis/Project Folder/ReRAM_AXI_Project/ReRAM_AXI_Project.srcs/sources_1/bd/system_bd/ipshared/1229/hdl/axi_protocol_converter_v2_1_vl_rfs.v:2816]
	Parameter C_WIDTH bound to: 2 - type: integer 
	Parameter C_AWIDTH bound to: 2 - type: integer 
	Parameter C_DEPTH bound to: 4 - type: integer 
	Parameter C_EMPTY bound to: 2'b11 
	Parameter C_EMPTY_PRE bound to: 2'b00 
	Parameter C_FULL bound to: 2'b10 
	Parameter C_FULL_PRE bound to: 2'b01 
INFO: [Synth 8-6155] done synthesizing module 'axi_protocol_converter_v2_1_16_b2s_simple_fifo__parameterized0' (80#1) [c:/Users/hrish/Downloads/ReRAM_Thesis/Project Folder/ReRAM_AXI_Project/ReRAM_AXI_Project.srcs/sources_1/bd/system_bd/ipshared/1229/hdl/axi_protocol_converter_v2_1_vl_rfs.v:2816]
INFO: [Synth 8-6155] done synthesizing module 'axi_protocol_converter_v2_1_16_b2s_b_channel' (81#1) [c:/Users/hrish/Downloads/ReRAM_Thesis/Project Folder/ReRAM_AXI_Project/ReRAM_AXI_Project.srcs/sources_1/bd/system_bd/ipshared/1229/hdl/axi_protocol_converter_v2_1_vl_rfs.v:3609]
INFO: [Synth 8-6157] synthesizing module 'axi_protocol_converter_v2_1_16_b2s_ar_channel' [c:/Users/hrish/Downloads/ReRAM_Thesis/Project Folder/ReRAM_AXI_Project/ReRAM_AXI_Project.srcs/sources_1/bd/system_bd/ipshared/1229/hdl/axi_protocol_converter_v2_1_vl_rfs.v:4085]
	Parameter C_ID_WIDTH bound to: 12 - type: integer 
	Parameter C_AXI_ADDR_WIDTH bound to: 32 - type: integer 
INFO: [Synth 8-6157] synthesizing module 'axi_protocol_converter_v2_1_16_b2s_rd_cmd_fsm' [c:/Users/hrish/Downloads/ReRAM_Thesis/Project Folder/ReRAM_AXI_Project/ReRAM_AXI_Project.srcs/sources_1/bd/system_bd/ipshared/1229/hdl/axi_protocol_converter_v2_1_vl_rfs.v:3336]
	Parameter SM_IDLE bound to: 2'b00 
	Parameter SM_CMD_EN bound to: 2'b01 
	Parameter SM_CMD_ACCEPTED bound to: 2'b10 
	Parameter SM_DONE bound to: 2'b11 
INFO: [Synth 8-226] default block is never used [c:/Users/hrish/Downloads/ReRAM_Thesis/Project Folder/ReRAM_AXI_Project/ReRAM_AXI_Project.srcs/sources_1/bd/system_bd/ipshared/1229/hdl/axi_protocol_converter_v2_1_vl_rfs.v:3398]
WARNING: [Synth 8-6014] Unused sequential element state_r1_reg was removed.  [c:/Users/hrish/Downloads/ReRAM_Thesis/Project Folder/ReRAM_AXI_Project/ReRAM_AXI_Project.srcs/sources_1/bd/system_bd/ipshared/1229/hdl/axi_protocol_converter_v2_1_vl_rfs.v:3386]
WARNING: [Synth 8-6014] Unused sequential element s_arlen_r_reg was removed.  [c:/Users/hrish/Downloads/ReRAM_Thesis/Project Folder/ReRAM_AXI_Project/ReRAM_AXI_Project.srcs/sources_1/bd/system_bd/ipshared/1229/hdl/axi_protocol_converter_v2_1_vl_rfs.v:3387]
INFO: [Synth 8-6155] done synthesizing module 'axi_protocol_converter_v2_1_16_b2s_rd_cmd_fsm' (82#1) [c:/Users/hrish/Downloads/ReRAM_Thesis/Project Folder/ReRAM_AXI_Project/ReRAM_AXI_Project.srcs/sources_1/bd/system_bd/ipshared/1229/hdl/axi_protocol_converter_v2_1_vl_rfs.v:3336]
INFO: [Synth 8-6155] done synthesizing module 'axi_protocol_converter_v2_1_16_b2s_ar_channel' (83#1) [c:/Users/hrish/Downloads/ReRAM_Thesis/Project Folder/ReRAM_AXI_Project/ReRAM_AXI_Project.srcs/sources_1/bd/system_bd/ipshared/1229/hdl/axi_protocol_converter_v2_1_vl_rfs.v:4085]
INFO: [Synth 8-6157] synthesizing module 'axi_protocol_converter_v2_1_16_b2s_r_channel' [c:/Users/hrish/Downloads/ReRAM_Thesis/Project Folder/ReRAM_AXI_Project/ReRAM_AXI_Project.srcs/sources_1/bd/system_bd/ipshared/1229/hdl/axi_protocol_converter_v2_1_vl_rfs.v:3814]
	Parameter C_ID_WIDTH bound to: 12 - type: integer 
	Parameter C_DATA_WIDTH bound to: 32 - type: integer 
	Parameter P_WIDTH bound to: 13 - type: integer 
	Parameter P_DEPTH bound to: 32 - type: integer 
	Parameter P_AWIDTH bound to: 5 - type: integer 
	Parameter P_D_WIDTH bound to: 34 - type: integer 
	Parameter P_D_DEPTH bound to: 32 - type: integer 
	Parameter P_D_AWIDTH bound to: 5 - type: integer 
INFO: [Synth 8-6157] synthesizing module 'axi_protocol_converter_v2_1_16_b2s_simple_fifo__parameterized1' [c:/Users/hrish/Downloads/ReRAM_Thesis/Project Folder/ReRAM_AXI_Project/ReRAM_AXI_Project.srcs/sources_1/bd/system_bd/ipshared/1229/hdl/axi_protocol_converter_v2_1_vl_rfs.v:2816]
	Parameter C_WIDTH bound to: 34 - type: integer 
	Parameter C_AWIDTH bound to: 5 - type: integer 
	Parameter C_DEPTH bound to: 32 - type: integer 
	Parameter C_EMPTY bound to: 5'b11111 
	Parameter C_EMPTY_PRE bound to: 5'b00000 
	Parameter C_FULL bound to: 5'b11110 
	Parameter C_FULL_PRE bound to: 5'b11010 
INFO: [Synth 8-6155] done synthesizing module 'axi_protocol_converter_v2_1_16_b2s_simple_fifo__parameterized1' (83#1) [c:/Users/hrish/Downloads/ReRAM_Thesis/Project Folder/ReRAM_AXI_Project/ReRAM_AXI_Project.srcs/sources_1/bd/system_bd/ipshared/1229/hdl/axi_protocol_converter_v2_1_vl_rfs.v:2816]
INFO: [Synth 8-6157] synthesizing module 'axi_protocol_converter_v2_1_16_b2s_simple_fifo__parameterized2' [c:/Users/hrish/Downloads/ReRAM_Thesis/Project Folder/ReRAM_AXI_Project/ReRAM_AXI_Project.srcs/sources_1/bd/system_bd/ipshared/1229/hdl/axi_protocol_converter_v2_1_vl_rfs.v:2816]
	Parameter C_WIDTH bound to: 13 - type: integer 
	Parameter C_AWIDTH bound to: 5 - type: integer 
	Parameter C_DEPTH bound to: 32 - type: integer 
	Parameter C_EMPTY bound to: 5'b11111 
	Parameter C_EMPTY_PRE bound to: 5'b00000 
	Parameter C_FULL bound to: 5'b11110 
	Parameter C_FULL_PRE bound to: 5'b11010 
INFO: [Synth 8-6155] done synthesizing module 'axi_protocol_converter_v2_1_16_b2s_simple_fifo__parameterized2' (83#1) [c:/Users/hrish/Downloads/ReRAM_Thesis/Project Folder/ReRAM_AXI_Project/ReRAM_AXI_Project.srcs/sources_1/bd/system_bd/ipshared/1229/hdl/axi_protocol_converter_v2_1_vl_rfs.v:2816]
INFO: [Synth 8-6155] done synthesizing module 'axi_protocol_converter_v2_1_16_b2s_r_channel' (84#1) [c:/Users/hrish/Downloads/ReRAM_Thesis/Project Folder/ReRAM_AXI_Project/ReRAM_AXI_Project.srcs/sources_1/bd/system_bd/ipshared/1229/hdl/axi_protocol_converter_v2_1_vl_rfs.v:3814]
INFO: [Synth 8-6157] synthesizing module 'axi_register_slice_v2_1_16_axi_register_slice' [c:/Users/hrish/Downloads/ReRAM_Thesis/Project Folder/ReRAM_AXI_Project/ReRAM_AXI_Project.srcs/sources_1/bd/system_bd/ipshared/0cde/hdl/axi_register_slice_v2_1_vl_rfs.v:2413]
	Parameter C_FAMILY bound to: virtex6 - type: string 
	Parameter C_AXI_PROTOCOL bound to: 0 - type: integer 
	Parameter C_AXI_ID_WIDTH bound to: 12 - type: integer 
	Parameter C_AXI_ADDR_WIDTH bound to: 32 - type: integer 
	Parameter C_AXI_DATA_WIDTH bound to: 32 - type: integer 
	Parameter C_AXI_SUPPORTS_USER_SIGNALS bound to: 0 - type: integer 
	Parameter C_AXI_AWUSER_WIDTH bound to: 1 - type: integer 
	Parameter C_AXI_ARUSER_WIDTH bound to: 1 - type: integer 
	Parameter C_AXI_WUSER_WIDTH bound to: 1 - type: integer 
	Parameter C_AXI_RUSER_WIDTH bound to: 1 - type: integer 
	Parameter C_AXI_BUSER_WIDTH bound to: 1 - type: integer 
	Parameter C_REG_CONFIG_AW bound to: 1 - type: integer 
	Parameter C_REG_CONFIG_W bound to: 0 - type: integer 
	Parameter C_REG_CONFIG_B bound to: 1 - type: integer 
	Parameter C_REG_CONFIG_AR bound to: 1 - type: integer 
	Parameter C_REG_CONFIG_R bound to: 1 - type: integer 
	Parameter C_NUM_SLR_CROSSINGS bound to: 0 - type: integer 
	Parameter C_PIPELINES_MASTER_AW bound to: 0 - type: integer 
	Parameter C_PIPELINES_MASTER_W bound to: 0 - type: integer 
	Parameter C_PIPELINES_MASTER_B bound to: 0 - type: integer 
	Parameter C_PIPELINES_MASTER_AR bound to: 0 - type: integer 
	Parameter C_PIPELINES_MASTER_R bound to: 0 - type: integer 
	Parameter C_PIPELINES_SLAVE_AW bound to: 0 - type: integer 
	Parameter C_PIPELINES_SLAVE_W bound to: 0 - type: integer 
	Parameter C_PIPELINES_SLAVE_B bound to: 0 - type: integer 
	Parameter C_PIPELINES_SLAVE_AR bound to: 0 - type: integer 
	Parameter C_PIPELINES_SLAVE_R bound to: 0 - type: integer 
	Parameter C_PIPELINES_MIDDLE_AW bound to: 0 - type: integer 
	Parameter C_PIPELINES_MIDDLE_W bound to: 0 - type: integer 
	Parameter C_PIPELINES_MIDDLE_B bound to: 0 - type: integer 
	Parameter C_PIPELINES_MIDDLE_AR bound to: 0 - type: integer 
	Parameter C_PIPELINES_MIDDLE_R bound to: 0 - type: integer 
	Parameter C_AXI_SUPPORTS_REGION_SIGNALS bound to: 1 - type: integer 
	Parameter P_FORWARD bound to: 0 - type: integer 
	Parameter P_RESPONSE bound to: 1 - type: integer 
	Parameter G_AXI_AWADDR_INDEX bound to: 0 - type: integer 
	Parameter G_AXI_AWADDR_WIDTH bound to: 32 - type: integer 
	Parameter G_AXI_AWPROT_INDEX bound to: 32 - type: integer 
	Parameter G_AXI_AWPROT_WIDTH bound to: 3 - type: integer 
	Parameter G_AXI_AWSIZE_INDEX bound to: 35 - type: integer 
	Parameter G_AXI_AWSIZE_WIDTH bound to: 3 - type: integer 
	Parameter G_AXI_AWBURST_INDEX bound to: 38 - type: integer 
	Parameter G_AXI_AWBURST_WIDTH bound to: 2 - type: integer 
	Parameter G_AXI_AWCACHE_INDEX bound to: 40 - type: integer 
	Parameter G_AXI_AWCACHE_WIDTH bound to: 4 - type: integer 
	Parameter G_AXI_AWLEN_INDEX bound to: 44 - type: integer 
	Parameter G_AXI_AWLEN_WIDTH bound to: 8 - type: integer 
	Parameter G_AXI_AWLOCK_INDEX bound to: 52 - type: integer 
	Parameter G_AXI_AWLOCK_WIDTH bound to: 1 - type: integer 
	Parameter G_AXI_AWID_INDEX bound to: 53 - type: integer 
	Parameter G_AXI_AWID_WIDTH bound to: 12 - type: integer 
	Parameter G_AXI_AWQOS_INDEX bound to: 65 - type: integer 
	Parameter G_AXI_AWQOS_WIDTH bound to: 4 - type: integer 
	Parameter G_AXI_AWREGION_INDEX bound to: 69 - type: integer 
	Parameter G_AXI_AWREGION_WIDTH bound to: 4 - type: integer 
	Parameter G_AXI_AWUSER_INDEX bound to: 73 - type: integer 
	Parameter G_AXI_AWUSER_WIDTH bound to: 0 - type: integer 
	Parameter G_AXI_AWPAYLOAD_WIDTH bound to: 73 - type: integer 
	Parameter G_AXI_ARADDR_INDEX bound to: 0 - type: integer 
	Parameter G_AXI_ARADDR_WIDTH bound to: 32 - type: integer 
	Parameter G_AXI_ARPROT_INDEX bound to: 32 - type: integer 
	Parameter G_AXI_ARPROT_WIDTH bound to: 3 - type: integer 
	Parameter G_AXI_ARSIZE_INDEX bound to: 35 - type: integer 
	Parameter G_AXI_ARSIZE_WIDTH bound to: 3 - type: integer 
	Parameter G_AXI_ARBURST_INDEX bound to: 38 - type: integer 
	Parameter G_AXI_ARBURST_WIDTH bound to: 2 - type: integer 
	Parameter G_AXI_ARCACHE_INDEX bound to: 40 - type: integer 
	Parameter G_AXI_ARCACHE_WIDTH bound to: 4 - type: integer 
	Parameter G_AXI_ARLEN_INDEX bound to: 44 - type: integer 
	Parameter G_AXI_ARLEN_WIDTH bound to: 8 - type: integer 
	Parameter G_AXI_ARLOCK_INDEX bound to: 52 - type: integer 
	Parameter G_AXI_ARLOCK_WIDTH bound to: 1 - type: integer 
	Parameter G_AXI_ARID_INDEX bound to: 53 - type: integer 
	Parameter G_AXI_ARID_WIDTH bound to: 12 - type: integer 
	Parameter G_AXI_ARQOS_INDEX bound to: 65 - type: integer 
	Parameter G_AXI_ARQOS_WIDTH bound to: 4 - type: integer 
	Parameter G_AXI_ARREGION_INDEX bound to: 69 - type: integer 
	Parameter G_AXI_ARREGION_WIDTH bound to: 4 - type: integer 
	Parameter G_AXI_ARUSER_INDEX bound to: 73 - type: integer 
	Parameter G_AXI_ARUSER_WIDTH bound to: 0 - type: integer 
	Parameter G_AXI_ARPAYLOAD_WIDTH bound to: 73 - type: integer 
	Parameter G_AXI_WDATA_INDEX bound to: 0 - type: integer 
	Parameter G_AXI_WDATA_WIDTH bound to: 32 - type: integer 
	Parameter G_AXI_WSTRB_INDEX bound to: 32 - type: integer 
	Parameter G_AXI_WSTRB_WIDTH bound to: 4 - type: integer 
	Parameter G_AXI_WLAST_INDEX bound to: 36 - type: integer 
	Parameter G_AXI_WLAST_WIDTH bound to: 1 - type: integer 
	Parameter G_AXI_WID_INDEX bound to: 37 - type: integer 
	Parameter G_AXI_WID_WIDTH bound to: 0 - type: integer 
	Parameter G_AXI_WUSER_INDEX bound to: 37 - type: integer 
	Parameter G_AXI_WUSER_WIDTH bound to: 0 - type: integer 
	Parameter G_AXI_WPAYLOAD_WIDTH bound to: 37 - type: integer 
	Parameter G_AXI_BRESP_INDEX bound to: 0 - type: integer 
	Parameter G_AXI_BRESP_WIDTH bound to: 2 - type: integer 
	Parameter G_AXI_BID_INDEX bound to: 2 - type: integer 
	Parameter G_AXI_BID_WIDTH bound to: 12 - type: integer 
	Parameter G_AXI_BUSER_INDEX bound to: 14 - type: integer 
	Parameter G_AXI_BUSER_WIDTH bound to: 0 - type: integer 
	Parameter G_AXI_BPAYLOAD_WIDTH bound to: 14 - type: integer 
	Parameter G_AXI_RDATA_INDEX bound to: 0 - type: integer 
	Parameter G_AXI_RDATA_WIDTH bound to: 32 - type: integer 
	Parameter G_AXI_RRESP_INDEX bound to: 32 - type: integer 
	Parameter G_AXI_RRESP_WIDTH bound to: 2 - type: integer 
	Parameter G_AXI_RLAST_INDEX bound to: 34 - type: integer 
	Parameter G_AXI_RLAST_WIDTH bound to: 1 - type: integer 
	Parameter G_AXI_RID_INDEX bound to: 35 - type: integer 
	Parameter G_AXI_RID_WIDTH bound to: 12 - type: integer 
	Parameter G_AXI_RUSER_INDEX bound to: 47 - type: integer 
	Parameter G_AXI_RUSER_WIDTH bound to: 0 - type: integer 
	Parameter G_AXI_RPAYLOAD_WIDTH bound to: 47 - type: integer 
INFO: [Synth 8-6157] synthesizing module 'axi_register_slice_v2_1_16_axic_register_slice' [c:/Users/hrish/Downloads/ReRAM_Thesis/Project Folder/ReRAM_AXI_Project/ReRAM_AXI_Project.srcs/sources_1/bd/system_bd/ipshared/0cde/hdl/axi_register_slice_v2_1_vl_rfs.v:189]
	Parameter C_FAMILY bound to: virtex6 - type: string 
	Parameter C_DATA_WIDTH bound to: 73 - type: integer 
	Parameter C_REG_CONFIG bound to: 1 - type: integer 
INFO: [Synth 8-6155] done synthesizing module 'axi_register_slice_v2_1_16_axic_register_slice' (85#1) [c:/Users/hrish/Downloads/ReRAM_Thesis/Project Folder/ReRAM_AXI_Project/ReRAM_AXI_Project.srcs/sources_1/bd/system_bd/ipshared/0cde/hdl/axi_register_slice_v2_1_vl_rfs.v:189]
INFO: [Synth 8-6157] synthesizing module 'axi_register_slice_v2_1_16_axic_register_slice__parameterized0' [c:/Users/hrish/Downloads/ReRAM_Thesis/Project Folder/ReRAM_AXI_Project/ReRAM_AXI_Project.srcs/sources_1/bd/system_bd/ipshared/0cde/hdl/axi_register_slice_v2_1_vl_rfs.v:189]
	Parameter C_FAMILY bound to: virtex6 - type: string 
	Parameter C_DATA_WIDTH bound to: 37 - type: integer 
	Parameter C_REG_CONFIG bound to: 0 - type: integer 
INFO: [Synth 8-6155] done synthesizing module 'axi_register_slice_v2_1_16_axic_register_slice__parameterized0' (85#1) [c:/Users/hrish/Downloads/ReRAM_Thesis/Project Folder/ReRAM_AXI_Project/ReRAM_AXI_Project.srcs/sources_1/bd/system_bd/ipshared/0cde/hdl/axi_register_slice_v2_1_vl_rfs.v:189]
INFO: [Synth 8-6157] synthesizing module 'axi_register_slice_v2_1_16_axic_register_slice__parameterized1' [c:/Users/hrish/Downloads/ReRAM_Thesis/Project Folder/ReRAM_AXI_Project/ReRAM_AXI_Project.srcs/sources_1/bd/system_bd/ipshared/0cde/hdl/axi_register_slice_v2_1_vl_rfs.v:189]
	Parameter C_FAMILY bound to: virtex6 - type: string 
	Parameter C_DATA_WIDTH bound to: 14 - type: integer 
	Parameter C_REG_CONFIG bound to: 1 - type: integer 
INFO: [Synth 8-6155] done synthesizing module 'axi_register_slice_v2_1_16_axic_register_slice__parameterized1' (85#1) [c:/Users/hrish/Downloads/ReRAM_Thesis/Project Folder/ReRAM_AXI_Project/ReRAM_AXI_Project.srcs/sources_1/bd/system_bd/ipshared/0cde/hdl/axi_register_slice_v2_1_vl_rfs.v:189]
INFO: [Synth 8-6157] synthesizing module 'axi_register_slice_v2_1_16_axic_register_slice__parameterized2' [c:/Users/hrish/Downloads/ReRAM_Thesis/Project Folder/ReRAM_AXI_Project/ReRAM_AXI_Project.srcs/sources_1/bd/system_bd/ipshared/0cde/hdl/axi_register_slice_v2_1_vl_rfs.v:189]
	Parameter C_FAMILY bound to: virtex6 - type: string 
	Parameter C_DATA_WIDTH bound to: 47 - type: integer 
	Parameter C_REG_CONFIG bound to: 1 - type: integer 
INFO: [Synth 8-6155] done synthesizing module 'axi_register_slice_v2_1_16_axic_register_slice__parameterized2' (85#1) [c:/Users/hrish/Downloads/ReRAM_Thesis/Project Folder/ReRAM_AXI_Project/ReRAM_AXI_Project.srcs/sources_1/bd/system_bd/ipshared/0cde/hdl/axi_register_slice_v2_1_vl_rfs.v:189]
INFO: [Synth 8-6157] synthesizing module 'axi_infrastructure_v1_1_0_axi2vector' [c:/Users/hrish/Downloads/ReRAM_Thesis/Project Folder/ReRAM_AXI_Project/ReRAM_AXI_Project.srcs/sources_1/bd/system_bd/ipshared/ec67/hdl/axi_infrastructure_v1_1_vl_rfs.v:60]
	Parameter C_AXI_PROTOCOL bound to: 0 - type: integer 
	Parameter C_AXI_ID_WIDTH bound to: 12 - type: integer 
	Parameter C_AXI_ADDR_WIDTH bound to: 32 - type: integer 
	Parameter C_AXI_DATA_WIDTH bound to: 32 - type: integer 
	Parameter C_AXI_SUPPORTS_USER_SIGNALS bound to: 0 - type: integer 
	Parameter C_AXI_SUPPORTS_REGION_SIGNALS bound to: 1 - type: integer 
	Parameter C_AXI_AWUSER_WIDTH bound to: 1 - type: integer 
	Parameter C_AXI_WUSER_WIDTH bound to: 1 - type: integer 
	Parameter C_AXI_BUSER_WIDTH bound to: 1 - type: integer 
	Parameter C_AXI_ARUSER_WIDTH bound to: 1 - type: integer 
	Parameter C_AXI_RUSER_WIDTH bound to: 1 - type: integer 
	Parameter C_AWPAYLOAD_WIDTH bound to: 73 - type: integer 
	Parameter C_WPAYLOAD_WIDTH bound to: 37 - type: integer 
	Parameter C_BPAYLOAD_WIDTH bound to: 14 - type: integer 
	Parameter C_ARPAYLOAD_WIDTH bound to: 73 - type: integer 
	Parameter C_RPAYLOAD_WIDTH bound to: 47 - type: integer 
	Parameter G_AXI_AWADDR_INDEX bound to: 0 - type: integer 
	Parameter G_AXI_AWADDR_WIDTH bound to: 32 - type: integer 
	Parameter G_AXI_AWPROT_INDEX bound to: 32 - type: integer 
	Parameter G_AXI_AWPROT_WIDTH bound to: 3 - type: integer 
	Parameter G_AXI_AWSIZE_INDEX bound to: 35 - type: integer 
	Parameter G_AXI_AWSIZE_WIDTH bound to: 3 - type: integer 
	Parameter G_AXI_AWBURST_INDEX bound to: 38 - type: integer 
	Parameter G_AXI_AWBURST_WIDTH bound to: 2 - type: integer 
	Parameter G_AXI_AWCACHE_INDEX bound to: 40 - type: integer 
	Parameter G_AXI_AWCACHE_WIDTH bound to: 4 - type: integer 
	Parameter G_AXI_AWLEN_INDEX bound to: 44 - type: integer 
	Parameter G_AXI_AWLEN_WIDTH bound to: 8 - type: integer 
	Parameter G_AXI_AWLOCK_INDEX bound to: 52 - type: integer 
	Parameter G_AXI_AWLOCK_WIDTH bound to: 1 - type: integer 
	Parameter G_AXI_AWID_INDEX bound to: 53 - type: integer 
	Parameter G_AXI_AWID_WIDTH bound to: 12 - type: integer 
	Parameter G_AXI_AWQOS_INDEX bound to: 65 - type: integer 
	Parameter G_AXI_AWQOS_WIDTH bound to: 4 - type: integer 
	Parameter G_AXI_AWREGION_INDEX bound to: 69 - type: integer 
	Parameter G_AXI_AWREGION_WIDTH bound to: 4 - type: integer 
	Parameter G_AXI_AWUSER_INDEX bound to: 73 - type: integer 
	Parameter G_AXI_AWUSER_WIDTH bound to: 0 - type: integer 
	Parameter G_AXI_AWPAYLOAD_WIDTH bound to: 73 - type: integer 
	Parameter G_AXI_ARADDR_INDEX bound to: 0 - type: integer 
	Parameter G_AXI_ARADDR_WIDTH bound to: 32 - type: integer 
	Parameter G_AXI_ARPROT_INDEX bound to: 32 - type: integer 
	Parameter G_AXI_ARPROT_WIDTH bound to: 3 - type: integer 
	Parameter G_AXI_ARSIZE_INDEX bound to: 35 - type: integer 
	Parameter G_AXI_ARSIZE_WIDTH bound to: 3 - type: integer 
	Parameter G_AXI_ARBURST_INDEX bound to: 38 - type: integer 
	Parameter G_AXI_ARBURST_WIDTH bound to: 2 - type: integer 
	Parameter G_AXI_ARCACHE_INDEX bound to: 40 - type: integer 
	Parameter G_AXI_ARCACHE_WIDTH bound to: 4 - type: integer 
	Parameter G_AXI_ARLEN_INDEX bound to: 44 - type: integer 
	Parameter G_AXI_ARLEN_WIDTH bound to: 8 - type: integer 
	Parameter G_AXI_ARLOCK_INDEX bound to: 52 - type: integer 
	Parameter G_AXI_ARLOCK_WIDTH bound to: 1 - type: integer 
	Parameter G_AXI_ARID_INDEX bound to: 53 - type: integer 
	Parameter G_AXI_ARID_WIDTH bound to: 12 - type: integer 
	Parameter G_AXI_ARQOS_INDEX bound to: 65 - type: integer 
	Parameter G_AXI_ARQOS_WIDTH bound to: 4 - type: integer 
	Parameter G_AXI_ARREGION_INDEX bound to: 69 - type: integer 
	Parameter G_AXI_ARREGION_WIDTH bound to: 4 - type: integer 
	Parameter G_AXI_ARUSER_INDEX bound to: 73 - type: integer 
	Parameter G_AXI_ARUSER_WIDTH bound to: 0 - type: integer 
	Parameter G_AXI_ARPAYLOAD_WIDTH bound to: 73 - type: integer 
	Parameter G_AXI_WDATA_INDEX bound to: 0 - type: integer 
	Parameter G_AXI_WDATA_WIDTH bound to: 32 - type: integer 
	Parameter G_AXI_WSTRB_INDEX bound to: 32 - type: integer 
	Parameter G_AXI_WSTRB_WIDTH bound to: 4 - type: integer 
	Parameter G_AXI_WLAST_INDEX bound to: 36 - type: integer 
	Parameter G_AXI_WLAST_WIDTH bound to: 1 - type: integer 
	Parameter G_AXI_WID_INDEX bound to: 37 - type: integer 
	Parameter G_AXI_WID_WIDTH bound to: 0 - type: integer 
	Parameter G_AXI_WUSER_INDEX bound to: 37 - type: integer 
	Parameter G_AXI_WUSER_WIDTH bound to: 0 - type: integer 
	Parameter G_AXI_WPAYLOAD_WIDTH bound to: 37 - type: integer 
	Parameter G_AXI_BRESP_INDEX bound to: 0 - type: integer 
	Parameter G_AXI_BRESP_WIDTH bound to: 2 - type: integer 
	Parameter G_AXI_BID_INDEX bound to: 2 - type: integer 
	Parameter G_AXI_BID_WIDTH bound to: 12 - type: integer 
	Parameter G_AXI_BUSER_INDEX bound to: 14 - type: integer 
	Parameter G_AXI_BUSER_WIDTH bound to: 0 - type: integer 
	Parameter G_AXI_BPAYLOAD_WIDTH bound to: 14 - type: integer 
	Parameter G_AXI_RDATA_INDEX bound to: 0 - type: integer 
	Parameter G_AXI_RDATA_WIDTH bound to: 32 - type: integer 
	Parameter G_AXI_RRESP_INDEX bound to: 32 - type: integer 
	Parameter G_AXI_RRESP_WIDTH bound to: 2 - type: integer 
	Parameter G_AXI_RLAST_INDEX bound to: 34 - type: integer 
	Parameter G_AXI_RLAST_WIDTH bound to: 1 - type: integer 
	Parameter G_AXI_RID_INDEX bound to: 35 - type: integer 
	Parameter G_AXI_RID_WIDTH bound to: 12 - type: integer 
	Parameter G_AXI_RUSER_INDEX bound to: 47 - type: integer 
	Parameter G_AXI_RUSER_WIDTH bound to: 0 - type: integer 
	Parameter G_AXI_RPAYLOAD_WIDTH bound to: 47 - type: integer 
INFO: [Synth 8-6155] done synthesizing module 'axi_infrastructure_v1_1_0_axi2vector' (86#1) [c:/Users/hrish/Downloads/ReRAM_Thesis/Project Folder/ReRAM_AXI_Project/ReRAM_AXI_Project.srcs/sources_1/bd/system_bd/ipshared/ec67/hdl/axi_infrastructure_v1_1_vl_rfs.v:60]
INFO: [Synth 8-6157] synthesizing module 'axi_infrastructure_v1_1_0_vector2axi' [c:/Users/hrish/Downloads/ReRAM_Thesis/Project Folder/ReRAM_AXI_Project/ReRAM_AXI_Project.srcs/sources_1/bd/system_bd/ipshared/ec67/hdl/axi_infrastructure_v1_1_vl_rfs.v:474]
	Parameter C_AXI_PROTOCOL bound to: 0 - type: integer 
	Parameter C_AXI_ID_WIDTH bound to: 12 - type: integer 
	Parameter C_AXI_ADDR_WIDTH bound to: 32 - type: integer 
	Parameter C_AXI_DATA_WIDTH bound to: 32 - type: integer 
	Parameter C_AXI_SUPPORTS_USER_SIGNALS bound to: 0 - type: integer 
	Parameter C_AXI_SUPPORTS_REGION_SIGNALS bound to: 1 - type: integer 
	Parameter C_AXI_AWUSER_WIDTH bound to: 1 - type: integer 
	Parameter C_AXI_WUSER_WIDTH bound to: 1 - type: integer 
	Parameter C_AXI_BUSER_WIDTH bound to: 1 - type: integer 
	Parameter C_AXI_ARUSER_WIDTH bound to: 1 - type: integer 
	Parameter C_AXI_RUSER_WIDTH bound to: 1 - type: integer 
	Parameter C_AWPAYLOAD_WIDTH bound to: 73 - type: integer 
	Parameter C_WPAYLOAD_WIDTH bound to: 37 - type: integer 
	Parameter C_BPAYLOAD_WIDTH bound to: 14 - type: integer 
	Parameter C_ARPAYLOAD_WIDTH bound to: 73 - type: integer 
	Parameter C_RPAYLOAD_WIDTH bound to: 47 - type: integer 
	Parameter G_AXI_AWADDR_INDEX bound to: 0 - type: integer 
	Parameter G_AXI_AWADDR_WIDTH bound to: 32 - type: integer 
	Parameter G_AXI_AWPROT_INDEX bound to: 32 - type: integer 
	Parameter G_AXI_AWPROT_WIDTH bound to: 3 - type: integer 
	Parameter G_AXI_AWSIZE_INDEX bound to: 35 - type: integer 
	Parameter G_AXI_AWSIZE_WIDTH bound to: 3 - type: integer 
	Parameter G_AXI_AWBURST_INDEX bound to: 38 - type: integer 
	Parameter G_AXI_AWBURST_WIDTH bound to: 2 - type: integer 
	Parameter G_AXI_AWCACHE_INDEX bound to: 40 - type: integer 
	Parameter G_AXI_AWCACHE_WIDTH bound to: 4 - type: integer 
	Parameter G_AXI_AWLEN_INDEX bound to: 44 - type: integer 
	Parameter G_AXI_AWLEN_WIDTH bound to: 8 - type: integer 
	Parameter G_AXI_AWLOCK_INDEX bound to: 52 - type: integer 
	Parameter G_AXI_AWLOCK_WIDTH bound to: 1 - type: integer 
	Parameter G_AXI_AWID_INDEX bound to: 53 - type: integer 
	Parameter G_AXI_AWID_WIDTH bound to: 12 - type: integer 
	Parameter G_AXI_AWQOS_INDEX bound to: 65 - type: integer 
	Parameter G_AXI_AWQOS_WIDTH bound to: 4 - type: integer 
	Parameter G_AXI_AWREGION_INDEX bound to: 69 - type: integer 
	Parameter G_AXI_AWREGION_WIDTH bound to: 4 - type: integer 
	Parameter G_AXI_AWUSER_INDEX bound to: 73 - type: integer 
	Parameter G_AXI_AWUSER_WIDTH bound to: 0 - type: integer 
	Parameter G_AXI_AWPAYLOAD_WIDTH bound to: 73 - type: integer 
	Parameter G_AXI_ARADDR_INDEX bound to: 0 - type: integer 
	Parameter G_AXI_ARADDR_WIDTH bound to: 32 - type: integer 
	Parameter G_AXI_ARPROT_INDEX bound to: 32 - type: integer 
	Parameter G_AXI_ARPROT_WIDTH bound to: 3 - type: integer 
	Parameter G_AXI_ARSIZE_INDEX bound to: 35 - type: integer 
	Parameter G_AXI_ARSIZE_WIDTH bound to: 3 - type: integer 
	Parameter G_AXI_ARBURST_INDEX bound to: 38 - type: integer 
	Parameter G_AXI_ARBURST_WIDTH bound to: 2 - type: integer 
	Parameter G_AXI_ARCACHE_INDEX bound to: 40 - type: integer 
	Parameter G_AXI_ARCACHE_WIDTH bound to: 4 - type: integer 
	Parameter G_AXI_ARLEN_INDEX bound to: 44 - type: integer 
	Parameter G_AXI_ARLEN_WIDTH bound to: 8 - type: integer 
	Parameter G_AXI_ARLOCK_INDEX bound to: 52 - type: integer 
	Parameter G_AXI_ARLOCK_WIDTH bound to: 1 - type: integer 
	Parameter G_AXI_ARID_INDEX bound to: 53 - type: integer 
	Parameter G_AXI_ARID_WIDTH bound to: 12 - type: integer 
	Parameter G_AXI_ARQOS_INDEX bound to: 65 - type: integer 
	Parameter G_AXI_ARQOS_WIDTH bound to: 4 - type: integer 
	Parameter G_AXI_ARREGION_INDEX bound to: 69 - type: integer 
	Parameter G_AXI_ARREGION_WIDTH bound to: 4 - type: integer 
	Parameter G_AXI_ARUSER_INDEX bound to: 73 - type: integer 
	Parameter G_AXI_ARUSER_WIDTH bound to: 0 - type: integer 
	Parameter G_AXI_ARPAYLOAD_WIDTH bound to: 73 - type: integer 
	Parameter G_AXI_WDATA_INDEX bound to: 0 - type: integer 
	Parameter G_AXI_WDATA_WIDTH bound to: 32 - type: integer 
	Parameter G_AXI_WSTRB_INDEX bound to: 32 - type: integer 
	Parameter G_AXI_WSTRB_WIDTH bound to: 4 - type: integer 
	Parameter G_AXI_WLAST_INDEX bound to: 36 - type: integer 
	Parameter G_AXI_WLAST_WIDTH bound to: 1 - type: integer 
	Parameter G_AXI_WID_INDEX bound to: 37 - type: integer 
	Parameter G_AXI_WID_WIDTH bound to: 0 - type: integer 
	Parameter G_AXI_WUSER_INDEX bound to: 37 - type: integer 
	Parameter G_AXI_WUSER_WIDTH bound to: 0 - type: integer 
	Parameter G_AXI_WPAYLOAD_WIDTH bound to: 37 - type: integer 
	Parameter G_AXI_BRESP_INDEX bound to: 0 - type: integer 
	Parameter G_AXI_BRESP_WIDTH bound to: 2 - type: integer 
	Parameter G_AXI_BID_INDEX bound to: 2 - type: integer 
	Parameter G_AXI_BID_WIDTH bound to: 12 - type: integer 
	Parameter G_AXI_BUSER_INDEX bound to: 14 - type: integer 
	Parameter G_AXI_BUSER_WIDTH bound to: 0 - type: integer 
	Parameter G_AXI_BPAYLOAD_WIDTH bound to: 14 - type: integer 
	Parameter G_AXI_RDATA_INDEX bound to: 0 - type: integer 
	Parameter G_AXI_RDATA_WIDTH bound to: 32 - type: integer 
	Parameter G_AXI_RRESP_INDEX bound to: 32 - type: integer 
	Parameter G_AXI_RRESP_WIDTH bound to: 2 - type: integer 
	Parameter G_AXI_RLAST_INDEX bound to: 34 - type: integer 
	Parameter G_AXI_RLAST_WIDTH bound to: 1 - type: integer 
	Parameter G_AXI_RID_INDEX bound to: 35 - type: integer 
	Parameter G_AXI_RID_WIDTH bound to: 12 - type: integer 
	Parameter G_AXI_RUSER_INDEX bound to: 47 - type: integer 
	Parameter G_AXI_RUSER_WIDTH bound to: 0 - type: integer 
	Parameter G_AXI_RPAYLOAD_WIDTH bound to: 47 - type: integer 
INFO: [Synth 8-6155] done synthesizing module 'axi_infrastructure_v1_1_0_vector2axi' (87#1) [c:/Users/hrish/Downloads/ReRAM_Thesis/Project Folder/ReRAM_AXI_Project/ReRAM_AXI_Project.srcs/sources_1/bd/system_bd/ipshared/ec67/hdl/axi_infrastructure_v1_1_vl_rfs.v:474]
INFO: [Synth 8-6155] done synthesizing module 'axi_register_slice_v2_1_16_axi_register_slice' (88#1) [c:/Users/hrish/Downloads/ReRAM_Thesis/Project Folder/ReRAM_AXI_Project/ReRAM_AXI_Project.srcs/sources_1/bd/system_bd/ipshared/0cde/hdl/axi_register_slice_v2_1_vl_rfs.v:2413]
WARNING: [Synth 8-350] instance 'SI_REG' of module 'axi_register_slice_v2_1_16_axi_register_slice' requires 93 connections, but only 92 given [c:/Users/hrish/Downloads/ReRAM_Thesis/Project Folder/ReRAM_AXI_Project/ReRAM_AXI_Project.srcs/sources_1/bd/system_bd/ipshared/1229/hdl/axi_protocol_converter_v2_1_vl_rfs.v:4395]
INFO: [Synth 8-6157] synthesizing module 'axi_register_slice_v2_1_16_axi_register_slice__parameterized0' [c:/Users/hrish/Downloads/ReRAM_Thesis/Project Folder/ReRAM_AXI_Project/ReRAM_AXI_Project.srcs/sources_1/bd/system_bd/ipshared/0cde/hdl/axi_register_slice_v2_1_vl_rfs.v:2413]
	Parameter C_FAMILY bound to: virtex6 - type: string 
	Parameter C_AXI_PROTOCOL bound to: 2 - type: integer 
	Parameter C_AXI_ID_WIDTH bound to: 1 - type: integer 
	Parameter C_AXI_ADDR_WIDTH bound to: 32 - type: integer 
	Parameter C_AXI_DATA_WIDTH bound to: 32 - type: integer 
	Parameter C_AXI_SUPPORTS_USER_SIGNALS bound to: 0 - type: integer 
	Parameter C_AXI_AWUSER_WIDTH bound to: 1 - type: integer 
	Parameter C_AXI_ARUSER_WIDTH bound to: 1 - type: integer 
	Parameter C_AXI_WUSER_WIDTH bound to: 1 - type: integer 
	Parameter C_AXI_RUSER_WIDTH bound to: 1 - type: integer 
	Parameter C_AXI_BUSER_WIDTH bound to: 1 - type: integer 
	Parameter C_REG_CONFIG_AW bound to: 0 - type: integer 
	Parameter C_REG_CONFIG_W bound to: 0 - type: integer 
	Parameter C_REG_CONFIG_B bound to: 0 - type: integer 
	Parameter C_REG_CONFIG_AR bound to: 0 - type: integer 
	Parameter C_REG_CONFIG_R bound to: 0 - type: integer 
	Parameter C_NUM_SLR_CROSSINGS bound to: 0 - type: integer 
	Parameter C_PIPELINES_MASTER_AW bound to: 0 - type: integer 
	Parameter C_PIPELINES_MASTER_W bound to: 0 - type: integer 
	Parameter C_PIPELINES_MASTER_B bound to: 0 - type: integer 
	Parameter C_PIPELINES_MASTER_AR bound to: 0 - type: integer 
	Parameter C_PIPELINES_MASTER_R bound to: 0 - type: integer 
	Parameter C_PIPELINES_SLAVE_AW bound to: 0 - type: integer 
	Parameter C_PIPELINES_SLAVE_W bound to: 0 - type: integer 
	Parameter C_PIPELINES_SLAVE_B bound to: 0 - type: integer 
	Parameter C_PIPELINES_SLAVE_AR bound to: 0 - type: integer 
	Parameter C_PIPELINES_SLAVE_R bound to: 0 - type: integer 
	Parameter C_PIPELINES_MIDDLE_AW bound to: 0 - type: integer 
	Parameter C_PIPELINES_MIDDLE_W bound to: 0 - type: integer 
	Parameter C_PIPELINES_MIDDLE_B bound to: 0 - type: integer 
	Parameter C_PIPELINES_MIDDLE_AR bound to: 0 - type: integer 
	Parameter C_PIPELINES_MIDDLE_R bound to: 0 - type: integer 
	Parameter C_AXI_SUPPORTS_REGION_SIGNALS bound to: 0 - type: integer 
	Parameter P_FORWARD bound to: 0 - type: integer 
	Parameter P_RESPONSE bound to: 1 - type: integer 
	Parameter G_AXI_AWADDR_INDEX bound to: 0 - type: integer 
	Parameter G_AXI_AWADDR_WIDTH bound to: 32 - type: integer 
	Parameter G_AXI_AWPROT_INDEX bound to: 32 - type: integer 
	Parameter G_AXI_AWPROT_WIDTH bound to: 3 - type: integer 
	Parameter G_AXI_AWSIZE_INDEX bound to: 35 - type: integer 
	Parameter G_AXI_AWSIZE_WIDTH bound to: 0 - type: integer 
	Parameter G_AXI_AWBURST_INDEX bound to: 35 - type: integer 
	Parameter G_AXI_AWBURST_WIDTH bound to: 0 - type: integer 
	Parameter G_AXI_AWCACHE_INDEX bound to: 35 - type: integer 
	Parameter G_AXI_AWCACHE_WIDTH bound to: 0 - type: integer 
	Parameter G_AXI_AWLEN_INDEX bound to: 35 - type: integer 
	Parameter G_AXI_AWLEN_WIDTH bound to: 0 - type: integer 
	Parameter G_AXI_AWLOCK_INDEX bound to: 35 - type: integer 
	Parameter G_AXI_AWLOCK_WIDTH bound to: 0 - type: integer 
	Parameter G_AXI_AWID_INDEX bound to: 35 - type: integer 
	Parameter G_AXI_AWID_WIDTH bound to: 0 - type: integer 
	Parameter G_AXI_AWQOS_INDEX bound to: 35 - type: integer 
	Parameter G_AXI_AWQOS_WIDTH bound to: 0 - type: integer 
	Parameter G_AXI_AWREGION_INDEX bound to: 35 - type: integer 
	Parameter G_AXI_AWREGION_WIDTH bound to: 0 - type: integer 
	Parameter G_AXI_AWUSER_INDEX bound to: 35 - type: integer 
	Parameter G_AXI_AWUSER_WIDTH bound to: 0 - type: integer 
	Parameter G_AXI_AWPAYLOAD_WIDTH bound to: 35 - type: integer 
	Parameter G_AXI_ARADDR_INDEX bound to: 0 - type: integer 
	Parameter G_AXI_ARADDR_WIDTH bound to: 32 - type: integer 
	Parameter G_AXI_ARPROT_INDEX bound to: 32 - type: integer 
	Parameter G_AXI_ARPROT_WIDTH bound to: 3 - type: integer 
	Parameter G_AXI_ARSIZE_INDEX bound to: 35 - type: integer 
	Parameter G_AXI_ARSIZE_WIDTH bound to: 0 - type: integer 
	Parameter G_AXI_ARBURST_INDEX bound to: 35 - type: integer 
	Parameter G_AXI_ARBURST_WIDTH bound to: 0 - type: integer 
	Parameter G_AXI_ARCACHE_INDEX bound to: 35 - type: integer 
	Parameter G_AXI_ARCACHE_WIDTH bound to: 0 - type: integer 
	Parameter G_AXI_ARLEN_INDEX bound to: 35 - type: integer 
	Parameter G_AXI_ARLEN_WIDTH bound to: 0 - type: integer 
	Parameter G_AXI_ARLOCK_INDEX bound to: 35 - type: integer 
	Parameter G_AXI_ARLOCK_WIDTH bound to: 0 - type: integer 
	Parameter G_AXI_ARID_INDEX bound to: 35 - type: integer 
	Parameter G_AXI_ARID_WIDTH bound to: 0 - type: integer 
	Parameter G_AXI_ARQOS_INDEX bound to: 35 - type: integer 
	Parameter G_AXI_ARQOS_WIDTH bound to: 0 - type: integer 
	Parameter G_AXI_ARREGION_INDEX bound to: 35 - type: integer 
	Parameter G_AXI_ARREGION_WIDTH bound to: 0 - type: integer 
	Parameter G_AXI_ARUSER_INDEX bound to: 35 - type: integer 
	Parameter G_AXI_ARUSER_WIDTH bound to: 0 - type: integer 
	Parameter G_AXI_ARPAYLOAD_WIDTH bound to: 35 - type: integer 
	Parameter G_AXI_WDATA_INDEX bound to: 0 - type: integer 
	Parameter G_AXI_WDATA_WIDTH bound to: 32 - type: integer 
	Parameter G_AXI_WSTRB_INDEX bound to: 32 - type: integer 
	Parameter G_AXI_WSTRB_WIDTH bound to: 4 - type: integer 
	Parameter G_AXI_WLAST_INDEX bound to: 36 - type: integer 
	Parameter G_AXI_WLAST_WIDTH bound to: 0 - type: integer 
	Parameter G_AXI_WID_INDEX bound to: 36 - type: integer 
	Parameter G_AXI_WID_WIDTH bound to: 0 - type: integer 
	Parameter G_AXI_WUSER_INDEX bound to: 36 - type: integer 
	Parameter G_AXI_WUSER_WIDTH bound to: 0 - type: integer 
	Parameter G_AXI_WPAYLOAD_WIDTH bound to: 36 - type: integer 
	Parameter G_AXI_BRESP_INDEX bound to: 0 - type: integer 
	Parameter G_AXI_BRESP_WIDTH bound to: 2 - type: integer 
	Parameter G_AXI_BID_INDEX bound to: 2 - type: integer 
	Parameter G_AXI_BID_WIDTH bound to: 0 - type: integer 
	Parameter G_AXI_BUSER_INDEX bound to: 2 - type: integer 
	Parameter G_AXI_BUSER_WIDTH bound to: 0 - type: integer 
	Parameter G_AXI_BPAYLOAD_WIDTH bound to: 2 - type: integer 
	Parameter G_AXI_RDATA_INDEX bound to: 0 - type: integer 
	Parameter G_AXI_RDATA_WIDTH bound to: 32 - type: integer 
	Parameter G_AXI_RRESP_INDEX bound to: 32 - type: integer 
	Parameter G_AXI_RRESP_WIDTH bound to: 2 - type: integer 
	Parameter G_AXI_RLAST_INDEX bound to: 34 - type: integer 
	Parameter G_AXI_RLAST_WIDTH bound to: 0 - type: integer 
	Parameter G_AXI_RID_INDEX bound to: 34 - type: integer 
	Parameter G_AXI_RID_WIDTH bound to: 0 - type: integer 
	Parameter G_AXI_RUSER_INDEX bound to: 34 - type: integer 
	Parameter G_AXI_RUSER_WIDTH bound to: 0 - type: integer 
	Parameter G_AXI_RPAYLOAD_WIDTH bound to: 34 - type: integer 
INFO: [Synth 8-6157] synthesizing module 'axi_register_slice_v2_1_16_axic_register_slice__parameterized3' [c:/Users/hrish/Downloads/ReRAM_Thesis/Project Folder/ReRAM_AXI_Project/ReRAM_AXI_Project.srcs/sources_1/bd/system_bd/ipshared/0cde/hdl/axi_register_slice_v2_1_vl_rfs.v:189]
	Parameter C_FAMILY bound to: virtex6 - type: string 
	Parameter C_DATA_WIDTH bound to: 35 - type: integer 
	Parameter C_REG_CONFIG bound to: 0 - type: integer 
INFO: [Synth 8-6155] done synthesizing module 'axi_register_slice_v2_1_16_axic_register_slice__parameterized3' (88#1) [c:/Users/hrish/Downloads/ReRAM_Thesis/Project Folder/ReRAM_AXI_Project/ReRAM_AXI_Project.srcs/sources_1/bd/system_bd/ipshared/0cde/hdl/axi_register_slice_v2_1_vl_rfs.v:189]
INFO: [Synth 8-6157] synthesizing module 'axi_register_slice_v2_1_16_axic_register_slice__parameterized4' [c:/Users/hrish/Downloads/ReRAM_Thesis/Project Folder/ReRAM_AXI_Project/ReRAM_AXI_Project.srcs/sources_1/bd/system_bd/ipshared/0cde/hdl/axi_register_slice_v2_1_vl_rfs.v:189]
	Parameter C_FAMILY bound to: virtex6 - type: string 
	Parameter C_DATA_WIDTH bound to: 36 - type: integer 
	Parameter C_REG_CONFIG bound to: 0 - type: integer 
INFO: [Synth 8-6155] done synthesizing module 'axi_register_slice_v2_1_16_axic_register_slice__parameterized4' (88#1) [c:/Users/hrish/Downloads/ReRAM_Thesis/Project Folder/ReRAM_AXI_Project/ReRAM_AXI_Project.srcs/sources_1/bd/system_bd/ipshared/0cde/hdl/axi_register_slice_v2_1_vl_rfs.v:189]
INFO: [Synth 8-6157] synthesizing module 'axi_register_slice_v2_1_16_axic_register_slice__parameterized5' [c:/Users/hrish/Downloads/ReRAM_Thesis/Project Folder/ReRAM_AXI_Project/ReRAM_AXI_Project.srcs/sources_1/bd/system_bd/ipshared/0cde/hdl/axi_register_slice_v2_1_vl_rfs.v:189]
	Parameter C_FAMILY bound to: virtex6 - type: string 
	Parameter C_DATA_WIDTH bound to: 2 - type: integer 
	Parameter C_REG_CONFIG bound to: 0 - type: integer 
INFO: [Synth 8-6155] done synthesizing module 'axi_register_slice_v2_1_16_axic_register_slice__parameterized5' (88#1) [c:/Users/hrish/Downloads/ReRAM_Thesis/Project Folder/ReRAM_AXI_Project/ReRAM_AXI_Project.srcs/sources_1/bd/system_bd/ipshared/0cde/hdl/axi_register_slice_v2_1_vl_rfs.v:189]
INFO: [Synth 8-6157] synthesizing module 'axi_register_slice_v2_1_16_axic_register_slice__parameterized6' [c:/Users/hrish/Downloads/ReRAM_Thesis/Project Folder/ReRAM_AXI_Project/ReRAM_AXI_Project.srcs/sources_1/bd/system_bd/ipshared/0cde/hdl/axi_register_slice_v2_1_vl_rfs.v:189]
	Parameter C_FAMILY bound to: virtex6 - type: string 
	Parameter C_DATA_WIDTH bound to: 34 - type: integer 
	Parameter C_REG_CONFIG bound to: 0 - type: integer 
INFO: [Synth 8-6155] done synthesizing module 'axi_register_slice_v2_1_16_axic_register_slice__parameterized6' (88#1) [c:/Users/hrish/Downloads/ReRAM_Thesis/Project Folder/ReRAM_AXI_Project/ReRAM_AXI_Project.srcs/sources_1/bd/system_bd/ipshared/0cde/hdl/axi_register_slice_v2_1_vl_rfs.v:189]
INFO: [Synth 8-6157] synthesizing module 'axi_infrastructure_v1_1_0_axi2vector__parameterized0' [c:/Users/hrish/Downloads/ReRAM_Thesis/Project Folder/ReRAM_AXI_Project/ReRAM_AXI_Project.srcs/sources_1/bd/system_bd/ipshared/ec67/hdl/axi_infrastructure_v1_1_vl_rfs.v:60]
	Parameter C_AXI_PROTOCOL bound to: 2 - type: integer 
	Parameter C_AXI_ID_WIDTH bound to: 1 - type: integer 
	Parameter C_AXI_ADDR_WIDTH bound to: 32 - type: integer 
	Parameter C_AXI_DATA_WIDTH bound to: 32 - type: integer 
	Parameter C_AXI_SUPPORTS_USER_SIGNALS bound to: 0 - type: integer 
	Parameter C_AXI_SUPPORTS_REGION_SIGNALS bound to: 0 - type: integer 
	Parameter C_AXI_AWUSER_WIDTH bound to: 1 - type: integer 
	Parameter C_AXI_WUSER_WIDTH bound to: 1 - type: integer 
	Parameter C_AXI_BUSER_WIDTH bound to: 1 - type: integer 
	Parameter C_AXI_ARUSER_WIDTH bound to: 1 - type: integer 
	Parameter C_AXI_RUSER_WIDTH bound to: 1 - type: integer 
	Parameter C_AWPAYLOAD_WIDTH bound to: 35 - type: integer 
	Parameter C_WPAYLOAD_WIDTH bound to: 36 - type: integer 
	Parameter C_BPAYLOAD_WIDTH bound to: 2 - type: integer 
	Parameter C_ARPAYLOAD_WIDTH bound to: 35 - type: integer 
	Parameter C_RPAYLOAD_WIDTH bound to: 34 - type: integer 
	Parameter G_AXI_AWADDR_INDEX bound to: 0 - type: integer 
	Parameter G_AXI_AWADDR_WIDTH bound to: 32 - type: integer 
	Parameter G_AXI_AWPROT_INDEX bound to: 32 - type: integer 
	Parameter G_AXI_AWPROT_WIDTH bound to: 3 - type: integer 
	Parameter G_AXI_AWSIZE_INDEX bound to: 35 - type: integer 
	Parameter G_AXI_AWSIZE_WIDTH bound to: 0 - type: integer 
	Parameter G_AXI_AWBURST_INDEX bound to: 35 - type: integer 
	Parameter G_AXI_AWBURST_WIDTH bound to: 0 - type: integer 
	Parameter G_AXI_AWCACHE_INDEX bound to: 35 - type: integer 
	Parameter G_AXI_AWCACHE_WIDTH bound to: 0 - type: integer 
	Parameter G_AXI_AWLEN_INDEX bound to: 35 - type: integer 
	Parameter G_AXI_AWLEN_WIDTH bound to: 0 - type: integer 
	Parameter G_AXI_AWLOCK_INDEX bound to: 35 - type: integer 
	Parameter G_AXI_AWLOCK_WIDTH bound to: 0 - type: integer 
	Parameter G_AXI_AWID_INDEX bound to: 35 - type: integer 
	Parameter G_AXI_AWID_WIDTH bound to: 0 - type: integer 
	Parameter G_AXI_AWQOS_INDEX bound to: 35 - type: integer 
	Parameter G_AXI_AWQOS_WIDTH bound to: 0 - type: integer 
	Parameter G_AXI_AWREGION_INDEX bound to: 35 - type: integer 
	Parameter G_AXI_AWREGION_WIDTH bound to: 0 - type: integer 
	Parameter G_AXI_AWUSER_INDEX bound to: 35 - type: integer 
	Parameter G_AXI_AWUSER_WIDTH bound to: 0 - type: integer 
	Parameter G_AXI_AWPAYLOAD_WIDTH bound to: 35 - type: integer 
	Parameter G_AXI_ARADDR_INDEX bound to: 0 - type: integer 
	Parameter G_AXI_ARADDR_WIDTH bound to: 32 - type: integer 
	Parameter G_AXI_ARPROT_INDEX bound to: 32 - type: integer 
	Parameter G_AXI_ARPROT_WIDTH bound to: 3 - type: integer 
	Parameter G_AXI_ARSIZE_INDEX bound to: 35 - type: integer 
	Parameter G_AXI_ARSIZE_WIDTH bound to: 0 - type: integer 
	Parameter G_AXI_ARBURST_INDEX bound to: 35 - type: integer 
	Parameter G_AXI_ARBURST_WIDTH bound to: 0 - type: integer 
	Parameter G_AXI_ARCACHE_INDEX bound to: 35 - type: integer 
	Parameter G_AXI_ARCACHE_WIDTH bound to: 0 - type: integer 
	Parameter G_AXI_ARLEN_INDEX bound to: 35 - type: integer 
	Parameter G_AXI_ARLEN_WIDTH bound to: 0 - type: integer 
	Parameter G_AXI_ARLOCK_INDEX bound to: 35 - type: integer 
	Parameter G_AXI_ARLOCK_WIDTH bound to: 0 - type: integer 
	Parameter G_AXI_ARID_INDEX bound to: 35 - type: integer 
	Parameter G_AXI_ARID_WIDTH bound to: 0 - type: integer 
	Parameter G_AXI_ARQOS_INDEX bound to: 35 - type: integer 
	Parameter G_AXI_ARQOS_WIDTH bound to: 0 - type: integer 
	Parameter G_AXI_ARREGION_INDEX bound to: 35 - type: integer 
	Parameter G_AXI_ARREGION_WIDTH bound to: 0 - type: integer 
	Parameter G_AXI_ARUSER_INDEX bound to: 35 - type: integer 
	Parameter G_AXI_ARUSER_WIDTH bound to: 0 - type: integer 
	Parameter G_AXI_ARPAYLOAD_WIDTH bound to: 35 - type: integer 
	Parameter G_AXI_WDATA_INDEX bound to: 0 - type: integer 
	Parameter G_AXI_WDATA_WIDTH bound to: 32 - type: integer 
	Parameter G_AXI_WSTRB_INDEX bound to: 32 - type: integer 
	Parameter G_AXI_WSTRB_WIDTH bound to: 4 - type: integer 
	Parameter G_AXI_WLAST_INDEX bound to: 36 - type: integer 
	Parameter G_AXI_WLAST_WIDTH bound to: 0 - type: integer 
	Parameter G_AXI_WID_INDEX bound to: 36 - type: integer 
	Parameter G_AXI_WID_WIDTH bound to: 0 - type: integer 
	Parameter G_AXI_WUSER_INDEX bound to: 36 - type: integer 
	Parameter G_AXI_WUSER_WIDTH bound to: 0 - type: integer 
	Parameter G_AXI_WPAYLOAD_WIDTH bound to: 36 - type: integer 
	Parameter G_AXI_BRESP_INDEX bound to: 0 - type: integer 
	Parameter G_AXI_BRESP_WIDTH bound to: 2 - type: integer 
	Parameter G_AXI_BID_INDEX bound to: 2 - type: integer 
	Parameter G_AXI_BID_WIDTH bound to: 0 - type: integer 
	Parameter G_AXI_BUSER_INDEX bound to: 2 - type: integer 
	Parameter G_AXI_BUSER_WIDTH bound to: 0 - type: integer 
	Parameter G_AXI_BPAYLOAD_WIDTH bound to: 2 - type: integer 
	Parameter G_AXI_RDATA_INDEX bound to: 0 - type: integer 
	Parameter G_AXI_RDATA_WIDTH bound to: 32 - type: integer 
	Parameter G_AXI_RRESP_INDEX bound to: 32 - type: integer 
	Parameter G_AXI_RRESP_WIDTH bound to: 2 - type: integer 
	Parameter G_AXI_RLAST_INDEX bound to: 34 - type: integer 
	Parameter G_AXI_RLAST_WIDTH bound to: 0 - type: integer 
	Parameter G_AXI_RID_INDEX bound to: 34 - type: integer 
	Parameter G_AXI_RID_WIDTH bound to: 0 - type: integer 
	Parameter G_AXI_RUSER_INDEX bound to: 34 - type: integer 
	Parameter G_AXI_RUSER_WIDTH bound to: 0 - type: integer 
	Parameter G_AXI_RPAYLOAD_WIDTH bound to: 34 - type: integer 
INFO: [Synth 8-6155] done synthesizing module 'axi_infrastructure_v1_1_0_axi2vector__parameterized0' (88#1) [c:/Users/hrish/Downloads/ReRAM_Thesis/Project Folder/ReRAM_AXI_Project/ReRAM_AXI_Project.srcs/sources_1/bd/system_bd/ipshared/ec67/hdl/axi_infrastructure_v1_1_vl_rfs.v:60]
INFO: [Synth 8-6157] synthesizing module 'axi_infrastructure_v1_1_0_vector2axi__parameterized0' [c:/Users/hrish/Downloads/ReRAM_Thesis/Project Folder/ReRAM_AXI_Project/ReRAM_AXI_Project.srcs/sources_1/bd/system_bd/ipshared/ec67/hdl/axi_infrastructure_v1_1_vl_rfs.v:474]
	Parameter C_AXI_PROTOCOL bound to: 2 - type: integer 
	Parameter C_AXI_ID_WIDTH bound to: 1 - type: integer 
	Parameter C_AXI_ADDR_WIDTH bound to: 32 - type: integer 
	Parameter C_AXI_DATA_WIDTH bound to: 32 - type: integer 
	Parameter C_AXI_SUPPORTS_USER_SIGNALS bound to: 0 - type: integer 
	Parameter C_AXI_SUPPORTS_REGION_SIGNALS bound to: 0 - type: integer 
	Parameter C_AXI_AWUSER_WIDTH bound to: 1 - type: integer 
	Parameter C_AXI_WUSER_WIDTH bound to: 1 - type: integer 
	Parameter C_AXI_BUSER_WIDTH bound to: 1 - type: integer 
	Parameter C_AXI_ARUSER_WIDTH bound to: 1 - type: integer 
	Parameter C_AXI_RUSER_WIDTH bound to: 1 - type: integer 
	Parameter C_AWPAYLOAD_WIDTH bound to: 35 - type: integer 
	Parameter C_WPAYLOAD_WIDTH bound to: 36 - type: integer 
	Parameter C_BPAYLOAD_WIDTH bound to: 2 - type: integer 
	Parameter C_ARPAYLOAD_WIDTH bound to: 35 - type: integer 
	Parameter C_RPAYLOAD_WIDTH bound to: 34 - type: integer 
	Parameter G_AXI_AWADDR_INDEX bound to: 0 - type: integer 
	Parameter G_AXI_AWADDR_WIDTH bound to: 32 - type: integer 
	Parameter G_AXI_AWPROT_INDEX bound to: 32 - type: integer 
	Parameter G_AXI_AWPROT_WIDTH bound to: 3 - type: integer 
	Parameter G_AXI_AWSIZE_INDEX bound to: 35 - type: integer 
	Parameter G_AXI_AWSIZE_WIDTH bound to: 0 - type: integer 
	Parameter G_AXI_AWBURST_INDEX bound to: 35 - type: integer 
	Parameter G_AXI_AWBURST_WIDTH bound to: 0 - type: integer 
	Parameter G_AXI_AWCACHE_INDEX bound to: 35 - type: integer 
	Parameter G_AXI_AWCACHE_WIDTH bound to: 0 - type: integer 
	Parameter G_AXI_AWLEN_INDEX bound to: 35 - type: integer 
	Parameter G_AXI_AWLEN_WIDTH bound to: 0 - type: integer 
	Parameter G_AXI_AWLOCK_INDEX bound to: 35 - type: integer 
	Parameter G_AXI_AWLOCK_WIDTH bound to: 0 - type: integer 
	Parameter G_AXI_AWID_INDEX bound to: 35 - type: integer 
	Parameter G_AXI_AWID_WIDTH bound to: 0 - type: integer 
	Parameter G_AXI_AWQOS_INDEX bound to: 35 - type: integer 
	Parameter G_AXI_AWQOS_WIDTH bound to: 0 - type: integer 
	Parameter G_AXI_AWREGION_INDEX bound to: 35 - type: integer 
	Parameter G_AXI_AWREGION_WIDTH bound to: 0 - type: integer 
	Parameter G_AXI_AWUSER_INDEX bound to: 35 - type: integer 
	Parameter G_AXI_AWUSER_WIDTH bound to: 0 - type: integer 
	Parameter G_AXI_AWPAYLOAD_WIDTH bound to: 35 - type: integer 
	Parameter G_AXI_ARADDR_INDEX bound to: 0 - type: integer 
	Parameter G_AXI_ARADDR_WIDTH bound to: 32 - type: integer 
	Parameter G_AXI_ARPROT_INDEX bound to: 32 - type: integer 
	Parameter G_AXI_ARPROT_WIDTH bound to: 3 - type: integer 
	Parameter G_AXI_ARSIZE_INDEX bound to: 35 - type: integer 
	Parameter G_AXI_ARSIZE_WIDTH bound to: 0 - type: integer 
	Parameter G_AXI_ARBURST_INDEX bound to: 35 - type: integer 
	Parameter G_AXI_ARBURST_WIDTH bound to: 0 - type: integer 
	Parameter G_AXI_ARCACHE_INDEX bound to: 35 - type: integer 
	Parameter G_AXI_ARCACHE_WIDTH bound to: 0 - type: integer 
	Parameter G_AXI_ARLEN_INDEX bound to: 35 - type: integer 
	Parameter G_AXI_ARLEN_WIDTH bound to: 0 - type: integer 
	Parameter G_AXI_ARLOCK_INDEX bound to: 35 - type: integer 
	Parameter G_AXI_ARLOCK_WIDTH bound to: 0 - type: integer 
	Parameter G_AXI_ARID_INDEX bound to: 35 - type: integer 
	Parameter G_AXI_ARID_WIDTH bound to: 0 - type: integer 
	Parameter G_AXI_ARQOS_INDEX bound to: 35 - type: integer 
	Parameter G_AXI_ARQOS_WIDTH bound to: 0 - type: integer 
	Parameter G_AXI_ARREGION_INDEX bound to: 35 - type: integer 
	Parameter G_AXI_ARREGION_WIDTH bound to: 0 - type: integer 
	Parameter G_AXI_ARUSER_INDEX bound to: 35 - type: integer 
	Parameter G_AXI_ARUSER_WIDTH bound to: 0 - type: integer 
	Parameter G_AXI_ARPAYLOAD_WIDTH bound to: 35 - type: integer 
	Parameter G_AXI_WDATA_INDEX bound to: 0 - type: integer 
	Parameter G_AXI_WDATA_WIDTH bound to: 32 - type: integer 
	Parameter G_AXI_WSTRB_INDEX bound to: 32 - type: integer 
	Parameter G_AXI_WSTRB_WIDTH bound to: 4 - type: integer 
	Parameter G_AXI_WLAST_INDEX bound to: 36 - type: integer 
	Parameter G_AXI_WLAST_WIDTH bound to: 0 - type: integer 
	Parameter G_AXI_WID_INDEX bound to: 36 - type: integer 
	Parameter G_AXI_WID_WIDTH bound to: 0 - type: integer 
	Parameter G_AXI_WUSER_INDEX bound to: 36 - type: integer 
	Parameter G_AXI_WUSER_WIDTH bound to: 0 - type: integer 
	Parameter G_AXI_WPAYLOAD_WIDTH bound to: 36 - type: integer 
	Parameter G_AXI_BRESP_INDEX bound to: 0 - type: integer 
	Parameter G_AXI_BRESP_WIDTH bound to: 2 - type: integer 
	Parameter G_AXI_BID_INDEX bound to: 2 - type: integer 
	Parameter G_AXI_BID_WIDTH bound to: 0 - type: integer 
	Parameter G_AXI_BUSER_INDEX bound to: 2 - type: integer 
	Parameter G_AXI_BUSER_WIDTH bound to: 0 - type: integer 
	Parameter G_AXI_BPAYLOAD_WIDTH bound to: 2 - type: integer 
	Parameter G_AXI_RDATA_INDEX bound to: 0 - type: integer 
	Parameter G_AXI_RDATA_WIDTH bound to: 32 - type: integer 
	Parameter G_AXI_RRESP_INDEX bound to: 32 - type: integer 
	Parameter G_AXI_RRESP_WIDTH bound to: 2 - type: integer 
	Parameter G_AXI_RLAST_INDEX bound to: 34 - type: integer 
	Parameter G_AXI_RLAST_WIDTH bound to: 0 - type: integer 
	Parameter G_AXI_RID_INDEX bound to: 34 - type: integer 
	Parameter G_AXI_RID_WIDTH bound to: 0 - type: integer 
	Parameter G_AXI_RUSER_INDEX bound to: 34 - type: integer 
	Parameter G_AXI_RUSER_WIDTH bound to: 0 - type: integer 
	Parameter G_AXI_RPAYLOAD_WIDTH bound to: 34 - type: integer 
INFO: [Synth 8-6155] done synthesizing module 'axi_infrastructure_v1_1_0_vector2axi__parameterized0' (88#1) [c:/Users/hrish/Downloads/ReRAM_Thesis/Project Folder/ReRAM_AXI_Project/ReRAM_AXI_Project.srcs/sources_1/bd/system_bd/ipshared/ec67/hdl/axi_infrastructure_v1_1_vl_rfs.v:474]
INFO: [Synth 8-6155] done synthesizing module 'axi_register_slice_v2_1_16_axi_register_slice__parameterized0' (88#1) [c:/Users/hrish/Downloads/ReRAM_Thesis/Project Folder/ReRAM_AXI_Project/ReRAM_AXI_Project.srcs/sources_1/bd/system_bd/ipshared/0cde/hdl/axi_register_slice_v2_1_vl_rfs.v:2413]
WARNING: [Synth 8-350] instance 'MI_REG' of module 'axi_register_slice_v2_1_16_axi_register_slice' requires 93 connections, but only 92 given [c:/Users/hrish/Downloads/ReRAM_Thesis/Project Folder/ReRAM_AXI_Project/ReRAM_AXI_Project.srcs/sources_1/bd/system_bd/ipshared/1229/hdl/axi_protocol_converter_v2_1_vl_rfs.v:4650]
INFO: [Synth 8-6155] done synthesizing module 'axi_protocol_converter_v2_1_16_b2s' (89#1) [c:/Users/hrish/Downloads/ReRAM_Thesis/Project Folder/ReRAM_AXI_Project/ReRAM_AXI_Project.srcs/sources_1/bd/system_bd/ipshared/1229/hdl/axi_protocol_converter_v2_1_vl_rfs.v:4229]
INFO: [Synth 8-6155] done synthesizing module 'axi_protocol_converter_v2_1_16_axi_protocol_converter' (90#1) [c:/Users/hrish/Downloads/ReRAM_Thesis/Project Folder/ReRAM_AXI_Project/ReRAM_AXI_Project.srcs/sources_1/bd/system_bd/ipshared/1229/hdl/axi_protocol_converter_v2_1_vl_rfs.v:4811]
INFO: [Synth 8-6155] done synthesizing module 'system_bd_auto_pc_0' (91#1) [c:/Users/hrish/Downloads/ReRAM_Thesis/Project Folder/ReRAM_AXI_Project/ReRAM_AXI_Project.srcs/sources_1/bd/system_bd/ip/system_bd_auto_pc_0/synth/system_bd_auto_pc_0.v:58]
INFO: [Synth 8-6155] done synthesizing module 'm01_couplers_imp_13OOAMB' (92#1) [C:/Users/hrish/Downloads/ReRAM_Thesis/Project Folder/ReRAM_AXI_Project/ReRAM_AXI_Project.srcs/sources_1/bd/system_bd/synth/system_bd.v:298]
INFO: [Synth 8-6157] synthesizing module 's00_couplers_imp_1HHWGQV' [C:/Users/hrish/Downloads/ReRAM_Thesis/Project Folder/ReRAM_AXI_Project/ReRAM_AXI_Project.srcs/sources_1/bd/system_bd/synth/system_bd.v:608]
INFO: [Synth 8-6157] synthesizing module 'system_bd_auto_pc_1' [c:/Users/hrish/Downloads/ReRAM_Thesis/Project Folder/ReRAM_AXI_Project/ReRAM_AXI_Project.srcs/sources_1/bd/system_bd/ip/system_bd_auto_pc_1/synth/system_bd_auto_pc_1.v:58]
INFO: [Synth 8-6157] synthesizing module 'axi_protocol_converter_v2_1_16_axi_protocol_converter__parameterized0' [c:/Users/hrish/Downloads/ReRAM_Thesis/Project Folder/ReRAM_AXI_Project/ReRAM_AXI_Project.srcs/sources_1/bd/system_bd/ipshared/1229/hdl/axi_protocol_converter_v2_1_vl_rfs.v:4811]
	Parameter C_FAMILY bound to: zynq - type: string 
	Parameter C_M_AXI_PROTOCOL bound to: 0 - type: integer 
	Parameter C_S_AXI_PROTOCOL bound to: 1 - type: integer 
	Parameter C_IGNORE_ID bound to: 0 - type: integer 
	Parameter C_AXI_ID_WIDTH bound to: 12 - type: integer 
	Parameter C_AXI_ADDR_WIDTH bound to: 32 - type: integer 
	Parameter C_AXI_DATA_WIDTH bound to: 32 - type: integer 
	Parameter C_AXI_SUPPORTS_WRITE bound to: 1 - type: integer 
	Parameter C_AXI_SUPPORTS_READ bound to: 1 - type: integer 
	Parameter C_AXI_SUPPORTS_USER_SIGNALS bound to: 0 - type: integer 
	Parameter C_AXI_AWUSER_WIDTH bound to: 1 - type: integer 
	Parameter C_AXI_ARUSER_WIDTH bound to: 1 - type: integer 
	Parameter C_AXI_WUSER_WIDTH bound to: 1 - type: integer 
	Parameter C_AXI_RUSER_WIDTH bound to: 1 - type: integer 
	Parameter C_AXI_BUSER_WIDTH bound to: 1 - type: integer 
	Parameter C_TRANSLATION_MODE bound to: 2 - type: integer 
	Parameter P_AXI4 bound to: 0 - type: integer 
	Parameter P_AXI3 bound to: 1 - type: integer 
	Parameter P_AXILITE bound to: 2 - type: integer 
	Parameter P_AXILITE_SIZE bound to: 3'b010 
	Parameter P_INCR bound to: 2'b01 
	Parameter P_DECERR bound to: 2'b11 
	Parameter P_SLVERR bound to: 2'b10 
	Parameter P_PROTECTION bound to: 1 - type: integer 
	Parameter P_CONVERSION bound to: 2 - type: integer 
INFO: [Synth 8-6155] done synthesizing module 'axi_protocol_converter_v2_1_16_axi_protocol_converter__parameterized0' (92#1) [c:/Users/hrish/Downloads/ReRAM_Thesis/Project Folder/ReRAM_AXI_Project/ReRAM_AXI_Project.srcs/sources_1/bd/system_bd/ipshared/1229/hdl/axi_protocol_converter_v2_1_vl_rfs.v:4811]
INFO: [Synth 8-6155] done synthesizing module 'system_bd_auto_pc_1' (93#1) [c:/Users/hrish/Downloads/ReRAM_Thesis/Project Folder/ReRAM_AXI_Project/ReRAM_AXI_Project.srcs/sources_1/bd/system_bd/ip/system_bd_auto_pc_1/synth/system_bd_auto_pc_1.v:58]
WARNING: [Synth 8-350] instance 'auto_pc' of module 'system_bd_auto_pc_1' requires 79 connections, but only 77 given [C:/Users/hrish/Downloads/ReRAM_Thesis/Project Folder/ReRAM_AXI_Project/ReRAM_AXI_Project.srcs/sources_1/bd/system_bd/synth/system_bd.v:923]
INFO: [Synth 8-6155] done synthesizing module 's00_couplers_imp_1HHWGQV' (94#1) [C:/Users/hrish/Downloads/ReRAM_Thesis/Project Folder/ReRAM_AXI_Project/ReRAM_AXI_Project.srcs/sources_1/bd/system_bd/synth/system_bd.v:608]
INFO: [Synth 8-6157] synthesizing module 'system_bd_xbar_0' [c:/Users/hrish/Downloads/ReRAM_Thesis/Project Folder/ReRAM_AXI_Project/ReRAM_AXI_Project.srcs/sources_1/bd/system_bd/ip/system_bd_xbar_0/synth/system_bd_xbar_0.v:59]
INFO: [Synth 8-6157] synthesizing module 'axi_crossbar_v2_1_17_axi_crossbar' [c:/Users/hrish/Downloads/ReRAM_Thesis/Project Folder/ReRAM_AXI_Project/ReRAM_AXI_Project.srcs/sources_1/bd/system_bd/ipshared/d293/hdl/axi_crossbar_v2_1_vl_rfs.v:4882]
	Parameter C_FAMILY bound to: zynq - type: string 
	Parameter C_NUM_SLAVE_SLOTS bound to: 1 - type: integer 
	Parameter C_NUM_MASTER_SLOTS bound to: 2 - type: integer 
	Parameter C_AXI_ID_WIDTH bound to: 12 - type: integer 
	Parameter C_AXI_ADDR_WIDTH bound to: 32 - type: integer 
	Parameter C_AXI_DATA_WIDTH bound to: 32 - type: integer 
	Parameter C_AXI_PROTOCOL bound to: 0 - type: integer 
	Parameter C_NUM_ADDR_RANGES bound to: 1 - type: integer 
	Parameter C_M_AXI_BASE_ADDR bound to: 128'b00000000000000000000000000000000010000111100000000000000000000000000000000000000000000000000000001000000000000000000000000000000 
	Parameter C_M_AXI_ADDR_WIDTH bound to: 64'b0000000000000000000000000001000000000000000000000000000000001101 
	Parameter C_S_AXI_BASE_ID bound to: 0 - type: integer 
	Parameter C_S_AXI_THREAD_ID_WIDTH bound to: 12 - type: integer 
	Parameter C_AXI_SUPPORTS_USER_SIGNALS bound to: 0 - type: integer 
	Parameter C_AXI_AWUSER_WIDTH bound to: 1 - type: integer 
	Parameter C_AXI_ARUSER_WIDTH bound to: 1 - type: integer 
	Parameter C_AXI_WUSER_WIDTH bound to: 1 - type: integer 
	Parameter C_AXI_RUSER_WIDTH bound to: 1 - type: integer 
	Parameter C_AXI_BUSER_WIDTH bound to: 1 - type: integer 
	Parameter C_M_AXI_WRITE_CONNECTIVITY bound to: 64'b1111111111111111111111111111111111111111111111111111111111111111 
	Parameter C_M_AXI_READ_CONNECTIVITY bound to: 64'b1111111111111111111111111111111111111111111111111111111111111111 
	Parameter C_R_REGISTER bound to: 0 - type: integer 
	Parameter C_S_AXI_SINGLE_THREAD bound to: 0 - type: integer 
	Parameter C_S_AXI_WRITE_ACCEPTANCE bound to: 8 - type: integer 
	Parameter C_S_AXI_READ_ACCEPTANCE bound to: 8 - type: integer 
	Parameter C_M_AXI_WRITE_ISSUING bound to: 64'b0000000000000000000000000000100000000000000000000000000000001000 
	Parameter C_M_AXI_READ_ISSUING bound to: 64'b0000000000000000000000000000100000000000000000000000000000001000 
	Parameter C_S_AXI_ARB_PRIORITY bound to: 0 - type: integer 
	Parameter C_M_AXI_SECURE bound to: 64'b0000000000000000000000000000000000000000000000000000000000000000 
	Parameter C_CONNECTIVITY_MODE bound to: 1 - type: integer 
	Parameter P_ONES bound to: 65'b11111111111111111111111111111111111111111111111111111111111111111 
	Parameter P_S_AXI_BASE_ID bound to: 64'b0000000000000000000000000000000000000000000000000000000000000000 
	Parameter P_S_AXI_HIGH_ID bound to: 64'b0000000000000000000000000000000000000000000000000000111111111111 
	Parameter P_AXI4 bound to: 0 - type: integer 
	Parameter P_AXI3 bound to: 1 - type: integer 
	Parameter P_AXILITE bound to: 2 - type: integer 
	Parameter P_AXILITE_SIZE bound to: 3'b010 
	Parameter P_INCR bound to: 2'b01 
	Parameter P_M_AXI_SUPPORTS_WRITE bound to: 2'b11 
	Parameter P_M_AXI_SUPPORTS_READ bound to: 2'b11 
	Parameter P_S_AXI_SUPPORTS_WRITE bound to: 1'b1 
	Parameter P_S_AXI_SUPPORTS_READ bound to: 1'b1 
	Parameter C_DEBUG bound to: 1 - type: integer 
	Parameter P_RANGE_CHECK bound to: 1 - type: integer 
	Parameter P_ADDR_DECODE bound to: 1 - type: integer 
	Parameter P_M_AXI_ERR_MODE bound to: 64'b0000000000000000000000000000000000000000000000000000000000000000 
	Parameter P_LEN bound to: 8 - type: integer 
	Parameter P_LOCK bound to: 1 - type: integer 
	Parameter P_FAMILY bound to: zynq - type: string 
INFO: [Synth 8-6157] synthesizing module 'axi_crossbar_v2_1_17_crossbar' [c:/Users/hrish/Downloads/ReRAM_Thesis/Project Folder/ReRAM_AXI_Project/ReRAM_AXI_Project.srcs/sources_1/bd/system_bd/ipshared/d293/hdl/axi_crossbar_v2_1_vl_rfs.v:2239]
	Parameter C_FAMILY bound to: zynq - type: string 
	Parameter C_NUM_SLAVE_SLOTS bound to: 1 - type: integer 
	Parameter C_NUM_MASTER_SLOTS bound to: 2 - type: integer 
	Parameter C_NUM_ADDR_RANGES bound to: 1 - type: integer 
	Parameter C_AXI_ID_WIDTH bound to: 12 - type: integer 
	Parameter C_AXI_ADDR_WIDTH bound to: 32 - type: integer 
	Parameter C_AXI_DATA_WIDTH bound to: 32 - type: integer 
	Parameter C_AXI_PROTOCOL bound to: 0 - type: integer 
	Parameter C_M_AXI_BASE_ADDR bound to: 128'b00000000000000000000000000000000010000111100000000000000000000000000000000000000000000000000000001000000000000000000000000000000 
	Parameter C_M_AXI_HIGH_ADDR bound to: 128'b00000000000000000000000000000000010000111100000011111111111111110000000000000000000000000000000001000000000000000001111111111111 
	Parameter C_S_AXI_BASE_ID bound to: 64'b0000000000000000000000000000000000000000000000000000000000000000 
	Parameter C_S_AXI_HIGH_ID bound to: 64'b0000000000000000000000000000000000000000000000000000111111111111 
	Parameter C_S_AXI_THREAD_ID_WIDTH bound to: 12 - type: integer 
	Parameter C_AXI_SUPPORTS_USER_SIGNALS bound to: 0 - type: integer 
	Parameter C_AXI_AWUSER_WIDTH bound to: 1 - type: integer 
	Parameter C_AXI_ARUSER_WIDTH bound to: 1 - type: integer 
	Parameter C_AXI_WUSER_WIDTH bound to: 1 - type: integer 
	Parameter C_AXI_RUSER_WIDTH bound to: 1 - type: integer 
	Parameter C_AXI_BUSER_WIDTH bound to: 1 - type: integer 
	Parameter C_S_AXI_SUPPORTS_WRITE bound to: 1'b1 
	Parameter C_S_AXI_SUPPORTS_READ bound to: 1'b1 
	Parameter C_M_AXI_SUPPORTS_WRITE bound to: 2'b11 
	Parameter C_M_AXI_SUPPORTS_READ bound to: 2'b11 
	Parameter C_M_AXI_WRITE_CONNECTIVITY bound to: 64'b1111111111111111111111111111111111111111111111111111111111111111 
	Parameter C_M_AXI_READ_CONNECTIVITY bound to: 64'b1111111111111111111111111111111111111111111111111111111111111111 
	Parameter C_S_AXI_SINGLE_THREAD bound to: 0 - type: integer 
	Parameter C_S_AXI_WRITE_ACCEPTANCE bound to: 8 - type: integer 
	Parameter C_S_AXI_READ_ACCEPTANCE bound to: 8 - type: integer 
	Parameter C_M_AXI_WRITE_ISSUING bound to: 64'b0000000000000000000000000000100000000000000000000000000000001000 
	Parameter C_M_AXI_READ_ISSUING bound to: 64'b0000000000000000000000000000100000000000000000000000000000001000 
	Parameter C_S_AXI_ARB_PRIORITY bound to: 0 - type: integer 
	Parameter C_M_AXI_SECURE bound to: 64'b0000000000000000000000000000000000000000000000000000000000000000 
	Parameter C_M_AXI_ERR_MODE bound to: 64'b0000000000000000000000000000000000000000000000000000000000000000 
	Parameter C_RANGE_CHECK bound to: 1 - type: integer 
	Parameter C_ADDR_DECODE bound to: 1 - type: integer 
	Parameter C_W_ISSUE_WIDTH bound to: 96'b000000000000000000000000000000000000000000000000000000000000001100000000000000000000000000000011 
	Parameter C_R_ISSUE_WIDTH bound to: 96'b000000000000000000000000000000000000000000000000000000000000001100000000000000000000000000000011 
	Parameter C_W_ACCEPT_WIDTH bound to: 32'b00000000000000000000000000000011 
	Parameter C_R_ACCEPT_WIDTH bound to: 32'b00000000000000000000000000000011 
	Parameter C_DEBUG bound to: 1 - type: integer 
	Parameter P_AXI4 bound to: 0 - type: integer 
	Parameter P_AXI3 bound to: 1 - type: integer 
	Parameter P_AXILITE bound to: 2 - type: integer 
	Parameter P_WRITE bound to: 0 - type: integer 
	Parameter P_READ bound to: 1 - type: integer 
	Parameter P_NUM_MASTER_SLOTS_LOG bound to: 1 - type: integer 
	Parameter P_NUM_SLAVE_SLOTS_LOG bound to: 1 - type: integer 
	Parameter P_AXI_WID_WIDTH bound to: 1 - type: integer 
	Parameter P_ST_AWMESG_WIDTH bound to: 11 - type: integer 
	Parameter P_AA_AWMESG_WIDTH bound to: 75 - type: integer 
	Parameter P_ST_ARMESG_WIDTH bound to: 11 - type: integer 
	Parameter P_AA_ARMESG_WIDTH bound to: 75 - type: integer 
	Parameter P_ST_BMESG_WIDTH bound to: 3 - type: integer 
	Parameter P_ST_RMESG_WIDTH bound to: 35 - type: integer 
	Parameter P_WR_WMESG_WIDTH bound to: 38 - type: integer 
	Parameter P_BYPASS bound to: 0 - type: integer 
	Parameter P_FWD_REV bound to: 1 - type: integer 
	Parameter P_SIMPLE bound to: 7 - type: integer 
	Parameter P_M_AXI_SUPPORTS_READ bound to: 3'b111 
	Parameter P_M_AXI_SUPPORTS_WRITE bound to: 3'b111 
	Parameter P_M_AXI_WRITE_CONNECTIVITY bound to: 96'b111111111111111111111111111111111111111111111111111111111111111111111111111111111111111111111111 
	Parameter P_M_AXI_READ_CONNECTIVITY bound to: 96'b111111111111111111111111111111111111111111111111111111111111111111111111111111111111111111111111 
	Parameter P_S_AXI_WRITE_CONNECTIVITY bound to: 32'b11111111111111111111111111111111 
	Parameter P_S_AXI_READ_CONNECTIVITY bound to: 32'b11111111111111111111111111111111 
	Parameter P_M_AXI_READ_ISSUING bound to: 96'b000000000000000000000000000000010000000000000000000000000000100000000000000000000000000000001000 
	Parameter P_M_AXI_WRITE_ISSUING bound to: 96'b000000000000000000000000000000010000000000000000000000000000100000000000000000000000000000001000 
	Parameter P_DECERR bound to: 2'b11 
INFO: [Synth 8-6157] synthesizing module 'axi_crossbar_v2_1_17_si_transactor' [c:/Users/hrish/Downloads/ReRAM_Thesis/Project Folder/ReRAM_AXI_Project/ReRAM_AXI_Project.srcs/sources_1/bd/system_bd/ipshared/d293/hdl/axi_crossbar_v2_1_vl_rfs.v:3798]
	Parameter C_FAMILY bound to: zynq - type: string 
	Parameter C_SI bound to: 0 - type: integer 
	Parameter C_DIR bound to: 1 - type: integer 
	Parameter C_NUM_ADDR_RANGES bound to: 1 - type: integer 
	Parameter C_NUM_M bound to: 2 - type: integer 
	Parameter C_NUM_M_LOG bound to: 1 - type: integer 
	Parameter C_ACCEPTANCE bound to: 8 - type: integer 
	Parameter C_ACCEPTANCE_LOG bound to: 3 - type: integer 
	Parameter C_ID_WIDTH bound to: 12 - type: integer 
	Parameter C_THREAD_ID_WIDTH bound to: 12 - type: integer 
	Parameter C_ADDR_WIDTH bound to: 32 - type: integer 
	Parameter C_AMESG_WIDTH bound to: 11 - type: integer 
	Parameter C_RMESG_WIDTH bound to: 35 - type: integer 
	Parameter C_BASE_ID bound to: 12'b000000000000 
	Parameter C_HIGH_ID bound to: 12'b111111111111 
	Parameter C_BASE_ADDR bound to: 128'b00000000000000000000000000000000010000111100000000000000000000000000000000000000000000000000000001000000000000000000000000000000 
	Parameter C_HIGH_ADDR bound to: 128'b00000000000000000000000000000000010000111100000011111111111111110000000000000000000000000000000001000000000000000001111111111111 
	Parameter C_SINGLE_THREAD bound to: 0 - type: integer 
	Parameter C_TARGET_QUAL bound to: 2'b11 
	Parameter C_M_AXI_SECURE bound to: 64'b0000000000000000000000000000000000000000000000000000000000000000 
	Parameter C_RANGE_CHECK bound to: 1 - type: integer 
	Parameter C_ADDR_DECODE bound to: 1 - type: integer 
	Parameter C_ERR_MODE bound to: 64'b0000000000000000000000000000000000000000000000000000000000000000 
	Parameter C_DEBUG bound to: 1 - type: integer 
	Parameter P_WRITE bound to: 0 - type: integer 
	Parameter P_READ bound to: 1 - type: integer 
	Parameter P_RMUX_MESG_WIDTH bound to: 48 - type: integer 
	Parameter P_AXILITE_ERRMODE bound to: 1 - type: integer 
	Parameter P_NONSECURE_BIT bound to: 1 - type: integer 
	Parameter P_NUM_M_LOG_M1 bound to: 1 - type: integer 
	Parameter P_M_AXILITE bound to: 2'b00 
	Parameter P_FIXED bound to: 2'b00 
	Parameter P_NUM_M_DE_LOG bound to: 2 - type: integer 
	Parameter P_THREAD_ID_WIDTH_M1 bound to: 12 - type: integer 
	Parameter P_NUM_ID_VAL bound to: 4096 - type: integer 
	Parameter P_NUM_THREADS bound to: 8 - type: integer 
	Parameter P_M_SECURE_MASK bound to: 2'b00 
INFO: [Synth 8-6157] synthesizing module 'axi_crossbar_v2_1_17_addr_decoder' [c:/Users/hrish/Downloads/ReRAM_Thesis/Project Folder/ReRAM_AXI_Project/ReRAM_AXI_Project.srcs/sources_1/bd/system_bd/ipshared/d293/hdl/axi_crossbar_v2_1_vl_rfs.v:794]
	Parameter C_FAMILY bound to: zynq - type: string 
	Parameter C_NUM_TARGETS bound to: 2 - type: integer 
	Parameter C_NUM_TARGETS_LOG bound to: 1 - type: integer 
	Parameter C_NUM_RANGES bound to: 1 - type: integer 
	Parameter C_ADDR_WIDTH bound to: 32 - type: integer 
	Parameter C_TARGET_ENC bound to: 1 - type: integer 
	Parameter C_TARGET_HOT bound to: 1 - type: integer 
	Parameter C_REGION_ENC bound to: 1 - type: integer 
	Parameter C_BASE_ADDR bound to: 128'b00000000000000000000000000000000010000111100000000000000000000000000000000000000000000000000000001000000000000000000000000000000 
	Parameter C_HIGH_ADDR bound to: 128'b00000000000000000000000000000000010000111100000011111111111111110000000000000000000000000000000001000000000000000001111111111111 
	Parameter C_TARGET_QUAL bound to: 3'b011 
	Parameter C_RESOLUTION bound to: 2 - type: integer 
	Parameter C_COMPARATOR_THRESHOLD bound to: 6 - type: integer 
INFO: [Synth 8-6157] synthesizing module 'generic_baseblocks_v2_1_0_comparator_static' [c:/Users/hrish/Downloads/ReRAM_Thesis/Project Folder/ReRAM_AXI_Project/ReRAM_AXI_Project.srcs/sources_1/bd/system_bd/ipshared/b752/hdl/generic_baseblocks_v2_1_vl_rfs.v:2133]
	Parameter C_FAMILY bound to: rtl - type: string 
	Parameter C_VALUE bound to: 30'b010000000000000000000000000000 
	Parameter C_DATA_WIDTH bound to: 30 - type: integer 
	Parameter C_BITS_PER_LUT bound to: 6 - type: integer 
	Parameter C_NUM_LUT bound to: 5 - type: integer 
	Parameter C_FIX_DATA_WIDTH bound to: 30 - type: integer 
INFO: [Synth 8-6157] synthesizing module 'generic_baseblocks_v2_1_0_carry_and' [c:/Users/hrish/Downloads/ReRAM_Thesis/Project Folder/ReRAM_AXI_Project/ReRAM_AXI_Project.srcs/sources_1/bd/system_bd/ipshared/b752/hdl/generic_baseblocks_v2_1_vl_rfs.v:62]
	Parameter C_FAMILY bound to: rtl - type: string 
INFO: [Synth 8-6155] done synthesizing module 'generic_baseblocks_v2_1_0_carry_and' (95#1) [c:/Users/hrish/Downloads/ReRAM_Thesis/Project Folder/ReRAM_AXI_Project/ReRAM_AXI_Project.srcs/sources_1/bd/system_bd/ipshared/b752/hdl/generic_baseblocks_v2_1_vl_rfs.v:62]
INFO: [Synth 8-6155] done synthesizing module 'generic_baseblocks_v2_1_0_comparator_static' (96#1) [c:/Users/hrish/Downloads/ReRAM_Thesis/Project Folder/ReRAM_AXI_Project/ReRAM_AXI_Project.srcs/sources_1/bd/system_bd/ipshared/b752/hdl/generic_baseblocks_v2_1_vl_rfs.v:2133]
INFO: [Synth 8-6157] synthesizing module 'generic_baseblocks_v2_1_0_comparator_static__parameterized0' [c:/Users/hrish/Downloads/ReRAM_Thesis/Project Folder/ReRAM_AXI_Project/ReRAM_AXI_Project.srcs/sources_1/bd/system_bd/ipshared/b752/hdl/generic_baseblocks_v2_1_vl_rfs.v:2133]
	Parameter C_FAMILY bound to: rtl - type: string 
	Parameter C_VALUE bound to: 30'b010000111100000000000000000000 
	Parameter C_DATA_WIDTH bound to: 30 - type: integer 
	Parameter C_BITS_PER_LUT bound to: 6 - type: integer 
	Parameter C_NUM_LUT bound to: 5 - type: integer 
	Parameter C_FIX_DATA_WIDTH bound to: 30 - type: integer 
INFO: [Synth 8-6155] done synthesizing module 'generic_baseblocks_v2_1_0_comparator_static__parameterized0' (96#1) [c:/Users/hrish/Downloads/ReRAM_Thesis/Project Folder/ReRAM_AXI_Project/ReRAM_AXI_Project.srcs/sources_1/bd/system_bd/ipshared/b752/hdl/generic_baseblocks_v2_1_vl_rfs.v:2133]
INFO: [Synth 8-6155] done synthesizing module 'axi_crossbar_v2_1_17_addr_decoder' (97#1) [c:/Users/hrish/Downloads/ReRAM_Thesis/Project Folder/ReRAM_AXI_Project/ReRAM_AXI_Project.srcs/sources_1/bd/system_bd/ipshared/d293/hdl/axi_crossbar_v2_1_vl_rfs.v:794]
INFO: [Synth 8-6157] synthesizing module 'axi_data_fifo_v2_1_15_axic_srl_fifo' [c:/Users/hrish/Downloads/ReRAM_Thesis/Project Folder/ReRAM_AXI_Project/ReRAM_AXI_Project.srcs/sources_1/bd/system_bd/ipshared/d114/hdl/axi_data_fifo_v2_1_vl_rfs.v:698]
	Parameter C_FAMILY bound to: zynq - type: string 
	Parameter C_FIFO_WIDTH bound to: 8 - type: integer 
	Parameter C_MAX_CTRL_FANOUT bound to: 33 - type: integer 
	Parameter C_FIFO_DEPTH_LOG bound to: 4 - type: integer 
	Parameter C_USE_FULL bound to: 0 - type: integer 
	Parameter P_FIFO_DEPTH_LOG bound to: 4 - type: integer 
	Parameter P_EMPTY bound to: 4'b1111 
	Parameter P_ALMOSTEMPTY bound to: 4'b0000 
	Parameter P_ALMOSTFULL_TEMP bound to: 5'b11110 
	Parameter P_ALMOSTFULL bound to: 4'b1110 
	Parameter P_NUM_REPS bound to: 1 - type: integer 
INFO: [Synth 8-6157] synthesizing module 'axi_data_fifo_v2_1_15_ndeep_srl' [c:/Users/hrish/Downloads/ReRAM_Thesis/Project Folder/ReRAM_AXI_Project/ReRAM_AXI_Project.srcs/sources_1/bd/system_bd/ipshared/d114/hdl/axi_data_fifo_v2_1_vl_rfs.v:1135]
	Parameter C_FAMILY bound to: zynq - type: string 
	Parameter C_A_WIDTH bound to: 4 - type: integer 
	Parameter P_SRLASIZE bound to: 5 - type: integer 
	Parameter P_SRLDEPTH bound to: 32 - type: integer 
	Parameter P_NUMSRLS bound to: 1 - type: integer 
	Parameter P_SHIFT_DEPTH bound to: 16 - type: integer 
INFO: [Synth 8-6155] done synthesizing module 'axi_data_fifo_v2_1_15_ndeep_srl' (98#1) [c:/Users/hrish/Downloads/ReRAM_Thesis/Project Folder/ReRAM_AXI_Project/ReRAM_AXI_Project.srcs/sources_1/bd/system_bd/ipshared/d114/hdl/axi_data_fifo_v2_1_vl_rfs.v:1135]
WARNING: [Synth 8-6014] Unused sequential element areset_d1_reg was removed.  [c:/Users/hrish/Downloads/ReRAM_Thesis/Project Folder/ReRAM_AXI_Project/ReRAM_AXI_Project.srcs/sources_1/bd/system_bd/ipshared/d114/hdl/axi_data_fifo_v2_1_vl_rfs.v:750]
WARNING: [Synth 8-6014] Unused sequential element S_READY_i_reg was removed.  [c:/Users/hrish/Downloads/ReRAM_Thesis/Project Folder/ReRAM_AXI_Project/ReRAM_AXI_Project.srcs/sources_1/bd/system_bd/ipshared/d114/hdl/axi_data_fifo_v2_1_vl_rfs.v:789]
INFO: [Synth 8-6155] done synthesizing module 'axi_data_fifo_v2_1_15_axic_srl_fifo' (99#1) [c:/Users/hrish/Downloads/ReRAM_Thesis/Project Folder/ReRAM_AXI_Project/ReRAM_AXI_Project.srcs/sources_1/bd/system_bd/ipshared/d114/hdl/axi_data_fifo_v2_1_vl_rfs.v:698]
INFO: [Synth 8-6157] synthesizing module 'axi_crossbar_v2_1_17_arbiter_resp' [c:/Users/hrish/Downloads/ReRAM_Thesis/Project Folder/ReRAM_AXI_Project/ReRAM_AXI_Project.srcs/sources_1/bd/system_bd/ipshared/d293/hdl/axi_crossbar_v2_1_vl_rfs.v:1025]
	Parameter C_FAMILY bound to: zynq - type: string 
	Parameter C_NUM_S bound to: 3 - type: integer 
	Parameter C_NUM_S_LOG bound to: 2 - type: integer 
	Parameter C_GRANT_ENC bound to: 1 - type: integer 
	Parameter C_GRANT_HOT bound to: 0 - type: integer 
INFO: [Synth 8-6155] done synthesizing module 'axi_crossbar_v2_1_17_arbiter_resp' (100#1) [c:/Users/hrish/Downloads/ReRAM_Thesis/Project Folder/ReRAM_AXI_Project/ReRAM_AXI_Project.srcs/sources_1/bd/system_bd/ipshared/d293/hdl/axi_crossbar_v2_1_vl_rfs.v:1025]
INFO: [Synth 8-6157] synthesizing module 'generic_baseblocks_v2_1_0_mux_enc' [c:/Users/hrish/Downloads/ReRAM_Thesis/Project Folder/ReRAM_AXI_Project/ReRAM_AXI_Project.srcs/sources_1/bd/system_bd/ipshared/b752/hdl/generic_baseblocks_v2_1_vl_rfs.v:2452]
	Parameter C_FAMILY bound to: zynq - type: string 
	Parameter C_RATIO bound to: 3 - type: integer 
	Parameter C_SEL_WIDTH bound to: 2 - type: integer 
	Parameter C_DATA_WIDTH bound to: 48 - type: integer 
INFO: [Synth 8-6155] done synthesizing module 'generic_baseblocks_v2_1_0_mux_enc' (101#1) [c:/Users/hrish/Downloads/ReRAM_Thesis/Project Folder/ReRAM_AXI_Project/ReRAM_AXI_Project.srcs/sources_1/bd/system_bd/ipshared/b752/hdl/generic_baseblocks_v2_1_vl_rfs.v:2452]
WARNING: [Synth 8-6014] Unused sequential element gen_multi_thread.debug_r_beat_cnt_i_reg was removed.  [c:/Users/hrish/Downloads/ReRAM_Thesis/Project Folder/ReRAM_AXI_Project/ReRAM_AXI_Project.srcs/sources_1/bd/system_bd/ipshared/d293/hdl/axi_crossbar_v2_1_vl_rfs.v:4344]
WARNING: [Synth 8-6014] Unused sequential element gen_multi_thread.debug_r_beat_cnt_i_reg was removed.  [c:/Users/hrish/Downloads/ReRAM_Thesis/Project Folder/ReRAM_AXI_Project/ReRAM_AXI_Project.srcs/sources_1/bd/system_bd/ipshared/d293/hdl/axi_crossbar_v2_1_vl_rfs.v:4344]
WARNING: [Synth 8-6014] Unused sequential element gen_multi_thread.debug_r_beat_cnt_i_reg was removed.  [c:/Users/hrish/Downloads/ReRAM_Thesis/Project Folder/ReRAM_AXI_Project/ReRAM_AXI_Project.srcs/sources_1/bd/system_bd/ipshared/d293/hdl/axi_crossbar_v2_1_vl_rfs.v:4344]
WARNING: [Synth 8-6014] Unused sequential element gen_multi_thread.debug_r_beat_cnt_i_reg was removed.  [c:/Users/hrish/Downloads/ReRAM_Thesis/Project Folder/ReRAM_AXI_Project/ReRAM_AXI_Project.srcs/sources_1/bd/system_bd/ipshared/d293/hdl/axi_crossbar_v2_1_vl_rfs.v:4344]
WARNING: [Synth 8-6014] Unused sequential element gen_multi_thread.debug_r_beat_cnt_i_reg was removed.  [c:/Users/hrish/Downloads/ReRAM_Thesis/Project Folder/ReRAM_AXI_Project/ReRAM_AXI_Project.srcs/sources_1/bd/system_bd/ipshared/d293/hdl/axi_crossbar_v2_1_vl_rfs.v:4344]
WARNING: [Synth 8-6014] Unused sequential element gen_multi_thread.debug_r_beat_cnt_i_reg was removed.  [c:/Users/hrish/Downloads/ReRAM_Thesis/Project Folder/ReRAM_AXI_Project/ReRAM_AXI_Project.srcs/sources_1/bd/system_bd/ipshared/d293/hdl/axi_crossbar_v2_1_vl_rfs.v:4344]
WARNING: [Synth 8-6014] Unused sequential element gen_multi_thread.debug_r_beat_cnt_i_reg was removed.  [c:/Users/hrish/Downloads/ReRAM_Thesis/Project Folder/ReRAM_AXI_Project/ReRAM_AXI_Project.srcs/sources_1/bd/system_bd/ipshared/d293/hdl/axi_crossbar_v2_1_vl_rfs.v:4344]
WARNING: [Synth 8-6014] Unused sequential element gen_multi_thread.debug_r_beat_cnt_i_reg was removed.  [c:/Users/hrish/Downloads/ReRAM_Thesis/Project Folder/ReRAM_AXI_Project/ReRAM_AXI_Project.srcs/sources_1/bd/system_bd/ipshared/d293/hdl/axi_crossbar_v2_1_vl_rfs.v:4344]
INFO: [Synth 8-6155] done synthesizing module 'axi_crossbar_v2_1_17_si_transactor' (102#1) [c:/Users/hrish/Downloads/ReRAM_Thesis/Project Folder/ReRAM_AXI_Project/ReRAM_AXI_Project.srcs/sources_1/bd/system_bd/ipshared/d293/hdl/axi_crossbar_v2_1_vl_rfs.v:3798]
INFO: [Synth 8-6157] synthesizing module 'axi_crossbar_v2_1_17_si_transactor__parameterized0' [c:/Users/hrish/Downloads/ReRAM_Thesis/Project Folder/ReRAM_AXI_Project/ReRAM_AXI_Project.srcs/sources_1/bd/system_bd/ipshared/d293/hdl/axi_crossbar_v2_1_vl_rfs.v:3798]
	Parameter C_FAMILY bound to: zynq - type: string 
	Parameter C_SI bound to: 0 - type: integer 
	Parameter C_DIR bound to: 0 - type: integer 
	Parameter C_NUM_ADDR_RANGES bound to: 1 - type: integer 
	Parameter C_NUM_M bound to: 2 - type: integer 
	Parameter C_NUM_M_LOG bound to: 1 - type: integer 
	Parameter C_ACCEPTANCE bound to: 8 - type: integer 
	Parameter C_ACCEPTANCE_LOG bound to: 3 - type: integer 
	Parameter C_ID_WIDTH bound to: 12 - type: integer 
	Parameter C_THREAD_ID_WIDTH bound to: 12 - type: integer 
	Parameter C_ADDR_WIDTH bound to: 32 - type: integer 
	Parameter C_AMESG_WIDTH bound to: 11 - type: integer 
	Parameter C_RMESG_WIDTH bound to: 3 - type: integer 
	Parameter C_BASE_ID bound to: 12'b000000000000 
	Parameter C_HIGH_ID bound to: 12'b111111111111 
	Parameter C_BASE_ADDR bound to: 128'b00000000000000000000000000000000010000111100000000000000000000000000000000000000000000000000000001000000000000000000000000000000 
	Parameter C_HIGH_ADDR bound to: 128'b00000000000000000000000000000000010000111100000011111111111111110000000000000000000000000000000001000000000000000001111111111111 
	Parameter C_SINGLE_THREAD bound to: 0 - type: integer 
	Parameter C_TARGET_QUAL bound to: 2'b11 
	Parameter C_M_AXI_SECURE bound to: 64'b0000000000000000000000000000000000000000000000000000000000000000 
	Parameter C_RANGE_CHECK bound to: 1 - type: integer 
	Parameter C_ADDR_DECODE bound to: 1 - type: integer 
	Parameter C_ERR_MODE bound to: 64'b0000000000000000000000000000000000000000000000000000000000000000 
	Parameter C_DEBUG bound to: 1 - type: integer 
	Parameter P_WRITE bound to: 0 - type: integer 
	Parameter P_READ bound to: 1 - type: integer 
	Parameter P_RMUX_MESG_WIDTH bound to: 16 - type: integer 
	Parameter P_AXILITE_ERRMODE bound to: 1 - type: integer 
	Parameter P_NONSECURE_BIT bound to: 1 - type: integer 
	Parameter P_NUM_M_LOG_M1 bound to: 1 - type: integer 
	Parameter P_M_AXILITE bound to: 2'b00 
	Parameter P_FIXED bound to: 2'b00 
	Parameter P_NUM_M_DE_LOG bound to: 2 - type: integer 
	Parameter P_THREAD_ID_WIDTH_M1 bound to: 12 - type: integer 
	Parameter P_NUM_ID_VAL bound to: 4096 - type: integer 
	Parameter P_NUM_THREADS bound to: 8 - type: integer 
	Parameter P_M_SECURE_MASK bound to: 2'b00 
INFO: [Synth 8-6157] synthesizing module 'generic_baseblocks_v2_1_0_mux_enc__parameterized0' [c:/Users/hrish/Downloads/ReRAM_Thesis/Project Folder/ReRAM_AXI_Project/ReRAM_AXI_Project.srcs/sources_1/bd/system_bd/ipshared/b752/hdl/generic_baseblocks_v2_1_vl_rfs.v:2452]
	Parameter C_FAMILY bound to: zynq - type: string 
	Parameter C_RATIO bound to: 3 - type: integer 
	Parameter C_SEL_WIDTH bound to: 2 - type: integer 
	Parameter C_DATA_WIDTH bound to: 16 - type: integer 
INFO: [Synth 8-6155] done synthesizing module 'generic_baseblocks_v2_1_0_mux_enc__parameterized0' (102#1) [c:/Users/hrish/Downloads/ReRAM_Thesis/Project Folder/ReRAM_AXI_Project/ReRAM_AXI_Project.srcs/sources_1/bd/system_bd/ipshared/b752/hdl/generic_baseblocks_v2_1_vl_rfs.v:2452]
WARNING: [Synth 8-6014] Unused sequential element gen_multi_thread.debug_r_beat_cnt_i_reg was removed.  [c:/Users/hrish/Downloads/ReRAM_Thesis/Project Folder/ReRAM_AXI_Project/ReRAM_AXI_Project.srcs/sources_1/bd/system_bd/ipshared/d293/hdl/axi_crossbar_v2_1_vl_rfs.v:4344]
WARNING: [Synth 8-6014] Unused sequential element gen_multi_thread.debug_r_beat_cnt_i_reg was removed.  [c:/Users/hrish/Downloads/ReRAM_Thesis/Project Folder/ReRAM_AXI_Project/ReRAM_AXI_Project.srcs/sources_1/bd/system_bd/ipshared/d293/hdl/axi_crossbar_v2_1_vl_rfs.v:4344]
WARNING: [Synth 8-6014] Unused sequential element gen_multi_thread.debug_r_beat_cnt_i_reg was removed.  [c:/Users/hrish/Downloads/ReRAM_Thesis/Project Folder/ReRAM_AXI_Project/ReRAM_AXI_Project.srcs/sources_1/bd/system_bd/ipshared/d293/hdl/axi_crossbar_v2_1_vl_rfs.v:4344]
WARNING: [Synth 8-6014] Unused sequential element gen_multi_thread.debug_r_beat_cnt_i_reg was removed.  [c:/Users/hrish/Downloads/ReRAM_Thesis/Project Folder/ReRAM_AXI_Project/ReRAM_AXI_Project.srcs/sources_1/bd/system_bd/ipshared/d293/hdl/axi_crossbar_v2_1_vl_rfs.v:4344]
WARNING: [Synth 8-6014] Unused sequential element gen_multi_thread.debug_r_beat_cnt_i_reg was removed.  [c:/Users/hrish/Downloads/ReRAM_Thesis/Project Folder/ReRAM_AXI_Project/ReRAM_AXI_Project.srcs/sources_1/bd/system_bd/ipshared/d293/hdl/axi_crossbar_v2_1_vl_rfs.v:4344]
WARNING: [Synth 8-6014] Unused sequential element gen_multi_thread.debug_r_beat_cnt_i_reg was removed.  [c:/Users/hrish/Downloads/ReRAM_Thesis/Project Folder/ReRAM_AXI_Project/ReRAM_AXI_Project.srcs/sources_1/bd/system_bd/ipshared/d293/hdl/axi_crossbar_v2_1_vl_rfs.v:4344]
WARNING: [Synth 8-6014] Unused sequential element gen_multi_thread.debug_r_beat_cnt_i_reg was removed.  [c:/Users/hrish/Downloads/ReRAM_Thesis/Project Folder/ReRAM_AXI_Project/ReRAM_AXI_Project.srcs/sources_1/bd/system_bd/ipshared/d293/hdl/axi_crossbar_v2_1_vl_rfs.v:4344]
WARNING: [Synth 8-6014] Unused sequential element gen_multi_thread.debug_r_beat_cnt_i_reg was removed.  [c:/Users/hrish/Downloads/ReRAM_Thesis/Project Folder/ReRAM_AXI_Project/ReRAM_AXI_Project.srcs/sources_1/bd/system_bd/ipshared/d293/hdl/axi_crossbar_v2_1_vl_rfs.v:4344]
INFO: [Synth 8-6155] done synthesizing module 'axi_crossbar_v2_1_17_si_transactor__parameterized0' (102#1) [c:/Users/hrish/Downloads/ReRAM_Thesis/Project Folder/ReRAM_AXI_Project/ReRAM_AXI_Project.srcs/sources_1/bd/system_bd/ipshared/d293/hdl/axi_crossbar_v2_1_vl_rfs.v:3798]
INFO: [Synth 8-6157] synthesizing module 'axi_crossbar_v2_1_17_splitter' [c:/Users/hrish/Downloads/ReRAM_Thesis/Project Folder/ReRAM_AXI_Project/ReRAM_AXI_Project.srcs/sources_1/bd/system_bd/ipshared/d293/hdl/axi_crossbar_v2_1_vl_rfs.v:4459]
	Parameter C_NUM_M bound to: 2 - type: integer 
INFO: [Synth 8-6155] done synthesizing module 'axi_crossbar_v2_1_17_splitter' (103#1) [c:/Users/hrish/Downloads/ReRAM_Thesis/Project Folder/ReRAM_AXI_Project/ReRAM_AXI_Project.srcs/sources_1/bd/system_bd/ipshared/d293/hdl/axi_crossbar_v2_1_vl_rfs.v:4459]
INFO: [Synth 8-6157] synthesizing module 'axi_crossbar_v2_1_17_wdata_router' [c:/Users/hrish/Downloads/ReRAM_Thesis/Project Folder/ReRAM_AXI_Project/ReRAM_AXI_Project.srcs/sources_1/bd/system_bd/ipshared/d293/hdl/axi_crossbar_v2_1_vl_rfs.v:4734]
	Parameter C_FAMILY bound to: zynq - type: string 
	Parameter C_WMESG_WIDTH bound to: 38 - type: integer 
	Parameter C_NUM_MASTER_SLOTS bound to: 3 - type: integer 
	Parameter C_SELECT_WIDTH bound to: 2 - type: integer 
	Parameter C_FIFO_DEPTH_LOG bound to: 3 - type: integer 
	Parameter P_FIFO_DEPTH_LOG bound to: 3 - type: integer 
INFO: [Synth 8-6157] synthesizing module 'axi_data_fifo_v2_1_15_axic_reg_srl_fifo' [c:/Users/hrish/Downloads/ReRAM_Thesis/Project Folder/ReRAM_AXI_Project/ReRAM_AXI_Project.srcs/sources_1/bd/system_bd/ipshared/d114/hdl/axi_data_fifo_v2_1_vl_rfs.v:889]
	Parameter C_FAMILY bound to: zynq - type: string 
	Parameter C_FIFO_WIDTH bound to: 2 - type: integer 
	Parameter C_MAX_CTRL_FANOUT bound to: 33 - type: integer 
	Parameter C_FIFO_DEPTH_LOG bound to: 3 - type: integer 
	Parameter C_USE_FULL bound to: 1 - type: integer 
	Parameter P_FIFO_DEPTH_LOG bound to: 3 - type: integer 
	Parameter P_EMPTY bound to: 3'b111 
	Parameter P_ALMOSTEMPTY bound to: 3'b000 
	Parameter P_ALMOSTFULL_TEMP bound to: 4'b1110 
	Parameter P_ALMOSTFULL bound to: 3'b110 
	Parameter P_NUM_REPS bound to: 1 - type: integer 
	Parameter ZERO bound to: 2'b10 
	Parameter ONE bound to: 2'b11 
	Parameter TWO bound to: 2'b01 
INFO: [Synth 8-6157] synthesizing module 'axi_data_fifo_v2_1_15_ndeep_srl__parameterized0' [c:/Users/hrish/Downloads/ReRAM_Thesis/Project Folder/ReRAM_AXI_Project/ReRAM_AXI_Project.srcs/sources_1/bd/system_bd/ipshared/d114/hdl/axi_data_fifo_v2_1_vl_rfs.v:1135]
	Parameter C_FAMILY bound to: zynq - type: string 
	Parameter C_A_WIDTH bound to: 3 - type: integer 
	Parameter P_SRLASIZE bound to: 5 - type: integer 
	Parameter P_SRLDEPTH bound to: 32 - type: integer 
	Parameter P_NUMSRLS bound to: 1 - type: integer 
	Parameter P_SHIFT_DEPTH bound to: 8 - type: integer 
INFO: [Synth 8-6155] done synthesizing module 'axi_data_fifo_v2_1_15_ndeep_srl__parameterized0' (103#1) [c:/Users/hrish/Downloads/ReRAM_Thesis/Project Folder/ReRAM_AXI_Project/ReRAM_AXI_Project.srcs/sources_1/bd/system_bd/ipshared/d114/hdl/axi_data_fifo_v2_1_vl_rfs.v:1135]
INFO: [Synth 8-155] case statement is not full and has no default [c:/Users/hrish/Downloads/ReRAM_Thesis/Project Folder/ReRAM_AXI_Project/ReRAM_AXI_Project.srcs/sources_1/bd/system_bd/ipshared/d114/hdl/axi_data_fifo_v2_1_vl_rfs.v:986]
INFO: [Synth 8-6155] done synthesizing module 'axi_data_fifo_v2_1_15_axic_reg_srl_fifo' (104#1) [c:/Users/hrish/Downloads/ReRAM_Thesis/Project Folder/ReRAM_AXI_Project/ReRAM_AXI_Project.srcs/sources_1/bd/system_bd/ipshared/d114/hdl/axi_data_fifo_v2_1_vl_rfs.v:889]
INFO: [Synth 8-6155] done synthesizing module 'axi_crossbar_v2_1_17_wdata_router' (105#1) [c:/Users/hrish/Downloads/ReRAM_Thesis/Project Folder/ReRAM_AXI_Project/ReRAM_AXI_Project.srcs/sources_1/bd/system_bd/ipshared/d293/hdl/axi_crossbar_v2_1_vl_rfs.v:4734]
INFO: [Synth 8-6157] synthesizing module 'axi_data_fifo_v2_1_15_axic_srl_fifo__parameterized0' [c:/Users/hrish/Downloads/ReRAM_Thesis/Project Folder/ReRAM_AXI_Project/ReRAM_AXI_Project.srcs/sources_1/bd/system_bd/ipshared/d114/hdl/axi_data_fifo_v2_1_vl_rfs.v:698]
	Parameter C_FAMILY bound to: zynq - type: string 
	Parameter C_FIFO_WIDTH bound to: 8 - type: integer 
	Parameter C_MAX_CTRL_FANOUT bound to: 33 - type: integer 
	Parameter C_FIFO_DEPTH_LOG bound to: 3 - type: integer 
	Parameter C_USE_FULL bound to: 0 - type: integer 
	Parameter P_FIFO_DEPTH_LOG bound to: 3 - type: integer 
	Parameter P_EMPTY bound to: 3'b111 
	Parameter P_ALMOSTEMPTY bound to: 3'b000 
	Parameter P_ALMOSTFULL_TEMP bound to: 4'b1110 
	Parameter P_ALMOSTFULL bound to: 3'b110 
	Parameter P_NUM_REPS bound to: 1 - type: integer 
WARNING: [Synth 8-6014] Unused sequential element areset_d1_reg was removed.  [c:/Users/hrish/Downloads/ReRAM_Thesis/Project Folder/ReRAM_AXI_Project/ReRAM_AXI_Project.srcs/sources_1/bd/system_bd/ipshared/d114/hdl/axi_data_fifo_v2_1_vl_rfs.v:750]
WARNING: [Synth 8-6014] Unused sequential element S_READY_i_reg was removed.  [c:/Users/hrish/Downloads/ReRAM_Thesis/Project Folder/ReRAM_AXI_Project/ReRAM_AXI_Project.srcs/sources_1/bd/system_bd/ipshared/d114/hdl/axi_data_fifo_v2_1_vl_rfs.v:789]
INFO: [Synth 8-6155] done synthesizing module 'axi_data_fifo_v2_1_15_axic_srl_fifo__parameterized0' (105#1) [c:/Users/hrish/Downloads/ReRAM_Thesis/Project Folder/ReRAM_AXI_Project/ReRAM_AXI_Project.srcs/sources_1/bd/system_bd/ipshared/d114/hdl/axi_data_fifo_v2_1_vl_rfs.v:698]
INFO: [Synth 8-6157] synthesizing module 'axi_crossbar_v2_1_17_wdata_mux' [c:/Users/hrish/Downloads/ReRAM_Thesis/Project Folder/ReRAM_AXI_Project/ReRAM_AXI_Project.srcs/sources_1/bd/system_bd/ipshared/d293/hdl/axi_crossbar_v2_1_vl_rfs.v:4559]
	Parameter C_FAMILY bound to: zynq - type: string 
	Parameter C_WMESG_WIDTH bound to: 38 - type: integer 
	Parameter C_NUM_SLAVE_SLOTS bound to: 1 - type: integer 
	Parameter C_SELECT_WIDTH bound to: 1 - type: integer 
	Parameter C_FIFO_DEPTH_LOG bound to: 3 - type: integer 
	Parameter P_FIFO_DEPTH_LOG bound to: 3 - type: integer 
INFO: [Synth 8-6155] done synthesizing module 'axi_crossbar_v2_1_17_wdata_mux' (106#1) [c:/Users/hrish/Downloads/ReRAM_Thesis/Project Folder/ReRAM_AXI_Project/ReRAM_AXI_Project.srcs/sources_1/bd/system_bd/ipshared/d293/hdl/axi_crossbar_v2_1_vl_rfs.v:4559]
INFO: [Synth 8-6157] synthesizing module 'axi_register_slice_v2_1_16_axi_register_slice__parameterized1' [c:/Users/hrish/Downloads/ReRAM_Thesis/Project Folder/ReRAM_AXI_Project/ReRAM_AXI_Project.srcs/sources_1/bd/system_bd/ipshared/0cde/hdl/axi_register_slice_v2_1_vl_rfs.v:2413]
	Parameter C_FAMILY bound to: zynq - type: string 
	Parameter C_AXI_PROTOCOL bound to: 0 - type: integer 
	Parameter C_AXI_ID_WIDTH bound to: 12 - type: integer 
	Parameter C_AXI_ADDR_WIDTH bound to: 1 - type: integer 
	Parameter C_AXI_DATA_WIDTH bound to: 32 - type: integer 
	Parameter C_AXI_SUPPORTS_USER_SIGNALS bound to: 0 - type: integer 
	Parameter C_AXI_AWUSER_WIDTH bound to: 1 - type: integer 
	Parameter C_AXI_ARUSER_WIDTH bound to: 1 - type: integer 
	Parameter C_AXI_WUSER_WIDTH bound to: 1 - type: integer 
	Parameter C_AXI_RUSER_WIDTH bound to: 1 - type: integer 
	Parameter C_AXI_BUSER_WIDTH bound to: 1 - type: integer 
	Parameter C_REG_CONFIG_AW bound to: 0 - type: integer 
	Parameter C_REG_CONFIG_W bound to: 0 - type: integer 
	Parameter C_REG_CONFIG_B bound to: 7 - type: integer 
	Parameter C_REG_CONFIG_AR bound to: 0 - type: integer 
	Parameter C_REG_CONFIG_R bound to: 1 - type: integer 
	Parameter C_NUM_SLR_CROSSINGS bound to: 0 - type: integer 
	Parameter C_PIPELINES_MASTER_AW bound to: 0 - type: integer 
	Parameter C_PIPELINES_MASTER_W bound to: 0 - type: integer 
	Parameter C_PIPELINES_MASTER_B bound to: 0 - type: integer 
	Parameter C_PIPELINES_MASTER_AR bound to: 0 - type: integer 
	Parameter C_PIPELINES_MASTER_R bound to: 0 - type: integer 
	Parameter C_PIPELINES_SLAVE_AW bound to: 0 - type: integer 
	Parameter C_PIPELINES_SLAVE_W bound to: 0 - type: integer 
	Parameter C_PIPELINES_SLAVE_B bound to: 0 - type: integer 
	Parameter C_PIPELINES_SLAVE_AR bound to: 0 - type: integer 
	Parameter C_PIPELINES_SLAVE_R bound to: 0 - type: integer 
	Parameter C_PIPELINES_MIDDLE_AW bound to: 0 - type: integer 
	Parameter C_PIPELINES_MIDDLE_W bound to: 0 - type: integer 
	Parameter C_PIPELINES_MIDDLE_B bound to: 0 - type: integer 
	Parameter C_PIPELINES_MIDDLE_AR bound to: 0 - type: integer 
	Parameter C_PIPELINES_MIDDLE_R bound to: 0 - type: integer 
	Parameter C_AXI_SUPPORTS_REGION_SIGNALS bound to: 1 - type: integer 
	Parameter P_FORWARD bound to: 0 - type: integer 
	Parameter P_RESPONSE bound to: 1 - type: integer 
	Parameter G_AXI_AWADDR_INDEX bound to: 0 - type: integer 
	Parameter G_AXI_AWADDR_WIDTH bound to: 1 - type: integer 
	Parameter G_AXI_AWPROT_INDEX bound to: 1 - type: integer 
	Parameter G_AXI_AWPROT_WIDTH bound to: 3 - type: integer 
	Parameter G_AXI_AWSIZE_INDEX bound to: 4 - type: integer 
	Parameter G_AXI_AWSIZE_WIDTH bound to: 3 - type: integer 
	Parameter G_AXI_AWBURST_INDEX bound to: 7 - type: integer 
	Parameter G_AXI_AWBURST_WIDTH bound to: 2 - type: integer 
	Parameter G_AXI_AWCACHE_INDEX bound to: 9 - type: integer 
	Parameter G_AXI_AWCACHE_WIDTH bound to: 4 - type: integer 
	Parameter G_AXI_AWLEN_INDEX bound to: 13 - type: integer 
	Parameter G_AXI_AWLEN_WIDTH bound to: 8 - type: integer 
	Parameter G_AXI_AWLOCK_INDEX bound to: 21 - type: integer 
	Parameter G_AXI_AWLOCK_WIDTH bound to: 1 - type: integer 
	Parameter G_AXI_AWID_INDEX bound to: 22 - type: integer 
	Parameter G_AXI_AWID_WIDTH bound to: 12 - type: integer 
	Parameter G_AXI_AWQOS_INDEX bound to: 34 - type: integer 
	Parameter G_AXI_AWQOS_WIDTH bound to: 4 - type: integer 
	Parameter G_AXI_AWREGION_INDEX bound to: 38 - type: integer 
	Parameter G_AXI_AWREGION_WIDTH bound to: 4 - type: integer 
	Parameter G_AXI_AWUSER_INDEX bound to: 42 - type: integer 
	Parameter G_AXI_AWUSER_WIDTH bound to: 0 - type: integer 
	Parameter G_AXI_AWPAYLOAD_WIDTH bound to: 42 - type: integer 
	Parameter G_AXI_ARADDR_INDEX bound to: 0 - type: integer 
	Parameter G_AXI_ARADDR_WIDTH bound to: 1 - type: integer 
	Parameter G_AXI_ARPROT_INDEX bound to: 1 - type: integer 
	Parameter G_AXI_ARPROT_WIDTH bound to: 3 - type: integer 
	Parameter G_AXI_ARSIZE_INDEX bound to: 4 - type: integer 
	Parameter G_AXI_ARSIZE_WIDTH bound to: 3 - type: integer 
	Parameter G_AXI_ARBURST_INDEX bound to: 7 - type: integer 
	Parameter G_AXI_ARBURST_WIDTH bound to: 2 - type: integer 
	Parameter G_AXI_ARCACHE_INDEX bound to: 9 - type: integer 
	Parameter G_AXI_ARCACHE_WIDTH bound to: 4 - type: integer 
	Parameter G_AXI_ARLEN_INDEX bound to: 13 - type: integer 
	Parameter G_AXI_ARLEN_WIDTH bound to: 8 - type: integer 
	Parameter G_AXI_ARLOCK_INDEX bound to: 21 - type: integer 
	Parameter G_AXI_ARLOCK_WIDTH bound to: 1 - type: integer 
	Parameter G_AXI_ARID_INDEX bound to: 22 - type: integer 
	Parameter G_AXI_ARID_WIDTH bound to: 12 - type: integer 
	Parameter G_AXI_ARQOS_INDEX bound to: 34 - type: integer 
	Parameter G_AXI_ARQOS_WIDTH bound to: 4 - type: integer 
	Parameter G_AXI_ARREGION_INDEX bound to: 38 - type: integer 
	Parameter G_AXI_ARREGION_WIDTH bound to: 4 - type: integer 
	Parameter G_AXI_ARUSER_INDEX bound to: 42 - type: integer 
	Parameter G_AXI_ARUSER_WIDTH bound to: 0 - type: integer 
	Parameter G_AXI_ARPAYLOAD_WIDTH bound to: 42 - type: integer 
	Parameter G_AXI_WDATA_INDEX bound to: 0 - type: integer 
	Parameter G_AXI_WDATA_WIDTH bound to: 32 - type: integer 
	Parameter G_AXI_WSTRB_INDEX bound to: 32 - type: integer 
	Parameter G_AXI_WSTRB_WIDTH bound to: 4 - type: integer 
	Parameter G_AXI_WLAST_INDEX bound to: 36 - type: integer 
	Parameter G_AXI_WLAST_WIDTH bound to: 1 - type: integer 
	Parameter G_AXI_WID_INDEX bound to: 37 - type: integer 
	Parameter G_AXI_WID_WIDTH bound to: 0 - type: integer 
	Parameter G_AXI_WUSER_INDEX bound to: 37 - type: integer 
	Parameter G_AXI_WUSER_WIDTH bound to: 0 - type: integer 
	Parameter G_AXI_WPAYLOAD_WIDTH bound to: 37 - type: integer 
	Parameter G_AXI_BRESP_INDEX bound to: 0 - type: integer 
	Parameter G_AXI_BRESP_WIDTH bound to: 2 - type: integer 
	Parameter G_AXI_BID_INDEX bound to: 2 - type: integer 
	Parameter G_AXI_BID_WIDTH bound to: 12 - type: integer 
	Parameter G_AXI_BUSER_INDEX bound to: 14 - type: integer 
	Parameter G_AXI_BUSER_WIDTH bound to: 0 - type: integer 
	Parameter G_AXI_BPAYLOAD_WIDTH bound to: 14 - type: integer 
	Parameter G_AXI_RDATA_INDEX bound to: 0 - type: integer 
	Parameter G_AXI_RDATA_WIDTH bound to: 32 - type: integer 
	Parameter G_AXI_RRESP_INDEX bound to: 32 - type: integer 
	Parameter G_AXI_RRESP_WIDTH bound to: 2 - type: integer 
	Parameter G_AXI_RLAST_INDEX bound to: 34 - type: integer 
	Parameter G_AXI_RLAST_WIDTH bound to: 1 - type: integer 
	Parameter G_AXI_RID_INDEX bound to: 35 - type: integer 
	Parameter G_AXI_RID_WIDTH bound to: 12 - type: integer 
	Parameter G_AXI_RUSER_INDEX bound to: 47 - type: integer 
	Parameter G_AXI_RUSER_WIDTH bound to: 0 - type: integer 
	Parameter G_AXI_RPAYLOAD_WIDTH bound to: 47 - type: integer 
INFO: [Synth 8-6157] synthesizing module 'axi_register_slice_v2_1_16_axic_register_slice__parameterized7' [c:/Users/hrish/Downloads/ReRAM_Thesis/Project Folder/ReRAM_AXI_Project/ReRAM_AXI_Project.srcs/sources_1/bd/system_bd/ipshared/0cde/hdl/axi_register_slice_v2_1_vl_rfs.v:189]
	Parameter C_FAMILY bound to: zynq - type: string 
	Parameter C_DATA_WIDTH bound to: 42 - type: integer 
	Parameter C_REG_CONFIG bound to: 0 - type: integer 
INFO: [Synth 8-6155] done synthesizing module 'axi_register_slice_v2_1_16_axic_register_slice__parameterized7' (106#1) [c:/Users/hrish/Downloads/ReRAM_Thesis/Project Folder/ReRAM_AXI_Project/ReRAM_AXI_Project.srcs/sources_1/bd/system_bd/ipshared/0cde/hdl/axi_register_slice_v2_1_vl_rfs.v:189]
INFO: [Synth 8-6157] synthesizing module 'axi_register_slice_v2_1_16_axic_register_slice__parameterized8' [c:/Users/hrish/Downloads/ReRAM_Thesis/Project Folder/ReRAM_AXI_Project/ReRAM_AXI_Project.srcs/sources_1/bd/system_bd/ipshared/0cde/hdl/axi_register_slice_v2_1_vl_rfs.v:189]
	Parameter C_FAMILY bound to: zynq - type: string 
	Parameter C_DATA_WIDTH bound to: 37 - type: integer 
	Parameter C_REG_CONFIG bound to: 0 - type: integer 
INFO: [Synth 8-6155] done synthesizing module 'axi_register_slice_v2_1_16_axic_register_slice__parameterized8' (106#1) [c:/Users/hrish/Downloads/ReRAM_Thesis/Project Folder/ReRAM_AXI_Project/ReRAM_AXI_Project.srcs/sources_1/bd/system_bd/ipshared/0cde/hdl/axi_register_slice_v2_1_vl_rfs.v:189]
INFO: [Synth 8-6157] synthesizing module 'axi_register_slice_v2_1_16_axic_register_slice__parameterized9' [c:/Users/hrish/Downloads/ReRAM_Thesis/Project Folder/ReRAM_AXI_Project/ReRAM_AXI_Project.srcs/sources_1/bd/system_bd/ipshared/0cde/hdl/axi_register_slice_v2_1_vl_rfs.v:189]
	Parameter C_FAMILY bound to: zynq - type: string 
	Parameter C_DATA_WIDTH bound to: 14 - type: integer 
	Parameter C_REG_CONFIG bound to: 7 - type: integer 
INFO: [Synth 8-6155] done synthesizing module 'axi_register_slice_v2_1_16_axic_register_slice__parameterized9' (106#1) [c:/Users/hrish/Downloads/ReRAM_Thesis/Project Folder/ReRAM_AXI_Project/ReRAM_AXI_Project.srcs/sources_1/bd/system_bd/ipshared/0cde/hdl/axi_register_slice_v2_1_vl_rfs.v:189]
INFO: [Synth 8-6157] synthesizing module 'axi_register_slice_v2_1_16_axic_register_slice__parameterized10' [c:/Users/hrish/Downloads/ReRAM_Thesis/Project Folder/ReRAM_AXI_Project/ReRAM_AXI_Project.srcs/sources_1/bd/system_bd/ipshared/0cde/hdl/axi_register_slice_v2_1_vl_rfs.v:189]
	Parameter C_FAMILY bound to: zynq - type: string 
	Parameter C_DATA_WIDTH bound to: 47 - type: integer 
	Parameter C_REG_CONFIG bound to: 1 - type: integer 
INFO: [Synth 8-6155] done synthesizing module 'axi_register_slice_v2_1_16_axic_register_slice__parameterized10' (106#1) [c:/Users/hrish/Downloads/ReRAM_Thesis/Project Folder/ReRAM_AXI_Project/ReRAM_AXI_Project.srcs/sources_1/bd/system_bd/ipshared/0cde/hdl/axi_register_slice_v2_1_vl_rfs.v:189]
INFO: [Synth 8-6157] synthesizing module 'axi_infrastructure_v1_1_0_axi2vector__parameterized1' [c:/Users/hrish/Downloads/ReRAM_Thesis/Project Folder/ReRAM_AXI_Project/ReRAM_AXI_Project.srcs/sources_1/bd/system_bd/ipshared/ec67/hdl/axi_infrastructure_v1_1_vl_rfs.v:60]
	Parameter C_AXI_PROTOCOL bound to: 0 - type: integer 
	Parameter C_AXI_ID_WIDTH bound to: 12 - type: integer 
	Parameter C_AXI_ADDR_WIDTH bound to: 1 - type: integer 
	Parameter C_AXI_DATA_WIDTH bound to: 32 - type: integer 
	Parameter C_AXI_SUPPORTS_USER_SIGNALS bound to: 0 - type: integer 
	Parameter C_AXI_SUPPORTS_REGION_SIGNALS bound to: 1 - type: integer 
	Parameter C_AXI_AWUSER_WIDTH bound to: 1 - type: integer 
	Parameter C_AXI_WUSER_WIDTH bound to: 1 - type: integer 
	Parameter C_AXI_BUSER_WIDTH bound to: 1 - type: integer 
	Parameter C_AXI_ARUSER_WIDTH bound to: 1 - type: integer 
	Parameter C_AXI_RUSER_WIDTH bound to: 1 - type: integer 
	Parameter C_AWPAYLOAD_WIDTH bound to: 42 - type: integer 
	Parameter C_WPAYLOAD_WIDTH bound to: 37 - type: integer 
	Parameter C_BPAYLOAD_WIDTH bound to: 14 - type: integer 
	Parameter C_ARPAYLOAD_WIDTH bound to: 42 - type: integer 
	Parameter C_RPAYLOAD_WIDTH bound to: 47 - type: integer 
	Parameter G_AXI_AWADDR_INDEX bound to: 0 - type: integer 
	Parameter G_AXI_AWADDR_WIDTH bound to: 1 - type: integer 
	Parameter G_AXI_AWPROT_INDEX bound to: 1 - type: integer 
	Parameter G_AXI_AWPROT_WIDTH bound to: 3 - type: integer 
	Parameter G_AXI_AWSIZE_INDEX bound to: 4 - type: integer 
	Parameter G_AXI_AWSIZE_WIDTH bound to: 3 - type: integer 
	Parameter G_AXI_AWBURST_INDEX bound to: 7 - type: integer 
	Parameter G_AXI_AWBURST_WIDTH bound to: 2 - type: integer 
	Parameter G_AXI_AWCACHE_INDEX bound to: 9 - type: integer 
	Parameter G_AXI_AWCACHE_WIDTH bound to: 4 - type: integer 
	Parameter G_AXI_AWLEN_INDEX bound to: 13 - type: integer 
	Parameter G_AXI_AWLEN_WIDTH bound to: 8 - type: integer 
	Parameter G_AXI_AWLOCK_INDEX bound to: 21 - type: integer 
	Parameter G_AXI_AWLOCK_WIDTH bound to: 1 - type: integer 
	Parameter G_AXI_AWID_INDEX bound to: 22 - type: integer 
	Parameter G_AXI_AWID_WIDTH bound to: 12 - type: integer 
	Parameter G_AXI_AWQOS_INDEX bound to: 34 - type: integer 
	Parameter G_AXI_AWQOS_WIDTH bound to: 4 - type: integer 
	Parameter G_AXI_AWREGION_INDEX bound to: 38 - type: integer 
	Parameter G_AXI_AWREGION_WIDTH bound to: 4 - type: integer 
	Parameter G_AXI_AWUSER_INDEX bound to: 42 - type: integer 
	Parameter G_AXI_AWUSER_WIDTH bound to: 0 - type: integer 
	Parameter G_AXI_AWPAYLOAD_WIDTH bound to: 42 - type: integer 
	Parameter G_AXI_ARADDR_INDEX bound to: 0 - type: integer 
	Parameter G_AXI_ARADDR_WIDTH bound to: 1 - type: integer 
	Parameter G_AXI_ARPROT_INDEX bound to: 1 - type: integer 
	Parameter G_AXI_ARPROT_WIDTH bound to: 3 - type: integer 
	Parameter G_AXI_ARSIZE_INDEX bound to: 4 - type: integer 
	Parameter G_AXI_ARSIZE_WIDTH bound to: 3 - type: integer 
	Parameter G_AXI_ARBURST_INDEX bound to: 7 - type: integer 
	Parameter G_AXI_ARBURST_WIDTH bound to: 2 - type: integer 
	Parameter G_AXI_ARCACHE_INDEX bound to: 9 - type: integer 
	Parameter G_AXI_ARCACHE_WIDTH bound to: 4 - type: integer 
	Parameter G_AXI_ARLEN_INDEX bound to: 13 - type: integer 
	Parameter G_AXI_ARLEN_WIDTH bound to: 8 - type: integer 
	Parameter G_AXI_ARLOCK_INDEX bound to: 21 - type: integer 
	Parameter G_AXI_ARLOCK_WIDTH bound to: 1 - type: integer 
	Parameter G_AXI_ARID_INDEX bound to: 22 - type: integer 
	Parameter G_AXI_ARID_WIDTH bound to: 12 - type: integer 
	Parameter G_AXI_ARQOS_INDEX bound to: 34 - type: integer 
	Parameter G_AXI_ARQOS_WIDTH bound to: 4 - type: integer 
	Parameter G_AXI_ARREGION_INDEX bound to: 38 - type: integer 
	Parameter G_AXI_ARREGION_WIDTH bound to: 4 - type: integer 
	Parameter G_AXI_ARUSER_INDEX bound to: 42 - type: integer 
	Parameter G_AXI_ARUSER_WIDTH bound to: 0 - type: integer 
	Parameter G_AXI_ARPAYLOAD_WIDTH bound to: 42 - type: integer 
	Parameter G_AXI_WDATA_INDEX bound to: 0 - type: integer 
	Parameter G_AXI_WDATA_WIDTH bound to: 32 - type: integer 
	Parameter G_AXI_WSTRB_INDEX bound to: 32 - type: integer 
	Parameter G_AXI_WSTRB_WIDTH bound to: 4 - type: integer 
	Parameter G_AXI_WLAST_INDEX bound to: 36 - type: integer 
	Parameter G_AXI_WLAST_WIDTH bound to: 1 - type: integer 
	Parameter G_AXI_WID_INDEX bound to: 37 - type: integer 
	Parameter G_AXI_WID_WIDTH bound to: 0 - type: integer 
	Parameter G_AXI_WUSER_INDEX bound to: 37 - type: integer 
	Parameter G_AXI_WUSER_WIDTH bound to: 0 - type: integer 
	Parameter G_AXI_WPAYLOAD_WIDTH bound to: 37 - type: integer 
	Parameter G_AXI_BRESP_INDEX bound to: 0 - type: integer 
	Parameter G_AXI_BRESP_WIDTH bound to: 2 - type: integer 
	Parameter G_AXI_BID_INDEX bound to: 2 - type: integer 
	Parameter G_AXI_BID_WIDTH bound to: 12 - type: integer 
	Parameter G_AXI_BUSER_INDEX bound to: 14 - type: integer 
	Parameter G_AXI_BUSER_WIDTH bound to: 0 - type: integer 
	Parameter G_AXI_BPAYLOAD_WIDTH bound to: 14 - type: integer 
	Parameter G_AXI_RDATA_INDEX bound to: 0 - type: integer 
	Parameter G_AXI_RDATA_WIDTH bound to: 32 - type: integer 
	Parameter G_AXI_RRESP_INDEX bound to: 32 - type: integer 
	Parameter G_AXI_RRESP_WIDTH bound to: 2 - type: integer 
	Parameter G_AXI_RLAST_INDEX bound to: 34 - type: integer 
	Parameter G_AXI_RLAST_WIDTH bound to: 1 - type: integer 
	Parameter G_AXI_RID_INDEX bound to: 35 - type: integer 
	Parameter G_AXI_RID_WIDTH bound to: 12 - type: integer 
	Parameter G_AXI_RUSER_INDEX bound to: 47 - type: integer 
	Parameter G_AXI_RUSER_WIDTH bound to: 0 - type: integer 
	Parameter G_AXI_RPAYLOAD_WIDTH bound to: 47 - type: integer 
INFO: [Synth 8-6155] done synthesizing module 'axi_infrastructure_v1_1_0_axi2vector__parameterized1' (106#1) [c:/Users/hrish/Downloads/ReRAM_Thesis/Project Folder/ReRAM_AXI_Project/ReRAM_AXI_Project.srcs/sources_1/bd/system_bd/ipshared/ec67/hdl/axi_infrastructure_v1_1_vl_rfs.v:60]
INFO: [Synth 8-6157] synthesizing module 'axi_infrastructure_v1_1_0_vector2axi__parameterized1' [c:/Users/hrish/Downloads/ReRAM_Thesis/Project Folder/ReRAM_AXI_Project/ReRAM_AXI_Project.srcs/sources_1/bd/system_bd/ipshared/ec67/hdl/axi_infrastructure_v1_1_vl_rfs.v:474]
	Parameter C_AXI_PROTOCOL bound to: 0 - type: integer 
	Parameter C_AXI_ID_WIDTH bound to: 12 - type: integer 
	Parameter C_AXI_ADDR_WIDTH bound to: 1 - type: integer 
	Parameter C_AXI_DATA_WIDTH bound to: 32 - type: integer 
	Parameter C_AXI_SUPPORTS_USER_SIGNALS bound to: 0 - type: integer 
	Parameter C_AXI_SUPPORTS_REGION_SIGNALS bound to: 1 - type: integer 
	Parameter C_AXI_AWUSER_WIDTH bound to: 1 - type: integer 
	Parameter C_AXI_WUSER_WIDTH bound to: 1 - type: integer 
	Parameter C_AXI_BUSER_WIDTH bound to: 1 - type: integer 
	Parameter C_AXI_ARUSER_WIDTH bound to: 1 - type: integer 
	Parameter C_AXI_RUSER_WIDTH bound to: 1 - type: integer 
	Parameter C_AWPAYLOAD_WIDTH bound to: 42 - type: integer 
	Parameter C_WPAYLOAD_WIDTH bound to: 37 - type: integer 
	Parameter C_BPAYLOAD_WIDTH bound to: 14 - type: integer 
	Parameter C_ARPAYLOAD_WIDTH bound to: 42 - type: integer 
	Parameter C_RPAYLOAD_WIDTH bound to: 47 - type: integer 
	Parameter G_AXI_AWADDR_INDEX bound to: 0 - type: integer 
	Parameter G_AXI_AWADDR_WIDTH bound to: 1 - type: integer 
	Parameter G_AXI_AWPROT_INDEX bound to: 1 - type: integer 
	Parameter G_AXI_AWPROT_WIDTH bound to: 3 - type: integer 
	Parameter G_AXI_AWSIZE_INDEX bound to: 4 - type: integer 
	Parameter G_AXI_AWSIZE_WIDTH bound to: 3 - type: integer 
	Parameter G_AXI_AWBURST_INDEX bound to: 7 - type: integer 
	Parameter G_AXI_AWBURST_WIDTH bound to: 2 - type: integer 
	Parameter G_AXI_AWCACHE_INDEX bound to: 9 - type: integer 
	Parameter G_AXI_AWCACHE_WIDTH bound to: 4 - type: integer 
	Parameter G_AXI_AWLEN_INDEX bound to: 13 - type: integer 
	Parameter G_AXI_AWLEN_WIDTH bound to: 8 - type: integer 
	Parameter G_AXI_AWLOCK_INDEX bound to: 21 - type: integer 
	Parameter G_AXI_AWLOCK_WIDTH bound to: 1 - type: integer 
	Parameter G_AXI_AWID_INDEX bound to: 22 - type: integer 
	Parameter G_AXI_AWID_WIDTH bound to: 12 - type: integer 
	Parameter G_AXI_AWQOS_INDEX bound to: 34 - type: integer 
	Parameter G_AXI_AWQOS_WIDTH bound to: 4 - type: integer 
	Parameter G_AXI_AWREGION_INDEX bound to: 38 - type: integer 
	Parameter G_AXI_AWREGION_WIDTH bound to: 4 - type: integer 
	Parameter G_AXI_AWUSER_INDEX bound to: 42 - type: integer 
	Parameter G_AXI_AWUSER_WIDTH bound to: 0 - type: integer 
	Parameter G_AXI_AWPAYLOAD_WIDTH bound to: 42 - type: integer 
	Parameter G_AXI_ARADDR_INDEX bound to: 0 - type: integer 
	Parameter G_AXI_ARADDR_WIDTH bound to: 1 - type: integer 
	Parameter G_AXI_ARPROT_INDEX bound to: 1 - type: integer 
	Parameter G_AXI_ARPROT_WIDTH bound to: 3 - type: integer 
	Parameter G_AXI_ARSIZE_INDEX bound to: 4 - type: integer 
	Parameter G_AXI_ARSIZE_WIDTH bound to: 3 - type: integer 
	Parameter G_AXI_ARBURST_INDEX bound to: 7 - type: integer 
	Parameter G_AXI_ARBURST_WIDTH bound to: 2 - type: integer 
	Parameter G_AXI_ARCACHE_INDEX bound to: 9 - type: integer 
	Parameter G_AXI_ARCACHE_WIDTH bound to: 4 - type: integer 
	Parameter G_AXI_ARLEN_INDEX bound to: 13 - type: integer 
	Parameter G_AXI_ARLEN_WIDTH bound to: 8 - type: integer 
	Parameter G_AXI_ARLOCK_INDEX bound to: 21 - type: integer 
	Parameter G_AXI_ARLOCK_WIDTH bound to: 1 - type: integer 
	Parameter G_AXI_ARID_INDEX bound to: 22 - type: integer 
	Parameter G_AXI_ARID_WIDTH bound to: 12 - type: integer 
	Parameter G_AXI_ARQOS_INDEX bound to: 34 - type: integer 
	Parameter G_AXI_ARQOS_WIDTH bound to: 4 - type: integer 
	Parameter G_AXI_ARREGION_INDEX bound to: 38 - type: integer 
	Parameter G_AXI_ARREGION_WIDTH bound to: 4 - type: integer 
	Parameter G_AXI_ARUSER_INDEX bound to: 42 - type: integer 
	Parameter G_AXI_ARUSER_WIDTH bound to: 0 - type: integer 
	Parameter G_AXI_ARPAYLOAD_WIDTH bound to: 42 - type: integer 
	Parameter G_AXI_WDATA_INDEX bound to: 0 - type: integer 
	Parameter G_AXI_WDATA_WIDTH bound to: 32 - type: integer 
	Parameter G_AXI_WSTRB_INDEX bound to: 32 - type: integer 
	Parameter G_AXI_WSTRB_WIDTH bound to: 4 - type: integer 
	Parameter G_AXI_WLAST_INDEX bound to: 36 - type: integer 
	Parameter G_AXI_WLAST_WIDTH bound to: 1 - type: integer 
	Parameter G_AXI_WID_INDEX bound to: 37 - type: integer 
	Parameter G_AXI_WID_WIDTH bound to: 0 - type: integer 
	Parameter G_AXI_WUSER_INDEX bound to: 37 - type: integer 
	Parameter G_AXI_WUSER_WIDTH bound to: 0 - type: integer 
	Parameter G_AXI_WPAYLOAD_WIDTH bound to: 37 - type: integer 
	Parameter G_AXI_BRESP_INDEX bound to: 0 - type: integer 
	Parameter G_AXI_BRESP_WIDTH bound to: 2 - type: integer 
	Parameter G_AXI_BID_INDEX bound to: 2 - type: integer 
	Parameter G_AXI_BID_WIDTH bound to: 12 - type: integer 
	Parameter G_AXI_BUSER_INDEX bound to: 14 - type: integer 
	Parameter G_AXI_BUSER_WIDTH bound to: 0 - type: integer 
	Parameter G_AXI_BPAYLOAD_WIDTH bound to: 14 - type: integer 
	Parameter G_AXI_RDATA_INDEX bound to: 0 - type: integer 
	Parameter G_AXI_RDATA_WIDTH bound to: 32 - type: integer 
	Parameter G_AXI_RRESP_INDEX bound to: 32 - type: integer 
	Parameter G_AXI_RRESP_WIDTH bound to: 2 - type: integer 
	Parameter G_AXI_RLAST_INDEX bound to: 34 - type: integer 
	Parameter G_AXI_RLAST_WIDTH bound to: 1 - type: integer 
	Parameter G_AXI_RID_INDEX bound to: 35 - type: integer 
	Parameter G_AXI_RID_WIDTH bound to: 12 - type: integer 
	Parameter G_AXI_RUSER_INDEX bound to: 47 - type: integer 
	Parameter G_AXI_RUSER_WIDTH bound to: 0 - type: integer 
	Parameter G_AXI_RPAYLOAD_WIDTH bound to: 47 - type: integer 
INFO: [Synth 8-6155] done synthesizing module 'axi_infrastructure_v1_1_0_vector2axi__parameterized1' (106#1) [c:/Users/hrish/Downloads/ReRAM_Thesis/Project Folder/ReRAM_AXI_Project/ReRAM_AXI_Project.srcs/sources_1/bd/system_bd/ipshared/ec67/hdl/axi_infrastructure_v1_1_vl_rfs.v:474]
INFO: [Synth 8-6155] done synthesizing module 'axi_register_slice_v2_1_16_axi_register_slice__parameterized1' (106#1) [c:/Users/hrish/Downloads/ReRAM_Thesis/Project Folder/ReRAM_AXI_Project/ReRAM_AXI_Project.srcs/sources_1/bd/system_bd/ipshared/0cde/hdl/axi_register_slice_v2_1_vl_rfs.v:2413]
WARNING: [Synth 8-350] instance 'reg_slice_mi' of module 'axi_register_slice_v2_1_16_axi_register_slice' requires 93 connections, but only 92 given [c:/Users/hrish/Downloads/ReRAM_Thesis/Project Folder/ReRAM_AXI_Project/ReRAM_AXI_Project.srcs/sources_1/bd/system_bd/ipshared/d293/hdl/axi_crossbar_v2_1_vl_rfs.v:3121]
WARNING: [Synth 8-350] instance 'reg_slice_mi' of module 'axi_register_slice_v2_1_16_axi_register_slice' requires 93 connections, but only 92 given [c:/Users/hrish/Downloads/ReRAM_Thesis/Project Folder/ReRAM_AXI_Project/ReRAM_AXI_Project.srcs/sources_1/bd/system_bd/ipshared/d293/hdl/axi_crossbar_v2_1_vl_rfs.v:3121]
INFO: [Synth 8-6157] synthesizing module 'axi_data_fifo_v2_1_15_axic_srl_fifo__parameterized1' [c:/Users/hrish/Downloads/ReRAM_Thesis/Project Folder/ReRAM_AXI_Project/ReRAM_AXI_Project.srcs/sources_1/bd/system_bd/ipshared/d114/hdl/axi_data_fifo_v2_1_vl_rfs.v:698]
	Parameter C_FAMILY bound to: zynq - type: string 
	Parameter C_FIFO_WIDTH bound to: 8 - type: integer 
	Parameter C_MAX_CTRL_FANOUT bound to: 33 - type: integer 
	Parameter C_FIFO_DEPTH_LOG bound to: 0 - type: integer 
	Parameter C_USE_FULL bound to: 0 - type: integer 
	Parameter P_FIFO_DEPTH_LOG bound to: 2 - type: integer 
	Parameter P_EMPTY bound to: 2'b11 
	Parameter P_ALMOSTEMPTY bound to: 2'b00 
	Parameter P_ALMOSTFULL_TEMP bound to: 3'b110 
	Parameter P_ALMOSTFULL bound to: 2'b10 
	Parameter P_NUM_REPS bound to: 1 - type: integer 
INFO: [Synth 8-6157] synthesizing module 'axi_data_fifo_v2_1_15_ndeep_srl__parameterized1' [c:/Users/hrish/Downloads/ReRAM_Thesis/Project Folder/ReRAM_AXI_Project/ReRAM_AXI_Project.srcs/sources_1/bd/system_bd/ipshared/d114/hdl/axi_data_fifo_v2_1_vl_rfs.v:1135]
	Parameter C_FAMILY bound to: zynq - type: string 
	Parameter C_A_WIDTH bound to: 2 - type: integer 
	Parameter P_SRLASIZE bound to: 5 - type: integer 
	Parameter P_SRLDEPTH bound to: 32 - type: integer 
	Parameter P_NUMSRLS bound to: 1 - type: integer 
	Parameter P_SHIFT_DEPTH bound to: 4 - type: integer 
INFO: [Synth 8-6155] done synthesizing module 'axi_data_fifo_v2_1_15_ndeep_srl__parameterized1' (106#1) [c:/Users/hrish/Downloads/ReRAM_Thesis/Project Folder/ReRAM_AXI_Project/ReRAM_AXI_Project.srcs/sources_1/bd/system_bd/ipshared/d114/hdl/axi_data_fifo_v2_1_vl_rfs.v:1135]
WARNING: [Synth 8-6014] Unused sequential element areset_d1_reg was removed.  [c:/Users/hrish/Downloads/ReRAM_Thesis/Project Folder/ReRAM_AXI_Project/ReRAM_AXI_Project.srcs/sources_1/bd/system_bd/ipshared/d114/hdl/axi_data_fifo_v2_1_vl_rfs.v:750]
WARNING: [Synth 8-6014] Unused sequential element S_READY_i_reg was removed.  [c:/Users/hrish/Downloads/ReRAM_Thesis/Project Folder/ReRAM_AXI_Project/ReRAM_AXI_Project.srcs/sources_1/bd/system_bd/ipshared/d114/hdl/axi_data_fifo_v2_1_vl_rfs.v:789]
INFO: [Synth 8-6155] done synthesizing module 'axi_data_fifo_v2_1_15_axic_srl_fifo__parameterized1' (106#1) [c:/Users/hrish/Downloads/ReRAM_Thesis/Project Folder/ReRAM_AXI_Project/ReRAM_AXI_Project.srcs/sources_1/bd/system_bd/ipshared/d114/hdl/axi_data_fifo_v2_1_vl_rfs.v:698]
INFO: [Synth 8-6157] synthesizing module 'axi_crossbar_v2_1_17_wdata_mux__parameterized0' [c:/Users/hrish/Downloads/ReRAM_Thesis/Project Folder/ReRAM_AXI_Project/ReRAM_AXI_Project.srcs/sources_1/bd/system_bd/ipshared/d293/hdl/axi_crossbar_v2_1_vl_rfs.v:4559]
	Parameter C_FAMILY bound to: zynq - type: string 
	Parameter C_WMESG_WIDTH bound to: 38 - type: integer 
	Parameter C_NUM_SLAVE_SLOTS bound to: 1 - type: integer 
	Parameter C_SELECT_WIDTH bound to: 1 - type: integer 
	Parameter C_FIFO_DEPTH_LOG bound to: 0 - type: integer 
	Parameter P_FIFO_DEPTH_LOG bound to: 0 - type: integer 
INFO: [Synth 8-6155] done synthesizing module 'axi_crossbar_v2_1_17_wdata_mux__parameterized0' (106#1) [c:/Users/hrish/Downloads/ReRAM_Thesis/Project Folder/ReRAM_AXI_Project/ReRAM_AXI_Project.srcs/sources_1/bd/system_bd/ipshared/d293/hdl/axi_crossbar_v2_1_vl_rfs.v:4559]
WARNING: [Synth 8-350] instance 'reg_slice_mi' of module 'axi_register_slice_v2_1_16_axi_register_slice' requires 93 connections, but only 92 given [c:/Users/hrish/Downloads/ReRAM_Thesis/Project Folder/ReRAM_AXI_Project/ReRAM_AXI_Project.srcs/sources_1/bd/system_bd/ipshared/d293/hdl/axi_crossbar_v2_1_vl_rfs.v:3121]
INFO: [Synth 8-6157] synthesizing module 'axi_crossbar_v2_1_17_decerr_slave' [c:/Users/hrish/Downloads/ReRAM_Thesis/Project Folder/ReRAM_AXI_Project/ReRAM_AXI_Project.srcs/sources_1/bd/system_bd/ipshared/d293/hdl/axi_crossbar_v2_1_vl_rfs.v:3500]
	Parameter C_AXI_ID_WIDTH bound to: 12 - type: integer 
	Parameter C_AXI_DATA_WIDTH bound to: 32 - type: integer 
	Parameter C_AXI_BUSER_WIDTH bound to: 1 - type: integer 
	Parameter C_AXI_RUSER_WIDTH bound to: 1 - type: integer 
	Parameter C_AXI_PROTOCOL bound to: 0 - type: integer 
	Parameter C_RESP bound to: 3 - type: integer 
	Parameter P_WRITE_IDLE bound to: 2'b00 
	Parameter P_WRITE_DATA bound to: 2'b01 
	Parameter P_WRITE_RESP bound to: 2'b10 
	Parameter P_READ_IDLE bound to: 1'b0 
	Parameter P_READ_DATA bound to: 1'b1 
	Parameter P_AXI4 bound to: 0 - type: integer 
	Parameter P_AXI3 bound to: 1 - type: integer 
	Parameter P_AXILITE bound to: 2 - type: integer 
INFO: [Synth 8-155] case statement is not full and has no default [c:/Users/hrish/Downloads/ReRAM_Thesis/Project Folder/ReRAM_AXI_Project/ReRAM_AXI_Project.srcs/sources_1/bd/system_bd/ipshared/d293/hdl/axi_crossbar_v2_1_vl_rfs.v:3631]
INFO: [Synth 8-6155] done synthesizing module 'axi_crossbar_v2_1_17_decerr_slave' (107#1) [c:/Users/hrish/Downloads/ReRAM_Thesis/Project Folder/ReRAM_AXI_Project/ReRAM_AXI_Project.srcs/sources_1/bd/system_bd/ipshared/d293/hdl/axi_crossbar_v2_1_vl_rfs.v:3500]
INFO: [Synth 8-6157] synthesizing module 'axi_crossbar_v2_1_17_addr_arbiter' [c:/Users/hrish/Downloads/ReRAM_Thesis/Project Folder/ReRAM_AXI_Project/ReRAM_AXI_Project.srcs/sources_1/bd/system_bd/ipshared/d293/hdl/axi_crossbar_v2_1_vl_rfs.v:423]
	Parameter C_FAMILY bound to: zynq - type: string 
	Parameter C_NUM_S bound to: 1 - type: integer 
	Parameter C_NUM_S_LOG bound to: 1 - type: integer 
	Parameter C_NUM_M bound to: 3 - type: integer 
	Parameter C_MESG_WIDTH bound to: 75 - type: integer 
	Parameter C_ARB_PRIORITY bound to: 0 - type: integer 
	Parameter P_PRIO_MASK bound to: 1'b0 
INFO: [Synth 8-6155] done synthesizing module 'axi_crossbar_v2_1_17_addr_arbiter' (108#1) [c:/Users/hrish/Downloads/ReRAM_Thesis/Project Folder/ReRAM_AXI_Project/ReRAM_AXI_Project.srcs/sources_1/bd/system_bd/ipshared/d293/hdl/axi_crossbar_v2_1_vl_rfs.v:423]
WARNING: [Synth 8-6014] Unused sequential element gen_master_slots[0].gen_mi_write.gen_debug_w.debug_w_beat_cnt_i_reg was removed.  [c:/Users/hrish/Downloads/ReRAM_Thesis/Project Folder/ReRAM_AXI_Project/ReRAM_AXI_Project.srcs/sources_1/bd/system_bd/ipshared/d293/hdl/axi_crossbar_v2_1_vl_rfs.v:2996]
WARNING: [Synth 8-6014] Unused sequential element gen_master_slots[1].gen_mi_write.gen_debug_w.debug_w_beat_cnt_i_reg was removed.  [c:/Users/hrish/Downloads/ReRAM_Thesis/Project Folder/ReRAM_AXI_Project/ReRAM_AXI_Project.srcs/sources_1/bd/system_bd/ipshared/d293/hdl/axi_crossbar_v2_1_vl_rfs.v:2996]
WARNING: [Synth 8-6014] Unused sequential element gen_master_slots[2].gen_mi_write.gen_debug_w.debug_w_beat_cnt_i_reg was removed.  [c:/Users/hrish/Downloads/ReRAM_Thesis/Project Folder/ReRAM_AXI_Project/ReRAM_AXI_Project.srcs/sources_1/bd/system_bd/ipshared/d293/hdl/axi_crossbar_v2_1_vl_rfs.v:2996]
INFO: [Synth 8-6155] done synthesizing module 'axi_crossbar_v2_1_17_crossbar' (109#1) [c:/Users/hrish/Downloads/ReRAM_Thesis/Project Folder/ReRAM_AXI_Project/ReRAM_AXI_Project.srcs/sources_1/bd/system_bd/ipshared/d293/hdl/axi_crossbar_v2_1_vl_rfs.v:2239]
INFO: [Synth 8-6155] done synthesizing module 'axi_crossbar_v2_1_17_axi_crossbar' (110#1) [c:/Users/hrish/Downloads/ReRAM_Thesis/Project Folder/ReRAM_AXI_Project/ReRAM_AXI_Project.srcs/sources_1/bd/system_bd/ipshared/d293/hdl/axi_crossbar_v2_1_vl_rfs.v:4882]
INFO: [Synth 8-6155] done synthesizing module 'system_bd_xbar_0' (111#1) [c:/Users/hrish/Downloads/ReRAM_Thesis/Project Folder/ReRAM_AXI_Project/ReRAM_AXI_Project.srcs/sources_1/bd/system_bd/ip/system_bd_xbar_0/synth/system_bd_xbar_0.v:59]
INFO: [Synth 8-6155] done synthesizing module 'system_bd_ps7_0_axi_periph_0' (112#1) [C:/Users/hrish/Downloads/ReRAM_Thesis/Project Folder/ReRAM_AXI_Project/ReRAM_AXI_Project.srcs/sources_1/bd/system_bd/synth/system_bd.v:1528]
INFO: [Synth 8-6157] synthesizing module 'system_bd_reram_axi_ip_0_0' [c:/Users/hrish/Downloads/ReRAM_Thesis/Project Folder/ReRAM_AXI_Project/ReRAM_AXI_Project.srcs/sources_1/bd/system_bd/ip/system_bd_reram_axi_ip_0_0/synth/system_bd_reram_axi_ip_0_0.v:57]
INFO: [Synth 8-6157] synthesizing module 'reram_axi_ip_v1_0' [c:/Users/hrish/Downloads/ReRAM_Thesis/Project Folder/ReRAM_AXI_Project/ReRAM_AXI_Project.srcs/sources_1/bd/system_bd/ipshared/984e/hdl/reram_axi_ip_v1_0.v:4]
	Parameter C_S00_AXI_DATA_WIDTH bound to: 32 - type: integer 
	Parameter C_S00_AXI_ADDR_WIDTH bound to: 6 - type: integer 
INFO: [Synth 8-6157] synthesizing module 'reram_axi_ip_v1_0_S00_AXI' [c:/Users/hrish/Downloads/ReRAM_Thesis/Project Folder/ReRAM_AXI_Project/ReRAM_AXI_Project.srcs/sources_1/bd/system_bd/ipshared/984e/hdl/reram_axi_ip_v1_0_S00_AXI.v:3]
	Parameter C_S_AXI_DATA_WIDTH bound to: 32 - type: integer 
	Parameter C_S_AXI_ADDR_WIDTH bound to: 6 - type: integer 
	Parameter MEM_DEPTH bound to: 16 - type: integer 
	Parameter ADDR_LSB bound to: 2 - type: integer 
	Parameter REG_SEL_MSB bound to: 5 - type: integer 
	Parameter REG_CONTROL bound to: 3'b000 
	Parameter REG_ADDR bound to: 3'b001 
	Parameter REG_DATA_IN bound to: 3'b010 
	Parameter REG_STATUS bound to: 3'b011 
	Parameter REG_DATA_OUT bound to: 3'b100 
	Parameter REG_READSTATE bound to: 3'b101 
	Parameter REG_VERSION bound to: 3'b110 
	Parameter VERSION_WORD bound to: 65536 - type: integer 
	Parameter C_IDLE bound to: 0 - type: integer 
	Parameter C_WAIT bound to: 1 - type: integer 
	Parameter C_PULSE bound to: 2 - type: integer 
INFO: [Synth 8-155] case statement is not full and has no default [c:/Users/hrish/Downloads/ReRAM_Thesis/Project Folder/ReRAM_AXI_Project/ReRAM_AXI_Project.srcs/sources_1/bd/system_bd/ipshared/984e/hdl/reram_axi_ip_v1_0_S00_AXI.v:141]
INFO: [Synth 8-155] case statement is not full and has no default [c:/Users/hrish/Downloads/ReRAM_Thesis/Project Folder/ReRAM_AXI_Project/ReRAM_AXI_Project.srcs/sources_1/bd/system_bd/ipshared/984e/hdl/reram_axi_ip_v1_0_S00_AXI.v:181]
INFO: [Synth 8-6157] synthesizing module 'reram_core' [c:/Users/hrish/Downloads/ReRAM_Thesis/Project Folder/ReRAM_AXI_Project/ReRAM_AXI_Project.srcs/sources_1/bd/system_bd/ipshared/984e/hdl/reram_axi_ip_v1_0_S00_AXI.v:283]
	Parameter MEM_DEPTH bound to: 16 - type: integer 
	Parameter ADDR_WIDTH bound to: 4 - type: integer 
	Parameter LRS_STATE bound to: 1'b0 
	Parameter HRS_STATE bound to: 1'b1 
	Parameter SET_DELAY_CYCLES bound to: 10 - type: integer 
	Parameter RESET_DELAY_CYCLES bound to: 10 - type: integer 
	Parameter ENDURANCE_LIMIT bound to: 1000 - type: integer 
INFO: [Synth 8-6157] synthesizing module 'reram_cell' [c:/Users/hrish/Downloads/ReRAM_Thesis/Project Folder/ReRAM_AXI_Project/ReRAM_AXI_Project.srcs/sources_1/bd/system_bd/ipshared/984e/hdl/reram_axi_ip_v1_0_S00_AXI.v:370]
	Parameter LRS_STATE bound to: 1'b0 
	Parameter HRS_STATE bound to: 1'b1 
	Parameter SET_DELAY_CYCLES bound to: 10 - type: integer 
	Parameter RESET_DELAY_CYCLES bound to: 10 - type: integer 
	Parameter ENDURANCE_LIMIT bound to: 1000 - type: integer 
	Parameter IDLE bound to: 2'b00 
	Parameter SETTING bound to: 2'b01 
	Parameter RESETTING bound to: 2'b10 
INFO: [Synth 8-6155] done synthesizing module 'reram_cell' (113#1) [c:/Users/hrish/Downloads/ReRAM_Thesis/Project Folder/ReRAM_AXI_Project/ReRAM_AXI_Project.srcs/sources_1/bd/system_bd/ipshared/984e/hdl/reram_axi_ip_v1_0_S00_AXI.v:370]
INFO: [Synth 8-6155] done synthesizing module 'reram_core' (114#1) [c:/Users/hrish/Downloads/ReRAM_Thesis/Project Folder/ReRAM_AXI_Project/ReRAM_AXI_Project.srcs/sources_1/bd/system_bd/ipshared/984e/hdl/reram_axi_ip_v1_0_S00_AXI.v:283]
WARNING: [Synth 8-689] width (6) of port connection 'addr' does not match port width (4) of module 'reram_core' [c:/Users/hrish/Downloads/ReRAM_Thesis/Project Folder/ReRAM_AXI_Project/ReRAM_AXI_Project.srcs/sources_1/bd/system_bd/ipshared/984e/hdl/reram_axi_ip_v1_0_S00_AXI.v:246]
WARNING: [Synth 8-6014] Unused sequential element newv_reg was removed.  [c:/Users/hrish/Downloads/ReRAM_Thesis/Project Folder/ReRAM_AXI_Project/ReRAM_AXI_Project.srcs/sources_1/bd/system_bd/ipshared/984e/hdl/reram_axi_ip_v1_0_S00_AXI.v:143]
WARNING: [Synth 8-6014] Unused sequential element tmp_addr_reg was removed.  [c:/Users/hrish/Downloads/ReRAM_Thesis/Project Folder/ReRAM_AXI_Project/ReRAM_AXI_Project.srcs/sources_1/bd/system_bd/ipshared/984e/hdl/reram_axi_ip_v1_0_S00_AXI.v:155]
WARNING: [Synth 8-6014] Unused sequential element tmp_din_reg was removed.  [c:/Users/hrish/Downloads/ReRAM_Thesis/Project Folder/ReRAM_AXI_Project/ReRAM_AXI_Project.srcs/sources_1/bd/system_bd/ipshared/984e/hdl/reram_axi_ip_v1_0_S00_AXI.v:160]
INFO: [Synth 8-6155] done synthesizing module 'reram_axi_ip_v1_0_S00_AXI' (115#1) [c:/Users/hrish/Downloads/ReRAM_Thesis/Project Folder/ReRAM_AXI_Project/ReRAM_AXI_Project.srcs/sources_1/bd/system_bd/ipshared/984e/hdl/reram_axi_ip_v1_0_S00_AXI.v:3]
INFO: [Synth 8-6155] done synthesizing module 'reram_axi_ip_v1_0' (116#1) [c:/Users/hrish/Downloads/ReRAM_Thesis/Project Folder/ReRAM_AXI_Project/ReRAM_AXI_Project.srcs/sources_1/bd/system_bd/ipshared/984e/hdl/reram_axi_ip_v1_0.v:4]
INFO: [Synth 8-6155] done synthesizing module 'system_bd_reram_axi_ip_0_0' (117#1) [c:/Users/hrish/Downloads/ReRAM_Thesis/Project Folder/ReRAM_AXI_Project/ReRAM_AXI_Project.srcs/sources_1/bd/system_bd/ip/system_bd_reram_axi_ip_0_0/synth/system_bd_reram_axi_ip_0_0.v:57]
INFO: [Synth 8-638] synthesizing module 'system_bd_rst_ps7_0_50M_1' [c:/Users/hrish/Downloads/ReRAM_Thesis/Project Folder/ReRAM_AXI_Project/ReRAM_AXI_Project.srcs/sources_1/bd/system_bd/ip/system_bd_rst_ps7_0_50M_1/synth/system_bd_rst_ps7_0_50M_1.vhd:74]
	Parameter C_FAMILY bound to: zynq - type: string 
	Parameter C_EXT_RST_WIDTH bound to: 4 - type: integer 
	Parameter C_AUX_RST_WIDTH bound to: 4 - type: integer 
	Parameter C_EXT_RESET_HIGH bound to: 1'b0 
	Parameter C_AUX_RESET_HIGH bound to: 1'b0 
	Parameter C_NUM_BUS_RST bound to: 1 - type: integer 
	Parameter C_NUM_PERP_RST bound to: 1 - type: integer 
	Parameter C_NUM_INTERCONNECT_ARESETN bound to: 1 - type: integer 
	Parameter C_NUM_PERP_ARESETN bound to: 1 - type: integer 
INFO: [Synth 8-3491] module 'proc_sys_reset' declared at 'c:/Users/hrish/Downloads/ReRAM_Thesis/Project Folder/ReRAM_AXI_Project/ReRAM_AXI_Project.srcs/sources_1/bd/system_bd/ipshared/f86a/hdl/proc_sys_reset_v5_0_vh_rfs.vhd:1264' bound to instance 'U0' of component 'proc_sys_reset' [c:/Users/hrish/Downloads/ReRAM_Thesis/Project Folder/ReRAM_AXI_Project/ReRAM_AXI_Project.srcs/sources_1/bd/system_bd/ip/system_bd_rst_ps7_0_50M_1/synth/system_bd_rst_ps7_0_50M_1.vhd:129]
INFO: [Synth 8-638] synthesizing module 'proc_sys_reset' [c:/Users/hrish/Downloads/ReRAM_Thesis/Project Folder/ReRAM_AXI_Project/ReRAM_AXI_Project.srcs/sources_1/bd/system_bd/ipshared/f86a/hdl/proc_sys_reset_v5_0_vh_rfs.vhd:1323]
	Parameter C_FAMILY bound to: zynq - type: string 
	Parameter C_EXT_RST_WIDTH bound to: 4 - type: integer 
	Parameter C_AUX_RST_WIDTH bound to: 4 - type: integer 
	Parameter C_EXT_RESET_HIGH bound to: 1'b0 
	Parameter C_AUX_RESET_HIGH bound to: 1'b0 
	Parameter C_NUM_BUS_RST bound to: 1 - type: integer 
	Parameter C_NUM_PERP_RST bound to: 1 - type: integer 
	Parameter C_NUM_INTERCONNECT_ARESETN bound to: 1 - type: integer 
	Parameter C_NUM_PERP_ARESETN bound to: 1 - type: integer 
	Parameter INIT bound to: 1'b1 
	Parameter IS_C_INVERTED bound to: 1'b0 
	Parameter IS_D_INVERTED bound to: 1'b0 
	Parameter IS_R_INVERTED bound to: 1'b0 
INFO: [Synth 8-113] binding component instance 'FDRE_inst' to cell 'FDRE' [c:/Users/hrish/Downloads/ReRAM_Thesis/Project Folder/ReRAM_AXI_Project/ReRAM_AXI_Project.srcs/sources_1/bd/system_bd/ipshared/f86a/hdl/proc_sys_reset_v5_0_vh_rfs.vhd:1392]
	Parameter INIT bound to: 1'b1 
	Parameter IS_C_INVERTED bound to: 1'b0 
	Parameter IS_D_INVERTED bound to: 1'b0 
	Parameter IS_R_INVERTED bound to: 1'b0 
INFO: [Synth 8-113] binding component instance 'FDRE_BSR' to cell 'FDRE' [c:/Users/hrish/Downloads/ReRAM_Thesis/Project Folder/ReRAM_AXI_Project/ReRAM_AXI_Project.srcs/sources_1/bd/system_bd/ipshared/f86a/hdl/proc_sys_reset_v5_0_vh_rfs.vhd:1408]
	Parameter INIT bound to: 1'b0 
	Parameter IS_C_INVERTED bound to: 1'b0 
	Parameter IS_D_INVERTED bound to: 1'b0 
	Parameter IS_R_INVERTED bound to: 1'b0 
INFO: [Synth 8-113] binding component instance 'FDRE_BSR_N' to cell 'FDRE' [c:/Users/hrish/Downloads/ReRAM_Thesis/Project Folder/ReRAM_AXI_Project/ReRAM_AXI_Project.srcs/sources_1/bd/system_bd/ipshared/f86a/hdl/proc_sys_reset_v5_0_vh_rfs.vhd:1434]
	Parameter INIT bound to: 1'b1 
	Parameter IS_C_INVERTED bound to: 1'b0 
	Parameter IS_D_INVERTED bound to: 1'b0 
	Parameter IS_R_INVERTED bound to: 1'b0 
INFO: [Synth 8-113] binding component instance 'FDRE_PER' to cell 'FDRE' [c:/Users/hrish/Downloads/ReRAM_Thesis/Project Folder/ReRAM_AXI_Project/ReRAM_AXI_Project.srcs/sources_1/bd/system_bd/ipshared/f86a/hdl/proc_sys_reset_v5_0_vh_rfs.vhd:1457]
	Parameter INIT bound to: 1'b0 
	Parameter IS_C_INVERTED bound to: 1'b0 
	Parameter IS_D_INVERTED bound to: 1'b0 
	Parameter IS_R_INVERTED bound to: 1'b0 
INFO: [Synth 8-113] binding component instance 'FDRE_PER_N' to cell 'FDRE' [c:/Users/hrish/Downloads/ReRAM_Thesis/Project Folder/ReRAM_AXI_Project/ReRAM_AXI_Project.srcs/sources_1/bd/system_bd/ipshared/f86a/hdl/proc_sys_reset_v5_0_vh_rfs.vhd:1481]
INFO: [Synth 8-638] synthesizing module 'lpf' [c:/Users/hrish/Downloads/ReRAM_Thesis/Project Folder/ReRAM_AXI_Project/ReRAM_AXI_Project.srcs/sources_1/bd/system_bd/ipshared/f86a/hdl/proc_sys_reset_v5_0_vh_rfs.vhd:816]
	Parameter C_EXT_RST_WIDTH bound to: 4 - type: integer 
	Parameter C_AUX_RST_WIDTH bound to: 4 - type: integer 
	Parameter C_EXT_RESET_HIGH bound to: 1'b0 
	Parameter C_AUX_RESET_HIGH bound to: 1'b0 
INFO: [Synth 8-3491] module 'SRL16' declared at 'C:/Xilinx/Vivado/2018.1/scripts/rt/data/unisim_comp.v:50693' bound to instance 'POR_SRL_I' of component 'SRL16' [c:/Users/hrish/Downloads/ReRAM_Thesis/Project Folder/ReRAM_AXI_Project/ReRAM_AXI_Project.srcs/sources_1/bd/system_bd/ipshared/f86a/hdl/proc_sys_reset_v5_0_vh_rfs.vhd:868]
INFO: [Synth 8-6157] synthesizing module 'SRL16' [C:/Xilinx/Vivado/2018.1/scripts/rt/data/unisim_comp.v:50693]
	Parameter INIT bound to: 16'b0000000000000000 
INFO: [Synth 8-6155] done synthesizing module 'SRL16' (118#1) [C:/Xilinx/Vivado/2018.1/scripts/rt/data/unisim_comp.v:50693]
INFO: [Synth 8-638] synthesizing module 'cdc_sync' [c:/Users/hrish/Downloads/ReRAM_Thesis/Project Folder/ReRAM_AXI_Project/ReRAM_AXI_Project.srcs/sources_1/bd/system_bd/ipshared/ef1e/hdl/lib_cdc_v1_0_rfs.vhd:106]
	Parameter C_CDC_TYPE bound to: 1 - type: integer 
	Parameter C_RESET_STATE bound to: 0 - type: integer 
	Parameter C_SINGLE_BIT bound to: 1 - type: integer 
	Parameter C_FLOP_INPUT bound to: 0 - type: integer 
	Parameter C_VECTOR_WIDTH bound to: 2 - type: integer 
	Parameter C_MTBF_STAGES bound to: 4 - type: integer 
	Parameter INIT bound to: 1'b0 
INFO: [Synth 8-113] binding component instance 'CROSS_PLEVEL_IN2SCNDRY_IN_cdc_to' to cell 'FDR' [c:/Users/hrish/Downloads/ReRAM_Thesis/Project Folder/ReRAM_AXI_Project/ReRAM_AXI_Project.srcs/sources_1/bd/system_bd/ipshared/ef1e/hdl/lib_cdc_v1_0_rfs.vhd:514]
	Parameter INIT bound to: 1'b0 
INFO: [Synth 8-113] binding component instance 'CROSS_PLEVEL_IN2SCNDRY_s_level_out_d2' to cell 'FDR' [c:/Users/hrish/Downloads/ReRAM_Thesis/Project Folder/ReRAM_AXI_Project/ReRAM_AXI_Project.srcs/sources_1/bd/system_bd/ipshared/ef1e/hdl/lib_cdc_v1_0_rfs.vhd:545]
	Parameter INIT bound to: 1'b0 
INFO: [Synth 8-113] binding component instance 'CROSS_PLEVEL_IN2SCNDRY_s_level_out_d3' to cell 'FDR' [c:/Users/hrish/Downloads/ReRAM_Thesis/Project Folder/ReRAM_AXI_Project/ReRAM_AXI_Project.srcs/sources_1/bd/system_bd/ipshared/ef1e/hdl/lib_cdc_v1_0_rfs.vhd:554]
	Parameter INIT bound to: 1'b0 
INFO: [Synth 8-113] binding component instance 'CROSS_PLEVEL_IN2SCNDRY_s_level_out_d4' to cell 'FDR' [c:/Users/hrish/Downloads/ReRAM_Thesis/Project Folder/ReRAM_AXI_Project/ReRAM_AXI_Project.srcs/sources_1/bd/system_bd/ipshared/ef1e/hdl/lib_cdc_v1_0_rfs.vhd:564]
	Parameter INIT bound to: 1'b0 
INFO: [Synth 8-113] binding component instance 'CROSS_PLEVEL_IN2SCNDRY_s_level_out_d5' to cell 'FDR' [c:/Users/hrish/Downloads/ReRAM_Thesis/Project Folder/ReRAM_AXI_Project/ReRAM_AXI_Project.srcs/sources_1/bd/system_bd/ipshared/ef1e/hdl/lib_cdc_v1_0_rfs.vhd:574]
	Parameter INIT bound to: 1'b0 
INFO: [Synth 8-113] binding component instance 'CROSS_PLEVEL_IN2SCNDRY_s_level_out_d6' to cell 'FDR' [c:/Users/hrish/Downloads/ReRAM_Thesis/Project Folder/ReRAM_AXI_Project/ReRAM_AXI_Project.srcs/sources_1/bd/system_bd/ipshared/ef1e/hdl/lib_cdc_v1_0_rfs.vhd:584]
INFO: [Synth 8-256] done synthesizing module 'cdc_sync' (119#1) [c:/Users/hrish/Downloads/ReRAM_Thesis/Project Folder/ReRAM_AXI_Project/ReRAM_AXI_Project.srcs/sources_1/bd/system_bd/ipshared/ef1e/hdl/lib_cdc_v1_0_rfs.vhd:106]
WARNING: [Synth 8-6426] Mix of Sync and Async assignments to register 'EXT_LPF[1].exr_lpf_reg' in module 'lpf' in the same process may cause logic issues. 
 Please split the sync and async parts into different processes [c:/Users/hrish/Downloads/ReRAM_Thesis/Project Folder/ReRAM_AXI_Project/ReRAM_AXI_Project.srcs/sources_1/bd/system_bd/ipshared/f86a/hdl/proc_sys_reset_v5_0_vh_rfs.vhd:984]
WARNING: [Synth 8-6426] Mix of Sync and Async assignments to register 'EXT_LPF[2].exr_lpf_reg' in module 'lpf' in the same process may cause logic issues. 
 Please split the sync and async parts into different processes [c:/Users/hrish/Downloads/ReRAM_Thesis/Project Folder/ReRAM_AXI_Project/ReRAM_AXI_Project.srcs/sources_1/bd/system_bd/ipshared/f86a/hdl/proc_sys_reset_v5_0_vh_rfs.vhd:1063]
WARNING: [Synth 8-6426] Mix of Sync and Async assignments to register 'EXT_LPF[3].exr_lpf_reg' in module 'lpf' in the same process may cause logic issues. 
 Please split the sync and async parts into different processes [c:/Users/hrish/Downloads/ReRAM_Thesis/Project Folder/ReRAM_AXI_Project/ReRAM_AXI_Project.srcs/sources_1/bd/system_bd/ipshared/f86a/hdl/proc_sys_reset_v5_0_vh_rfs.vhd:1063]
WARNING: [Synth 8-6426] Mix of Sync and Async assignments to register 'AUX_LPF[1].asr_lpf_reg' in module 'lpf' in the same process may cause logic issues. 
 Please split the sync and async parts into different processes [c:/Users/hrish/Downloads/ReRAM_Thesis/Project Folder/ReRAM_AXI_Project/ReRAM_AXI_Project.srcs/sources_1/bd/system_bd/ipshared/f86a/hdl/proc_sys_reset_v5_0_vh_rfs.vhd:1045]
WARNING: [Synth 8-6426] Mix of Sync and Async assignments to register 'AUX_LPF[2].asr_lpf_reg' in module 'lpf' in the same process may cause logic issues. 
 Please split the sync and async parts into different processes [c:/Users/hrish/Downloads/ReRAM_Thesis/Project Folder/ReRAM_AXI_Project/ReRAM_AXI_Project.srcs/sources_1/bd/system_bd/ipshared/f86a/hdl/proc_sys_reset_v5_0_vh_rfs.vhd:1096]
WARNING: [Synth 8-6426] Mix of Sync and Async assignments to register 'AUX_LPF[3].asr_lpf_reg' in module 'lpf' in the same process may cause logic issues. 
 Please split the sync and async parts into different processes [c:/Users/hrish/Downloads/ReRAM_Thesis/Project Folder/ReRAM_AXI_Project/ReRAM_AXI_Project.srcs/sources_1/bd/system_bd/ipshared/f86a/hdl/proc_sys_reset_v5_0_vh_rfs.vhd:1096]
INFO: [Synth 8-256] done synthesizing module 'lpf' (120#1) [c:/Users/hrish/Downloads/ReRAM_Thesis/Project Folder/ReRAM_AXI_Project/ReRAM_AXI_Project.srcs/sources_1/bd/system_bd/ipshared/f86a/hdl/proc_sys_reset_v5_0_vh_rfs.vhd:816]
INFO: [Synth 8-638] synthesizing module 'sequence_psr' [c:/Users/hrish/Downloads/ReRAM_Thesis/Project Folder/ReRAM_AXI_Project/ReRAM_AXI_Project.srcs/sources_1/bd/system_bd/ipshared/f86a/hdl/proc_sys_reset_v5_0_vh_rfs.vhd:301]
INFO: [Synth 8-638] synthesizing module 'upcnt_n' [c:/Users/hrish/Downloads/ReRAM_Thesis/Project Folder/ReRAM_AXI_Project/ReRAM_AXI_Project.srcs/sources_1/bd/system_bd/ipshared/f86a/hdl/proc_sys_reset_v5_0_vh_rfs.vhd:125]
	Parameter C_SIZE bound to: 6 - type: integer 
INFO: [Synth 8-256] done synthesizing module 'upcnt_n' (121#1) [c:/Users/hrish/Downloads/ReRAM_Thesis/Project Folder/ReRAM_AXI_Project/ReRAM_AXI_Project.srcs/sources_1/bd/system_bd/ipshared/f86a/hdl/proc_sys_reset_v5_0_vh_rfs.vhd:125]
INFO: [Synth 8-256] done synthesizing module 'sequence_psr' (122#1) [c:/Users/hrish/Downloads/ReRAM_Thesis/Project Folder/ReRAM_AXI_Project/ReRAM_AXI_Project.srcs/sources_1/bd/system_bd/ipshared/f86a/hdl/proc_sys_reset_v5_0_vh_rfs.vhd:301]
INFO: [Synth 8-256] done synthesizing module 'proc_sys_reset' (123#1) [c:/Users/hrish/Downloads/ReRAM_Thesis/Project Folder/ReRAM_AXI_Project/ReRAM_AXI_Project.srcs/sources_1/bd/system_bd/ipshared/f86a/hdl/proc_sys_reset_v5_0_vh_rfs.vhd:1323]
INFO: [Synth 8-256] done synthesizing module 'system_bd_rst_ps7_0_50M_1' (124#1) [c:/Users/hrish/Downloads/ReRAM_Thesis/Project Folder/ReRAM_AXI_Project/ReRAM_AXI_Project.srcs/sources_1/bd/system_bd/ip/system_bd_rst_ps7_0_50M_1/synth/system_bd_rst_ps7_0_50M_1.vhd:74]
WARNING: [Synth 8-350] instance 'rst_ps7_0_50M' of module 'system_bd_rst_ps7_0_50M_1' requires 10 connections, but only 7 given [C:/Users/hrish/Downloads/ReRAM_Thesis/Project Folder/ReRAM_AXI_Project/ReRAM_AXI_Project.srcs/sources_1/bd/system_bd/synth/system_bd.v:1518]
INFO: [Synth 8-6071] Mark debug on the nets applies keep_hierarchy on instance 'ps7_0_axi_periph'. This will prevent further optimization [C:/Users/hrish/Downloads/ReRAM_Thesis/Project Folder/ReRAM_AXI_Project/ReRAM_AXI_Project.srcs/sources_1/bd/system_bd/synth/system_bd.v:1391]
INFO: [Synth 8-6071] Mark debug on the nets applies keep_hierarchy on instance 'ila_0'. This will prevent further optimization [C:/Users/hrish/Downloads/ReRAM_Thesis/Project Folder/ReRAM_AXI_Project/ReRAM_AXI_Project.srcs/sources_1/bd/system_bd/synth/system_bd.v:1232]
INFO: [Synth 8-6071] Mark debug on the nets applies keep_hierarchy on instance 'ila_1'. This will prevent further optimization [C:/Users/hrish/Downloads/ReRAM_Thesis/Project Folder/ReRAM_AXI_Project/ReRAM_AXI_Project.srcs/sources_1/bd/system_bd/synth/system_bd.v:1278]
INFO: [Synth 8-6155] done synthesizing module 'system_bd' (125#1) [C:/Users/hrish/Downloads/ReRAM_Thesis/Project Folder/ReRAM_AXI_Project/ReRAM_AXI_Project.srcs/sources_1/bd/system_bd/synth/system_bd.v:1004]
INFO: [Synth 8-6155] done synthesizing module 'system_bd_wrapper' (126#1) [C:/Users/hrish/Downloads/ReRAM_Thesis/Project Folder/ReRAM_AXI_Project/ReRAM_AXI_Project.srcs/sources_1/bd/system_bd/hdl/system_bd_wrapper.v:12]
WARNING: [Synth 8-3331] design cdc_sync has unconnected port prmry_aclk
WARNING: [Synth 8-3331] design cdc_sync has unconnected port prmry_resetn
WARNING: [Synth 8-3331] design cdc_sync has unconnected port prmry_vect_in[1]
WARNING: [Synth 8-3331] design cdc_sync has unconnected port prmry_vect_in[0]
WARNING: [Synth 8-3331] design cdc_sync has unconnected port scndry_resetn
WARNING: [Synth 8-3331] design reram_axi_ip_v1_0_S00_AXI has unconnected port S_AXI_AWADDR[1]
WARNING: [Synth 8-3331] design reram_axi_ip_v1_0_S00_AXI has unconnected port S_AXI_AWADDR[0]
WARNING: [Synth 8-3331] design reram_axi_ip_v1_0_S00_AXI has unconnected port S_AXI_ARADDR[1]
WARNING: [Synth 8-3331] design reram_axi_ip_v1_0_S00_AXI has unconnected port S_AXI_ARADDR[0]
WARNING: [Synth 8-3331] design reram_axi_ip_v1_0 has unconnected port s00_axi_awprot[2]
WARNING: [Synth 8-3331] design reram_axi_ip_v1_0 has unconnected port s00_axi_awprot[1]
WARNING: [Synth 8-3331] design reram_axi_ip_v1_0 has unconnected port s00_axi_awprot[0]
WARNING: [Synth 8-3331] design reram_axi_ip_v1_0 has unconnected port s00_axi_arprot[2]
WARNING: [Synth 8-3331] design reram_axi_ip_v1_0 has unconnected port s00_axi_arprot[1]
WARNING: [Synth 8-3331] design reram_axi_ip_v1_0 has unconnected port s00_axi_arprot[0]
WARNING: [Synth 8-3331] design axi_infrastructure_v1_1_0_vector2axi__parameterized1 has unconnected port m_axi_buser[0]
WARNING: [Synth 8-3331] design axi_infrastructure_v1_1_0_vector2axi__parameterized1 has unconnected port m_axi_ruser[0]
WARNING: [Synth 8-3331] design axi_infrastructure_v1_1_0_axi2vector__parameterized1 has unconnected port s_axi_awuser[0]
WARNING: [Synth 8-3331] design axi_infrastructure_v1_1_0_axi2vector__parameterized1 has unconnected port s_axi_wid[11]
WARNING: [Synth 8-3331] design axi_infrastructure_v1_1_0_axi2vector__parameterized1 has unconnected port s_axi_wid[10]
WARNING: [Synth 8-3331] design axi_infrastructure_v1_1_0_axi2vector__parameterized1 has unconnected port s_axi_wid[9]
WARNING: [Synth 8-3331] design axi_infrastructure_v1_1_0_axi2vector__parameterized1 has unconnected port s_axi_wid[8]
WARNING: [Synth 8-3331] design axi_infrastructure_v1_1_0_axi2vector__parameterized1 has unconnected port s_axi_wid[7]
WARNING: [Synth 8-3331] design axi_infrastructure_v1_1_0_axi2vector__parameterized1 has unconnected port s_axi_wid[6]
WARNING: [Synth 8-3331] design axi_infrastructure_v1_1_0_axi2vector__parameterized1 has unconnected port s_axi_wid[5]
WARNING: [Synth 8-3331] design axi_infrastructure_v1_1_0_axi2vector__parameterized1 has unconnected port s_axi_wid[4]
WARNING: [Synth 8-3331] design axi_infrastructure_v1_1_0_axi2vector__parameterized1 has unconnected port s_axi_wid[3]
WARNING: [Synth 8-3331] design axi_infrastructure_v1_1_0_axi2vector__parameterized1 has unconnected port s_axi_wid[2]
WARNING: [Synth 8-3331] design axi_infrastructure_v1_1_0_axi2vector__parameterized1 has unconnected port s_axi_wid[1]
WARNING: [Synth 8-3331] design axi_infrastructure_v1_1_0_axi2vector__parameterized1 has unconnected port s_axi_wid[0]
WARNING: [Synth 8-3331] design axi_infrastructure_v1_1_0_axi2vector__parameterized1 has unconnected port s_axi_wuser[0]
WARNING: [Synth 8-3331] design axi_infrastructure_v1_1_0_axi2vector__parameterized1 has unconnected port s_axi_aruser[0]
WARNING: [Synth 8-3331] design axi_register_slice_v2_1_16_axic_register_slice__parameterized7 has unconnected port ACLK
WARNING: [Synth 8-3331] design axi_register_slice_v2_1_16_axic_register_slice__parameterized7 has unconnected port ARESET
WARNING: [Synth 8-3331] design axi_register_slice_v2_1_16_axic_register_slice__parameterized8 has unconnected port ACLK
WARNING: [Synth 8-3331] design axi_register_slice_v2_1_16_axic_register_slice__parameterized8 has unconnected port ARESET
WARNING: [Synth 8-3331] design axi_register_slice_v2_1_16_axi_register_slice__parameterized1 has unconnected port aclk2x
WARNING: [Synth 8-3331] design axi_crossbar_v2_1_17_wdata_mux__parameterized0 has unconnected port ACLK
WARNING: [Synth 8-3331] design axi_crossbar_v2_1_17_wdata_mux__parameterized0 has unconnected port ARESET
WARNING: [Synth 8-3331] design axi_crossbar_v2_1_17_wdata_mux__parameterized0 has unconnected port S_ASELECT[0]
WARNING: [Synth 8-3331] design axi_crossbar_v2_1_17_wdata_mux__parameterized0 has unconnected port S_AVALID
WARNING: [Synth 8-3331] design axi_crossbar_v2_1_17_wdata_mux has unconnected port ACLK
WARNING: [Synth 8-3331] design axi_crossbar_v2_1_17_wdata_mux has unconnected port ARESET
WARNING: [Synth 8-3331] design axi_crossbar_v2_1_17_wdata_mux has unconnected port S_ASELECT[0]
WARNING: [Synth 8-3331] design axi_crossbar_v2_1_17_wdata_mux has unconnected port S_AVALID
WARNING: [Synth 8-3331] design axi_crossbar_v2_1_17_addr_decoder has unconnected port ADDR[1]
WARNING: [Synth 8-3331] design axi_crossbar_v2_1_17_addr_decoder has unconnected port ADDR[0]
WARNING: [Synth 8-3331] design axi_crossbar_v2_1_17_si_transactor__parameterized0 has unconnected port S_ABURST[1]
WARNING: [Synth 8-3331] design axi_crossbar_v2_1_17_si_transactor__parameterized0 has unconnected port S_ABURST[0]
WARNING: [Synth 8-3331] design axi_crossbar_v2_1_17_si_transactor has unconnected port S_ABURST[1]
WARNING: [Synth 8-3331] design axi_crossbar_v2_1_17_si_transactor has unconnected port S_ABURST[0]
WARNING: [Synth 8-3331] design axi_crossbar_v2_1_17_crossbar has unconnected port S_AXI_WID[11]
WARNING: [Synth 8-3331] design axi_crossbar_v2_1_17_crossbar has unconnected port S_AXI_WID[10]
WARNING: [Synth 8-3331] design axi_crossbar_v2_1_17_crossbar has unconnected port S_AXI_WID[9]
WARNING: [Synth 8-3331] design axi_crossbar_v2_1_17_crossbar has unconnected port S_AXI_WID[8]
WARNING: [Synth 8-3331] design axi_crossbar_v2_1_17_crossbar has unconnected port S_AXI_WID[7]
WARNING: [Synth 8-3331] design axi_crossbar_v2_1_17_crossbar has unconnected port S_AXI_WID[6]
WARNING: [Synth 8-3331] design axi_crossbar_v2_1_17_crossbar has unconnected port S_AXI_WID[5]
WARNING: [Synth 8-3331] design axi_crossbar_v2_1_17_crossbar has unconnected port S_AXI_WID[4]
WARNING: [Synth 8-3331] design axi_crossbar_v2_1_17_crossbar has unconnected port S_AXI_WID[3]
WARNING: [Synth 8-3331] design axi_crossbar_v2_1_17_crossbar has unconnected port S_AXI_WID[2]
WARNING: [Synth 8-3331] design axi_crossbar_v2_1_17_crossbar has unconnected port S_AXI_WID[1]
WARNING: [Synth 8-3331] design axi_crossbar_v2_1_17_crossbar has unconnected port S_AXI_WID[0]
WARNING: [Synth 8-3331] design axi_crossbar_v2_1_17_axi_crossbar has unconnected port s_axi_awuser[0]
WARNING: [Synth 8-3331] design axi_crossbar_v2_1_17_axi_crossbar has unconnected port s_axi_wid[11]
WARNING: [Synth 8-3331] design axi_crossbar_v2_1_17_axi_crossbar has unconnected port s_axi_wid[10]
WARNING: [Synth 8-3331] design axi_crossbar_v2_1_17_axi_crossbar has unconnected port s_axi_wid[9]
WARNING: [Synth 8-3331] design axi_crossbar_v2_1_17_axi_crossbar has unconnected port s_axi_wid[8]
WARNING: [Synth 8-3331] design axi_crossbar_v2_1_17_axi_crossbar has unconnected port s_axi_wid[7]
WARNING: [Synth 8-3331] design axi_crossbar_v2_1_17_axi_crossbar has unconnected port s_axi_wid[6]
WARNING: [Synth 8-3331] design axi_crossbar_v2_1_17_axi_crossbar has unconnected port s_axi_wid[5]
WARNING: [Synth 8-3331] design axi_crossbar_v2_1_17_axi_crossbar has unconnected port s_axi_wid[4]
WARNING: [Synth 8-3331] design axi_crossbar_v2_1_17_axi_crossbar has unconnected port s_axi_wid[3]
WARNING: [Synth 8-3331] design axi_crossbar_v2_1_17_axi_crossbar has unconnected port s_axi_wid[2]
WARNING: [Synth 8-3331] design axi_crossbar_v2_1_17_axi_crossbar has unconnected port s_axi_wid[1]
WARNING: [Synth 8-3331] design axi_crossbar_v2_1_17_axi_crossbar has unconnected port s_axi_wid[0]
WARNING: [Synth 8-3331] design axi_crossbar_v2_1_17_axi_crossbar has unconnected port s_axi_wuser[0]
WARNING: [Synth 8-3331] design axi_crossbar_v2_1_17_axi_crossbar has unconnected port s_axi_aruser[0]
WARNING: [Synth 8-3331] design axi_crossbar_v2_1_17_axi_crossbar has unconnected port m_axi_buser[1]
WARNING: [Synth 8-3331] design axi_crossbar_v2_1_17_axi_crossbar has unconnected port m_axi_buser[0]
WARNING: [Synth 8-3331] design axi_crossbar_v2_1_17_axi_crossbar has unconnected port m_axi_ruser[1]
WARNING: [Synth 8-3331] design axi_crossbar_v2_1_17_axi_crossbar has unconnected port m_axi_ruser[0]
WARNING: [Synth 8-3331] design axi_protocol_converter_v2_1_16_axi_protocol_converter__parameterized0 has unconnected port aclk
WARNING: [Synth 8-3331] design axi_protocol_converter_v2_1_16_axi_protocol_converter__parameterized0 has unconnected port aresetn
WARNING: [Synth 8-3331] design axi_protocol_converter_v2_1_16_axi_protocol_converter__parameterized0 has unconnected port s_axi_awlock[1]
WARNING: [Synth 8-3331] design axi_protocol_converter_v2_1_16_axi_protocol_converter__parameterized0 has unconnected port s_axi_awregion[3]
WARNING: [Synth 8-3331] design axi_protocol_converter_v2_1_16_axi_protocol_converter__parameterized0 has unconnected port s_axi_awregion[2]
WARNING: [Synth 8-3331] design axi_protocol_converter_v2_1_16_axi_protocol_converter__parameterized0 has unconnected port s_axi_awregion[1]
WARNING: [Synth 8-3331] design axi_protocol_converter_v2_1_16_axi_protocol_converter__parameterized0 has unconnected port s_axi_awregion[0]
WARNING: [Synth 8-3331] design axi_protocol_converter_v2_1_16_axi_protocol_converter__parameterized0 has unconnected port s_axi_wid[11]
WARNING: [Synth 8-3331] design axi_protocol_converter_v2_1_16_axi_protocol_converter__parameterized0 has unconnected port s_axi_wid[10]
WARNING: [Synth 8-3331] design axi_protocol_converter_v2_1_16_axi_protocol_converter__parameterized0 has unconnected port s_axi_wid[9]
WARNING: [Synth 8-3331] design axi_protocol_converter_v2_1_16_axi_protocol_converter__parameterized0 has unconnected port s_axi_wid[8]
WARNING: [Synth 8-3331] design axi_protocol_converter_v2_1_16_axi_protocol_converter__parameterized0 has unconnected port s_axi_wid[7]
WARNING: [Synth 8-3331] design axi_protocol_converter_v2_1_16_axi_protocol_converter__parameterized0 has unconnected port s_axi_wid[6]
WARNING: [Synth 8-3331] design axi_protocol_converter_v2_1_16_axi_protocol_converter__parameterized0 has unconnected port s_axi_wid[5]
WARNING: [Synth 8-3331] design axi_protocol_converter_v2_1_16_axi_protocol_converter__parameterized0 has unconnected port s_axi_wid[4]
WARNING: [Synth 8-3331] design axi_protocol_converter_v2_1_16_axi_protocol_converter__parameterized0 has unconnected port s_axi_wid[3]
WARNING: [Synth 8-3331] design axi_protocol_converter_v2_1_16_axi_protocol_converter__parameterized0 has unconnected port s_axi_wid[2]
WARNING: [Synth 8-3331] design axi_protocol_converter_v2_1_16_axi_protocol_converter__parameterized0 has unconnected port s_axi_wid[1]
INFO: [Common 17-14] Message 'Synth 8-3331' appears 100 times and further instances of the messages will be disabled. Use the Tcl command set_msg_config to change the current settings.
---------------------------------------------------------------------------------
Finished RTL Elaboration : Time (s): cpu = 00:03:41 ; elapsed = 00:03:51 . Memory (MB): peak = 1345.785 ; gain = 1005.699
---------------------------------------------------------------------------------

Report Check Netlist: 
+------+------------------+-------+---------+-------+------------------+
|      |Item              |Errors |Warnings |Status |Description       |
+------+------------------+-------+---------+-------+------------------+
|1     |multi_driven_nets |      0|        0|Passed |Multi driven nets |
+------+------------------+-------+---------+-------+------------------+
INFO: [Synth 8-3295] tying undriven pin inst:sl_iport0[36] to constant 0 [c:/Users/hrish/Downloads/ReRAM_Thesis/Project Folder/ReRAM_AXI_Project/ReRAM_AXI_Project.srcs/sources_1/bd/system_bd/ip/system_bd_ila_0_0/synth/system_bd_ila_0_0.v:3295]
INFO: [Synth 8-3295] tying undriven pin inst:sl_iport0[35] to constant 0 [c:/Users/hrish/Downloads/ReRAM_Thesis/Project Folder/ReRAM_AXI_Project/ReRAM_AXI_Project.srcs/sources_1/bd/system_bd/ip/system_bd_ila_0_0/synth/system_bd_ila_0_0.v:3295]
INFO: [Synth 8-3295] tying undriven pin inst:sl_iport0[34] to constant 0 [c:/Users/hrish/Downloads/ReRAM_Thesis/Project Folder/ReRAM_AXI_Project/ReRAM_AXI_Project.srcs/sources_1/bd/system_bd/ip/system_bd_ila_0_0/synth/system_bd_ila_0_0.v:3295]
INFO: [Synth 8-3295] tying undriven pin inst:sl_iport0[33] to constant 0 [c:/Users/hrish/Downloads/ReRAM_Thesis/Project Folder/ReRAM_AXI_Project/ReRAM_AXI_Project.srcs/sources_1/bd/system_bd/ip/system_bd_ila_0_0/synth/system_bd_ila_0_0.v:3295]
INFO: [Synth 8-3295] tying undriven pin inst:sl_iport0[32] to constant 0 [c:/Users/hrish/Downloads/ReRAM_Thesis/Project Folder/ReRAM_AXI_Project/ReRAM_AXI_Project.srcs/sources_1/bd/system_bd/ip/system_bd_ila_0_0/synth/system_bd_ila_0_0.v:3295]
INFO: [Synth 8-3295] tying undriven pin inst:sl_iport0[31] to constant 0 [c:/Users/hrish/Downloads/ReRAM_Thesis/Project Folder/ReRAM_AXI_Project/ReRAM_AXI_Project.srcs/sources_1/bd/system_bd/ip/system_bd_ila_0_0/synth/system_bd_ila_0_0.v:3295]
INFO: [Synth 8-3295] tying undriven pin inst:sl_iport0[30] to constant 0 [c:/Users/hrish/Downloads/ReRAM_Thesis/Project Folder/ReRAM_AXI_Project/ReRAM_AXI_Project.srcs/sources_1/bd/system_bd/ip/system_bd_ila_0_0/synth/system_bd_ila_0_0.v:3295]
INFO: [Synth 8-3295] tying undriven pin inst:sl_iport0[29] to constant 0 [c:/Users/hrish/Downloads/ReRAM_Thesis/Project Folder/ReRAM_AXI_Project/ReRAM_AXI_Project.srcs/sources_1/bd/system_bd/ip/system_bd_ila_0_0/synth/system_bd_ila_0_0.v:3295]
INFO: [Synth 8-3295] tying undriven pin inst:sl_iport0[28] to constant 0 [c:/Users/hrish/Downloads/ReRAM_Thesis/Project Folder/ReRAM_AXI_Project/ReRAM_AXI_Project.srcs/sources_1/bd/system_bd/ip/system_bd_ila_0_0/synth/system_bd_ila_0_0.v:3295]
INFO: [Synth 8-3295] tying undriven pin inst:sl_iport0[27] to constant 0 [c:/Users/hrish/Downloads/ReRAM_Thesis/Project Folder/ReRAM_AXI_Project/ReRAM_AXI_Project.srcs/sources_1/bd/system_bd/ip/system_bd_ila_0_0/synth/system_bd_ila_0_0.v:3295]
INFO: [Synth 8-3295] tying undriven pin inst:sl_iport0[26] to constant 0 [c:/Users/hrish/Downloads/ReRAM_Thesis/Project Folder/ReRAM_AXI_Project/ReRAM_AXI_Project.srcs/sources_1/bd/system_bd/ip/system_bd_ila_0_0/synth/system_bd_ila_0_0.v:3295]
INFO: [Synth 8-3295] tying undriven pin inst:sl_iport0[25] to constant 0 [c:/Users/hrish/Downloads/ReRAM_Thesis/Project Folder/ReRAM_AXI_Project/ReRAM_AXI_Project.srcs/sources_1/bd/system_bd/ip/system_bd_ila_0_0/synth/system_bd_ila_0_0.v:3295]
INFO: [Synth 8-3295] tying undriven pin inst:sl_iport0[24] to constant 0 [c:/Users/hrish/Downloads/ReRAM_Thesis/Project Folder/ReRAM_AXI_Project/ReRAM_AXI_Project.srcs/sources_1/bd/system_bd/ip/system_bd_ila_0_0/synth/system_bd_ila_0_0.v:3295]
INFO: [Synth 8-3295] tying undriven pin inst:sl_iport0[23] to constant 0 [c:/Users/hrish/Downloads/ReRAM_Thesis/Project Folder/ReRAM_AXI_Project/ReRAM_AXI_Project.srcs/sources_1/bd/system_bd/ip/system_bd_ila_0_0/synth/system_bd_ila_0_0.v:3295]
INFO: [Synth 8-3295] tying undriven pin inst:sl_iport0[22] to constant 0 [c:/Users/hrish/Downloads/ReRAM_Thesis/Project Folder/ReRAM_AXI_Project/ReRAM_AXI_Project.srcs/sources_1/bd/system_bd/ip/system_bd_ila_0_0/synth/system_bd_ila_0_0.v:3295]
INFO: [Synth 8-3295] tying undriven pin inst:sl_iport0[21] to constant 0 [c:/Users/hrish/Downloads/ReRAM_Thesis/Project Folder/ReRAM_AXI_Project/ReRAM_AXI_Project.srcs/sources_1/bd/system_bd/ip/system_bd_ila_0_0/synth/system_bd_ila_0_0.v:3295]
INFO: [Synth 8-3295] tying undriven pin inst:sl_iport0[20] to constant 0 [c:/Users/hrish/Downloads/ReRAM_Thesis/Project Folder/ReRAM_AXI_Project/ReRAM_AXI_Project.srcs/sources_1/bd/system_bd/ip/system_bd_ila_0_0/synth/system_bd_ila_0_0.v:3295]
INFO: [Synth 8-3295] tying undriven pin inst:sl_iport0[19] to constant 0 [c:/Users/hrish/Downloads/ReRAM_Thesis/Project Folder/ReRAM_AXI_Project/ReRAM_AXI_Project.srcs/sources_1/bd/system_bd/ip/system_bd_ila_0_0/synth/system_bd_ila_0_0.v:3295]
INFO: [Synth 8-3295] tying undriven pin inst:sl_iport0[18] to constant 0 [c:/Users/hrish/Downloads/ReRAM_Thesis/Project Folder/ReRAM_AXI_Project/ReRAM_AXI_Project.srcs/sources_1/bd/system_bd/ip/system_bd_ila_0_0/synth/system_bd_ila_0_0.v:3295]
INFO: [Synth 8-3295] tying undriven pin inst:sl_iport0[17] to constant 0 [c:/Users/hrish/Downloads/ReRAM_Thesis/Project Folder/ReRAM_AXI_Project/ReRAM_AXI_Project.srcs/sources_1/bd/system_bd/ip/system_bd_ila_0_0/synth/system_bd_ila_0_0.v:3295]
INFO: [Synth 8-3295] tying undriven pin inst:sl_iport0[16] to constant 0 [c:/Users/hrish/Downloads/ReRAM_Thesis/Project Folder/ReRAM_AXI_Project/ReRAM_AXI_Project.srcs/sources_1/bd/system_bd/ip/system_bd_ila_0_0/synth/system_bd_ila_0_0.v:3295]
INFO: [Synth 8-3295] tying undriven pin inst:sl_iport0[15] to constant 0 [c:/Users/hrish/Downloads/ReRAM_Thesis/Project Folder/ReRAM_AXI_Project/ReRAM_AXI_Project.srcs/sources_1/bd/system_bd/ip/system_bd_ila_0_0/synth/system_bd_ila_0_0.v:3295]
INFO: [Synth 8-3295] tying undriven pin inst:sl_iport0[14] to constant 0 [c:/Users/hrish/Downloads/ReRAM_Thesis/Project Folder/ReRAM_AXI_Project/ReRAM_AXI_Project.srcs/sources_1/bd/system_bd/ip/system_bd_ila_0_0/synth/system_bd_ila_0_0.v:3295]
INFO: [Synth 8-3295] tying undriven pin inst:sl_iport0[13] to constant 0 [c:/Users/hrish/Downloads/ReRAM_Thesis/Project Folder/ReRAM_AXI_Project/ReRAM_AXI_Project.srcs/sources_1/bd/system_bd/ip/system_bd_ila_0_0/synth/system_bd_ila_0_0.v:3295]
INFO: [Synth 8-3295] tying undriven pin inst:sl_iport0[12] to constant 0 [c:/Users/hrish/Downloads/ReRAM_Thesis/Project Folder/ReRAM_AXI_Project/ReRAM_AXI_Project.srcs/sources_1/bd/system_bd/ip/system_bd_ila_0_0/synth/system_bd_ila_0_0.v:3295]
INFO: [Synth 8-3295] tying undriven pin inst:sl_iport0[11] to constant 0 [c:/Users/hrish/Downloads/ReRAM_Thesis/Project Folder/ReRAM_AXI_Project/ReRAM_AXI_Project.srcs/sources_1/bd/system_bd/ip/system_bd_ila_0_0/synth/system_bd_ila_0_0.v:3295]
INFO: [Synth 8-3295] tying undriven pin inst:sl_iport0[10] to constant 0 [c:/Users/hrish/Downloads/ReRAM_Thesis/Project Folder/ReRAM_AXI_Project/ReRAM_AXI_Project.srcs/sources_1/bd/system_bd/ip/system_bd_ila_0_0/synth/system_bd_ila_0_0.v:3295]
INFO: [Synth 8-3295] tying undriven pin inst:sl_iport0[9] to constant 0 [c:/Users/hrish/Downloads/ReRAM_Thesis/Project Folder/ReRAM_AXI_Project/ReRAM_AXI_Project.srcs/sources_1/bd/system_bd/ip/system_bd_ila_0_0/synth/system_bd_ila_0_0.v:3295]
INFO: [Synth 8-3295] tying undriven pin inst:sl_iport0[8] to constant 0 [c:/Users/hrish/Downloads/ReRAM_Thesis/Project Folder/ReRAM_AXI_Project/ReRAM_AXI_Project.srcs/sources_1/bd/system_bd/ip/system_bd_ila_0_0/synth/system_bd_ila_0_0.v:3295]
INFO: [Synth 8-3295] tying undriven pin inst:sl_iport0[7] to constant 0 [c:/Users/hrish/Downloads/ReRAM_Thesis/Project Folder/ReRAM_AXI_Project/ReRAM_AXI_Project.srcs/sources_1/bd/system_bd/ip/system_bd_ila_0_0/synth/system_bd_ila_0_0.v:3295]
INFO: [Synth 8-3295] tying undriven pin inst:sl_iport0[6] to constant 0 [c:/Users/hrish/Downloads/ReRAM_Thesis/Project Folder/ReRAM_AXI_Project/ReRAM_AXI_Project.srcs/sources_1/bd/system_bd/ip/system_bd_ila_0_0/synth/system_bd_ila_0_0.v:3295]
INFO: [Synth 8-3295] tying undriven pin inst:sl_iport0[5] to constant 0 [c:/Users/hrish/Downloads/ReRAM_Thesis/Project Folder/ReRAM_AXI_Project/ReRAM_AXI_Project.srcs/sources_1/bd/system_bd/ip/system_bd_ila_0_0/synth/system_bd_ila_0_0.v:3295]
INFO: [Synth 8-3295] tying undriven pin inst:sl_iport0[4] to constant 0 [c:/Users/hrish/Downloads/ReRAM_Thesis/Project Folder/ReRAM_AXI_Project/ReRAM_AXI_Project.srcs/sources_1/bd/system_bd/ip/system_bd_ila_0_0/synth/system_bd_ila_0_0.v:3295]
INFO: [Synth 8-3295] tying undriven pin inst:sl_iport0[3] to constant 0 [c:/Users/hrish/Downloads/ReRAM_Thesis/Project Folder/ReRAM_AXI_Project/ReRAM_AXI_Project.srcs/sources_1/bd/system_bd/ip/system_bd_ila_0_0/synth/system_bd_ila_0_0.v:3295]
INFO: [Synth 8-3295] tying undriven pin inst:sl_iport0[2] to constant 0 [c:/Users/hrish/Downloads/ReRAM_Thesis/Project Folder/ReRAM_AXI_Project/ReRAM_AXI_Project.srcs/sources_1/bd/system_bd/ip/system_bd_ila_0_0/synth/system_bd_ila_0_0.v:3295]
INFO: [Synth 8-3295] tying undriven pin inst:sl_iport0[1] to constant 0 [c:/Users/hrish/Downloads/ReRAM_Thesis/Project Folder/ReRAM_AXI_Project/ReRAM_AXI_Project.srcs/sources_1/bd/system_bd/ip/system_bd_ila_0_0/synth/system_bd_ila_0_0.v:3295]
INFO: [Synth 8-3295] tying undriven pin inst:sl_iport0[0] to constant 0 [c:/Users/hrish/Downloads/ReRAM_Thesis/Project Folder/ReRAM_AXI_Project/ReRAM_AXI_Project.srcs/sources_1/bd/system_bd/ip/system_bd_ila_0_0/synth/system_bd_ila_0_0.v:3295]
INFO: [Synth 8-3295] tying undriven pin inst:trig_in to constant 0 [c:/Users/hrish/Downloads/ReRAM_Thesis/Project Folder/ReRAM_AXI_Project/ReRAM_AXI_Project.srcs/sources_1/bd/system_bd/ip/system_bd_ila_0_0/synth/system_bd_ila_0_0.v:3295]
INFO: [Synth 8-3295] tying undriven pin inst:trig_out_ack to constant 0 [c:/Users/hrish/Downloads/ReRAM_Thesis/Project Folder/ReRAM_AXI_Project/ReRAM_AXI_Project.srcs/sources_1/bd/system_bd/ip/system_bd_ila_0_0/synth/system_bd_ila_0_0.v:3295]
INFO: [Synth 8-3295] tying undriven pin inst:sl_iport0[36] to constant 0 [c:/Users/hrish/Downloads/ReRAM_Thesis/Project Folder/ReRAM_AXI_Project/ReRAM_AXI_Project.srcs/sources_1/bd/system_bd/ip/system_bd_ila_1_0/synth/system_bd_ila_1_0.v:3297]
INFO: [Synth 8-3295] tying undriven pin inst:sl_iport0[35] to constant 0 [c:/Users/hrish/Downloads/ReRAM_Thesis/Project Folder/ReRAM_AXI_Project/ReRAM_AXI_Project.srcs/sources_1/bd/system_bd/ip/system_bd_ila_1_0/synth/system_bd_ila_1_0.v:3297]
INFO: [Synth 8-3295] tying undriven pin inst:sl_iport0[34] to constant 0 [c:/Users/hrish/Downloads/ReRAM_Thesis/Project Folder/ReRAM_AXI_Project/ReRAM_AXI_Project.srcs/sources_1/bd/system_bd/ip/system_bd_ila_1_0/synth/system_bd_ila_1_0.v:3297]
INFO: [Synth 8-3295] tying undriven pin inst:sl_iport0[33] to constant 0 [c:/Users/hrish/Downloads/ReRAM_Thesis/Project Folder/ReRAM_AXI_Project/ReRAM_AXI_Project.srcs/sources_1/bd/system_bd/ip/system_bd_ila_1_0/synth/system_bd_ila_1_0.v:3297]
INFO: [Synth 8-3295] tying undriven pin inst:sl_iport0[32] to constant 0 [c:/Users/hrish/Downloads/ReRAM_Thesis/Project Folder/ReRAM_AXI_Project/ReRAM_AXI_Project.srcs/sources_1/bd/system_bd/ip/system_bd_ila_1_0/synth/system_bd_ila_1_0.v:3297]
INFO: [Synth 8-3295] tying undriven pin inst:sl_iport0[31] to constant 0 [c:/Users/hrish/Downloads/ReRAM_Thesis/Project Folder/ReRAM_AXI_Project/ReRAM_AXI_Project.srcs/sources_1/bd/system_bd/ip/system_bd_ila_1_0/synth/system_bd_ila_1_0.v:3297]
INFO: [Synth 8-3295] tying undriven pin inst:sl_iport0[30] to constant 0 [c:/Users/hrish/Downloads/ReRAM_Thesis/Project Folder/ReRAM_AXI_Project/ReRAM_AXI_Project.srcs/sources_1/bd/system_bd/ip/system_bd_ila_1_0/synth/system_bd_ila_1_0.v:3297]
INFO: [Synth 8-3295] tying undriven pin inst:sl_iport0[29] to constant 0 [c:/Users/hrish/Downloads/ReRAM_Thesis/Project Folder/ReRAM_AXI_Project/ReRAM_AXI_Project.srcs/sources_1/bd/system_bd/ip/system_bd_ila_1_0/synth/system_bd_ila_1_0.v:3297]
INFO: [Synth 8-3295] tying undriven pin inst:sl_iport0[28] to constant 0 [c:/Users/hrish/Downloads/ReRAM_Thesis/Project Folder/ReRAM_AXI_Project/ReRAM_AXI_Project.srcs/sources_1/bd/system_bd/ip/system_bd_ila_1_0/synth/system_bd_ila_1_0.v:3297]
INFO: [Synth 8-3295] tying undriven pin inst:sl_iport0[27] to constant 0 [c:/Users/hrish/Downloads/ReRAM_Thesis/Project Folder/ReRAM_AXI_Project/ReRAM_AXI_Project.srcs/sources_1/bd/system_bd/ip/system_bd_ila_1_0/synth/system_bd_ila_1_0.v:3297]
INFO: [Synth 8-3295] tying undriven pin inst:sl_iport0[26] to constant 0 [c:/Users/hrish/Downloads/ReRAM_Thesis/Project Folder/ReRAM_AXI_Project/ReRAM_AXI_Project.srcs/sources_1/bd/system_bd/ip/system_bd_ila_1_0/synth/system_bd_ila_1_0.v:3297]
INFO: [Synth 8-3295] tying undriven pin inst:sl_iport0[25] to constant 0 [c:/Users/hrish/Downloads/ReRAM_Thesis/Project Folder/ReRAM_AXI_Project/ReRAM_AXI_Project.srcs/sources_1/bd/system_bd/ip/system_bd_ila_1_0/synth/system_bd_ila_1_0.v:3297]
INFO: [Synth 8-3295] tying undriven pin inst:sl_iport0[24] to constant 0 [c:/Users/hrish/Downloads/ReRAM_Thesis/Project Folder/ReRAM_AXI_Project/ReRAM_AXI_Project.srcs/sources_1/bd/system_bd/ip/system_bd_ila_1_0/synth/system_bd_ila_1_0.v:3297]
INFO: [Synth 8-3295] tying undriven pin inst:sl_iport0[23] to constant 0 [c:/Users/hrish/Downloads/ReRAM_Thesis/Project Folder/ReRAM_AXI_Project/ReRAM_AXI_Project.srcs/sources_1/bd/system_bd/ip/system_bd_ila_1_0/synth/system_bd_ila_1_0.v:3297]
INFO: [Synth 8-3295] tying undriven pin inst:sl_iport0[22] to constant 0 [c:/Users/hrish/Downloads/ReRAM_Thesis/Project Folder/ReRAM_AXI_Project/ReRAM_AXI_Project.srcs/sources_1/bd/system_bd/ip/system_bd_ila_1_0/synth/system_bd_ila_1_0.v:3297]
INFO: [Synth 8-3295] tying undriven pin inst:sl_iport0[21] to constant 0 [c:/Users/hrish/Downloads/ReRAM_Thesis/Project Folder/ReRAM_AXI_Project/ReRAM_AXI_Project.srcs/sources_1/bd/system_bd/ip/system_bd_ila_1_0/synth/system_bd_ila_1_0.v:3297]
INFO: [Synth 8-3295] tying undriven pin inst:sl_iport0[20] to constant 0 [c:/Users/hrish/Downloads/ReRAM_Thesis/Project Folder/ReRAM_AXI_Project/ReRAM_AXI_Project.srcs/sources_1/bd/system_bd/ip/system_bd_ila_1_0/synth/system_bd_ila_1_0.v:3297]
INFO: [Synth 8-3295] tying undriven pin inst:sl_iport0[19] to constant 0 [c:/Users/hrish/Downloads/ReRAM_Thesis/Project Folder/ReRAM_AXI_Project/ReRAM_AXI_Project.srcs/sources_1/bd/system_bd/ip/system_bd_ila_1_0/synth/system_bd_ila_1_0.v:3297]
INFO: [Synth 8-3295] tying undriven pin inst:sl_iport0[18] to constant 0 [c:/Users/hrish/Downloads/ReRAM_Thesis/Project Folder/ReRAM_AXI_Project/ReRAM_AXI_Project.srcs/sources_1/bd/system_bd/ip/system_bd_ila_1_0/synth/system_bd_ila_1_0.v:3297]
INFO: [Synth 8-3295] tying undriven pin inst:sl_iport0[17] to constant 0 [c:/Users/hrish/Downloads/ReRAM_Thesis/Project Folder/ReRAM_AXI_Project/ReRAM_AXI_Project.srcs/sources_1/bd/system_bd/ip/system_bd_ila_1_0/synth/system_bd_ila_1_0.v:3297]
INFO: [Synth 8-3295] tying undriven pin inst:sl_iport0[16] to constant 0 [c:/Users/hrish/Downloads/ReRAM_Thesis/Project Folder/ReRAM_AXI_Project/ReRAM_AXI_Project.srcs/sources_1/bd/system_bd/ip/system_bd_ila_1_0/synth/system_bd_ila_1_0.v:3297]
INFO: [Synth 8-3295] tying undriven pin inst:sl_iport0[15] to constant 0 [c:/Users/hrish/Downloads/ReRAM_Thesis/Project Folder/ReRAM_AXI_Project/ReRAM_AXI_Project.srcs/sources_1/bd/system_bd/ip/system_bd_ila_1_0/synth/system_bd_ila_1_0.v:3297]
INFO: [Synth 8-3295] tying undriven pin inst:sl_iport0[14] to constant 0 [c:/Users/hrish/Downloads/ReRAM_Thesis/Project Folder/ReRAM_AXI_Project/ReRAM_AXI_Project.srcs/sources_1/bd/system_bd/ip/system_bd_ila_1_0/synth/system_bd_ila_1_0.v:3297]
INFO: [Synth 8-3295] tying undriven pin inst:sl_iport0[13] to constant 0 [c:/Users/hrish/Downloads/ReRAM_Thesis/Project Folder/ReRAM_AXI_Project/ReRAM_AXI_Project.srcs/sources_1/bd/system_bd/ip/system_bd_ila_1_0/synth/system_bd_ila_1_0.v:3297]
INFO: [Synth 8-3295] tying undriven pin inst:sl_iport0[12] to constant 0 [c:/Users/hrish/Downloads/ReRAM_Thesis/Project Folder/ReRAM_AXI_Project/ReRAM_AXI_Project.srcs/sources_1/bd/system_bd/ip/system_bd_ila_1_0/synth/system_bd_ila_1_0.v:3297]
INFO: [Synth 8-3295] tying undriven pin inst:sl_iport0[11] to constant 0 [c:/Users/hrish/Downloads/ReRAM_Thesis/Project Folder/ReRAM_AXI_Project/ReRAM_AXI_Project.srcs/sources_1/bd/system_bd/ip/system_bd_ila_1_0/synth/system_bd_ila_1_0.v:3297]
INFO: [Synth 8-3295] tying undriven pin inst:sl_iport0[10] to constant 0 [c:/Users/hrish/Downloads/ReRAM_Thesis/Project Folder/ReRAM_AXI_Project/ReRAM_AXI_Project.srcs/sources_1/bd/system_bd/ip/system_bd_ila_1_0/synth/system_bd_ila_1_0.v:3297]
INFO: [Synth 8-3295] tying undriven pin inst:sl_iport0[9] to constant 0 [c:/Users/hrish/Downloads/ReRAM_Thesis/Project Folder/ReRAM_AXI_Project/ReRAM_AXI_Project.srcs/sources_1/bd/system_bd/ip/system_bd_ila_1_0/synth/system_bd_ila_1_0.v:3297]
INFO: [Synth 8-3295] tying undriven pin inst:sl_iport0[8] to constant 0 [c:/Users/hrish/Downloads/ReRAM_Thesis/Project Folder/ReRAM_AXI_Project/ReRAM_AXI_Project.srcs/sources_1/bd/system_bd/ip/system_bd_ila_1_0/synth/system_bd_ila_1_0.v:3297]
INFO: [Synth 8-3295] tying undriven pin inst:sl_iport0[7] to constant 0 [c:/Users/hrish/Downloads/ReRAM_Thesis/Project Folder/ReRAM_AXI_Project/ReRAM_AXI_Project.srcs/sources_1/bd/system_bd/ip/system_bd_ila_1_0/synth/system_bd_ila_1_0.v:3297]
INFO: [Synth 8-3295] tying undriven pin inst:sl_iport0[6] to constant 0 [c:/Users/hrish/Downloads/ReRAM_Thesis/Project Folder/ReRAM_AXI_Project/ReRAM_AXI_Project.srcs/sources_1/bd/system_bd/ip/system_bd_ila_1_0/synth/system_bd_ila_1_0.v:3297]
INFO: [Synth 8-3295] tying undriven pin inst:sl_iport0[5] to constant 0 [c:/Users/hrish/Downloads/ReRAM_Thesis/Project Folder/ReRAM_AXI_Project/ReRAM_AXI_Project.srcs/sources_1/bd/system_bd/ip/system_bd_ila_1_0/synth/system_bd_ila_1_0.v:3297]
INFO: [Synth 8-3295] tying undriven pin inst:sl_iport0[4] to constant 0 [c:/Users/hrish/Downloads/ReRAM_Thesis/Project Folder/ReRAM_AXI_Project/ReRAM_AXI_Project.srcs/sources_1/bd/system_bd/ip/system_bd_ila_1_0/synth/system_bd_ila_1_0.v:3297]
INFO: [Synth 8-3295] tying undriven pin inst:sl_iport0[3] to constant 0 [c:/Users/hrish/Downloads/ReRAM_Thesis/Project Folder/ReRAM_AXI_Project/ReRAM_AXI_Project.srcs/sources_1/bd/system_bd/ip/system_bd_ila_1_0/synth/system_bd_ila_1_0.v:3297]
INFO: [Synth 8-3295] tying undriven pin inst:sl_iport0[2] to constant 0 [c:/Users/hrish/Downloads/ReRAM_Thesis/Project Folder/ReRAM_AXI_Project/ReRAM_AXI_Project.srcs/sources_1/bd/system_bd/ip/system_bd_ila_1_0/synth/system_bd_ila_1_0.v:3297]
INFO: [Synth 8-3295] tying undriven pin inst:sl_iport0[1] to constant 0 [c:/Users/hrish/Downloads/ReRAM_Thesis/Project Folder/ReRAM_AXI_Project/ReRAM_AXI_Project.srcs/sources_1/bd/system_bd/ip/system_bd_ila_1_0/synth/system_bd_ila_1_0.v:3297]
INFO: [Synth 8-3295] tying undriven pin inst:sl_iport0[0] to constant 0 [c:/Users/hrish/Downloads/ReRAM_Thesis/Project Folder/ReRAM_AXI_Project/ReRAM_AXI_Project.srcs/sources_1/bd/system_bd/ip/system_bd_ila_1_0/synth/system_bd_ila_1_0.v:3297]
INFO: [Synth 8-3295] tying undriven pin inst:trig_in to constant 0 [c:/Users/hrish/Downloads/ReRAM_Thesis/Project Folder/ReRAM_AXI_Project/ReRAM_AXI_Project.srcs/sources_1/bd/system_bd/ip/system_bd_ila_1_0/synth/system_bd_ila_1_0.v:3297]
INFO: [Synth 8-3295] tying undriven pin inst:trig_out_ack to constant 0 [c:/Users/hrish/Downloads/ReRAM_Thesis/Project Folder/ReRAM_AXI_Project/ReRAM_AXI_Project.srcs/sources_1/bd/system_bd/ip/system_bd_ila_1_0/synth/system_bd_ila_1_0.v:3297]
---------------------------------------------------------------------------------
Start Handling Custom Attributes
---------------------------------------------------------------------------------
---------------------------------------------------------------------------------
Finished Handling Custom Attributes : Time (s): cpu = 00:03:42 ; elapsed = 00:03:52 . Memory (MB): peak = 1345.785 ; gain = 1005.699
---------------------------------------------------------------------------------
---------------------------------------------------------------------------------
Finished RTL Optimization Phase 1 : Time (s): cpu = 00:03:42 ; elapsed = 00:03:52 . Memory (MB): peak = 1345.785 ; gain = 1005.699
---------------------------------------------------------------------------------
INFO: [Netlist 29-17] Analyzing 943 Unisim elements for replacement
INFO: [Netlist 29-28] Unisim Transformation completed in 2 CPU seconds
INFO: [Device 21-403] Loading part xc7z020clg400-1
INFO: [Project 1-570] Preparing netlist for logic optimization

Processing XDC Constraints
Initializing timing engine
Parsing XDC File [c:/Users/hrish/Downloads/ReRAM_Thesis/Project Folder/ReRAM_AXI_Project/ReRAM_AXI_Project.srcs/sources_1/bd/system_bd/ip/system_bd_rst_ps7_0_50M_1/system_bd_rst_ps7_0_50M_1_board.xdc] for cell 'system_bd_i/rst_ps7_0_50M/U0'
Finished Parsing XDC File [c:/Users/hrish/Downloads/ReRAM_Thesis/Project Folder/ReRAM_AXI_Project/ReRAM_AXI_Project.srcs/sources_1/bd/system_bd/ip/system_bd_rst_ps7_0_50M_1/system_bd_rst_ps7_0_50M_1_board.xdc] for cell 'system_bd_i/rst_ps7_0_50M/U0'
Parsing XDC File [c:/Users/hrish/Downloads/ReRAM_Thesis/Project Folder/ReRAM_AXI_Project/ReRAM_AXI_Project.srcs/sources_1/bd/system_bd/ip/system_bd_rst_ps7_0_50M_1/system_bd_rst_ps7_0_50M_1.xdc] for cell 'system_bd_i/rst_ps7_0_50M/U0'
Finished Parsing XDC File [c:/Users/hrish/Downloads/ReRAM_Thesis/Project Folder/ReRAM_AXI_Project/ReRAM_AXI_Project.srcs/sources_1/bd/system_bd/ip/system_bd_rst_ps7_0_50M_1/system_bd_rst_ps7_0_50M_1.xdc] for cell 'system_bd_i/rst_ps7_0_50M/U0'
Parsing XDC File [c:/Users/hrish/Downloads/ReRAM_Thesis/Project Folder/ReRAM_AXI_Project/ReRAM_AXI_Project.srcs/sources_1/bd/system_bd/ip/system_bd_processing_system7_0_2/system_bd_processing_system7_0_2.xdc] for cell 'system_bd_i/processing_system7_0/inst'
Finished Parsing XDC File [c:/Users/hrish/Downloads/ReRAM_Thesis/Project Folder/ReRAM_AXI_Project/ReRAM_AXI_Project.srcs/sources_1/bd/system_bd/ip/system_bd_processing_system7_0_2/system_bd_processing_system7_0_2.xdc] for cell 'system_bd_i/processing_system7_0/inst'
INFO: [Project 1-236] Implementation specific constraints were found while reading constraint file [c:/Users/hrish/Downloads/ReRAM_Thesis/Project Folder/ReRAM_AXI_Project/ReRAM_AXI_Project.srcs/sources_1/bd/system_bd/ip/system_bd_processing_system7_0_2/system_bd_processing_system7_0_2.xdc]. These constraints will be ignored for synthesis but will be used in implementation. Impacted constraints are listed in the file [.Xil/system_bd_wrapper_propImpl.xdc].
Resolution: To avoid this warning, move constraints listed in [.Xil/system_bd_wrapper_propImpl.xdc] to another XDC file and exclude this new file from synthesis with the used_in_synthesis property (File Properties dialog in GUI) and re-run elaboration/synthesis.
Parsing XDC File [c:/Users/hrish/Downloads/ReRAM_Thesis/Project Folder/ReRAM_AXI_Project/ReRAM_AXI_Project.srcs/sources_1/bd/system_bd/ip/system_bd_ila_0_0/ila_v6_2/constraints/ila.xdc] for cell 'system_bd_i/ila_0/inst'
Finished Parsing XDC File [c:/Users/hrish/Downloads/ReRAM_Thesis/Project Folder/ReRAM_AXI_Project/ReRAM_AXI_Project.srcs/sources_1/bd/system_bd/ip/system_bd_ila_0_0/ila_v6_2/constraints/ila.xdc] for cell 'system_bd_i/ila_0/inst'
Parsing XDC File [c:/Users/hrish/Downloads/ReRAM_Thesis/Project Folder/ReRAM_AXI_Project/ReRAM_AXI_Project.srcs/sources_1/bd/system_bd/ip/system_bd_ila_1_0/ila_v6_2/constraints/ila.xdc] for cell 'system_bd_i/ila_1/inst'
Finished Parsing XDC File [c:/Users/hrish/Downloads/ReRAM_Thesis/Project Folder/ReRAM_AXI_Project/ReRAM_AXI_Project.srcs/sources_1/bd/system_bd/ip/system_bd_ila_1_0/ila_v6_2/constraints/ila.xdc] for cell 'system_bd_i/ila_1/inst'
Parsing XDC File [C:/Users/hrish/Downloads/ReRAM_Thesis/Project Folder/ReRAM_AXI_Project/ReRAM_AXI_Project.runs/synth_1/dont_touch.xdc]
Finished Parsing XDC File [C:/Users/hrish/Downloads/ReRAM_Thesis/Project Folder/ReRAM_AXI_Project/ReRAM_AXI_Project.runs/synth_1/dont_touch.xdc]
INFO: [Project 1-236] Implementation specific constraints were found while reading constraint file [C:/Users/hrish/Downloads/ReRAM_Thesis/Project Folder/ReRAM_AXI_Project/ReRAM_AXI_Project.runs/synth_1/dont_touch.xdc]. These constraints will be ignored for synthesis but will be used in implementation. Impacted constraints are listed in the file [.Xil/system_bd_wrapper_propImpl.xdc].
Resolution: To avoid this warning, move constraints listed in [.Xil/system_bd_wrapper_propImpl.xdc] to another XDC file and exclude this new file from synthesis with the used_in_synthesis property (File Properties dialog in GUI) and re-run elaboration/synthesis.
Completed Processing XDC Constraints

INFO: [Project 1-111] Unisim Transformation Summary:
  A total of 683 instances were transformed.
  CFGLUT5 => CFGLUT5 (SRLC32E, SRL16E): 568 instances
  CFGLUT5 => SRLC32E: 97 instances
  FDR => FDRE: 13 instances
  MUXCY_L => MUXCY: 4 instances
  SRL16 => SRL16E: 1 instances

Constraint Validation Runtime : Time (s): cpu = 00:00:00 ; elapsed = 00:00:00.114 . Memory (MB): peak = 1345.785 ; gain = 0.000
---------------------------------------------------------------------------------
Finished Constraint Validation : Time (s): cpu = 00:04:08 ; elapsed = 00:04:21 . Memory (MB): peak = 1345.785 ; gain = 1005.699
---------------------------------------------------------------------------------
---------------------------------------------------------------------------------
Start Loading Part and Timing Information
---------------------------------------------------------------------------------
Loading part: xc7z020clg400-1
---------------------------------------------------------------------------------
Finished Loading Part and Timing Information : Time (s): cpu = 00:04:08 ; elapsed = 00:04:21 . Memory (MB): peak = 1345.785 ; gain = 1005.699
---------------------------------------------------------------------------------
---------------------------------------------------------------------------------
Start Applying 'set_property' XDC Constraints
---------------------------------------------------------------------------------
Applied set_property DONT_TOUCH = true for system_bd_i/ila_0/inst. (constraint file  {C:/Users/hrish/Downloads/ReRAM_Thesis/Project Folder/ReRAM_AXI_Project/ReRAM_AXI_Project.runs/synth_1/dont_touch.xdc}, line 50).
Applied set_property DONT_TOUCH = true for system_bd_i/ila_1/inst. (constraint file  {C:/Users/hrish/Downloads/ReRAM_Thesis/Project Folder/ReRAM_AXI_Project/ReRAM_AXI_Project.runs/synth_1/dont_touch.xdc}, line 58).
Applied set_property DONT_TOUCH = true for system_bd_i. (constraint file  auto generated constraint, line ).
Applied set_property DONT_TOUCH = true for system_bd_i/ps7_0_axi_periph. (constraint file  auto generated constraint, line ).
Applied set_property DONT_TOUCH = true for system_bd_i/rst_ps7_0_50M. (constraint file  auto generated constraint, line ).
Applied set_property DONT_TOUCH = true for system_bd_i/processing_system7_0. (constraint file  auto generated constraint, line ).
Applied set_property DONT_TOUCH = true for system_bd_i/ila_0. (constraint file  auto generated constraint, line ).
Applied set_property DONT_TOUCH = true for system_bd_i/ila_1. (constraint file  auto generated constraint, line ).
Applied set_property DONT_TOUCH = true for system_bd_i/axi_bram_ctrl_0. (constraint file  auto generated constraint, line ).
Applied set_property DONT_TOUCH = true for system_bd_i/axi_bram_ctrl_0_bram. (constraint file  auto generated constraint, line ).
Applied set_property DONT_TOUCH = true for system_bd_i/reram_axi_ip_0. (constraint file  auto generated constraint, line ).
Applied set_property DONT_TOUCH = true for system_bd_i/ps7_0_axi_periph/xbar. (constraint file  auto generated constraint, line ).
Applied set_property DONT_TOUCH = true for system_bd_i/ps7_0_axi_periph/m01_couplers/auto_pc. (constraint file  auto generated constraint, line ).
Applied set_property DONT_TOUCH = true for system_bd_i/ps7_0_axi_periph/s00_couplers/auto_pc. (constraint file  auto generated constraint, line ).
Applied set_property DONT_TOUCH = true for system_bd_i/rst_ps7_0_50M/U0. (constraint file  {C:/Users/hrish/Downloads/ReRAM_Thesis/Project Folder/ReRAM_AXI_Project/ReRAM_AXI_Project.runs/synth_1/dont_touch.xdc}, line 41).
Applied set_property DONT_TOUCH = true for system_bd_i/processing_system7_0/inst. (constraint file  {C:/Users/hrish/Downloads/ReRAM_Thesis/Project Folder/ReRAM_AXI_Project/ReRAM_AXI_Project.runs/synth_1/dont_touch.xdc}, line 47).
---------------------------------------------------------------------------------
Finished applying 'set_property' XDC Constraints : Time (s): cpu = 00:04:08 ; elapsed = 00:04:22 . Memory (MB): peak = 1345.785 ; gain = 1005.699
---------------------------------------------------------------------------------
INFO: [Synth 8-5544] ROM "max_wrap_burst" won't be mapped to Block RAM because address size (2) smaller than threshold (5)
INFO: [Synth 8-5544] ROM "max_wrap_burst" won't be mapped to Block RAM because address size (3) smaller than threshold (5)
INFO: [Synth 8-5544] ROM "max_wrap_burst" won't be mapped to Block RAM because address size (4) smaller than threshold (5)
INFO: [Synth 8-5544] ROM "wrap_burst_total_cmb" won't be mapped to Block RAM because address size (4) smaller than threshold (5)
INFO: [Synth 8-5544] ROM "wrap_burst_total_cmb" won't be mapped to Block RAM because address size (4) smaller than threshold (5)
INFO: [Synth 8-5544] ROM "wrap_burst_total_cmb" won't be mapped to Block RAM because address size (4) smaller than threshold (5)
INFO: [Synth 8-5544] ROM "buffer_Empty" won't be mapped to Block RAM because address size (4) smaller than threshold (5)
INFO: [Synth 8-5544] ROM "buffer_Full" won't be mapped to Block RAM because address size (4) smaller than threshold (5)
INFO: [Synth 8-802] inferred FSM for state register 'GEN_WDATA_SM_NO_ECC_SNG_REG_WREADY.wr_data_sng_sm_cs_reg' in module 'wr_chnl'
INFO: [Synth 8-5544] ROM "curr_wrap_burst" won't be mapped to Block RAM because address size (2) smaller than threshold (5)
INFO: [Synth 8-5544] ROM "curr_fixed_burst" won't be mapped to Block RAM because address size (2) smaller than threshold (5)
INFO: [Synth 8-5544] ROM "bram_addr_rst_cmb" won't be mapped to Block RAM because address size (2) smaller than threshold (5)
INFO: [Synth 8-5544] ROM "wr_data_sng_sm_ns" won't be mapped to Block RAM because address size (1) smaller than threshold (5)
INFO: [Synth 8-802] inferred FSM for state register 'rd_data_sm_cs_reg' in module 'rd_chnl'
INFO: [Synth 8-802] inferred FSM for state register 'rlast_sm_cs_reg' in module 'rd_chnl'
INFO: [Synth 8-5544] ROM "curr_wrap_burst" won't be mapped to Block RAM because address size (2) smaller than threshold (5)
INFO: [Synth 8-5544] ROM "curr_fixed_burst" won't be mapped to Block RAM because address size (2) smaller than threshold (5)
INFO: [Synth 8-5546] ROM "axi_rd_burst_two" won't be mapped to RAM because it is too sparse
INFO: [Synth 8-5546] ROM "set_last_bram_addr" won't be mapped to RAM because it is too sparse
INFO: [Synth 8-5544] ROM "axi_rvalid_set_cmb" won't be mapped to Block RAM because address size (4) smaller than threshold (5)
INFO: [Synth 8-5544] ROM "rd_data_sm_ns" won't be mapped to Block RAM because address size (1) smaller than threshold (5)
INFO: [Synth 8-5544] ROM "rd_data_sm_ns" won't be mapped to Block RAM because address size (1) smaller than threshold (5)
INFO: [Synth 8-5544] ROM "rd_data_sm_ns" won't be mapped to Block RAM because address size (1) smaller than threshold (5)
INFO: [Synth 8-5544] ROM "rd_data_sm_ns" won't be mapped to Block RAM because address size (1) smaller than threshold (5)
INFO: [Synth 8-5544] ROM "rd_data_sm_ns" won't be mapped to Block RAM because address size (1) smaller than threshold (5)
INFO: [Synth 8-5544] ROM "rlast_sm_ns" won't be mapped to Block RAM because address size (1) smaller than threshold (5)
INFO: [Synth 8-802] inferred FSM for state register 'arb_sm_cs_reg' in module 'sng_port_arb'
INFO: [Synth 8-5544] ROM "arb_sm_ns" won't be mapped to Block RAM because address size (1) smaller than threshold (5)
INFO: [Synth 8-802] inferred FSM for state register 'current_state_reg' in module 'xsdbs_v1_0_2_reg_p2s__parameterized44'
INFO: [Synth 8-5544] ROM "data_out_sel" won't be mapped to Block RAM because address size (4) smaller than threshold (5)
INFO: [Synth 8-5544] ROM "shift_en" won't be mapped to Block RAM because address size (4) smaller than threshold (5)
INFO: [Synth 8-5544] ROM "next_state" won't be mapped to Block RAM because address size (1) smaller than threshold (5)
INFO: [Synth 8-5544] ROM "next_state" won't be mapped to Block RAM because address size (1) smaller than threshold (5)
INFO: [Synth 8-5544] ROM "next_state" won't be mapped to Block RAM because address size (1) smaller than threshold (5)
INFO: [Synth 8-802] inferred FSM for state register 'current_state_reg' in module 'xsdbs_v1_0_2_reg_p2s'
INFO: [Synth 8-5544] ROM "data_out_sel" won't be mapped to Block RAM because address size (4) smaller than threshold (5)
INFO: [Synth 8-5544] ROM "shift_en" won't be mapped to Block RAM because address size (4) smaller than threshold (5)
INFO: [Synth 8-5544] ROM "next_state" won't be mapped to Block RAM because address size (1) smaller than threshold (5)
INFO: [Synth 8-5544] ROM "next_state" won't be mapped to Block RAM because address size (1) smaller than threshold (5)
INFO: [Synth 8-5544] ROM "next_state" won't be mapped to Block RAM because address size (1) smaller than threshold (5)
INFO: [Synth 8-802] inferred FSM for state register 'current_state_reg' in module 'xsdbs_v1_0_2_reg_p2s__parameterized0'
INFO: [Synth 8-5544] ROM "data_out_sel" won't be mapped to Block RAM because address size (4) smaller than threshold (5)
INFO: [Synth 8-5544] ROM "shift_en" won't be mapped to Block RAM because address size (4) smaller than threshold (5)
INFO: [Synth 8-5544] ROM "next_state" won't be mapped to Block RAM because address size (1) smaller than threshold (5)
INFO: [Synth 8-5544] ROM "next_state" won't be mapped to Block RAM because address size (1) smaller than threshold (5)
INFO: [Synth 8-5544] ROM "next_state" won't be mapped to Block RAM because address size (1) smaller than threshold (5)
INFO: [Synth 8-802] inferred FSM for state register 'current_state_reg' in module 'xsdbs_v1_0_2_reg_p2s__parameterized1'
INFO: [Synth 8-5544] ROM "data_out_sel" won't be mapped to Block RAM because address size (4) smaller than threshold (5)
INFO: [Synth 8-5544] ROM "shift_en" won't be mapped to Block RAM because address size (4) smaller than threshold (5)
INFO: [Synth 8-5544] ROM "next_state" won't be mapped to Block RAM because address size (1) smaller than threshold (5)
INFO: [Synth 8-5544] ROM "next_state" won't be mapped to Block RAM because address size (1) smaller than threshold (5)
INFO: [Synth 8-5544] ROM "next_state" won't be mapped to Block RAM because address size (1) smaller than threshold (5)
INFO: [Synth 8-802] inferred FSM for state register 'current_state_reg' in module 'xsdbs_v1_0_2_reg_p2s__parameterized2'
INFO: [Synth 8-5544] ROM "data_out_sel" won't be mapped to Block RAM because address size (4) smaller than threshold (5)
INFO: [Synth 8-5544] ROM "shift_en" won't be mapped to Block RAM because address size (4) smaller than threshold (5)
INFO: [Synth 8-5544] ROM "next_state" won't be mapped to Block RAM because address size (1) smaller than threshold (5)
INFO: [Synth 8-5544] ROM "next_state" won't be mapped to Block RAM because address size (1) smaller than threshold (5)
INFO: [Synth 8-5544] ROM "next_state" won't be mapped to Block RAM because address size (1) smaller than threshold (5)
INFO: [Synth 8-802] inferred FSM for state register 'current_state_reg' in module 'xsdbs_v1_0_2_reg_p2s__parameterized3'
INFO: [Synth 8-5544] ROM "data_out_sel" won't be mapped to Block RAM because address size (4) smaller than threshold (5)
INFO: [Synth 8-5544] ROM "shift_en" won't be mapped to Block RAM because address size (4) smaller than threshold (5)
INFO: [Synth 8-5544] ROM "next_state" won't be mapped to Block RAM because address size (1) smaller than threshold (5)
INFO: [Synth 8-5544] ROM "next_state" won't be mapped to Block RAM because address size (1) smaller than threshold (5)
INFO: [Synth 8-5544] ROM "next_state" won't be mapped to Block RAM because address size (1) smaller than threshold (5)
INFO: [Synth 8-802] inferred FSM for state register 'current_state_reg' in module 'xsdbs_v1_0_2_reg_p2s__parameterized4'
INFO: [Synth 8-5544] ROM "data_out_sel" won't be mapped to Block RAM because address size (4) smaller than threshold (5)
INFO: [Synth 8-5544] ROM "shift_en" won't be mapped to Block RAM because address size (4) smaller than threshold (5)
INFO: [Synth 8-5544] ROM "next_state" won't be mapped to Block RAM because address size (1) smaller than threshold (5)
INFO: [Synth 8-5544] ROM "next_state" won't be mapped to Block RAM because address size (1) smaller than threshold (5)
INFO: [Synth 8-5544] ROM "next_state" won't be mapped to Block RAM because address size (1) smaller than threshold (5)
INFO: [Synth 8-802] inferred FSM for state register 'current_state_reg' in module 'xsdbs_v1_0_2_reg_p2s__parameterized5'
INFO: [Synth 8-5544] ROM "data_out_sel" won't be mapped to Block RAM because address size (4) smaller than threshold (5)
INFO: [Synth 8-5544] ROM "shift_en" won't be mapped to Block RAM because address size (4) smaller than threshold (5)
INFO: [Synth 8-5544] ROM "next_state" won't be mapped to Block RAM because address size (1) smaller than threshold (5)
INFO: [Synth 8-5544] ROM "next_state" won't be mapped to Block RAM because address size (1) smaller than threshold (5)
INFO: [Synth 8-5544] ROM "next_state" won't be mapped to Block RAM because address size (1) smaller than threshold (5)
INFO: [Synth 8-802] inferred FSM for state register 'current_state_reg' in module 'xsdbs_v1_0_2_reg_p2s__parameterized6'
INFO: [Synth 8-5544] ROM "data_out_sel" won't be mapped to Block RAM because address size (4) smaller than threshold (5)
INFO: [Synth 8-5544] ROM "shift_en" won't be mapped to Block RAM because address size (4) smaller than threshold (5)
INFO: [Synth 8-5544] ROM "next_state" won't be mapped to Block RAM because address size (1) smaller than threshold (5)
INFO: [Synth 8-5544] ROM "next_state" won't be mapped to Block RAM because address size (1) smaller than threshold (5)
INFO: [Synth 8-5544] ROM "next_state" won't be mapped to Block RAM because address size (1) smaller than threshold (5)
INFO: [Synth 8-802] inferred FSM for state register 'current_state_reg' in module 'xsdbs_v1_0_2_reg_p2s__parameterized7'
INFO: [Synth 8-5544] ROM "data_out_sel" won't be mapped to Block RAM because address size (4) smaller than threshold (5)
INFO: [Synth 8-5544] ROM "shift_en" won't be mapped to Block RAM because address size (4) smaller than threshold (5)
INFO: [Synth 8-5544] ROM "next_state" won't be mapped to Block RAM because address size (1) smaller than threshold (5)
INFO: [Synth 8-5544] ROM "next_state" won't be mapped to Block RAM because address size (1) smaller than threshold (5)
INFO: [Synth 8-5544] ROM "next_state" won't be mapped to Block RAM because address size (1) smaller than threshold (5)
INFO: [Synth 8-802] inferred FSM for state register 'current_state_reg' in module 'xsdbs_v1_0_2_reg_p2s__parameterized8'
INFO: [Synth 8-5544] ROM "data_out_sel" won't be mapped to Block RAM because address size (4) smaller than threshold (5)
INFO: [Synth 8-5544] ROM "shift_en" won't be mapped to Block RAM because address size (4) smaller than threshold (5)
INFO: [Synth 8-5544] ROM "next_state" won't be mapped to Block RAM because address size (1) smaller than threshold (5)
INFO: [Synth 8-5544] ROM "next_state" won't be mapped to Block RAM because address size (1) smaller than threshold (5)
INFO: [Synth 8-5544] ROM "next_state" won't be mapped to Block RAM because address size (1) smaller than threshold (5)
INFO: [Synth 8-802] inferred FSM for state register 'current_state_reg' in module 'xsdbs_v1_0_2_reg_p2s__parameterized9'
INFO: [Synth 8-5544] ROM "data_out_sel" won't be mapped to Block RAM because address size (4) smaller than threshold (5)
INFO: [Synth 8-5544] ROM "shift_en" won't be mapped to Block RAM because address size (4) smaller than threshold (5)
INFO: [Synth 8-5544] ROM "next_state" won't be mapped to Block RAM because address size (1) smaller than threshold (5)
INFO: [Synth 8-5544] ROM "next_state" won't be mapped to Block RAM because address size (1) smaller than threshold (5)
INFO: [Synth 8-5544] ROM "next_state" won't be mapped to Block RAM because address size (1) smaller than threshold (5)
INFO: [Synth 8-802] inferred FSM for state register 'current_state_reg' in module 'xsdbs_v1_0_2_reg_p2s__parameterized10'
INFO: [Synth 8-5544] ROM "data_out_sel" won't be mapped to Block RAM because address size (4) smaller than threshold (5)
INFO: [Synth 8-5544] ROM "shift_en" won't be mapped to Block RAM because address size (4) smaller than threshold (5)
INFO: [Synth 8-5544] ROM "next_state" won't be mapped to Block RAM because address size (1) smaller than threshold (5)
INFO: [Synth 8-5544] ROM "next_state" won't be mapped to Block RAM because address size (1) smaller than threshold (5)
INFO: [Synth 8-5544] ROM "next_state" won't be mapped to Block RAM because address size (1) smaller than threshold (5)
INFO: [Synth 8-802] inferred FSM for state register 'current_state_reg' in module 'xsdbs_v1_0_2_reg_p2s__parameterized11'
INFO: [Synth 8-5544] ROM "data_out_sel" won't be mapped to Block RAM because address size (4) smaller than threshold (5)
INFO: [Synth 8-5544] ROM "shift_en" won't be mapped to Block RAM because address size (4) smaller than threshold (5)
INFO: [Synth 8-5544] ROM "next_state" won't be mapped to Block RAM because address size (1) smaller than threshold (5)
INFO: [Synth 8-5544] ROM "next_state" won't be mapped to Block RAM because address size (1) smaller than threshold (5)
INFO: [Synth 8-5544] ROM "next_state" won't be mapped to Block RAM because address size (1) smaller than threshold (5)
INFO: [Synth 8-802] inferred FSM for state register 'current_state_reg' in module 'xsdbs_v1_0_2_reg_p2s__parameterized12'
INFO: [Synth 8-5544] ROM "data_out_sel" won't be mapped to Block RAM because address size (4) smaller than threshold (5)
INFO: [Synth 8-5544] ROM "shift_en" won't be mapped to Block RAM because address size (4) smaller than threshold (5)
INFO: [Synth 8-5544] ROM "next_state" won't be mapped to Block RAM because address size (1) smaller than threshold (5)
INFO: [Synth 8-5544] ROM "next_state" won't be mapped to Block RAM because address size (1) smaller than threshold (5)
INFO: [Synth 8-5544] ROM "next_state" won't be mapped to Block RAM because address size (1) smaller than threshold (5)
INFO: [Synth 8-802] inferred FSM for state register 'current_state_reg' in module 'xsdbs_v1_0_2_reg_p2s__parameterized13'
INFO: [Synth 8-5544] ROM "data_out_sel" won't be mapped to Block RAM because address size (4) smaller than threshold (5)
INFO: [Synth 8-5544] ROM "shift_en" won't be mapped to Block RAM because address size (4) smaller than threshold (5)
INFO: [Synth 8-5544] ROM "next_state" won't be mapped to Block RAM because address size (1) smaller than threshold (5)
INFO: [Common 17-14] Message 'Synth 8-5544' appears 100 times and further instances of the messages will be disabled. Use the Tcl command set_msg_config to change the current settings.
INFO: [Synth 8-802] inferred FSM for state register 'current_state_reg' in module 'xsdbs_v1_0_2_reg_p2s__parameterized14'
INFO: [Synth 8-802] inferred FSM for state register 'current_state_reg' in module 'xsdbs_v1_0_2_reg_p2s__parameterized15'
INFO: [Synth 8-802] inferred FSM for state register 'current_state_reg' in module 'xsdbs_v1_0_2_reg_p2s__parameterized16'
INFO: [Synth 8-802] inferred FSM for state register 'current_state_reg' in module 'xsdbs_v1_0_2_reg_p2s__parameterized17'
INFO: [Synth 8-802] inferred FSM for state register 'current_state_reg' in module 'xsdbs_v1_0_2_reg_p2s__parameterized18'
INFO: [Synth 8-802] inferred FSM for state register 'current_state_reg' in module 'xsdbs_v1_0_2_reg_p2s__parameterized19'
INFO: [Synth 8-802] inferred FSM for state register 'current_state_reg' in module 'xsdbs_v1_0_2_reg_p2s__parameterized20'
INFO: [Synth 8-802] inferred FSM for state register 'current_state_reg' in module 'xsdbs_v1_0_2_reg_p2s__parameterized21'
INFO: [Synth 8-802] inferred FSM for state register 'current_state_reg' in module 'xsdbs_v1_0_2_reg_p2s__parameterized22'
INFO: [Synth 8-802] inferred FSM for state register 'current_state_reg' in module 'xsdbs_v1_0_2_reg_p2s__parameterized23'
INFO: [Synth 8-802] inferred FSM for state register 'current_state_reg' in module 'xsdbs_v1_0_2_reg_p2s__parameterized24'
INFO: [Synth 8-802] inferred FSM for state register 'current_state_reg' in module 'xsdbs_v1_0_2_reg_p2s__parameterized25'
INFO: [Synth 8-802] inferred FSM for state register 'current_state_reg' in module 'xsdbs_v1_0_2_reg_p2s__parameterized26'
INFO: [Synth 8-802] inferred FSM for state register 'current_state_reg' in module 'xsdbs_v1_0_2_reg_p2s__parameterized27'
INFO: [Synth 8-802] inferred FSM for state register 'current_state_reg' in module 'xsdbs_v1_0_2_reg_p2s__parameterized28'
INFO: [Synth 8-802] inferred FSM for state register 'current_state_reg' in module 'xsdbs_v1_0_2_reg_p2s__parameterized29'
INFO: [Synth 8-802] inferred FSM for state register 'current_state_reg' in module 'xsdbs_v1_0_2_reg_p2s__parameterized30'
INFO: [Synth 8-802] inferred FSM for state register 'current_state_reg' in module 'xsdbs_v1_0_2_reg_p2s__parameterized31'
INFO: [Synth 8-802] inferred FSM for state register 'current_state_reg' in module 'xsdbs_v1_0_2_reg_p2s__parameterized32'
INFO: [Synth 8-802] inferred FSM for state register 'current_state_reg' in module 'xsdbs_v1_0_2_reg_p2s__parameterized33'
INFO: [Synth 8-802] inferred FSM for state register 'current_state_reg' in module 'xsdbs_v1_0_2_reg_p2s__parameterized34'
INFO: [Synth 8-802] inferred FSM for state register 'current_state_reg' in module 'xsdbs_v1_0_2_reg_p2s__parameterized35'
INFO: [Synth 8-802] inferred FSM for state register 'current_state_reg' in module 'xsdbs_v1_0_2_reg_p2s__parameterized36'
INFO: [Synth 8-802] inferred FSM for state register 'current_state_reg' in module 'xsdbs_v1_0_2_reg_p2s__parameterized37'
INFO: [Synth 8-802] inferred FSM for state register 'current_state_reg' in module 'xsdbs_v1_0_2_reg_p2s__parameterized38'
INFO: [Synth 8-802] inferred FSM for state register 'current_state_reg' in module 'xsdbs_v1_0_2_reg_p2s__parameterized39'
INFO: [Synth 8-802] inferred FSM for state register 'current_state_reg' in module 'xsdbs_v1_0_2_reg_p2s__parameterized40'
INFO: [Synth 8-802] inferred FSM for state register 'current_state_reg' in module 'xsdbs_v1_0_2_reg_p2s__parameterized41'
INFO: [Synth 8-802] inferred FSM for state register 'current_state_reg' in module 'xsdbs_v1_0_2_reg_p2s__parameterized42'
INFO: [Synth 8-802] inferred FSM for state register 'current_state_reg' in module 'xsdbs_v1_0_2_reg_p2s__parameterized43'
INFO: [Synth 8-5546] ROM "drdy_mux_temp" won't be mapped to RAM because it is too sparse
INFO: [Synth 8-5546] ROM "adv_drdy" won't be mapped to RAM because it is too sparse
INFO: [Synth 8-5546] ROM "read_addr" won't be mapped to RAM because it is too sparse
INFO: [Synth 8-5546] ROM "curr_read_block" won't be mapped to RAM because it is too sparse
INFO: [Synth 8-5546] ROM "read_en" won't be mapped to RAM because it is too sparse
INFO: [Synth 8-802] inferred FSM for state register 'current_state_reg' in module 'xsdbs_v1_0_2_reg_p2s__parameterized45'
INFO: [Synth 8-5546] ROM "drdy_mux_temp" won't be mapped to RAM because it is too sparse
INFO: [Synth 8-5546] ROM "adv_drdy" won't be mapped to RAM because it is too sparse
INFO: [Synth 8-5546] ROM "read_addr" won't be mapped to RAM because it is too sparse
INFO: [Synth 8-5546] ROM "curr_read_block" won't be mapped to RAM because it is too sparse
INFO: [Synth 8-5546] ROM "read_en" won't be mapped to RAM because it is too sparse
WARNING: [Synth 8-6014] Unused sequential element memory_reg[3] was removed.  [c:/Users/hrish/Downloads/ReRAM_Thesis/Project Folder/ReRAM_AXI_Project/ReRAM_AXI_Project.srcs/sources_1/bd/system_bd/ipshared/1229/hdl/axi_protocol_converter_v2_1_vl_rfs.v:2857]
WARNING: [Synth 8-6014] Unused sequential element memory_reg[2] was removed.  [c:/Users/hrish/Downloads/ReRAM_Thesis/Project Folder/ReRAM_AXI_Project/ReRAM_AXI_Project.srcs/sources_1/bd/system_bd/ipshared/1229/hdl/axi_protocol_converter_v2_1_vl_rfs.v:2857]
WARNING: [Synth 8-6014] Unused sequential element memory_reg[1] was removed.  [c:/Users/hrish/Downloads/ReRAM_Thesis/Project Folder/ReRAM_AXI_Project/ReRAM_AXI_Project.srcs/sources_1/bd/system_bd/ipshared/1229/hdl/axi_protocol_converter_v2_1_vl_rfs.v:2857]
WARNING: [Synth 8-6014] Unused sequential element memory_reg[0] was removed.  [c:/Users/hrish/Downloads/ReRAM_Thesis/Project Folder/ReRAM_AXI_Project/ReRAM_AXI_Project.srcs/sources_1/bd/system_bd/ipshared/1229/hdl/axi_protocol_converter_v2_1_vl_rfs.v:2857]
WARNING: [Synth 8-6014] Unused sequential element memory_reg[3] was removed.  [c:/Users/hrish/Downloads/ReRAM_Thesis/Project Folder/ReRAM_AXI_Project/ReRAM_AXI_Project.srcs/sources_1/bd/system_bd/ipshared/1229/hdl/axi_protocol_converter_v2_1_vl_rfs.v:2857]
WARNING: [Synth 8-6014] Unused sequential element memory_reg[2] was removed.  [c:/Users/hrish/Downloads/ReRAM_Thesis/Project Folder/ReRAM_AXI_Project/ReRAM_AXI_Project.srcs/sources_1/bd/system_bd/ipshared/1229/hdl/axi_protocol_converter_v2_1_vl_rfs.v:2857]
WARNING: [Synth 8-6014] Unused sequential element memory_reg[1] was removed.  [c:/Users/hrish/Downloads/ReRAM_Thesis/Project Folder/ReRAM_AXI_Project/ReRAM_AXI_Project.srcs/sources_1/bd/system_bd/ipshared/1229/hdl/axi_protocol_converter_v2_1_vl_rfs.v:2857]
WARNING: [Synth 8-6014] Unused sequential element memory_reg[0] was removed.  [c:/Users/hrish/Downloads/ReRAM_Thesis/Project Folder/ReRAM_AXI_Project/ReRAM_AXI_Project.srcs/sources_1/bd/system_bd/ipshared/1229/hdl/axi_protocol_converter_v2_1_vl_rfs.v:2857]
INFO: [Synth 8-802] inferred FSM for state register 'state_reg' in module 'axi_protocol_converter_v2_1_16_b2s_rd_cmd_fsm'
WARNING: [Synth 8-6014] Unused sequential element memory_reg[31] was removed.  [c:/Users/hrish/Downloads/ReRAM_Thesis/Project Folder/ReRAM_AXI_Project/ReRAM_AXI_Project.srcs/sources_1/bd/system_bd/ipshared/1229/hdl/axi_protocol_converter_v2_1_vl_rfs.v:2857]
WARNING: [Synth 8-6014] Unused sequential element memory_reg[30] was removed.  [c:/Users/hrish/Downloads/ReRAM_Thesis/Project Folder/ReRAM_AXI_Project/ReRAM_AXI_Project.srcs/sources_1/bd/system_bd/ipshared/1229/hdl/axi_protocol_converter_v2_1_vl_rfs.v:2857]
WARNING: [Synth 8-6014] Unused sequential element memory_reg[29] was removed.  [c:/Users/hrish/Downloads/ReRAM_Thesis/Project Folder/ReRAM_AXI_Project/ReRAM_AXI_Project.srcs/sources_1/bd/system_bd/ipshared/1229/hdl/axi_protocol_converter_v2_1_vl_rfs.v:2857]
WARNING: [Synth 8-6014] Unused sequential element memory_reg[28] was removed.  [c:/Users/hrish/Downloads/ReRAM_Thesis/Project Folder/ReRAM_AXI_Project/ReRAM_AXI_Project.srcs/sources_1/bd/system_bd/ipshared/1229/hdl/axi_protocol_converter_v2_1_vl_rfs.v:2857]
WARNING: [Synth 8-6014] Unused sequential element memory_reg[27] was removed.  [c:/Users/hrish/Downloads/ReRAM_Thesis/Project Folder/ReRAM_AXI_Project/ReRAM_AXI_Project.srcs/sources_1/bd/system_bd/ipshared/1229/hdl/axi_protocol_converter_v2_1_vl_rfs.v:2857]
WARNING: [Synth 8-6014] Unused sequential element memory_reg[26] was removed.  [c:/Users/hrish/Downloads/ReRAM_Thesis/Project Folder/ReRAM_AXI_Project/ReRAM_AXI_Project.srcs/sources_1/bd/system_bd/ipshared/1229/hdl/axi_protocol_converter_v2_1_vl_rfs.v:2857]
WARNING: [Synth 8-6014] Unused sequential element memory_reg[25] was removed.  [c:/Users/hrish/Downloads/ReRAM_Thesis/Project Folder/ReRAM_AXI_Project/ReRAM_AXI_Project.srcs/sources_1/bd/system_bd/ipshared/1229/hdl/axi_protocol_converter_v2_1_vl_rfs.v:2857]
WARNING: [Synth 8-6014] Unused sequential element memory_reg[24] was removed.  [c:/Users/hrish/Downloads/ReRAM_Thesis/Project Folder/ReRAM_AXI_Project/ReRAM_AXI_Project.srcs/sources_1/bd/system_bd/ipshared/1229/hdl/axi_protocol_converter_v2_1_vl_rfs.v:2857]
WARNING: [Synth 8-6014] Unused sequential element memory_reg[23] was removed.  [c:/Users/hrish/Downloads/ReRAM_Thesis/Project Folder/ReRAM_AXI_Project/ReRAM_AXI_Project.srcs/sources_1/bd/system_bd/ipshared/1229/hdl/axi_protocol_converter_v2_1_vl_rfs.v:2857]
WARNING: [Synth 8-6014] Unused sequential element memory_reg[22] was removed.  [c:/Users/hrish/Downloads/ReRAM_Thesis/Project Folder/ReRAM_AXI_Project/ReRAM_AXI_Project.srcs/sources_1/bd/system_bd/ipshared/1229/hdl/axi_protocol_converter_v2_1_vl_rfs.v:2857]
WARNING: [Synth 8-6014] Unused sequential element memory_reg[21] was removed.  [c:/Users/hrish/Downloads/ReRAM_Thesis/Project Folder/ReRAM_AXI_Project/ReRAM_AXI_Project.srcs/sources_1/bd/system_bd/ipshared/1229/hdl/axi_protocol_converter_v2_1_vl_rfs.v:2857]
WARNING: [Synth 8-6014] Unused sequential element memory_reg[20] was removed.  [c:/Users/hrish/Downloads/ReRAM_Thesis/Project Folder/ReRAM_AXI_Project/ReRAM_AXI_Project.srcs/sources_1/bd/system_bd/ipshared/1229/hdl/axi_protocol_converter_v2_1_vl_rfs.v:2857]
WARNING: [Synth 8-6014] Unused sequential element memory_reg[19] was removed.  [c:/Users/hrish/Downloads/ReRAM_Thesis/Project Folder/ReRAM_AXI_Project/ReRAM_AXI_Project.srcs/sources_1/bd/system_bd/ipshared/1229/hdl/axi_protocol_converter_v2_1_vl_rfs.v:2857]
WARNING: [Synth 8-6014] Unused sequential element memory_reg[18] was removed.  [c:/Users/hrish/Downloads/ReRAM_Thesis/Project Folder/ReRAM_AXI_Project/ReRAM_AXI_Project.srcs/sources_1/bd/system_bd/ipshared/1229/hdl/axi_protocol_converter_v2_1_vl_rfs.v:2857]
WARNING: [Synth 8-6014] Unused sequential element memory_reg[17] was removed.  [c:/Users/hrish/Downloads/ReRAM_Thesis/Project Folder/ReRAM_AXI_Project/ReRAM_AXI_Project.srcs/sources_1/bd/system_bd/ipshared/1229/hdl/axi_protocol_converter_v2_1_vl_rfs.v:2857]
WARNING: [Synth 8-6014] Unused sequential element memory_reg[16] was removed.  [c:/Users/hrish/Downloads/ReRAM_Thesis/Project Folder/ReRAM_AXI_Project/ReRAM_AXI_Project.srcs/sources_1/bd/system_bd/ipshared/1229/hdl/axi_protocol_converter_v2_1_vl_rfs.v:2857]
WARNING: [Synth 8-6014] Unused sequential element memory_reg[15] was removed.  [c:/Users/hrish/Downloads/ReRAM_Thesis/Project Folder/ReRAM_AXI_Project/ReRAM_AXI_Project.srcs/sources_1/bd/system_bd/ipshared/1229/hdl/axi_protocol_converter_v2_1_vl_rfs.v:2857]
WARNING: [Synth 8-6014] Unused sequential element memory_reg[14] was removed.  [c:/Users/hrish/Downloads/ReRAM_Thesis/Project Folder/ReRAM_AXI_Project/ReRAM_AXI_Project.srcs/sources_1/bd/system_bd/ipshared/1229/hdl/axi_protocol_converter_v2_1_vl_rfs.v:2857]
WARNING: [Synth 8-6014] Unused sequential element memory_reg[13] was removed.  [c:/Users/hrish/Downloads/ReRAM_Thesis/Project Folder/ReRAM_AXI_Project/ReRAM_AXI_Project.srcs/sources_1/bd/system_bd/ipshared/1229/hdl/axi_protocol_converter_v2_1_vl_rfs.v:2857]
WARNING: [Synth 8-6014] Unused sequential element memory_reg[12] was removed.  [c:/Users/hrish/Downloads/ReRAM_Thesis/Project Folder/ReRAM_AXI_Project/ReRAM_AXI_Project.srcs/sources_1/bd/system_bd/ipshared/1229/hdl/axi_protocol_converter_v2_1_vl_rfs.v:2857]
WARNING: [Synth 8-6014] Unused sequential element memory_reg[11] was removed.  [c:/Users/hrish/Downloads/ReRAM_Thesis/Project Folder/ReRAM_AXI_Project/ReRAM_AXI_Project.srcs/sources_1/bd/system_bd/ipshared/1229/hdl/axi_protocol_converter_v2_1_vl_rfs.v:2857]
WARNING: [Synth 8-6014] Unused sequential element memory_reg[10] was removed.  [c:/Users/hrish/Downloads/ReRAM_Thesis/Project Folder/ReRAM_AXI_Project/ReRAM_AXI_Project.srcs/sources_1/bd/system_bd/ipshared/1229/hdl/axi_protocol_converter_v2_1_vl_rfs.v:2857]
WARNING: [Synth 8-6014] Unused sequential element memory_reg[9] was removed.  [c:/Users/hrish/Downloads/ReRAM_Thesis/Project Folder/ReRAM_AXI_Project/ReRAM_AXI_Project.srcs/sources_1/bd/system_bd/ipshared/1229/hdl/axi_protocol_converter_v2_1_vl_rfs.v:2857]
WARNING: [Synth 8-6014] Unused sequential element memory_reg[8] was removed.  [c:/Users/hrish/Downloads/ReRAM_Thesis/Project Folder/ReRAM_AXI_Project/ReRAM_AXI_Project.srcs/sources_1/bd/system_bd/ipshared/1229/hdl/axi_protocol_converter_v2_1_vl_rfs.v:2857]
WARNING: [Synth 8-6014] Unused sequential element memory_reg[7] was removed.  [c:/Users/hrish/Downloads/ReRAM_Thesis/Project Folder/ReRAM_AXI_Project/ReRAM_AXI_Project.srcs/sources_1/bd/system_bd/ipshared/1229/hdl/axi_protocol_converter_v2_1_vl_rfs.v:2857]
WARNING: [Synth 8-6014] Unused sequential element memory_reg[6] was removed.  [c:/Users/hrish/Downloads/ReRAM_Thesis/Project Folder/ReRAM_AXI_Project/ReRAM_AXI_Project.srcs/sources_1/bd/system_bd/ipshared/1229/hdl/axi_protocol_converter_v2_1_vl_rfs.v:2857]
WARNING: [Synth 8-6014] Unused sequential element memory_reg[5] was removed.  [c:/Users/hrish/Downloads/ReRAM_Thesis/Project Folder/ReRAM_AXI_Project/ReRAM_AXI_Project.srcs/sources_1/bd/system_bd/ipshared/1229/hdl/axi_protocol_converter_v2_1_vl_rfs.v:2857]
WARNING: [Synth 8-6014] Unused sequential element memory_reg[4] was removed.  [c:/Users/hrish/Downloads/ReRAM_Thesis/Project Folder/ReRAM_AXI_Project/ReRAM_AXI_Project.srcs/sources_1/bd/system_bd/ipshared/1229/hdl/axi_protocol_converter_v2_1_vl_rfs.v:2857]
WARNING: [Synth 8-6014] Unused sequential element memory_reg[3] was removed.  [c:/Users/hrish/Downloads/ReRAM_Thesis/Project Folder/ReRAM_AXI_Project/ReRAM_AXI_Project.srcs/sources_1/bd/system_bd/ipshared/1229/hdl/axi_protocol_converter_v2_1_vl_rfs.v:2857]
WARNING: [Synth 8-6014] Unused sequential element memory_reg[2] was removed.  [c:/Users/hrish/Downloads/ReRAM_Thesis/Project Folder/ReRAM_AXI_Project/ReRAM_AXI_Project.srcs/sources_1/bd/system_bd/ipshared/1229/hdl/axi_protocol_converter_v2_1_vl_rfs.v:2857]
WARNING: [Synth 8-6014] Unused sequential element memory_reg[1] was removed.  [c:/Users/hrish/Downloads/ReRAM_Thesis/Project Folder/ReRAM_AXI_Project/ReRAM_AXI_Project.srcs/sources_1/bd/system_bd/ipshared/1229/hdl/axi_protocol_converter_v2_1_vl_rfs.v:2857]
WARNING: [Synth 8-6014] Unused sequential element memory_reg[0] was removed.  [c:/Users/hrish/Downloads/ReRAM_Thesis/Project Folder/ReRAM_AXI_Project/ReRAM_AXI_Project.srcs/sources_1/bd/system_bd/ipshared/1229/hdl/axi_protocol_converter_v2_1_vl_rfs.v:2857]
WARNING: [Synth 8-6014] Unused sequential element memory_reg[31] was removed.  [c:/Users/hrish/Downloads/ReRAM_Thesis/Project Folder/ReRAM_AXI_Project/ReRAM_AXI_Project.srcs/sources_1/bd/system_bd/ipshared/1229/hdl/axi_protocol_converter_v2_1_vl_rfs.v:2857]
WARNING: [Synth 8-6014] Unused sequential element memory_reg[30] was removed.  [c:/Users/hrish/Downloads/ReRAM_Thesis/Project Folder/ReRAM_AXI_Project/ReRAM_AXI_Project.srcs/sources_1/bd/system_bd/ipshared/1229/hdl/axi_protocol_converter_v2_1_vl_rfs.v:2857]
WARNING: [Synth 8-6014] Unused sequential element memory_reg[29] was removed.  [c:/Users/hrish/Downloads/ReRAM_Thesis/Project Folder/ReRAM_AXI_Project/ReRAM_AXI_Project.srcs/sources_1/bd/system_bd/ipshared/1229/hdl/axi_protocol_converter_v2_1_vl_rfs.v:2857]
WARNING: [Synth 8-6014] Unused sequential element memory_reg[28] was removed.  [c:/Users/hrish/Downloads/ReRAM_Thesis/Project Folder/ReRAM_AXI_Project/ReRAM_AXI_Project.srcs/sources_1/bd/system_bd/ipshared/1229/hdl/axi_protocol_converter_v2_1_vl_rfs.v:2857]
WARNING: [Synth 8-6014] Unused sequential element memory_reg[27] was removed.  [c:/Users/hrish/Downloads/ReRAM_Thesis/Project Folder/ReRAM_AXI_Project/ReRAM_AXI_Project.srcs/sources_1/bd/system_bd/ipshared/1229/hdl/axi_protocol_converter_v2_1_vl_rfs.v:2857]
WARNING: [Synth 8-6014] Unused sequential element memory_reg[26] was removed.  [c:/Users/hrish/Downloads/ReRAM_Thesis/Project Folder/ReRAM_AXI_Project/ReRAM_AXI_Project.srcs/sources_1/bd/system_bd/ipshared/1229/hdl/axi_protocol_converter_v2_1_vl_rfs.v:2857]
WARNING: [Synth 8-6014] Unused sequential element memory_reg[25] was removed.  [c:/Users/hrish/Downloads/ReRAM_Thesis/Project Folder/ReRAM_AXI_Project/ReRAM_AXI_Project.srcs/sources_1/bd/system_bd/ipshared/1229/hdl/axi_protocol_converter_v2_1_vl_rfs.v:2857]
WARNING: [Synth 8-6014] Unused sequential element memory_reg[24] was removed.  [c:/Users/hrish/Downloads/ReRAM_Thesis/Project Folder/ReRAM_AXI_Project/ReRAM_AXI_Project.srcs/sources_1/bd/system_bd/ipshared/1229/hdl/axi_protocol_converter_v2_1_vl_rfs.v:2857]
WARNING: [Synth 8-6014] Unused sequential element memory_reg[23] was removed.  [c:/Users/hrish/Downloads/ReRAM_Thesis/Project Folder/ReRAM_AXI_Project/ReRAM_AXI_Project.srcs/sources_1/bd/system_bd/ipshared/1229/hdl/axi_protocol_converter_v2_1_vl_rfs.v:2857]
WARNING: [Synth 8-6014] Unused sequential element memory_reg[22] was removed.  [c:/Users/hrish/Downloads/ReRAM_Thesis/Project Folder/ReRAM_AXI_Project/ReRAM_AXI_Project.srcs/sources_1/bd/system_bd/ipshared/1229/hdl/axi_protocol_converter_v2_1_vl_rfs.v:2857]
WARNING: [Synth 8-6014] Unused sequential element memory_reg[21] was removed.  [c:/Users/hrish/Downloads/ReRAM_Thesis/Project Folder/ReRAM_AXI_Project/ReRAM_AXI_Project.srcs/sources_1/bd/system_bd/ipshared/1229/hdl/axi_protocol_converter_v2_1_vl_rfs.v:2857]
WARNING: [Synth 8-6014] Unused sequential element memory_reg[20] was removed.  [c:/Users/hrish/Downloads/ReRAM_Thesis/Project Folder/ReRAM_AXI_Project/ReRAM_AXI_Project.srcs/sources_1/bd/system_bd/ipshared/1229/hdl/axi_protocol_converter_v2_1_vl_rfs.v:2857]
WARNING: [Synth 8-6014] Unused sequential element memory_reg[19] was removed.  [c:/Users/hrish/Downloads/ReRAM_Thesis/Project Folder/ReRAM_AXI_Project/ReRAM_AXI_Project.srcs/sources_1/bd/system_bd/ipshared/1229/hdl/axi_protocol_converter_v2_1_vl_rfs.v:2857]
WARNING: [Synth 8-6014] Unused sequential element memory_reg[18] was removed.  [c:/Users/hrish/Downloads/ReRAM_Thesis/Project Folder/ReRAM_AXI_Project/ReRAM_AXI_Project.srcs/sources_1/bd/system_bd/ipshared/1229/hdl/axi_protocol_converter_v2_1_vl_rfs.v:2857]
WARNING: [Synth 8-6014] Unused sequential element memory_reg[17] was removed.  [c:/Users/hrish/Downloads/ReRAM_Thesis/Project Folder/ReRAM_AXI_Project/ReRAM_AXI_Project.srcs/sources_1/bd/system_bd/ipshared/1229/hdl/axi_protocol_converter_v2_1_vl_rfs.v:2857]
WARNING: [Synth 8-6014] Unused sequential element memory_reg[16] was removed.  [c:/Users/hrish/Downloads/ReRAM_Thesis/Project Folder/ReRAM_AXI_Project/ReRAM_AXI_Project.srcs/sources_1/bd/system_bd/ipshared/1229/hdl/axi_protocol_converter_v2_1_vl_rfs.v:2857]
WARNING: [Synth 8-6014] Unused sequential element memory_reg[15] was removed.  [c:/Users/hrish/Downloads/ReRAM_Thesis/Project Folder/ReRAM_AXI_Project/ReRAM_AXI_Project.srcs/sources_1/bd/system_bd/ipshared/1229/hdl/axi_protocol_converter_v2_1_vl_rfs.v:2857]
WARNING: [Synth 8-6014] Unused sequential element memory_reg[14] was removed.  [c:/Users/hrish/Downloads/ReRAM_Thesis/Project Folder/ReRAM_AXI_Project/ReRAM_AXI_Project.srcs/sources_1/bd/system_bd/ipshared/1229/hdl/axi_protocol_converter_v2_1_vl_rfs.v:2857]
WARNING: [Synth 8-6014] Unused sequential element memory_reg[13] was removed.  [c:/Users/hrish/Downloads/ReRAM_Thesis/Project Folder/ReRAM_AXI_Project/ReRAM_AXI_Project.srcs/sources_1/bd/system_bd/ipshared/1229/hdl/axi_protocol_converter_v2_1_vl_rfs.v:2857]
WARNING: [Synth 8-6014] Unused sequential element memory_reg[12] was removed.  [c:/Users/hrish/Downloads/ReRAM_Thesis/Project Folder/ReRAM_AXI_Project/ReRAM_AXI_Project.srcs/sources_1/bd/system_bd/ipshared/1229/hdl/axi_protocol_converter_v2_1_vl_rfs.v:2857]
WARNING: [Synth 8-6014] Unused sequential element memory_reg[11] was removed.  [c:/Users/hrish/Downloads/ReRAM_Thesis/Project Folder/ReRAM_AXI_Project/ReRAM_AXI_Project.srcs/sources_1/bd/system_bd/ipshared/1229/hdl/axi_protocol_converter_v2_1_vl_rfs.v:2857]
WARNING: [Synth 8-6014] Unused sequential element memory_reg[10] was removed.  [c:/Users/hrish/Downloads/ReRAM_Thesis/Project Folder/ReRAM_AXI_Project/ReRAM_AXI_Project.srcs/sources_1/bd/system_bd/ipshared/1229/hdl/axi_protocol_converter_v2_1_vl_rfs.v:2857]
WARNING: [Synth 8-6014] Unused sequential element memory_reg[9] was removed.  [c:/Users/hrish/Downloads/ReRAM_Thesis/Project Folder/ReRAM_AXI_Project/ReRAM_AXI_Project.srcs/sources_1/bd/system_bd/ipshared/1229/hdl/axi_protocol_converter_v2_1_vl_rfs.v:2857]
WARNING: [Synth 8-6014] Unused sequential element memory_reg[8] was removed.  [c:/Users/hrish/Downloads/ReRAM_Thesis/Project Folder/ReRAM_AXI_Project/ReRAM_AXI_Project.srcs/sources_1/bd/system_bd/ipshared/1229/hdl/axi_protocol_converter_v2_1_vl_rfs.v:2857]
INFO: [Common 17-14] Message 'Synth 8-6014' appears 100 times and further instances of the messages will be disabled. Use the Tcl command set_msg_config to change the current settings.
INFO: [Synth 8-4471] merging register 'gen_axi.s_axi_rvalid_i_reg' into 'gen_axi.read_cs_reg[0:0]' [c:/Users/hrish/Downloads/ReRAM_Thesis/Project Folder/ReRAM_AXI_Project/ReRAM_AXI_Project.srcs/sources_1/bd/system_bd/ipshared/d293/hdl/axi_crossbar_v2_1_vl_rfs.v:3667]
INFO: [Synth 8-802] inferred FSM for state register 'gen_axi.write_cs_reg' in module 'axi_crossbar_v2_1_17_decerr_slave'
INFO: [Synth 8-5546] ROM "gen_axi.read_cs" won't be mapped to RAM because it is too sparse
INFO: [Synth 8-5546] ROM "gen_axi.s_axi_rlast_i" won't be mapped to RAM because it is too sparse
INFO: [Synth 8-5546] ROM "gen_axi.s_axi_rlast_i" won't be mapped to RAM because it is too sparse
INFO: [Synth 8-5818] HDL ADVISOR - The operator resource <adder> is shared. To prevent sharing consider applying a KEEP on the output of the operator [c:/Users/hrish/Downloads/ReRAM_Thesis/Project Folder/ReRAM_AXI_Project/ReRAM_AXI_Project.srcs/sources_1/bd/system_bd/ipshared/d114/hdl/axi_data_fifo_v2_1_vl_rfs.v:759]
INFO: [Synth 8-5818] HDL ADVISOR - The operator resource <adder> is shared. To prevent sharing consider applying a KEEP on the output of the operator [c:/Users/hrish/Downloads/ReRAM_Thesis/Project Folder/ReRAM_AXI_Project/ReRAM_AXI_Project.srcs/sources_1/bd/system_bd/ipshared/d293/hdl/axi_crossbar_v2_1_vl_rfs.v:4294]
INFO: [Synth 8-5818] HDL ADVISOR - The operator resource <adder> is shared. To prevent sharing consider applying a KEEP on the output of the operator [c:/Users/hrish/Downloads/ReRAM_Thesis/Project Folder/ReRAM_AXI_Project/ReRAM_AXI_Project.srcs/sources_1/bd/system_bd/ipshared/d293/hdl/axi_crossbar_v2_1_vl_rfs.v:4327]
INFO: [Synth 8-5818] HDL ADVISOR - The operator resource <adder> is shared. To prevent sharing consider applying a KEEP on the output of the operator [c:/Users/hrish/Downloads/ReRAM_Thesis/Project Folder/ReRAM_AXI_Project/ReRAM_AXI_Project.srcs/sources_1/bd/system_bd/ipshared/d293/hdl/axi_crossbar_v2_1_vl_rfs.v:4327]
INFO: [Synth 8-5818] HDL ADVISOR - The operator resource <adder> is shared. To prevent sharing consider applying a KEEP on the output of the operator [c:/Users/hrish/Downloads/ReRAM_Thesis/Project Folder/ReRAM_AXI_Project/ReRAM_AXI_Project.srcs/sources_1/bd/system_bd/ipshared/d293/hdl/axi_crossbar_v2_1_vl_rfs.v:4327]
INFO: [Synth 8-5818] HDL ADVISOR - The operator resource <adder> is shared. To prevent sharing consider applying a KEEP on the output of the operator [c:/Users/hrish/Downloads/ReRAM_Thesis/Project Folder/ReRAM_AXI_Project/ReRAM_AXI_Project.srcs/sources_1/bd/system_bd/ipshared/d293/hdl/axi_crossbar_v2_1_vl_rfs.v:4327]
INFO: [Synth 8-5818] HDL ADVISOR - The operator resource <adder> is shared. To prevent sharing consider applying a KEEP on the output of the operator [c:/Users/hrish/Downloads/ReRAM_Thesis/Project Folder/ReRAM_AXI_Project/ReRAM_AXI_Project.srcs/sources_1/bd/system_bd/ipshared/d293/hdl/axi_crossbar_v2_1_vl_rfs.v:4327]
INFO: [Synth 8-5818] HDL ADVISOR - The operator resource <adder> is shared. To prevent sharing consider applying a KEEP on the output of the operator [c:/Users/hrish/Downloads/ReRAM_Thesis/Project Folder/ReRAM_AXI_Project/ReRAM_AXI_Project.srcs/sources_1/bd/system_bd/ipshared/d293/hdl/axi_crossbar_v2_1_vl_rfs.v:4327]
INFO: [Synth 8-5818] HDL ADVISOR - The operator resource <adder> is shared. To prevent sharing consider applying a KEEP on the output of the operator [c:/Users/hrish/Downloads/ReRAM_Thesis/Project Folder/ReRAM_AXI_Project/ReRAM_AXI_Project.srcs/sources_1/bd/system_bd/ipshared/d293/hdl/axi_crossbar_v2_1_vl_rfs.v:4327]
INFO: [Synth 8-5818] HDL ADVISOR - The operator resource <adder> is shared. To prevent sharing consider applying a KEEP on the output of the operator [c:/Users/hrish/Downloads/ReRAM_Thesis/Project Folder/ReRAM_AXI_Project/ReRAM_AXI_Project.srcs/sources_1/bd/system_bd/ipshared/d293/hdl/axi_crossbar_v2_1_vl_rfs.v:4327]
INFO: [Synth 8-5818] HDL ADVISOR - The operator resource <adder> is shared. To prevent sharing consider applying a KEEP on the output of the operator [c:/Users/hrish/Downloads/ReRAM_Thesis/Project Folder/ReRAM_AXI_Project/ReRAM_AXI_Project.srcs/sources_1/bd/system_bd/ipshared/d293/hdl/axi_crossbar_v2_1_vl_rfs.v:4294]
INFO: [Synth 8-5818] HDL ADVISOR - The operator resource <adder> is shared. To prevent sharing consider applying a KEEP on the output of the operator [c:/Users/hrish/Downloads/ReRAM_Thesis/Project Folder/ReRAM_AXI_Project/ReRAM_AXI_Project.srcs/sources_1/bd/system_bd/ipshared/d293/hdl/axi_crossbar_v2_1_vl_rfs.v:4327]
INFO: [Synth 8-5818] HDL ADVISOR - The operator resource <adder> is shared. To prevent sharing consider applying a KEEP on the output of the operator [c:/Users/hrish/Downloads/ReRAM_Thesis/Project Folder/ReRAM_AXI_Project/ReRAM_AXI_Project.srcs/sources_1/bd/system_bd/ipshared/d293/hdl/axi_crossbar_v2_1_vl_rfs.v:4327]
INFO: [Synth 8-5818] HDL ADVISOR - The operator resource <adder> is shared. To prevent sharing consider applying a KEEP on the output of the operator [c:/Users/hrish/Downloads/ReRAM_Thesis/Project Folder/ReRAM_AXI_Project/ReRAM_AXI_Project.srcs/sources_1/bd/system_bd/ipshared/d293/hdl/axi_crossbar_v2_1_vl_rfs.v:4327]
INFO: [Synth 8-5818] HDL ADVISOR - The operator resource <adder> is shared. To prevent sharing consider applying a KEEP on the output of the operator [c:/Users/hrish/Downloads/ReRAM_Thesis/Project Folder/ReRAM_AXI_Project/ReRAM_AXI_Project.srcs/sources_1/bd/system_bd/ipshared/d293/hdl/axi_crossbar_v2_1_vl_rfs.v:4327]
INFO: [Synth 8-5818] HDL ADVISOR - The operator resource <adder> is shared. To prevent sharing consider applying a KEEP on the output of the operator [c:/Users/hrish/Downloads/ReRAM_Thesis/Project Folder/ReRAM_AXI_Project/ReRAM_AXI_Project.srcs/sources_1/bd/system_bd/ipshared/d293/hdl/axi_crossbar_v2_1_vl_rfs.v:4327]
INFO: [Synth 8-5818] HDL ADVISOR - The operator resource <adder> is shared. To prevent sharing consider applying a KEEP on the output of the operator [c:/Users/hrish/Downloads/ReRAM_Thesis/Project Folder/ReRAM_AXI_Project/ReRAM_AXI_Project.srcs/sources_1/bd/system_bd/ipshared/d293/hdl/axi_crossbar_v2_1_vl_rfs.v:4327]
INFO: [Synth 8-5818] HDL ADVISOR - The operator resource <adder> is shared. To prevent sharing consider applying a KEEP on the output of the operator [c:/Users/hrish/Downloads/ReRAM_Thesis/Project Folder/ReRAM_AXI_Project/ReRAM_AXI_Project.srcs/sources_1/bd/system_bd/ipshared/d293/hdl/axi_crossbar_v2_1_vl_rfs.v:4327]
INFO: [Synth 8-5818] HDL ADVISOR - The operator resource <adder> is shared. To prevent sharing consider applying a KEEP on the output of the operator [c:/Users/hrish/Downloads/ReRAM_Thesis/Project Folder/ReRAM_AXI_Project/ReRAM_AXI_Project.srcs/sources_1/bd/system_bd/ipshared/d293/hdl/axi_crossbar_v2_1_vl_rfs.v:4327]
INFO: [Synth 8-802] inferred FSM for state register 'state_reg' in module 'axi_data_fifo_v2_1_15_axic_reg_srl_fifo'
INFO: [Synth 8-5818] HDL ADVISOR - The operator resource <adder> is shared. To prevent sharing consider applying a KEEP on the output of the operator [c:/Users/hrish/Downloads/ReRAM_Thesis/Project Folder/ReRAM_AXI_Project/ReRAM_AXI_Project.srcs/sources_1/bd/system_bd/ipshared/d293/hdl/axi_crossbar_v2_1_vl_rfs.v:3091]
INFO: [Synth 8-5818] HDL ADVISOR - The operator resource <adder> is shared. To prevent sharing consider applying a KEEP on the output of the operator [c:/Users/hrish/Downloads/ReRAM_Thesis/Project Folder/ReRAM_AXI_Project/ReRAM_AXI_Project.srcs/sources_1/bd/system_bd/ipshared/d293/hdl/axi_crossbar_v2_1_vl_rfs.v:3091]
INFO: [Synth 8-5818] HDL ADVISOR - The operator resource <adder> is shared. To prevent sharing consider applying a KEEP on the output of the operator [c:/Users/hrish/Downloads/ReRAM_Thesis/Project Folder/ReRAM_AXI_Project/ReRAM_AXI_Project.srcs/sources_1/bd/system_bd/ipshared/d293/hdl/axi_crossbar_v2_1_vl_rfs.v:3086]
INFO: [Synth 8-5818] HDL ADVISOR - The operator resource <adder> is shared. To prevent sharing consider applying a KEEP on the output of the operator [c:/Users/hrish/Downloads/ReRAM_Thesis/Project Folder/ReRAM_AXI_Project/ReRAM_AXI_Project.srcs/sources_1/bd/system_bd/ipshared/d293/hdl/axi_crossbar_v2_1_vl_rfs.v:3086]
INFO: [Synth 8-802] inferred FSM for state register 'write_fsm_state_reg' in module 'reram_cell'
INFO: [Synth 8-4471] merging register 'S_AXI_RRESP_reg[1:0]' into 'S_AXI_BRESP_reg[1:0]' [c:/Users/hrish/Downloads/ReRAM_Thesis/Project Folder/ReRAM_AXI_Project/ReRAM_AXI_Project.srcs/sources_1/bd/system_bd/ipshared/984e/hdl/reram_axi_ip_v1_0_S00_AXI.v:219]
INFO: [Synth 8-802] inferred FSM for state register 'cstate_reg' in module 'reram_axi_ip_v1_0_S00_AXI'
INFO: [Synth 8-4471] merging register 'seq_cnt_en_reg' into 'from_sys_reg' [c:/Users/hrish/Downloads/ReRAM_Thesis/Project Folder/ReRAM_AXI_Project/ReRAM_AXI_Project.srcs/sources_1/bd/system_bd/ipshared/f86a/hdl/proc_sys_reset_v5_0_vh_rfs.vhd:377]
---------------------------------------------------------------------------------------------------
                   State |                     New Encoding |                Previous Encoding 
---------------------------------------------------------------------------------------------------
                    idle |                              001 |                               00
            brst_wr_data |                              010 |                               10
             sng_wr_data |                              100 |                               01
---------------------------------------------------------------------------------------------------
INFO: [Synth 8-3354] encoded FSM with state register 'GEN_WDATA_SM_NO_ECC_SNG_REG_WREADY.wr_data_sng_sm_cs_reg' using encoding 'one-hot' in module 'wr_chnl'
---------------------------------------------------------------------------------------------------
                   State |                     New Encoding |                Previous Encoding 
---------------------------------------------------------------------------------------------------
                    idle |                             0000 |                             0000
                sng_addr |                             0001 |                             0001
                sec_addr |                             0010 |                             0010
               full_pipe |                             0011 |                             0011
           full_throttle |                             0100 |                             0100
               last_addr |                             0101 |                             0101
           last_throttle |                             0110 |                             0110
               last_data |                             0111 |                             0111
       last_data_ar_pend |                             1000 |                             1000
---------------------------------------------------------------------------------------------------
INFO: [Synth 8-3354] encoded FSM with state register 'rd_data_sm_cs_reg' using encoding 'sequential' in module 'rd_chnl'
---------------------------------------------------------------------------------------------------
                   State |                     New Encoding |                Previous Encoding 
---------------------------------------------------------------------------------------------------
                    idle |                              000 |                              000
          w8_throttle_b2 |                              001 |                              100
             w8_throttle |                              010 |                              001
        w8_2nd_last_data |                              011 |                              010
            w8_last_data |                              100 |                              011
---------------------------------------------------------------------------------------------------
INFO: [Synth 8-3354] encoded FSM with state register 'rlast_sm_cs_reg' using encoding 'sequential' in module 'rd_chnl'
---------------------------------------------------------------------------------------------------
                   State |                     New Encoding |                Previous Encoding 
---------------------------------------------------------------------------------------------------
                    idle |                               00 |                               00
                 wr_data |                               01 |                               10
                 rd_data |                               10 |                               01
---------------------------------------------------------------------------------------------------
INFO: [Synth 8-3354] encoded FSM with state register 'arb_sm_cs_reg' using encoding 'sequential' in module 'sng_port_arb'
INFO: [Synth 8-3898] No Re-encoding of one hot register 'current_state_reg' in module 'fsm2E62A122C700'
INFO: [Synth 8-3898] No Re-encoding of one hot register 'current_state_reg' in module 'fsm2E62A14CD800'
INFO: [Synth 8-3898] No Re-encoding of one hot register 'current_state_reg' in module 'fsm2E6345DA9E00'
INFO: [Synth 8-3898] No Re-encoding of one hot register 'current_state_reg' in module 'fsm2E6345D83600'
INFO: [Synth 8-3898] No Re-encoding of one hot register 'current_state_reg' in module 'fsm2E6346135600'
INFO: [Synth 8-3898] No Re-encoding of one hot register 'current_state_reg' in module 'fsm2E634610EE00'
INFO: [Synth 8-3898] No Re-encoding of one hot register 'current_state_reg' in module 'fsm2E63460EE900'
INFO: [Synth 8-3898] No Re-encoding of one hot register 'current_state_reg' in module 'fsm2E63460B7900'
INFO: [Synth 8-3898] No Re-encoding of one hot register 'current_state_reg' in module 'fsm2E6346063B00'
INFO: [Synth 8-3898] No Re-encoding of one hot register 'current_state_reg' in module 'fsm2E6346033900'
INFO: [Synth 8-3898] No Re-encoding of one hot register 'current_state_reg' in module 'fsm2E6346004200'
INFO: [Synth 8-3898] No Re-encoding of one hot register 'current_state_reg' in module 'fsm2E6345FE0600'
INFO: [Synth 8-3898] No Re-encoding of one hot register 'current_state_reg' in module 'fsm2E6345FA5F00'
INFO: [Synth 8-3898] No Re-encoding of one hot register 'current_state_reg' in module 'fsm2E6345F87B00'
INFO: [Synth 8-3898] No Re-encoding of one hot register 'current_state_reg' in module 'fsm2E6345F3AB00'
INFO: [Synth 8-3898] No Re-encoding of one hot register 'current_state_reg' in module 'fsm2E6345F0D500'
INFO: [Synth 8-3898] No Re-encoding of one hot register 'current_state_reg' in module 'fsm2E6345EDC800'
INFO: [Synth 8-3898] No Re-encoding of one hot register 'current_state_reg' in module 'fsm2E6345EA6300'
INFO: [Synth 8-3898] No Re-encoding of one hot register 'current_state_reg' in module 'fsm2E6345E6FE00'
INFO: [Synth 8-3898] No Re-encoding of one hot register 'current_state_reg' in module 'fsm2E6345E53000'
INFO: [Synth 8-3898] No Re-encoding of one hot register 'current_state_reg' in module 'fsm2E6162830100'
INFO: [Synth 8-3898] No Re-encoding of one hot register 'current_state_reg' in module 'fsm2E61627F7B00'
INFO: [Synth 8-3898] No Re-encoding of one hot register 'current_state_reg' in module 'fsm2E61627A5300'
INFO: [Synth 8-3898] No Re-encoding of one hot register 'current_state_reg' in module 'fsm2E616277BF00'
INFO: [Synth 8-3898] No Re-encoding of one hot register 'current_state_reg' in module 'fsm2E6162746500'
INFO: [Synth 8-3898] No Re-encoding of one hot register 'current_state_reg' in module 'fsm2E61626FA000'
INFO: [Synth 8-3898] No Re-encoding of one hot register 'current_state_reg' in module 'fsm2E6162AE9300'
INFO: [Synth 8-3898] No Re-encoding of one hot register 'current_state_reg' in module 'fsm2E6162AB1800'
INFO: [Synth 8-3898] No Re-encoding of one hot register 'current_state_reg' in module 'fsm2E6162A94A00'
INFO: [Synth 8-3898] No Re-encoding of one hot register 'current_state_reg' in module 'fsm2E6162A35100'
INFO: [Synth 8-3898] No Re-encoding of one hot register 'current_state_reg' in module 'fsm2E6162A00200'
INFO: [Synth 8-3898] No Re-encoding of one hot register 'current_state_reg' in module 'fsm2E61629BA000'
INFO: [Synth 8-3898] No Re-encoding of one hot register 'current_state_reg' in module 'fsm2E6162975F00'
INFO: [Synth 8-3898] No Re-encoding of one hot register 'current_state_reg' in module 'fsm2E6162965700'
INFO: [Synth 8-3898] No Re-encoding of one hot register 'current_state_reg' in module 'fsm2E616293E400'
INFO: [Synth 8-3898] No Re-encoding of one hot register 'current_state_reg' in module 'fsm2E616290AB00'
INFO: [Synth 8-3898] No Re-encoding of one hot register 'current_state_reg' in module 'fsm2E61628EB100'
INFO: [Synth 8-3898] No Re-encoding of one hot register 'current_state_reg' in module 'fsm2E61628A4F00'
INFO: [Synth 8-3898] No Re-encoding of one hot register 'current_state_reg' in module 'fsm2E6162896800'
INFO: [Synth 8-3898] No Re-encoding of one hot register 'current_state_reg' in module 'fsm2E6162862400'
INFO: [Synth 8-3898] No Re-encoding of one hot register 'current_state_reg' in module 'fsm2E62BF585900'
INFO: [Synth 8-3898] No Re-encoding of one hot register 'current_state_reg' in module 'fsm2E62BF947600'
INFO: [Synth 8-3898] No Re-encoding of one hot register 'current_state_reg' in module 'fsm2E62BF90A300'
INFO: [Synth 8-3898] No Re-encoding of one hot register 'current_state_reg' in module 'fsm2E62BF8D2800'
INFO: [Synth 8-3898] No Re-encoding of one hot register 'current_state_reg' in module 'fsm2E62BF8BA700'
INFO: [Synth 8-3898] No Re-encoding of one hot register 'current_state_reg' in module 'fsm2E62BF84D200'
INFO: [Synth 8-3898] No Re-encoding of one hot register 'current_state_reg' in module 'fsm2E62BF8A3100'
INFO: [Synth 8-6159] Found Keep on FSM register 'state_reg' in module 'axi_protocol_converter_v2_1_16_b2s_rd_cmd_fsm', re-encoding will not be performed
---------------------------------------------------------------------------------------------------
                   State |                     New Encoding |                Previous Encoding 
---------------------------------------------------------------------------------------------------
            P_WRITE_IDLE |                              001 |                               00
            P_WRITE_DATA |                              010 |                               01
            P_WRITE_RESP |                              100 |                               10
---------------------------------------------------------------------------------------------------
INFO: [Synth 8-3354] encoded FSM with state register 'gen_axi.write_cs_reg' using encoding 'one-hot' in module 'axi_crossbar_v2_1_17_decerr_slave'
---------------------------------------------------------------------------------------------------
                   State |                     New Encoding |                Previous Encoding 
---------------------------------------------------------------------------------------------------
                    ZERO |                             1000 |                               10
                     ONE |                             0010 |                               11
                     TWO |                             0001 |                               01
                  iSTATE |                             0100 |                               00
*
---------------------------------------------------------------------------------------------------
INFO: [Synth 8-3354] encoded FSM with state register 'state_reg' using encoding 'one-hot' in module 'axi_data_fifo_v2_1_15_axic_reg_srl_fifo'
---------------------------------------------------------------------------------------------------
                   State |                     New Encoding |                Previous Encoding 
---------------------------------------------------------------------------------------------------
                    IDLE |                               00 |                               00
                 SETTING |                               01 |                               01
               RESETTING |                               10 |                               10
---------------------------------------------------------------------------------------------------
INFO: [Synth 8-3354] encoded FSM with state register 'write_fsm_state_reg' using encoding 'sequential' in module 'reram_cell'
---------------------------------------------------------------------------------------------------
                   State |                     New Encoding |                Previous Encoding 
---------------------------------------------------------------------------------------------------
                  C_IDLE |                              001 |                               00
                  C_WAIT |                              010 |                               01
                 C_PULSE |                              100 |                               10
---------------------------------------------------------------------------------------------------
INFO: [Synth 8-3354] encoded FSM with state register 'cstate_reg' using encoding 'one-hot' in module 'reram_axi_ip_v1_0_S00_AXI'
---------------------------------------------------------------------------------
Finished RTL Optimization Phase 2 : Time (s): cpu = 00:04:19 ; elapsed = 00:04:35 . Memory (MB): peak = 1345.785 ; gain = 1005.699
---------------------------------------------------------------------------------

Report RTL Partitions: 
+------+------------------+------------+----------+
|      |RTL Partition     |Replication |Instances |
+------+------------------+------------+----------+
|1     |system_bd__GB0    |           1|     25415|
|2     |system_bd__GB1    |           1|     15166|
|3     |system_bd_ila_0_0 |           1|     24487|
+------+------------------+------------+----------+
---------------------------------------------------------------------------------
Start RTL Component Statistics 
---------------------------------------------------------------------------------
Detailed RTL Component Info : 
+---Adders : 
	   2 Input     12 Bit       Adders := 8     
	   2 Input     10 Bit       Adders := 7     
	   2 Input      9 Bit       Adders := 4     
	   2 Input      8 Bit       Adders := 5     
	   2 Input      7 Bit       Adders := 4     
	   2 Input      6 Bit       Adders := 3     
	   2 Input      5 Bit       Adders := 6     
	   2 Input      4 Bit       Adders := 152   
	   2 Input      3 Bit       Adders := 5     
	   2 Input      2 Bit       Adders := 4     
	   2 Input      1 Bit       Adders := 2     
+---XORs : 
	   2 Input     13 Bit         XORs := 121   
	   2 Input      1 Bit         XORs := 34    
+---Registers : 
	             1024 Bit    Registers := 4     
	              272 Bit    Registers := 1     
	              262 Bit    Registers := 9     
	              224 Bit    Registers := 1     
	              221 Bit    Registers := 9     
	              128 Bit    Registers := 2     
	               75 Bit    Registers := 2     
	               73 Bit    Registers := 4     
	               47 Bit    Registers := 8     
	               45 Bit    Registers := 1     
	               44 Bit    Registers := 1     
	               33 Bit    Registers := 4     
	               32 Bit    Registers := 30    
	               17 Bit    Registers := 4     
	               16 Bit    Registers := 494   
	               14 Bit    Registers := 5     
	               13 Bit    Registers := 4     
	               12 Bit    Registers := 48    
	               11 Bit    Registers := 1     
	               10 Bit    Registers := 20    
	                9 Bit    Registers := 4     
	                8 Bit    Registers := 10    
	                7 Bit    Registers := 6     
	                6 Bit    Registers := 7     
	                5 Bit    Registers := 7     
	                4 Bit    Registers := 155   
	                3 Bit    Registers := 31    
	                2 Bit    Registers := 51    
	                1 Bit    Registers := 961   
+---Muxes : 
	   2 Input    262 Bit        Muxes := 1     
	   2 Input    221 Bit        Muxes := 1     
	   2 Input     73 Bit        Muxes := 4     
	   2 Input     64 Bit        Muxes := 16    
	   2 Input     47 Bit        Muxes := 8     
	   3 Input     32 Bit        Muxes := 16    
	   2 Input     32 Bit        Muxes := 10    
	   2 Input     24 Bit        Muxes := 6     
	   2 Input     16 Bit        Muxes := 111   
	   4 Input     16 Bit        Muxes := 2     
	   3 Input     16 Bit        Muxes := 2     
	   8 Input     16 Bit        Muxes := 2     
	   2 Input     15 Bit        Muxes := 93    
	   2 Input     14 Bit        Muxes := 2     
	   3 Input     12 Bit        Muxes := 2     
	   2 Input     12 Bit        Muxes := 8     
	   5 Input     11 Bit        Muxes := 2     
	   2 Input     11 Bit        Muxes := 5     
	   8 Input     10 Bit        Muxes := 2     
	   2 Input      9 Bit        Muxes := 4     
	   2 Input      8 Bit        Muxes := 15    
	   3 Input      7 Bit        Muxes := 2     
	   8 Input      7 Bit        Muxes := 2     
	   2 Input      6 Bit        Muxes := 15    
	   4 Input      6 Bit        Muxes := 1     
	   2 Input      5 Bit        Muxes := 10    
	   8 Input      5 Bit        Muxes := 1     
	   5 Input      4 Bit        Muxes := 93    
	   2 Input      4 Bit        Muxes := 316   
	   8 Input      4 Bit        Muxes := 1     
	   3 Input      4 Bit        Muxes := 16    
	   4 Input      4 Bit        Muxes := 1     
	   9 Input      4 Bit        Muxes := 1     
	   2 Input      3 Bit        Muxes := 100   
	  10 Input      3 Bit        Muxes := 2     
	   8 Input      3 Bit        Muxes := 2     
	   3 Input      3 Bit        Muxes := 1     
	   5 Input      3 Bit        Muxes := 1     
	   2 Input      2 Bit        Muxes := 91    
	   3 Input      2 Bit        Muxes := 19    
	   4 Input      2 Bit        Muxes := 5     
	   5 Input      2 Bit        Muxes := 1     
	   2 Input      1 Bit        Muxes := 697   
	   3 Input      1 Bit        Muxes := 216   
	   9 Input      1 Bit        Muxes := 21    
	   4 Input      1 Bit        Muxes := 10    
	   8 Input      1 Bit        Muxes := 10    
	   5 Input      1 Bit        Muxes := 2     
---------------------------------------------------------------------------------
Finished RTL Component Statistics 
---------------------------------------------------------------------------------
---------------------------------------------------------------------------------
Start RTL Hierarchical Component Statistics 
---------------------------------------------------------------------------------
Hierarchical RTL Component report 
Module xsdbs_v1_0_2_xsdbs 
Detailed RTL Component Info : 
+---Registers : 
	              128 Bit    Registers := 1     
	               17 Bit    Registers := 1     
	               16 Bit    Registers := 4     
	                1 Bit    Registers := 4     
+---Muxes : 
	   2 Input     16 Bit        Muxes := 1     
Module xsdbs_v1_0_2_reg_stat 
Detailed RTL Component Info : 
+---Registers : 
	               16 Bit    Registers := 1     
Module xsdbs_v1_0_2_reg_stat__239 
Detailed RTL Component Info : 
+---Registers : 
	               16 Bit    Registers := 1     
Module xsdbs_v1_0_2_reg_stat__238 
Detailed RTL Component Info : 
+---Registers : 
	               16 Bit    Registers := 1     
Module xsdbs_v1_0_2_reg_stat__237 
Detailed RTL Component Info : 
+---Registers : 
	               16 Bit    Registers := 1     
Module xsdbs_v1_0_2_reg_stat__236 
Detailed RTL Component Info : 
+---Registers : 
	               16 Bit    Registers := 1     
Module xsdbs_v1_0_2_reg_stat__235 
Detailed RTL Component Info : 
+---Registers : 
	               16 Bit    Registers := 1     
Module xsdbs_v1_0_2_reg_ctl 
Detailed RTL Component Info : 
+---Registers : 
	               16 Bit    Registers := 1     
Module xsdbs_v1_0_2_reg__parameterized97 
Detailed RTL Component Info : 
+---XORs : 
	   2 Input     13 Bit         XORs := 1     
Module xsdbs_v1_0_2_reg_ctl__parameterized0 
Detailed RTL Component Info : 
+---Registers : 
	               16 Bit    Registers := 1     
Module xsdbs_v1_0_2_reg__parameterized98 
Detailed RTL Component Info : 
+---XORs : 
	   2 Input     13 Bit         XORs := 1     
Module xsdbs_v1_0_2_reg_stat__234 
Detailed RTL Component Info : 
+---Registers : 
	               16 Bit    Registers := 1     
Module xsdbs_v1_0_2_reg_stat__233 
Detailed RTL Component Info : 
+---Registers : 
	               16 Bit    Registers := 1     
Module xsdbs_v1_0_2_reg_stat__232 
Detailed RTL Component Info : 
+---Registers : 
	               16 Bit    Registers := 1     
Module xsdbs_v1_0_2_reg_stat__231 
Detailed RTL Component Info : 
+---Registers : 
	               16 Bit    Registers := 1     
Module xsdbs_v1_0_2_reg_stat__230 
Detailed RTL Component Info : 
+---Registers : 
	               16 Bit    Registers := 1     
Module xsdbs_v1_0_2_reg_stat__229 
Detailed RTL Component Info : 
+---Registers : 
	               16 Bit    Registers := 1     
Module xsdbs_v1_0_2_reg_stat__228 
Detailed RTL Component Info : 
+---Registers : 
	               16 Bit    Registers := 1     
Module xsdbs_v1_0_2_reg_stat__227 
Detailed RTL Component Info : 
+---Registers : 
	               16 Bit    Registers := 1     
Module xsdbs_v1_0_2_reg_stat__226 
Detailed RTL Component Info : 
+---Registers : 
	               16 Bit    Registers := 1     
Module xsdbs_v1_0_2_reg_stat__225 
Detailed RTL Component Info : 
+---Registers : 
	               16 Bit    Registers := 1     
Module xsdbs_v1_0_2_reg_stat__224 
Detailed RTL Component Info : 
+---Registers : 
	               16 Bit    Registers := 1     
Module xsdbs_v1_0_2_reg_stat__223 
Detailed RTL Component Info : 
+---Registers : 
	               16 Bit    Registers := 1     
Module xsdbs_v1_0_2_reg_stat__222 
Detailed RTL Component Info : 
+---Registers : 
	               16 Bit    Registers := 1     
Module xsdbs_v1_0_2_reg_ctl__21 
Detailed RTL Component Info : 
+---Registers : 
	               16 Bit    Registers := 1     
Module xsdbs_v1_0_2_reg__parameterized112 
Detailed RTL Component Info : 
+---XORs : 
	   2 Input     13 Bit         XORs := 1     
Module xsdbs_v1_0_2_reg_ctl__20 
Detailed RTL Component Info : 
+---Registers : 
	               16 Bit    Registers := 1     
Module xsdbs_v1_0_2_reg__parameterized113 
Detailed RTL Component Info : 
+---XORs : 
	   2 Input     13 Bit         XORs := 1     
Module xsdbs_v1_0_2_reg_ctl__19 
Detailed RTL Component Info : 
+---Registers : 
	               16 Bit    Registers := 1     
Module xsdbs_v1_0_2_reg__parameterized114 
Detailed RTL Component Info : 
+---XORs : 
	   2 Input     13 Bit         XORs := 1     
Module xsdbs_v1_0_2_reg_ctl__18 
Detailed RTL Component Info : 
+---Registers : 
	               16 Bit    Registers := 1     
Module xsdbs_v1_0_2_reg__parameterized115 
Detailed RTL Component Info : 
+---XORs : 
	   2 Input     13 Bit         XORs := 1     
Module xsdbs_v1_0_2_reg_ctl__17 
Detailed RTL Component Info : 
+---Registers : 
	               16 Bit    Registers := 1     
Module xsdbs_v1_0_2_reg__parameterized116 
Detailed RTL Component Info : 
+---XORs : 
	   2 Input     13 Bit         XORs := 1     
Module xsdbs_v1_0_2_reg_ctl__parameterized1 
Detailed RTL Component Info : 
+---Registers : 
	               16 Bit    Registers := 1     
Module xsdbs_v1_0_2_reg__parameterized117 
Detailed RTL Component Info : 
+---XORs : 
	   2 Input     13 Bit         XORs := 1     
Module xsdbs_v1_0_2_reg_ctl__parameterized1__5 
Detailed RTL Component Info : 
+---Registers : 
	               16 Bit    Registers := 1     
Module xsdbs_v1_0_2_reg__parameterized118 
Detailed RTL Component Info : 
+---XORs : 
	   2 Input     13 Bit         XORs := 1     
Module xsdbs_v1_0_2_reg_ctl__16 
Detailed RTL Component Info : 
+---Registers : 
	               16 Bit    Registers := 1     
Module xsdbs_v1_0_2_reg__parameterized119 
Detailed RTL Component Info : 
+---XORs : 
	   2 Input     13 Bit         XORs := 1     
Module xsdbs_v1_0_2_reg_ctl__parameterized1__4 
Detailed RTL Component Info : 
+---Registers : 
	               16 Bit    Registers := 1     
Module xsdbs_v1_0_2_reg__parameterized120 
Detailed RTL Component Info : 
+---XORs : 
	   2 Input     13 Bit         XORs := 1     
Module xsdbs_v1_0_2_reg_ctl__15 
Detailed RTL Component Info : 
+---Registers : 
	               16 Bit    Registers := 1     
Module xsdbs_v1_0_2_reg__parameterized121 
Detailed RTL Component Info : 
+---XORs : 
	   2 Input     13 Bit         XORs := 1     
Module xsdbs_v1_0_2_reg_ctl__14 
Detailed RTL Component Info : 
+---Registers : 
	               16 Bit    Registers := 1     
Module xsdbs_v1_0_2_reg__parameterized122 
Detailed RTL Component Info : 
+---XORs : 
	   2 Input     13 Bit         XORs := 1     
Module xsdbs_v1_0_2_reg_ctl__13 
Detailed RTL Component Info : 
+---Registers : 
	               16 Bit    Registers := 1     
Module xsdbs_v1_0_2_reg__parameterized123 
Detailed RTL Component Info : 
+---XORs : 
	   2 Input     13 Bit         XORs := 1     
Module xsdbs_v1_0_2_reg_stat__221 
Detailed RTL Component Info : 
+---Registers : 
	               16 Bit    Registers := 1     
Module xsdbs_v1_0_2_reg_stat__220 
Detailed RTL Component Info : 
+---Registers : 
	               16 Bit    Registers := 1     
Module xsdbs_v1_0_2_reg_stat__219 
Detailed RTL Component Info : 
+---Registers : 
	               16 Bit    Registers := 1     
Module xsdbs_v1_0_2_reg_stat__218 
Detailed RTL Component Info : 
+---Registers : 
	               16 Bit    Registers := 1     
Module xsdbs_v1_0_2_reg_stat__217 
Detailed RTL Component Info : 
+---Registers : 
	               16 Bit    Registers := 1     
Module xsdbs_v1_0_2_reg_stat__216 
Detailed RTL Component Info : 
+---Registers : 
	               16 Bit    Registers := 1     
Module xsdbs_v1_0_2_reg_stat__215 
Detailed RTL Component Info : 
+---Registers : 
	               16 Bit    Registers := 1     
Module xsdbs_v1_0_2_reg_p2s__parameterized44 
Detailed RTL Component Info : 
+---Adders : 
	   2 Input      4 Bit       Adders := 1     
+---XORs : 
	   2 Input     13 Bit         XORs := 1     
+---Registers : 
	               16 Bit    Registers := 2     
	                4 Bit    Registers := 1     
	                1 Bit    Registers := 3     
+---Muxes : 
	   2 Input     16 Bit        Muxes := 1     
	   2 Input     15 Bit        Muxes := 1     
	   5 Input      4 Bit        Muxes := 1     
	   2 Input      4 Bit        Muxes := 3     
	   2 Input      3 Bit        Muxes := 1     
	   2 Input      1 Bit        Muxes := 5     
	   3 Input      1 Bit        Muxes := 1     
Module xsdbs_v1_0_2_reg_ctl__12 
Detailed RTL Component Info : 
+---Registers : 
	               16 Bit    Registers := 1     
Module xsdbs_v1_0_2_reg_stream 
Detailed RTL Component Info : 
+---Registers : 
	                1 Bit    Registers := 1     
+---Muxes : 
	   2 Input      1 Bit        Muxes := 1     
Module xsdbs_v1_0_2_reg_stat__214 
Detailed RTL Component Info : 
+---Registers : 
	               16 Bit    Registers := 1     
Module xsdbs_v1_0_2_reg_stream__parameterized0 
Detailed RTL Component Info : 
+---Muxes : 
	   2 Input      1 Bit        Muxes := 1     
Module xsdbs_v1_0_2_reg_stat__213 
Detailed RTL Component Info : 
+---Registers : 
	               16 Bit    Registers := 1     
Module xsdbs_v1_0_2_reg_stat__212 
Detailed RTL Component Info : 
+---Registers : 
	               16 Bit    Registers := 1     
Module xsdbs_v1_0_2_reg_stat__211 
Detailed RTL Component Info : 
+---Registers : 
	               16 Bit    Registers := 1     
Module xsdbs_v1_0_2_reg_stat__210 
Detailed RTL Component Info : 
+---Registers : 
	               16 Bit    Registers := 1     
Module xsdbs_v1_0_2_reg_stat__209 
Detailed RTL Component Info : 
+---Registers : 
	               16 Bit    Registers := 1     
Module xsdbs_v1_0_2_reg_stat__208 
Detailed RTL Component Info : 
+---Registers : 
	               16 Bit    Registers := 1     
Module xsdbs_v1_0_2_reg_stat__207 
Detailed RTL Component Info : 
+---Registers : 
	               16 Bit    Registers := 1     
Module xsdbs_v1_0_2_reg_stat__206 
Detailed RTL Component Info : 
+---Registers : 
	               16 Bit    Registers := 1     
Module xsdbs_v1_0_2_reg_stat__205 
Detailed RTL Component Info : 
+---Registers : 
	               16 Bit    Registers := 1     
Module xsdbs_v1_0_2_reg_stat__204 
Detailed RTL Component Info : 
+---Registers : 
	               16 Bit    Registers := 1     
Module xsdbs_v1_0_2_reg_stat__203 
Detailed RTL Component Info : 
+---Registers : 
	               16 Bit    Registers := 1     
Module xsdbs_v1_0_2_reg_stat__202 
Detailed RTL Component Info : 
+---Registers : 
	               16 Bit    Registers := 1     
Module xsdbs_v1_0_2_reg_stat__201 
Detailed RTL Component Info : 
+---Registers : 
	               16 Bit    Registers := 1     
Module xsdbs_v1_0_2_reg_stat__200 
Detailed RTL Component Info : 
+---Registers : 
	               16 Bit    Registers := 1     
Module xsdbs_v1_0_2_reg_stat__199 
Detailed RTL Component Info : 
+---Registers : 
	               16 Bit    Registers := 1     
Module xsdbs_v1_0_2_reg_stat__198 
Detailed RTL Component Info : 
+---Registers : 
	               16 Bit    Registers := 1     
Module xsdbs_v1_0_2_reg_stat__197 
Detailed RTL Component Info : 
+---Registers : 
	               16 Bit    Registers := 1     
Module xsdbs_v1_0_2_reg_stat__196 
Detailed RTL Component Info : 
+---Registers : 
	               16 Bit    Registers := 1     
Module xsdbs_v1_0_2_reg_stat__195 
Detailed RTL Component Info : 
+---Registers : 
	               16 Bit    Registers := 1     
Module xsdbs_v1_0_2_reg_stat__194 
Detailed RTL Component Info : 
+---Registers : 
	               16 Bit    Registers := 1     
Module xsdbs_v1_0_2_reg_stat__193 
Detailed RTL Component Info : 
+---Registers : 
	               16 Bit    Registers := 1     
Module xsdbs_v1_0_2_reg_stat__192 
Detailed RTL Component Info : 
+---Registers : 
	               16 Bit    Registers := 1     
Module xsdbs_v1_0_2_reg_stat__191 
Detailed RTL Component Info : 
+---Registers : 
	               16 Bit    Registers := 1     
Module xsdbs_v1_0_2_reg_stat__190 
Detailed RTL Component Info : 
+---Registers : 
	               16 Bit    Registers := 1     
Module xsdbs_v1_0_2_reg_stat__189 
Detailed RTL Component Info : 
+---Registers : 
	               16 Bit    Registers := 1     
Module xsdbs_v1_0_2_reg_stat__188 
Detailed RTL Component Info : 
+---Registers : 
	               16 Bit    Registers := 1     
Module xsdbs_v1_0_2_reg_stat__187 
Detailed RTL Component Info : 
+---Registers : 
	               16 Bit    Registers := 1     
Module xsdbs_v1_0_2_reg_stat__186 
Detailed RTL Component Info : 
+---Registers : 
	               16 Bit    Registers := 1     
Module xsdbs_v1_0_2_reg_stat__185 
Detailed RTL Component Info : 
+---Registers : 
	               16 Bit    Registers := 1     
Module xsdbs_v1_0_2_reg_stat__184 
Detailed RTL Component Info : 
+---Registers : 
	               16 Bit    Registers := 1     
Module xsdbs_v1_0_2_reg_stat__183 
Detailed RTL Component Info : 
+---Registers : 
	               16 Bit    Registers := 1     
Module xsdbs_v1_0_2_reg_stat__182 
Detailed RTL Component Info : 
+---Registers : 
	               16 Bit    Registers := 1     
Module xsdbs_v1_0_2_reg_stat__181 
Detailed RTL Component Info : 
+---Registers : 
	               16 Bit    Registers := 1     
Module xsdbs_v1_0_2_reg_stat__180 
Detailed RTL Component Info : 
+---Registers : 
	               16 Bit    Registers := 1     
Module xsdbs_v1_0_2_reg_stat__179 
Detailed RTL Component Info : 
+---Registers : 
	               16 Bit    Registers := 1     
Module xsdbs_v1_0_2_reg_stat__178 
Detailed RTL Component Info : 
+---Registers : 
	               16 Bit    Registers := 1     
Module xsdbs_v1_0_2_reg_stat__177 
Detailed RTL Component Info : 
+---Registers : 
	               16 Bit    Registers := 1     
Module xsdbs_v1_0_2_reg_stat__176 
Detailed RTL Component Info : 
+---Registers : 
	               16 Bit    Registers := 1     
Module xsdbs_v1_0_2_reg_stat__175 
Detailed RTL Component Info : 
+---Registers : 
	               16 Bit    Registers := 1     
Module xsdbs_v1_0_2_reg_stat__174 
Detailed RTL Component Info : 
+---Registers : 
	               16 Bit    Registers := 1     
Module xsdbs_v1_0_2_reg_stat__173 
Detailed RTL Component Info : 
+---Registers : 
	               16 Bit    Registers := 1     
Module xsdbs_v1_0_2_reg_stat__172 
Detailed RTL Component Info : 
+---Registers : 
	               16 Bit    Registers := 1     
Module xsdbs_v1_0_2_reg_stat__171 
Detailed RTL Component Info : 
+---Registers : 
	               16 Bit    Registers := 1     
Module xsdbs_v1_0_2_reg_stat__170 
Detailed RTL Component Info : 
+---Registers : 
	               16 Bit    Registers := 1     
Module xsdbs_v1_0_2_reg_stat__169 
Detailed RTL Component Info : 
+---Registers : 
	               16 Bit    Registers := 1     
Module xsdbs_v1_0_2_reg_stat__168 
Detailed RTL Component Info : 
+---Registers : 
	               16 Bit    Registers := 1     
Module xsdbs_v1_0_2_reg_stat__167 
Detailed RTL Component Info : 
+---Registers : 
	               16 Bit    Registers := 1     
Module xsdbs_v1_0_2_reg_stat__166 
Detailed RTL Component Info : 
+---Registers : 
	               16 Bit    Registers := 1     
Module xsdbs_v1_0_2_reg_stat__165 
Detailed RTL Component Info : 
+---Registers : 
	               16 Bit    Registers := 1     
Module xsdbs_v1_0_2_reg_stat__164 
Detailed RTL Component Info : 
+---Registers : 
	               16 Bit    Registers := 1     
Module xsdbs_v1_0_2_reg_stat__163 
Detailed RTL Component Info : 
+---Registers : 
	               16 Bit    Registers := 1     
Module xsdbs_v1_0_2_reg_stat__162 
Detailed RTL Component Info : 
+---Registers : 
	               16 Bit    Registers := 1     
Module xsdbs_v1_0_2_reg_stat__161 
Detailed RTL Component Info : 
+---Registers : 
	               16 Bit    Registers := 1     
Module xsdbs_v1_0_2_reg_stat__160 
Detailed RTL Component Info : 
+---Registers : 
	               16 Bit    Registers := 1     
Module xsdbs_v1_0_2_reg_stat__159 
Detailed RTL Component Info : 
+---Registers : 
	               16 Bit    Registers := 1     
Module xsdbs_v1_0_2_reg_stat__158 
Detailed RTL Component Info : 
+---Registers : 
	               16 Bit    Registers := 1     
Module xsdbs_v1_0_2_reg_stat__157 
Detailed RTL Component Info : 
+---Registers : 
	               16 Bit    Registers := 1     
Module xsdbs_v1_0_2_reg_stat__156 
Detailed RTL Component Info : 
+---Registers : 
	               16 Bit    Registers := 1     
Module xsdbs_v1_0_2_reg_stat__155 
Detailed RTL Component Info : 
+---Registers : 
	               16 Bit    Registers := 1     
Module xsdbs_v1_0_2_reg_stat__154 
Detailed RTL Component Info : 
+---Registers : 
	               16 Bit    Registers := 1     
Module xsdbs_v1_0_2_reg_stat__153 
Detailed RTL Component Info : 
+---Registers : 
	               16 Bit    Registers := 1     
Module xsdbs_v1_0_2_reg_stat__152 
Detailed RTL Component Info : 
+---Registers : 
	               16 Bit    Registers := 1     
Module xsdbs_v1_0_2_reg_stat__151 
Detailed RTL Component Info : 
+---Registers : 
	               16 Bit    Registers := 1     
Module xsdbs_v1_0_2_reg_stat__150 
Detailed RTL Component Info : 
+---Registers : 
	               16 Bit    Registers := 1     
Module xsdbs_v1_0_2_reg_stat__149 
Detailed RTL Component Info : 
+---Registers : 
	               16 Bit    Registers := 1     
Module xsdbs_v1_0_2_reg_stat__148 
Detailed RTL Component Info : 
+---Registers : 
	               16 Bit    Registers := 1     
Module xsdbs_v1_0_2_reg_stat__147 
Detailed RTL Component Info : 
+---Registers : 
	               16 Bit    Registers := 1     
Module xsdbs_v1_0_2_reg_stat__146 
Detailed RTL Component Info : 
+---Registers : 
	               16 Bit    Registers := 1     
Module xsdbs_v1_0_2_reg_stat__145 
Detailed RTL Component Info : 
+---Registers : 
	               16 Bit    Registers := 1     
Module xsdbs_v1_0_2_reg_stat__144 
Detailed RTL Component Info : 
+---Registers : 
	               16 Bit    Registers := 1     
Module xsdbs_v1_0_2_reg_stat__143 
Detailed RTL Component Info : 
+---Registers : 
	               16 Bit    Registers := 1     
Module xsdbs_v1_0_2_reg_stat__142 
Detailed RTL Component Info : 
+---Registers : 
	               16 Bit    Registers := 1     
Module xsdbs_v1_0_2_reg_stat__141 
Detailed RTL Component Info : 
+---Registers : 
	               16 Bit    Registers := 1     
Module xsdbs_v1_0_2_reg_stat__140 
Detailed RTL Component Info : 
+---Registers : 
	               16 Bit    Registers := 1     
Module xsdbs_v1_0_2_reg_stat__139 
Detailed RTL Component Info : 
+---Registers : 
	               16 Bit    Registers := 1     
Module xsdbs_v1_0_2_reg_stat__138 
Detailed RTL Component Info : 
+---Registers : 
	               16 Bit    Registers := 1     
Module xsdbs_v1_0_2_reg_stat__137 
Detailed RTL Component Info : 
+---Registers : 
	               16 Bit    Registers := 1     
Module xsdbs_v1_0_2_reg_stat__136 
Detailed RTL Component Info : 
+---Registers : 
	               16 Bit    Registers := 1     
Module xsdbs_v1_0_2_reg_stat__135 
Detailed RTL Component Info : 
+---Registers : 
	               16 Bit    Registers := 1     
Module xsdbs_v1_0_2_reg_stat__134 
Detailed RTL Component Info : 
+---Registers : 
	               16 Bit    Registers := 1     
Module xsdbs_v1_0_2_reg_stat__133 
Detailed RTL Component Info : 
+---Registers : 
	               16 Bit    Registers := 1     
Module xsdbs_v1_0_2_reg_stat__132 
Detailed RTL Component Info : 
+---Registers : 
	               16 Bit    Registers := 1     
Module xsdbs_v1_0_2_reg_stat__131 
Detailed RTL Component Info : 
+---Registers : 
	               16 Bit    Registers := 1     
Module xsdbs_v1_0_2_reg_stat__130 
Detailed RTL Component Info : 
+---Registers : 
	               16 Bit    Registers := 1     
Module xsdbs_v1_0_2_reg_stat__129 
Detailed RTL Component Info : 
+---Registers : 
	               16 Bit    Registers := 1     
Module xsdbs_v1_0_2_reg_stat__128 
Detailed RTL Component Info : 
+---Registers : 
	               16 Bit    Registers := 1     
Module xsdbs_v1_0_2_reg_stat__127 
Detailed RTL Component Info : 
+---Registers : 
	               16 Bit    Registers := 1     
Module xsdbs_v1_0_2_reg_stat__126 
Detailed RTL Component Info : 
+---Registers : 
	               16 Bit    Registers := 1     
Module xsdbs_v1_0_2_reg_stat__125 
Detailed RTL Component Info : 
+---Registers : 
	               16 Bit    Registers := 1     
Module xsdbs_v1_0_2_reg_stat__124 
Detailed RTL Component Info : 
+---Registers : 
	               16 Bit    Registers := 1     
Module xsdbs_v1_0_2_reg_stat__123 
Detailed RTL Component Info : 
+---Registers : 
	               16 Bit    Registers := 1     
Module xsdbs_v1_0_2_reg_stat__122 
Detailed RTL Component Info : 
+---Registers : 
	               16 Bit    Registers := 1     
Module xsdbs_v1_0_2_reg_p2s 
Detailed RTL Component Info : 
+---Adders : 
	   2 Input      4 Bit       Adders := 1     
+---XORs : 
	   2 Input     13 Bit         XORs := 1     
+---Registers : 
	               16 Bit    Registers := 2     
	                4 Bit    Registers := 1     
	                1 Bit    Registers := 3     
+---Muxes : 
	   2 Input     16 Bit        Muxes := 1     
	   2 Input     15 Bit        Muxes := 1     
	   5 Input      4 Bit        Muxes := 1     
	   2 Input      4 Bit        Muxes := 3     
	   2 Input      3 Bit        Muxes := 1     
	   2 Input      1 Bit        Muxes := 5     
	   3 Input      1 Bit        Muxes := 1     
Module xsdbs_v1_0_2_reg_p2s__parameterized0 
Detailed RTL Component Info : 
+---Adders : 
	   2 Input      4 Bit       Adders := 1     
+---XORs : 
	   2 Input     13 Bit         XORs := 1     
+---Registers : 
	               16 Bit    Registers := 2     
	                4 Bit    Registers := 1     
	                1 Bit    Registers := 3     
+---Muxes : 
	   2 Input     16 Bit        Muxes := 1     
	   2 Input     15 Bit        Muxes := 1     
	   5 Input      4 Bit        Muxes := 1     
	   2 Input      4 Bit        Muxes := 3     
	   2 Input      3 Bit        Muxes := 1     
	   2 Input      1 Bit        Muxes := 5     
	   3 Input      1 Bit        Muxes := 1     
Module xsdbs_v1_0_2_reg_p2s__parameterized1 
Detailed RTL Component Info : 
+---Adders : 
	   2 Input      4 Bit       Adders := 1     
+---XORs : 
	   2 Input     13 Bit         XORs := 1     
+---Registers : 
	               16 Bit    Registers := 2     
	                4 Bit    Registers := 1     
	                1 Bit    Registers := 3     
+---Muxes : 
	   2 Input     16 Bit        Muxes := 1     
	   2 Input     15 Bit        Muxes := 1     
	   5 Input      4 Bit        Muxes := 1     
	   2 Input      4 Bit        Muxes := 3     
	   2 Input      3 Bit        Muxes := 1     
	   2 Input      1 Bit        Muxes := 5     
	   3 Input      1 Bit        Muxes := 1     
Module xsdbs_v1_0_2_reg_p2s__parameterized2 
Detailed RTL Component Info : 
+---Adders : 
	   2 Input      4 Bit       Adders := 1     
+---XORs : 
	   2 Input     13 Bit         XORs := 1     
+---Registers : 
	               16 Bit    Registers := 2     
	                4 Bit    Registers := 1     
	                1 Bit    Registers := 3     
+---Muxes : 
	   2 Input     16 Bit        Muxes := 1     
	   2 Input     15 Bit        Muxes := 1     
	   5 Input      4 Bit        Muxes := 1     
	   2 Input      4 Bit        Muxes := 3     
	   2 Input      3 Bit        Muxes := 1     
	   2 Input      1 Bit        Muxes := 5     
	   3 Input      1 Bit        Muxes := 1     
Module xsdbs_v1_0_2_reg_p2s__parameterized3 
Detailed RTL Component Info : 
+---Adders : 
	   2 Input      4 Bit       Adders := 1     
+---XORs : 
	   2 Input     13 Bit         XORs := 1     
+---Registers : 
	               16 Bit    Registers := 2     
	                4 Bit    Registers := 1     
	                1 Bit    Registers := 3     
+---Muxes : 
	   2 Input     16 Bit        Muxes := 1     
	   2 Input     15 Bit        Muxes := 1     
	   5 Input      4 Bit        Muxes := 1     
	   2 Input      4 Bit        Muxes := 3     
	   2 Input      3 Bit        Muxes := 1     
	   2 Input      1 Bit        Muxes := 5     
	   3 Input      1 Bit        Muxes := 1     
Module xsdbs_v1_0_2_reg_p2s__parameterized4 
Detailed RTL Component Info : 
+---Adders : 
	   2 Input      4 Bit       Adders := 1     
+---XORs : 
	   2 Input     13 Bit         XORs := 1     
+---Registers : 
	               16 Bit    Registers := 2     
	                4 Bit    Registers := 1     
	                1 Bit    Registers := 3     
+---Muxes : 
	   2 Input     16 Bit        Muxes := 1     
	   2 Input     15 Bit        Muxes := 1     
	   5 Input      4 Bit        Muxes := 1     
	   2 Input      4 Bit        Muxes := 3     
	   2 Input      3 Bit        Muxes := 1     
	   2 Input      1 Bit        Muxes := 5     
	   3 Input      1 Bit        Muxes := 1     
Module xsdbs_v1_0_2_reg_p2s__parameterized5 
Detailed RTL Component Info : 
+---Adders : 
	   2 Input      4 Bit       Adders := 1     
+---XORs : 
	   2 Input     13 Bit         XORs := 1     
+---Registers : 
	               16 Bit    Registers := 2     
	                4 Bit    Registers := 1     
	                1 Bit    Registers := 3     
+---Muxes : 
	   2 Input     16 Bit        Muxes := 1     
	   2 Input     15 Bit        Muxes := 1     
	   5 Input      4 Bit        Muxes := 1     
	   2 Input      4 Bit        Muxes := 3     
	   2 Input      3 Bit        Muxes := 1     
	   2 Input      1 Bit        Muxes := 5     
	   3 Input      1 Bit        Muxes := 1     
Module xsdbs_v1_0_2_reg_p2s__parameterized6 
Detailed RTL Component Info : 
+---Adders : 
	   2 Input      4 Bit       Adders := 1     
+---XORs : 
	   2 Input     13 Bit         XORs := 1     
+---Registers : 
	               16 Bit    Registers := 2     
	                4 Bit    Registers := 1     
	                1 Bit    Registers := 3     
+---Muxes : 
	   2 Input     16 Bit        Muxes := 1     
	   2 Input     15 Bit        Muxes := 1     
	   5 Input      4 Bit        Muxes := 1     
	   2 Input      4 Bit        Muxes := 3     
	   2 Input      3 Bit        Muxes := 1     
	   2 Input      1 Bit        Muxes := 5     
	   3 Input      1 Bit        Muxes := 1     
Module xsdbs_v1_0_2_reg_p2s__parameterized7 
Detailed RTL Component Info : 
+---Adders : 
	   2 Input      4 Bit       Adders := 1     
+---XORs : 
	   2 Input     13 Bit         XORs := 1     
+---Registers : 
	               16 Bit    Registers := 2     
	                4 Bit    Registers := 1     
	                1 Bit    Registers := 3     
+---Muxes : 
	   2 Input     16 Bit        Muxes := 1     
	   2 Input     15 Bit        Muxes := 1     
	   5 Input      4 Bit        Muxes := 1     
	   2 Input      4 Bit        Muxes := 3     
	   2 Input      3 Bit        Muxes := 1     
	   2 Input      1 Bit        Muxes := 5     
	   3 Input      1 Bit        Muxes := 1     
Module xsdbs_v1_0_2_reg_p2s__parameterized8 
Detailed RTL Component Info : 
+---Adders : 
	   2 Input      4 Bit       Adders := 1     
+---XORs : 
	   2 Input     13 Bit         XORs := 1     
+---Registers : 
	               16 Bit    Registers := 2     
	                4 Bit    Registers := 1     
	                1 Bit    Registers := 3     
+---Muxes : 
	   2 Input     16 Bit        Muxes := 1     
	   2 Input     15 Bit        Muxes := 1     
	   5 Input      4 Bit        Muxes := 1     
	   2 Input      4 Bit        Muxes := 3     
	   2 Input      3 Bit        Muxes := 1     
	   2 Input      1 Bit        Muxes := 5     
	   3 Input      1 Bit        Muxes := 1     
Module xsdbs_v1_0_2_reg_p2s__parameterized9 
Detailed RTL Component Info : 
+---Adders : 
	   2 Input      4 Bit       Adders := 1     
+---XORs : 
	   2 Input     13 Bit         XORs := 1     
+---Registers : 
	               16 Bit    Registers := 2     
	                4 Bit    Registers := 1     
	                1 Bit    Registers := 3     
+---Muxes : 
	   2 Input     16 Bit        Muxes := 1     
	   2 Input     15 Bit        Muxes := 1     
	   5 Input      4 Bit        Muxes := 1     
	   2 Input      4 Bit        Muxes := 3     
	   2 Input      3 Bit        Muxes := 1     
	   2 Input      1 Bit        Muxes := 5     
	   3 Input      1 Bit        Muxes := 1     
Module xsdbs_v1_0_2_reg_p2s__parameterized10 
Detailed RTL Component Info : 
+---Adders : 
	   2 Input      4 Bit       Adders := 1     
+---XORs : 
	   2 Input     13 Bit         XORs := 1     
+---Registers : 
	               16 Bit    Registers := 2     
	                4 Bit    Registers := 1     
	                1 Bit    Registers := 3     
+---Muxes : 
	   2 Input     16 Bit        Muxes := 1     
	   2 Input     15 Bit        Muxes := 1     
	   5 Input      4 Bit        Muxes := 1     
	   2 Input      4 Bit        Muxes := 3     
	   2 Input      3 Bit        Muxes := 1     
	   2 Input      1 Bit        Muxes := 5     
	   3 Input      1 Bit        Muxes := 1     
Module xsdbs_v1_0_2_reg_p2s__parameterized11 
Detailed RTL Component Info : 
+---Adders : 
	   2 Input      4 Bit       Adders := 1     
+---XORs : 
	   2 Input     13 Bit         XORs := 1     
+---Registers : 
	               16 Bit    Registers := 2     
	                4 Bit    Registers := 1     
	                1 Bit    Registers := 3     
+---Muxes : 
	   2 Input     16 Bit        Muxes := 1     
	   2 Input     15 Bit        Muxes := 1     
	   5 Input      4 Bit        Muxes := 1     
	   2 Input      4 Bit        Muxes := 3     
	   2 Input      3 Bit        Muxes := 1     
	   2 Input      1 Bit        Muxes := 5     
	   3 Input      1 Bit        Muxes := 1     
Module xsdbs_v1_0_2_reg_p2s__parameterized12 
Detailed RTL Component Info : 
+---Adders : 
	   2 Input      4 Bit       Adders := 1     
+---XORs : 
	   2 Input     13 Bit         XORs := 1     
+---Registers : 
	               16 Bit    Registers := 2     
	                4 Bit    Registers := 1     
	                1 Bit    Registers := 3     
+---Muxes : 
	   2 Input     16 Bit        Muxes := 1     
	   2 Input     15 Bit        Muxes := 1     
	   5 Input      4 Bit        Muxes := 1     
	   2 Input      4 Bit        Muxes := 3     
	   2 Input      3 Bit        Muxes := 1     
	   2 Input      1 Bit        Muxes := 5     
	   3 Input      1 Bit        Muxes := 1     
Module xsdbs_v1_0_2_reg_p2s__parameterized13 
Detailed RTL Component Info : 
+---Adders : 
	   2 Input      4 Bit       Adders := 1     
+---XORs : 
	   2 Input     13 Bit         XORs := 1     
+---Registers : 
	               16 Bit    Registers := 2     
	                4 Bit    Registers := 1     
	                1 Bit    Registers := 3     
+---Muxes : 
	   2 Input     16 Bit        Muxes := 1     
	   2 Input     15 Bit        Muxes := 1     
	   5 Input      4 Bit        Muxes := 1     
	   2 Input      4 Bit        Muxes := 3     
	   2 Input      3 Bit        Muxes := 1     
	   2 Input      1 Bit        Muxes := 5     
	   3 Input      1 Bit        Muxes := 1     
Module xsdbs_v1_0_2_reg_p2s__parameterized14 
Detailed RTL Component Info : 
+---Adders : 
	   2 Input      4 Bit       Adders := 1     
+---XORs : 
	   2 Input     13 Bit         XORs := 1     
+---Registers : 
	               16 Bit    Registers := 2     
	                4 Bit    Registers := 1     
	                1 Bit    Registers := 3     
+---Muxes : 
	   2 Input     16 Bit        Muxes := 1     
	   2 Input     15 Bit        Muxes := 1     
	   5 Input      4 Bit        Muxes := 1     
	   2 Input      4 Bit        Muxes := 3     
	   2 Input      3 Bit        Muxes := 1     
	   2 Input      1 Bit        Muxes := 5     
	   3 Input      1 Bit        Muxes := 1     
Module xsdbs_v1_0_2_reg_p2s__parameterized15 
Detailed RTL Component Info : 
+---Adders : 
	   2 Input      4 Bit       Adders := 1     
+---XORs : 
	   2 Input     13 Bit         XORs := 1     
+---Registers : 
	               16 Bit    Registers := 2     
	                4 Bit    Registers := 1     
	                1 Bit    Registers := 3     
+---Muxes : 
	   2 Input     16 Bit        Muxes := 1     
	   2 Input     15 Bit        Muxes := 1     
	   5 Input      4 Bit        Muxes := 1     
	   2 Input      4 Bit        Muxes := 3     
	   2 Input      3 Bit        Muxes := 1     
	   2 Input      1 Bit        Muxes := 5     
	   3 Input      1 Bit        Muxes := 1     
Module xsdbs_v1_0_2_reg_p2s__parameterized16 
Detailed RTL Component Info : 
+---Adders : 
	   2 Input      4 Bit       Adders := 1     
+---XORs : 
	   2 Input     13 Bit         XORs := 1     
+---Registers : 
	               16 Bit    Registers := 2     
	                4 Bit    Registers := 1     
	                1 Bit    Registers := 3     
+---Muxes : 
	   2 Input     16 Bit        Muxes := 1     
	   2 Input     15 Bit        Muxes := 1     
	   5 Input      4 Bit        Muxes := 1     
	   2 Input      4 Bit        Muxes := 3     
	   2 Input      3 Bit        Muxes := 1     
	   2 Input      1 Bit        Muxes := 5     
	   3 Input      1 Bit        Muxes := 1     
Module xsdbs_v1_0_2_reg_p2s__parameterized17 
Detailed RTL Component Info : 
+---Adders : 
	   2 Input      4 Bit       Adders := 1     
+---XORs : 
	   2 Input     13 Bit         XORs := 1     
+---Registers : 
	               16 Bit    Registers := 2     
	                4 Bit    Registers := 1     
	                1 Bit    Registers := 3     
+---Muxes : 
	   2 Input     16 Bit        Muxes := 1     
	   2 Input     15 Bit        Muxes := 1     
	   5 Input      4 Bit        Muxes := 1     
	   2 Input      4 Bit        Muxes := 3     
	   2 Input      3 Bit        Muxes := 1     
	   2 Input      1 Bit        Muxes := 5     
	   3 Input      1 Bit        Muxes := 1     
Module xsdbs_v1_0_2_reg_p2s__parameterized18 
Detailed RTL Component Info : 
+---Adders : 
	   2 Input      4 Bit       Adders := 1     
+---XORs : 
	   2 Input     13 Bit         XORs := 1     
+---Registers : 
	               16 Bit    Registers := 2     
	                4 Bit    Registers := 1     
	                1 Bit    Registers := 3     
+---Muxes : 
	   2 Input     16 Bit        Muxes := 1     
	   2 Input     15 Bit        Muxes := 1     
	   5 Input      4 Bit        Muxes := 1     
	   2 Input      4 Bit        Muxes := 3     
	   2 Input      3 Bit        Muxes := 1     
	   2 Input      1 Bit        Muxes := 5     
	   3 Input      1 Bit        Muxes := 1     
Module xsdbs_v1_0_2_reg_p2s__parameterized19 
Detailed RTL Component Info : 
+---Adders : 
	   2 Input      4 Bit       Adders := 1     
+---XORs : 
	   2 Input     13 Bit         XORs := 1     
+---Registers : 
	               16 Bit    Registers := 2     
	                4 Bit    Registers := 1     
	                1 Bit    Registers := 3     
+---Muxes : 
	   2 Input     16 Bit        Muxes := 1     
	   2 Input     15 Bit        Muxes := 1     
	   5 Input      4 Bit        Muxes := 1     
	   2 Input      4 Bit        Muxes := 3     
	   2 Input      3 Bit        Muxes := 1     
	   2 Input      1 Bit        Muxes := 5     
	   3 Input      1 Bit        Muxes := 1     
Module xsdbs_v1_0_2_reg_p2s__parameterized20 
Detailed RTL Component Info : 
+---Adders : 
	   2 Input      4 Bit       Adders := 1     
+---XORs : 
	   2 Input     13 Bit         XORs := 1     
+---Registers : 
	               16 Bit    Registers := 2     
	                4 Bit    Registers := 1     
	                1 Bit    Registers := 3     
+---Muxes : 
	   2 Input     16 Bit        Muxes := 1     
	   2 Input     15 Bit        Muxes := 1     
	   5 Input      4 Bit        Muxes := 1     
	   2 Input      4 Bit        Muxes := 3     
	   2 Input      3 Bit        Muxes := 1     
	   2 Input      1 Bit        Muxes := 5     
	   3 Input      1 Bit        Muxes := 1     
Module xsdbs_v1_0_2_reg_p2s__parameterized21 
Detailed RTL Component Info : 
+---Adders : 
	   2 Input      4 Bit       Adders := 1     
+---XORs : 
	   2 Input     13 Bit         XORs := 1     
+---Registers : 
	               16 Bit    Registers := 2     
	                4 Bit    Registers := 1     
	                1 Bit    Registers := 3     
+---Muxes : 
	   2 Input     16 Bit        Muxes := 1     
	   2 Input     15 Bit        Muxes := 1     
	   5 Input      4 Bit        Muxes := 1     
	   2 Input      4 Bit        Muxes := 3     
	   2 Input      3 Bit        Muxes := 1     
	   2 Input      1 Bit        Muxes := 5     
	   3 Input      1 Bit        Muxes := 1     
Module xsdbs_v1_0_2_reg_p2s__parameterized22 
Detailed RTL Component Info : 
+---Adders : 
	   2 Input      4 Bit       Adders := 1     
+---XORs : 
	   2 Input     13 Bit         XORs := 1     
+---Registers : 
	               16 Bit    Registers := 2     
	                4 Bit    Registers := 1     
	                1 Bit    Registers := 3     
+---Muxes : 
	   2 Input     16 Bit        Muxes := 1     
	   2 Input     15 Bit        Muxes := 1     
	   5 Input      4 Bit        Muxes := 1     
	   2 Input      4 Bit        Muxes := 3     
	   2 Input      3 Bit        Muxes := 1     
	   2 Input      1 Bit        Muxes := 5     
	   3 Input      1 Bit        Muxes := 1     
Module xsdbs_v1_0_2_reg_p2s__parameterized23 
Detailed RTL Component Info : 
+---Adders : 
	   2 Input      4 Bit       Adders := 1     
+---XORs : 
	   2 Input     13 Bit         XORs := 1     
+---Registers : 
	               16 Bit    Registers := 2     
	                4 Bit    Registers := 1     
	                1 Bit    Registers := 3     
+---Muxes : 
	   2 Input     16 Bit        Muxes := 1     
	   2 Input     15 Bit        Muxes := 1     
	   5 Input      4 Bit        Muxes := 1     
	   2 Input      4 Bit        Muxes := 3     
	   2 Input      3 Bit        Muxes := 1     
	   2 Input      1 Bit        Muxes := 5     
	   3 Input      1 Bit        Muxes := 1     
Module xsdbs_v1_0_2_reg_p2s__parameterized24 
Detailed RTL Component Info : 
+---Adders : 
	   2 Input      4 Bit       Adders := 1     
+---XORs : 
	   2 Input     13 Bit         XORs := 1     
+---Registers : 
	               16 Bit    Registers := 2     
	                4 Bit    Registers := 1     
	                1 Bit    Registers := 3     
+---Muxes : 
	   2 Input     16 Bit        Muxes := 1     
	   2 Input     15 Bit        Muxes := 1     
	   5 Input      4 Bit        Muxes := 1     
	   2 Input      4 Bit        Muxes := 3     
	   2 Input      3 Bit        Muxes := 1     
	   2 Input      1 Bit        Muxes := 5     
	   3 Input      1 Bit        Muxes := 1     
Module xsdbs_v1_0_2_reg_p2s__parameterized25 
Detailed RTL Component Info : 
+---Adders : 
	   2 Input      4 Bit       Adders := 1     
+---XORs : 
	   2 Input     13 Bit         XORs := 1     
+---Registers : 
	               16 Bit    Registers := 2     
	                4 Bit    Registers := 1     
	                1 Bit    Registers := 3     
+---Muxes : 
	   2 Input     16 Bit        Muxes := 1     
	   2 Input     15 Bit        Muxes := 1     
	   5 Input      4 Bit        Muxes := 1     
	   2 Input      4 Bit        Muxes := 3     
	   2 Input      3 Bit        Muxes := 1     
	   2 Input      1 Bit        Muxes := 5     
	   3 Input      1 Bit        Muxes := 1     
Module xsdbs_v1_0_2_reg_p2s__parameterized26 
Detailed RTL Component Info : 
+---Adders : 
	   2 Input      4 Bit       Adders := 1     
+---XORs : 
	   2 Input     13 Bit         XORs := 1     
+---Registers : 
	               16 Bit    Registers := 2     
	                4 Bit    Registers := 1     
	                1 Bit    Registers := 3     
+---Muxes : 
	   2 Input     16 Bit        Muxes := 1     
	   2 Input     15 Bit        Muxes := 1     
	   5 Input      4 Bit        Muxes := 1     
	   2 Input      4 Bit        Muxes := 3     
	   2 Input      3 Bit        Muxes := 1     
	   2 Input      1 Bit        Muxes := 5     
	   3 Input      1 Bit        Muxes := 1     
Module xsdbs_v1_0_2_reg_p2s__parameterized27 
Detailed RTL Component Info : 
+---Adders : 
	   2 Input      4 Bit       Adders := 1     
+---XORs : 
	   2 Input     13 Bit         XORs := 1     
+---Registers : 
	               16 Bit    Registers := 2     
	                4 Bit    Registers := 1     
	                1 Bit    Registers := 3     
+---Muxes : 
	   2 Input     16 Bit        Muxes := 1     
	   2 Input     15 Bit        Muxes := 1     
	   5 Input      4 Bit        Muxes := 1     
	   2 Input      4 Bit        Muxes := 3     
	   2 Input      3 Bit        Muxes := 1     
	   2 Input      1 Bit        Muxes := 5     
	   3 Input      1 Bit        Muxes := 1     
Module xsdbs_v1_0_2_reg_p2s__parameterized28 
Detailed RTL Component Info : 
+---Adders : 
	   2 Input      4 Bit       Adders := 1     
+---XORs : 
	   2 Input     13 Bit         XORs := 1     
+---Registers : 
	               16 Bit    Registers := 2     
	                4 Bit    Registers := 1     
	                1 Bit    Registers := 3     
+---Muxes : 
	   2 Input     16 Bit        Muxes := 1     
	   2 Input     15 Bit        Muxes := 1     
	   5 Input      4 Bit        Muxes := 1     
	   2 Input      4 Bit        Muxes := 3     
	   2 Input      3 Bit        Muxes := 1     
	   2 Input      1 Bit        Muxes := 5     
	   3 Input      1 Bit        Muxes := 1     
Module xsdbs_v1_0_2_reg_p2s__parameterized29 
Detailed RTL Component Info : 
+---Adders : 
	   2 Input      4 Bit       Adders := 1     
+---XORs : 
	   2 Input     13 Bit         XORs := 1     
+---Registers : 
	               16 Bit    Registers := 2     
	                4 Bit    Registers := 1     
	                1 Bit    Registers := 3     
+---Muxes : 
	   2 Input     16 Bit        Muxes := 1     
	   2 Input     15 Bit        Muxes := 1     
	   5 Input      4 Bit        Muxes := 1     
	   2 Input      4 Bit        Muxes := 3     
	   2 Input      3 Bit        Muxes := 1     
	   2 Input      1 Bit        Muxes := 5     
	   3 Input      1 Bit        Muxes := 1     
Module xsdbs_v1_0_2_reg_p2s__parameterized30 
Detailed RTL Component Info : 
+---Adders : 
	   2 Input      4 Bit       Adders := 1     
+---XORs : 
	   2 Input     13 Bit         XORs := 1     
+---Registers : 
	               16 Bit    Registers := 2     
	                4 Bit    Registers := 1     
	                1 Bit    Registers := 3     
+---Muxes : 
	   2 Input     16 Bit        Muxes := 1     
	   2 Input     15 Bit        Muxes := 1     
	   5 Input      4 Bit        Muxes := 1     
	   2 Input      4 Bit        Muxes := 3     
	   2 Input      3 Bit        Muxes := 1     
	   2 Input      1 Bit        Muxes := 5     
	   3 Input      1 Bit        Muxes := 1     
Module xsdbs_v1_0_2_reg_p2s__parameterized31 
Detailed RTL Component Info : 
+---Adders : 
	   2 Input      4 Bit       Adders := 1     
+---XORs : 
	   2 Input     13 Bit         XORs := 1     
+---Registers : 
	               16 Bit    Registers := 2     
	                4 Bit    Registers := 1     
	                1 Bit    Registers := 3     
+---Muxes : 
	   2 Input     16 Bit        Muxes := 1     
	   2 Input     15 Bit        Muxes := 1     
	   5 Input      4 Bit        Muxes := 1     
	   2 Input      4 Bit        Muxes := 3     
	   2 Input      3 Bit        Muxes := 1     
	   2 Input      1 Bit        Muxes := 5     
	   3 Input      1 Bit        Muxes := 1     
Module xsdbs_v1_0_2_reg_p2s__parameterized32 
Detailed RTL Component Info : 
+---Adders : 
	   2 Input      4 Bit       Adders := 1     
+---XORs : 
	   2 Input     13 Bit         XORs := 1     
+---Registers : 
	               16 Bit    Registers := 2     
	                4 Bit    Registers := 1     
	                1 Bit    Registers := 3     
+---Muxes : 
	   2 Input     16 Bit        Muxes := 1     
	   2 Input     15 Bit        Muxes := 1     
	   5 Input      4 Bit        Muxes := 1     
	   2 Input      4 Bit        Muxes := 3     
	   2 Input      3 Bit        Muxes := 1     
	   2 Input      1 Bit        Muxes := 5     
	   3 Input      1 Bit        Muxes := 1     
Module xsdbs_v1_0_2_reg_p2s__parameterized33 
Detailed RTL Component Info : 
+---Adders : 
	   2 Input      4 Bit       Adders := 1     
+---XORs : 
	   2 Input     13 Bit         XORs := 1     
+---Registers : 
	               16 Bit    Registers := 2     
	                4 Bit    Registers := 1     
	                1 Bit    Registers := 3     
+---Muxes : 
	   2 Input     16 Bit        Muxes := 1     
	   2 Input     15 Bit        Muxes := 1     
	   5 Input      4 Bit        Muxes := 1     
	   2 Input      4 Bit        Muxes := 3     
	   2 Input      3 Bit        Muxes := 1     
	   2 Input      1 Bit        Muxes := 5     
	   3 Input      1 Bit        Muxes := 1     
Module xsdbs_v1_0_2_reg_p2s__parameterized34 
Detailed RTL Component Info : 
+---Adders : 
	   2 Input      4 Bit       Adders := 1     
+---XORs : 
	   2 Input     13 Bit         XORs := 1     
+---Registers : 
	               16 Bit    Registers := 2     
	                4 Bit    Registers := 1     
	                1 Bit    Registers := 3     
+---Muxes : 
	   2 Input     16 Bit        Muxes := 1     
	   2 Input     15 Bit        Muxes := 1     
	   5 Input      4 Bit        Muxes := 1     
	   2 Input      4 Bit        Muxes := 3     
	   2 Input      3 Bit        Muxes := 1     
	   2 Input      1 Bit        Muxes := 5     
	   3 Input      1 Bit        Muxes := 1     
Module xsdbs_v1_0_2_reg_p2s__parameterized35 
Detailed RTL Component Info : 
+---Adders : 
	   2 Input      4 Bit       Adders := 1     
+---XORs : 
	   2 Input     13 Bit         XORs := 1     
+---Registers : 
	               16 Bit    Registers := 2     
	                4 Bit    Registers := 1     
	                1 Bit    Registers := 3     
+---Muxes : 
	   2 Input     16 Bit        Muxes := 1     
	   2 Input     15 Bit        Muxes := 1     
	   5 Input      4 Bit        Muxes := 1     
	   2 Input      4 Bit        Muxes := 3     
	   2 Input      3 Bit        Muxes := 1     
	   2 Input      1 Bit        Muxes := 5     
	   3 Input      1 Bit        Muxes := 1     
Module xsdbs_v1_0_2_reg_p2s__parameterized36 
Detailed RTL Component Info : 
+---Adders : 
	   2 Input      4 Bit       Adders := 1     
+---XORs : 
	   2 Input     13 Bit         XORs := 1     
+---Registers : 
	               16 Bit    Registers := 2     
	                4 Bit    Registers := 1     
	                1 Bit    Registers := 3     
+---Muxes : 
	   2 Input     16 Bit        Muxes := 1     
	   2 Input     15 Bit        Muxes := 1     
	   5 Input      4 Bit        Muxes := 1     
	   2 Input      4 Bit        Muxes := 3     
	   2 Input      3 Bit        Muxes := 1     
	   2 Input      1 Bit        Muxes := 5     
	   3 Input      1 Bit        Muxes := 1     
Module xsdbs_v1_0_2_reg_p2s__parameterized37 
Detailed RTL Component Info : 
+---Adders : 
	   2 Input      4 Bit       Adders := 1     
+---XORs : 
	   2 Input     13 Bit         XORs := 1     
+---Registers : 
	               16 Bit    Registers := 2     
	                4 Bit    Registers := 1     
	                1 Bit    Registers := 3     
+---Muxes : 
	   2 Input     16 Bit        Muxes := 1     
	   2 Input     15 Bit        Muxes := 1     
	   5 Input      4 Bit        Muxes := 1     
	   2 Input      4 Bit        Muxes := 3     
	   2 Input      3 Bit        Muxes := 1     
	   2 Input      1 Bit        Muxes := 5     
	   3 Input      1 Bit        Muxes := 1     
Module xsdbs_v1_0_2_reg_p2s__parameterized38 
Detailed RTL Component Info : 
+---Adders : 
	   2 Input      4 Bit       Adders := 1     
+---XORs : 
	   2 Input     13 Bit         XORs := 1     
+---Registers : 
	               16 Bit    Registers := 2     
	                4 Bit    Registers := 1     
	                1 Bit    Registers := 3     
+---Muxes : 
	   2 Input     16 Bit        Muxes := 1     
	   2 Input     15 Bit        Muxes := 1     
	   5 Input      4 Bit        Muxes := 1     
	   2 Input      4 Bit        Muxes := 3     
	   2 Input      3 Bit        Muxes := 1     
	   2 Input      1 Bit        Muxes := 5     
	   3 Input      1 Bit        Muxes := 1     
Module xsdbs_v1_0_2_reg_p2s__parameterized39 
Detailed RTL Component Info : 
+---Adders : 
	   2 Input      4 Bit       Adders := 1     
+---XORs : 
	   2 Input     13 Bit         XORs := 1     
+---Registers : 
	               16 Bit    Registers := 2     
	                4 Bit    Registers := 1     
	                1 Bit    Registers := 3     
+---Muxes : 
	   2 Input     16 Bit        Muxes := 1     
	   2 Input     15 Bit        Muxes := 1     
	   5 Input      4 Bit        Muxes := 1     
	   2 Input      4 Bit        Muxes := 3     
	   2 Input      3 Bit        Muxes := 1     
	   2 Input      1 Bit        Muxes := 5     
	   3 Input      1 Bit        Muxes := 1     
Module xsdbs_v1_0_2_reg_p2s__parameterized40 
Detailed RTL Component Info : 
+---Adders : 
	   2 Input      4 Bit       Adders := 1     
+---XORs : 
	   2 Input     13 Bit         XORs := 1     
+---Registers : 
	               16 Bit    Registers := 2     
	                4 Bit    Registers := 1     
	                1 Bit    Registers := 3     
+---Muxes : 
	   2 Input     16 Bit        Muxes := 1     
	   2 Input     15 Bit        Muxes := 1     
	   5 Input      4 Bit        Muxes := 1     
	   2 Input      4 Bit        Muxes := 3     
	   2 Input      3 Bit        Muxes := 1     
	   2 Input      1 Bit        Muxes := 5     
	   3 Input      1 Bit        Muxes := 1     
Module xsdbs_v1_0_2_reg_p2s__parameterized41 
Detailed RTL Component Info : 
+---Adders : 
	   2 Input      4 Bit       Adders := 1     
+---XORs : 
	   2 Input     13 Bit         XORs := 1     
+---Registers : 
	               16 Bit    Registers := 2     
	                4 Bit    Registers := 1     
	                1 Bit    Registers := 3     
+---Muxes : 
	   2 Input     16 Bit        Muxes := 1     
	   2 Input     15 Bit        Muxes := 1     
	   5 Input      4 Bit        Muxes := 1     
	   2 Input      4 Bit        Muxes := 3     
	   2 Input      3 Bit        Muxes := 1     
	   2 Input      1 Bit        Muxes := 5     
	   3 Input      1 Bit        Muxes := 1     
Module xsdbs_v1_0_2_reg_p2s__parameterized42 
Detailed RTL Component Info : 
+---Adders : 
	   2 Input      4 Bit       Adders := 1     
+---XORs : 
	   2 Input     13 Bit         XORs := 1     
+---Registers : 
	               16 Bit    Registers := 2     
	                4 Bit    Registers := 1     
	                1 Bit    Registers := 3     
+---Muxes : 
	   2 Input     16 Bit        Muxes := 1     
	   2 Input     15 Bit        Muxes := 1     
	   5 Input      4 Bit        Muxes := 1     
	   2 Input      4 Bit        Muxes := 3     
	   2 Input      3 Bit        Muxes := 1     
	   2 Input      1 Bit        Muxes := 5     
	   3 Input      1 Bit        Muxes := 1     
Module xsdbs_v1_0_2_reg_p2s__parameterized43 
Detailed RTL Component Info : 
+---Adders : 
	   2 Input      4 Bit       Adders := 1     
+---XORs : 
	   2 Input     13 Bit         XORs := 1     
+---Registers : 
	               16 Bit    Registers := 2     
	                4 Bit    Registers := 1     
	                1 Bit    Registers := 3     
+---Muxes : 
	   2 Input     16 Bit        Muxes := 1     
	   2 Input     15 Bit        Muxes := 1     
	   5 Input      4 Bit        Muxes := 1     
	   2 Input      4 Bit        Muxes := 3     
	   2 Input      3 Bit        Muxes := 1     
	   2 Input      1 Bit        Muxes := 5     
	   3 Input      1 Bit        Muxes := 1     
Module ila_v6_2_6_ila_register 
Detailed RTL Component Info : 
+---Adders : 
	   2 Input      9 Bit       Adders := 1     
	   2 Input      7 Bit       Adders := 2     
	   2 Input      6 Bit       Adders := 1     
+---Registers : 
	             1024 Bit    Registers := 2     
	               17 Bit    Registers := 1     
	               16 Bit    Registers := 12    
	                9 Bit    Registers := 1     
	                7 Bit    Registers := 2     
	                6 Bit    Registers := 1     
	                1 Bit    Registers := 31    
+---Muxes : 
	   2 Input     16 Bit        Muxes := 8     
	   4 Input     16 Bit        Muxes := 1     
	   3 Input     16 Bit        Muxes := 1     
	   8 Input     16 Bit        Muxes := 1     
	   3 Input     12 Bit        Muxes := 1     
	   2 Input      6 Bit        Muxes := 4     
	   2 Input      5 Bit        Muxes := 2     
	  10 Input      3 Bit        Muxes := 1     
	   2 Input      1 Bit        Muxes := 13    
	   9 Input      1 Bit        Muxes := 1     
Module ltlib_v1_0_0_all_typeA_slice__parameterized0__54 
Detailed RTL Component Info : 
+---Registers : 
	                1 Bit    Registers := 1     
Module ltlib_v1_0_0_allx_typeA__parameterized0__19 
Detailed RTL Component Info : 
+---Registers : 
	                1 Bit    Registers := 2     
Module ltlib_v1_0_0_match__parameterized0__19 
Detailed RTL Component Info : 
+---Registers : 
	                1 Bit    Registers := 1     
Module ltlib_v1_0_0_all_typeA_slice__parameterized0__90 
Detailed RTL Component Info : 
+---Registers : 
	                1 Bit    Registers := 1     
Module ltlib_v1_0_0_allx_typeA__parameterized1__1 
Detailed RTL Component Info : 
+---Registers : 
	               13 Bit    Registers := 2     
Module ltlib_v1_0_0_match__parameterized1__1 
Detailed RTL Component Info : 
+---Registers : 
	                1 Bit    Registers := 1     
Module ltlib_v1_0_0_all_typeA_slice__parameterized0__82 
Detailed RTL Component Info : 
+---Registers : 
	                1 Bit    Registers := 1     
Module ltlib_v1_0_0_allx_typeA__parameterized2__7 
Detailed RTL Component Info : 
+---Registers : 
	                2 Bit    Registers := 2     
Module ltlib_v1_0_0_match__parameterized2__7 
Detailed RTL Component Info : 
+---Registers : 
	                1 Bit    Registers := 1     
Module ltlib_v1_0_0_all_typeA_slice__parameterized0__55 
Detailed RTL Component Info : 
+---Registers : 
	                1 Bit    Registers := 1     
Module ltlib_v1_0_0_allx_typeA__parameterized0__20 
Detailed RTL Component Info : 
+---Registers : 
	                1 Bit    Registers := 2     
Module ltlib_v1_0_0_match__parameterized0__20 
Detailed RTL Component Info : 
+---Registers : 
	                1 Bit    Registers := 1     
Module ltlib_v1_0_0_all_typeA_slice__parameterized0__56 
Detailed RTL Component Info : 
+---Registers : 
	                1 Bit    Registers := 1     
Module ltlib_v1_0_0_allx_typeA__parameterized0__21 
Detailed RTL Component Info : 
+---Registers : 
	                1 Bit    Registers := 2     
Module ltlib_v1_0_0_match__parameterized0__21 
Detailed RTL Component Info : 
+---Registers : 
	                1 Bit    Registers := 1     
Module ltlib_v1_0_0_all_typeA_slice__parameterized0__49 
Detailed RTL Component Info : 
+---Registers : 
	                1 Bit    Registers := 1     
Module ltlib_v1_0_0_allx_typeA__parameterized1 
Detailed RTL Component Info : 
+---Registers : 
	               13 Bit    Registers := 2     
Module ltlib_v1_0_0_match__parameterized1 
Detailed RTL Component Info : 
+---Registers : 
	                1 Bit    Registers := 1     
Module ltlib_v1_0_0_all_typeA_slice__parameterized0__57 
Detailed RTL Component Info : 
+---Registers : 
	                1 Bit    Registers := 1     
Module ltlib_v1_0_0_allx_typeA__parameterized0__22 
Detailed RTL Component Info : 
+---Registers : 
	                1 Bit    Registers := 2     
Module ltlib_v1_0_0_match__parameterized0__22 
Detailed RTL Component Info : 
+---Registers : 
	                1 Bit    Registers := 1     
Module ltlib_v1_0_0_all_typeA_slice__parameterized0__58 
Detailed RTL Component Info : 
+---Registers : 
	                1 Bit    Registers := 1     
Module ltlib_v1_0_0_allx_typeA__parameterized0__23 
Detailed RTL Component Info : 
+---Registers : 
	                1 Bit    Registers := 2     
Module ltlib_v1_0_0_match__parameterized0__23 
Detailed RTL Component Info : 
+---Registers : 
	                1 Bit    Registers := 1     
Module ltlib_v1_0_0_all_typeA_slice__parameterized0__59 
Detailed RTL Component Info : 
+---Registers : 
	                1 Bit    Registers := 1     
Module ltlib_v1_0_0_allx_typeA__parameterized0__24 
Detailed RTL Component Info : 
+---Registers : 
	                1 Bit    Registers := 2     
Module ltlib_v1_0_0_match__parameterized0__24 
Detailed RTL Component Info : 
+---Registers : 
	                1 Bit    Registers := 1     
Module ltlib_v1_0_0_all_typeA_slice__parameterized0__60 
Detailed RTL Component Info : 
+---Registers : 
	                1 Bit    Registers := 1     
Module ltlib_v1_0_0_allx_typeA__parameterized0__25 
Detailed RTL Component Info : 
+---Registers : 
	                1 Bit    Registers := 2     
Module ltlib_v1_0_0_match__parameterized0__25 
Detailed RTL Component Info : 
+---Registers : 
	                1 Bit    Registers := 1     
Module ltlib_v1_0_0_all_typeA_slice__parameterized0__89 
Detailed RTL Component Info : 
+---Registers : 
	                1 Bit    Registers := 1     
Module ltlib_v1_0_0_allx_typeA__parameterized3__5 
Detailed RTL Component Info : 
+---Registers : 
	               32 Bit    Registers := 2     
Module ltlib_v1_0_0_match__parameterized3__5 
Detailed RTL Component Info : 
+---Registers : 
	                1 Bit    Registers := 1     
Module ltlib_v1_0_0_all_typeA_slice__parameterized0__61 
Detailed RTL Component Info : 
+---Registers : 
	                1 Bit    Registers := 1     
Module ltlib_v1_0_0_allx_typeA__parameterized0__26 
Detailed RTL Component Info : 
+---Registers : 
	                1 Bit    Registers := 2     
Module ltlib_v1_0_0_match__parameterized0__26 
Detailed RTL Component Info : 
+---Registers : 
	                1 Bit    Registers := 1     
Module ltlib_v1_0_0_all_typeA_slice__parameterized0__62 
Detailed RTL Component Info : 
+---Registers : 
	                1 Bit    Registers := 1     
Module ltlib_v1_0_0_allx_typeA__parameterized0__27 
Detailed RTL Component Info : 
+---Registers : 
	                1 Bit    Registers := 2     
Module ltlib_v1_0_0_match__parameterized0__27 
Detailed RTL Component Info : 
+---Registers : 
	                1 Bit    Registers := 1     
Module ltlib_v1_0_0_all_typeA_slice__parameterized0__83 
Detailed RTL Component Info : 
+---Registers : 
	                1 Bit    Registers := 1     
Module ltlib_v1_0_0_allx_typeA__parameterized2__8 
Detailed RTL Component Info : 
+---Registers : 
	                2 Bit    Registers := 2     
Module ltlib_v1_0_0_match__parameterized2__8 
Detailed RTL Component Info : 
+---Registers : 
	                1 Bit    Registers := 1     
Module ltlib_v1_0_0_all_typeA_slice__parameterized0 
Detailed RTL Component Info : 
+---Registers : 
	                1 Bit    Registers := 1     
Module ltlib_v1_0_0_allx_typeA__parameterized3 
Detailed RTL Component Info : 
+---Registers : 
	               32 Bit    Registers := 2     
Module ltlib_v1_0_0_match__parameterized3 
Detailed RTL Component Info : 
+---Registers : 
	                1 Bit    Registers := 1     
Module ltlib_v1_0_0_all_typeA_slice__parameterized0__76 
Detailed RTL Component Info : 
+---Registers : 
	                1 Bit    Registers := 1     
Module ltlib_v1_0_0_allx_typeA__parameterized4__9 
Detailed RTL Component Info : 
+---Registers : 
	                4 Bit    Registers := 2     
Module ltlib_v1_0_0_match__parameterized4__9 
Detailed RTL Component Info : 
+---Registers : 
	                1 Bit    Registers := 1     
Module ltlib_v1_0_0_all_typeA_slice__parameterized0__63 
Detailed RTL Component Info : 
+---Registers : 
	                1 Bit    Registers := 1     
Module ltlib_v1_0_0_allx_typeA__parameterized0__28 
Detailed RTL Component Info : 
+---Registers : 
	                1 Bit    Registers := 2     
Module ltlib_v1_0_0_match__parameterized0__28 
Detailed RTL Component Info : 
+---Registers : 
	                1 Bit    Registers := 1     
Module ltlib_v1_0_0_all_typeA_slice__parameterized0__85 
Detailed RTL Component Info : 
+---Registers : 
	                1 Bit    Registers := 1     
Module ltlib_v1_0_0_allx_typeA__parameterized5__5 
Detailed RTL Component Info : 
+---Registers : 
	                3 Bit    Registers := 2     
Module ltlib_v1_0_0_match__parameterized5__5 
Detailed RTL Component Info : 
+---Registers : 
	                1 Bit    Registers := 1     
Module ltlib_v1_0_0_all_typeA_slice__parameterized0__86 
Detailed RTL Component Info : 
+---Registers : 
	                1 Bit    Registers := 1     
Module ltlib_v1_0_0_allx_typeA__parameterized5__6 
Detailed RTL Component Info : 
+---Registers : 
	                3 Bit    Registers := 2     
Module ltlib_v1_0_0_match__parameterized5__6 
Detailed RTL Component Info : 
+---Registers : 
	                1 Bit    Registers := 1     
Module ltlib_v1_0_0_all_typeA_slice__parameterized0__73 
Detailed RTL Component Info : 
+---Registers : 
	                1 Bit    Registers := 1     
Module ltlib_v1_0_0_allx_typeA__parameterized6__6 
Detailed RTL Component Info : 
+---Registers : 
	               12 Bit    Registers := 2     
Module ltlib_v1_0_0_match__parameterized6__6 
Detailed RTL Component Info : 
+---Registers : 
	                1 Bit    Registers := 1     
Module ltlib_v1_0_0_all_typeA_slice__parameterized0__74 
Detailed RTL Component Info : 
+---Registers : 
	                1 Bit    Registers := 1     
Module ltlib_v1_0_0_allx_typeA__parameterized6__7 
Detailed RTL Component Info : 
+---Registers : 
	               12 Bit    Registers := 2     
Module ltlib_v1_0_0_match__parameterized6__7 
Detailed RTL Component Info : 
+---Registers : 
	                1 Bit    Registers := 1     
Module ltlib_v1_0_0_all_typeA_slice__parameterized0__88 
Detailed RTL Component Info : 
+---Registers : 
	                1 Bit    Registers := 1     
Module ltlib_v1_0_0_allx_typeA__parameterized7__1 
Detailed RTL Component Info : 
+---Registers : 
	                8 Bit    Registers := 2     
Module ltlib_v1_0_0_match__parameterized7__1 
Detailed RTL Component Info : 
+---Registers : 
	                1 Bit    Registers := 1     
Module ltlib_v1_0_0_all_typeA_slice__parameterized0__64 
Detailed RTL Component Info : 
+---Registers : 
	                1 Bit    Registers := 1     
Module ltlib_v1_0_0_allx_typeA__parameterized0__29 
Detailed RTL Component Info : 
+---Registers : 
	                1 Bit    Registers := 2     
Module ltlib_v1_0_0_match__parameterized0__29 
Detailed RTL Component Info : 
+---Registers : 
	                1 Bit    Registers := 1     
Module ltlib_v1_0_0_all_typeA_slice__parameterized0__87 
Detailed RTL Component Info : 
+---Registers : 
	                1 Bit    Registers := 1     
Module ltlib_v1_0_0_allx_typeA__parameterized5__7 
Detailed RTL Component Info : 
+---Registers : 
	                3 Bit    Registers := 2     
Module ltlib_v1_0_0_match__parameterized5__7 
Detailed RTL Component Info : 
+---Registers : 
	                1 Bit    Registers := 1     
Module ltlib_v1_0_0_all_typeA_slice__parameterized0__84 
Detailed RTL Component Info : 
+---Registers : 
	                1 Bit    Registers := 1     
Module ltlib_v1_0_0_allx_typeA__parameterized2__9 
Detailed RTL Component Info : 
+---Registers : 
	                2 Bit    Registers := 2     
Module ltlib_v1_0_0_match__parameterized2__9 
Detailed RTL Component Info : 
+---Registers : 
	                1 Bit    Registers := 1     
Module ltlib_v1_0_0_all_typeA_slice__parameterized0__75 
Detailed RTL Component Info : 
+---Registers : 
	                1 Bit    Registers := 1     
Module ltlib_v1_0_0_allx_typeA__parameterized6__8 
Detailed RTL Component Info : 
+---Registers : 
	               12 Bit    Registers := 2     
Module ltlib_v1_0_0_match__parameterized6__8 
Detailed RTL Component Info : 
+---Registers : 
	                1 Bit    Registers := 1     
Module ltlib_v1_0_0_all_typeA_slice__parameterized0__65 
Detailed RTL Component Info : 
+---Registers : 
	                1 Bit    Registers := 1     
Module ltlib_v1_0_0_allx_typeA__parameterized0__30 
Detailed RTL Component Info : 
+---Registers : 
	                1 Bit    Registers := 2     
Module ltlib_v1_0_0_match__parameterized0__30 
Detailed RTL Component Info : 
+---Registers : 
	                1 Bit    Registers := 1     
Module ltlib_v1_0_0_all_typeA_slice__parameterized0__48 
Detailed RTL Component Info : 
+---Registers : 
	                1 Bit    Registers := 1     
Module ltlib_v1_0_0_allx_typeA__parameterized7 
Detailed RTL Component Info : 
+---Registers : 
	                8 Bit    Registers := 2     
Module ltlib_v1_0_0_match__parameterized7 
Detailed RTL Component Info : 
+---Registers : 
	                1 Bit    Registers := 1     
Module ltlib_v1_0_0_all_typeA_slice__parameterized0__53 
Detailed RTL Component Info : 
+---Registers : 
	                1 Bit    Registers := 1     
Module ltlib_v1_0_0_allx_typeA__parameterized5 
Detailed RTL Component Info : 
+---Registers : 
	                3 Bit    Registers := 2     
Module ltlib_v1_0_0_match__parameterized5 
Detailed RTL Component Info : 
+---Registers : 
	                1 Bit    Registers := 1     
Module ltlib_v1_0_0_all_typeA_slice__parameterized0__52 
Detailed RTL Component Info : 
+---Registers : 
	                1 Bit    Registers := 1     
Module ltlib_v1_0_0_allx_typeA__parameterized2 
Detailed RTL Component Info : 
+---Registers : 
	                2 Bit    Registers := 2     
Module ltlib_v1_0_0_match__parameterized2 
Detailed RTL Component Info : 
+---Registers : 
	                1 Bit    Registers := 1     
Module ltlib_v1_0_0_all_typeA_slice__parameterized0__66 
Detailed RTL Component Info : 
+---Registers : 
	                1 Bit    Registers := 1     
Module ltlib_v1_0_0_allx_typeA__parameterized0__31 
Detailed RTL Component Info : 
+---Registers : 
	                1 Bit    Registers := 2     
Module ltlib_v1_0_0_match__parameterized0__31 
Detailed RTL Component Info : 
+---Registers : 
	                1 Bit    Registers := 1     
Module ltlib_v1_0_0_all_typeA_slice__parameterized0__77 
Detailed RTL Component Info : 
+---Registers : 
	                1 Bit    Registers := 1     
Module ltlib_v1_0_0_allx_typeA__parameterized4__10 
Detailed RTL Component Info : 
+---Registers : 
	                4 Bit    Registers := 2     
Module ltlib_v1_0_0_match__parameterized4__10 
Detailed RTL Component Info : 
+---Registers : 
	                1 Bit    Registers := 1     
Module ltlib_v1_0_0_all_typeA_slice__parameterized0__78 
Detailed RTL Component Info : 
+---Registers : 
	                1 Bit    Registers := 1     
Module ltlib_v1_0_0_allx_typeA__parameterized4__11 
Detailed RTL Component Info : 
+---Registers : 
	                4 Bit    Registers := 2     
Module ltlib_v1_0_0_match__parameterized4__11 
Detailed RTL Component Info : 
+---Registers : 
	                1 Bit    Registers := 1     
Module ltlib_v1_0_0_all_typeA_slice__parameterized0__79 
Detailed RTL Component Info : 
+---Registers : 
	                1 Bit    Registers := 1     
Module ltlib_v1_0_0_allx_typeA__parameterized4__12 
Detailed RTL Component Info : 
+---Registers : 
	                4 Bit    Registers := 2     
Module ltlib_v1_0_0_match__parameterized4__12 
Detailed RTL Component Info : 
+---Registers : 
	                1 Bit    Registers := 1     
Module ltlib_v1_0_0_all_typeA_slice__parameterized0__80 
Detailed RTL Component Info : 
+---Registers : 
	                1 Bit    Registers := 1     
Module ltlib_v1_0_0_allx_typeA__parameterized4__13 
Detailed RTL Component Info : 
+---Registers : 
	                4 Bit    Registers := 2     
Module ltlib_v1_0_0_match__parameterized4__13 
Detailed RTL Component Info : 
+---Registers : 
	                1 Bit    Registers := 1     
Module ltlib_v1_0_0_all_typeA_slice__parameterized0__67 
Detailed RTL Component Info : 
+---Registers : 
	                1 Bit    Registers := 1     
Module ltlib_v1_0_0_allx_typeA__parameterized0__32 
Detailed RTL Component Info : 
+---Registers : 
	                1 Bit    Registers := 2     
Module ltlib_v1_0_0_match__parameterized0__32 
Detailed RTL Component Info : 
+---Registers : 
	                1 Bit    Registers := 1     
Module ltlib_v1_0_0_all_typeA_slice__parameterized0__81 
Detailed RTL Component Info : 
+---Registers : 
	                1 Bit    Registers := 1     
Module ltlib_v1_0_0_allx_typeA__parameterized4__14 
Detailed RTL Component Info : 
+---Registers : 
	                4 Bit    Registers := 2     
Module ltlib_v1_0_0_match__parameterized4__14 
Detailed RTL Component Info : 
+---Registers : 
	                1 Bit    Registers := 1     
Module ltlib_v1_0_0_all_typeA_slice__parameterized0__51 
Detailed RTL Component Info : 
+---Registers : 
	                1 Bit    Registers := 1     
Module ltlib_v1_0_0_allx_typeA__parameterized4 
Detailed RTL Component Info : 
+---Registers : 
	                4 Bit    Registers := 2     
Module ltlib_v1_0_0_match__parameterized4 
Detailed RTL Component Info : 
+---Registers : 
	                1 Bit    Registers := 1     
Module ltlib_v1_0_0_all_typeA_slice__parameterized0__72 
Detailed RTL Component Info : 
+---Registers : 
	                1 Bit    Registers := 1     
Module ltlib_v1_0_0_allx_typeA__parameterized6 
Detailed RTL Component Info : 
+---Registers : 
	               12 Bit    Registers := 2     
Module ltlib_v1_0_0_match__parameterized6 
Detailed RTL Component Info : 
+---Registers : 
	                1 Bit    Registers := 1     
Module ltlib_v1_0_0_all_typeA_slice__parameterized0__68 
Detailed RTL Component Info : 
+---Registers : 
	                1 Bit    Registers := 1     
Module ltlib_v1_0_0_allx_typeA__parameterized0__33 
Detailed RTL Component Info : 
+---Registers : 
	                1 Bit    Registers := 2     
Module ltlib_v1_0_0_match__parameterized0__33 
Detailed RTL Component Info : 
+---Registers : 
	                1 Bit    Registers := 1     
Module ltlib_v1_0_0_all_typeA_slice__parameterized0__69 
Detailed RTL Component Info : 
+---Registers : 
	                1 Bit    Registers := 1     
Module ltlib_v1_0_0_allx_typeA__parameterized0__34 
Detailed RTL Component Info : 
+---Registers : 
	                1 Bit    Registers := 2     
Module ltlib_v1_0_0_match__parameterized0__34 
Detailed RTL Component Info : 
+---Registers : 
	                1 Bit    Registers := 1     
Module ltlib_v1_0_0_all_typeA_slice__parameterized0__70 
Detailed RTL Component Info : 
+---Registers : 
	                1 Bit    Registers := 1     
Module ltlib_v1_0_0_allx_typeA__parameterized0__35 
Detailed RTL Component Info : 
+---Registers : 
	                1 Bit    Registers := 2     
Module ltlib_v1_0_0_match__parameterized0__35 
Detailed RTL Component Info : 
+---Registers : 
	                1 Bit    Registers := 1     
Module ltlib_v1_0_0_all_typeA_slice__parameterized0__71 
Detailed RTL Component Info : 
+---Registers : 
	                1 Bit    Registers := 1     
Module ltlib_v1_0_0_allx_typeA__parameterized0__36 
Detailed RTL Component Info : 
+---Registers : 
	                1 Bit    Registers := 2     
Module ltlib_v1_0_0_match__parameterized0__36 
Detailed RTL Component Info : 
+---Registers : 
	                1 Bit    Registers := 1     
Module ltlib_v1_0_0_all_typeA_slice__parameterized0__50 
Detailed RTL Component Info : 
+---Registers : 
	                1 Bit    Registers := 1     
Module ltlib_v1_0_0_allx_typeA__parameterized0 
Detailed RTL Component Info : 
+---Registers : 
	                1 Bit    Registers := 2     
Module ltlib_v1_0_0_match__parameterized0 
Detailed RTL Component Info : 
+---Registers : 
	                1 Bit    Registers := 1     
Module ltlib_v1_0_0_all_typeA_slice__parameterized0__47 
Detailed RTL Component Info : 
+---Registers : 
	                1 Bit    Registers := 1     
Module ltlib_v1_0_0_allx_typeA 
Detailed RTL Component Info : 
+---Registers : 
	               44 Bit    Registers := 1     
Module ltlib_v1_0_0_match 
Detailed RTL Component Info : 
+---Registers : 
	                1 Bit    Registers := 1     
Module ila_v6_2_6_ila_trigger 
Detailed RTL Component Info : 
+---Registers : 
	                1 Bit    Registers := 3     
Module ltlib_v1_0_0_async_edge_xfer__5 
Detailed RTL Component Info : 
+---XORs : 
	   2 Input      1 Bit         XORs := 1     
+---Registers : 
	                1 Bit    Registers := 5     
Module ltlib_v1_0_0_async_edge_xfer__6 
Detailed RTL Component Info : 
+---XORs : 
	   2 Input      1 Bit         XORs := 1     
+---Registers : 
	                1 Bit    Registers := 5     
Module ltlib_v1_0_0_async_edge_xfer__7 
Detailed RTL Component Info : 
+---XORs : 
	   2 Input      1 Bit         XORs := 1     
+---Registers : 
	                1 Bit    Registers := 5     
Module ltlib_v1_0_0_async_edge_xfer 
Detailed RTL Component Info : 
+---XORs : 
	   2 Input      1 Bit         XORs := 1     
+---Registers : 
	                1 Bit    Registers := 5     
Module ltlib_v1_0_0_rising_edge_detection__3 
Detailed RTL Component Info : 
+---Registers : 
	                2 Bit    Registers := 1     
	                1 Bit    Registers := 1     
+---Muxes : 
	   2 Input      2 Bit        Muxes := 2     
Module ltlib_v1_0_0_rising_edge_detection 
Detailed RTL Component Info : 
+---Registers : 
	                2 Bit    Registers := 1     
	                1 Bit    Registers := 1     
+---Muxes : 
	   2 Input      2 Bit        Muxes := 2     
Module ila_v6_2_6_ila_reset_ctrl 
Detailed RTL Component Info : 
+---Registers : 
	                6 Bit    Registers := 1     
	                1 Bit    Registers := 2     
Module ltlib_v1_0_0_cfglut7__3 
Detailed RTL Component Info : 
+---Registers : 
	                1 Bit    Registers := 1     
+---Muxes : 
	   2 Input      1 Bit        Muxes := 3     
Module ltlib_v1_0_0_cfglut7 
Detailed RTL Component Info : 
+---Registers : 
	                1 Bit    Registers := 1     
+---Muxes : 
	   2 Input      1 Bit        Muxes := 3     
Module ltlib_v1_0_0_cfglut6 
Detailed RTL Component Info : 
+---Muxes : 
	   2 Input      1 Bit        Muxes := 1     
Module ltlib_v1_0_0_cfglut6__3 
Detailed RTL Component Info : 
+---Muxes : 
	   2 Input      1 Bit        Muxes := 1     
Module ltlib_v1_0_0_allx_typeA_nodelay 
Detailed RTL Component Info : 
+---Registers : 
	               10 Bit    Registers := 1     
Module ila_v6_2_6_ila_cap_sample_counter 
Detailed RTL Component Info : 
+---Adders : 
	   2 Input     10 Bit       Adders := 1     
+---Registers : 
	               10 Bit    Registers := 1     
Module ltlib_v1_0_0_allx_typeA_nodelay__4 
Detailed RTL Component Info : 
+---Registers : 
	               10 Bit    Registers := 1     
Module ltlib_v1_0_0_allx_typeA_nodelay__5 
Detailed RTL Component Info : 
+---Registers : 
	               10 Bit    Registers := 1     
Module ila_v6_2_6_ila_cap_window_counter 
Detailed RTL Component Info : 
+---Adders : 
	   2 Input     10 Bit       Adders := 1     
+---Registers : 
	               10 Bit    Registers := 1     
Module ila_v6_2_6_ila_cap_addrgen 
Detailed RTL Component Info : 
+---Registers : 
	               33 Bit    Registers := 2     
	               16 Bit    Registers := 1     
	               10 Bit    Registers := 3     
	                1 Bit    Registers := 2     
+---Muxes : 
	   2 Input      1 Bit        Muxes := 10    
Module ltlib_v1_0_0_cfglut6__parameterized0 
Detailed RTL Component Info : 
+---Registers : 
	                1 Bit    Registers := 1     
+---Muxes : 
	   2 Input      1 Bit        Muxes := 1     
Module ila_v6_2_6_ila_cap_ctrl_legacy 
Detailed RTL Component Info : 
+---Registers : 
	                1 Bit    Registers := 3     
+---Muxes : 
	   2 Input      1 Bit        Muxes := 1     
	   4 Input      1 Bit        Muxes := 1     
Module ltlib_v1_0_0_generic_memrd 
Detailed RTL Component Info : 
+---Adders : 
	   2 Input     10 Bit       Adders := 1     
	   2 Input      4 Bit       Adders := 1     
+---Registers : 
	              224 Bit    Registers := 1     
	               10 Bit    Registers := 1     
	                7 Bit    Registers := 1     
	                4 Bit    Registers := 3     
	                1 Bit    Registers := 3     
+---Muxes : 
	   8 Input     10 Bit        Muxes := 1     
	   3 Input      7 Bit        Muxes := 1     
	   8 Input      7 Bit        Muxes := 1     
	   2 Input      4 Bit        Muxes := 1     
	   8 Input      4 Bit        Muxes := 1     
	   2 Input      2 Bit        Muxes := 1     
	   8 Input      1 Bit        Muxes := 5     
Module ila_v6_2_6_ila_core 
Detailed RTL Component Info : 
+---Registers : 
	              221 Bit    Registers := 9     
	               16 Bit    Registers := 2     
	                2 Bit    Registers := 3     
	                1 Bit    Registers := 5     
+---Muxes : 
	   2 Input    221 Bit        Muxes := 1     
Module ila_v6_2_6_ila 
Detailed RTL Component Info : 
+---Registers : 
	                1 Bit    Registers := 6     
Module xsdbs_v1_0_2_xsdbs__1 
Detailed RTL Component Info : 
+---Registers : 
	              128 Bit    Registers := 1     
	               17 Bit    Registers := 1     
	               16 Bit    Registers := 4     
	                1 Bit    Registers := 4     
+---Muxes : 
	   2 Input     16 Bit        Muxes := 1     
Module xsdbs_v1_0_2_reg_stat__121 
Detailed RTL Component Info : 
+---Registers : 
	               16 Bit    Registers := 1     
Module xsdbs_v1_0_2_reg_stat__120 
Detailed RTL Component Info : 
+---Registers : 
	               16 Bit    Registers := 1     
Module xsdbs_v1_0_2_reg_stat__119 
Detailed RTL Component Info : 
+---Registers : 
	               16 Bit    Registers := 1     
Module xsdbs_v1_0_2_reg_stat__118 
Detailed RTL Component Info : 
+---Registers : 
	               16 Bit    Registers := 1     
Module xsdbs_v1_0_2_reg_stat__117 
Detailed RTL Component Info : 
+---Registers : 
	               16 Bit    Registers := 1     
Module xsdbs_v1_0_2_reg_stat__116 
Detailed RTL Component Info : 
+---Registers : 
	               16 Bit    Registers := 1     
Module xsdbs_v1_0_2_reg_ctl__11 
Detailed RTL Component Info : 
+---Registers : 
	               16 Bit    Registers := 1     
Module xsdbs_v1_0_2_reg__parameterized97__1 
Detailed RTL Component Info : 
+---XORs : 
	   2 Input     13 Bit         XORs := 1     
Module xsdbs_v1_0_2_reg_ctl__parameterized0__1 
Detailed RTL Component Info : 
+---Registers : 
	               16 Bit    Registers := 1     
Module xsdbs_v1_0_2_reg__parameterized98__1 
Detailed RTL Component Info : 
+---XORs : 
	   2 Input     13 Bit         XORs := 1     
Module xsdbs_v1_0_2_reg_stat__115 
Detailed RTL Component Info : 
+---Registers : 
	               16 Bit    Registers := 1     
Module xsdbs_v1_0_2_reg_stat__114 
Detailed RTL Component Info : 
+---Registers : 
	               16 Bit    Registers := 1     
Module xsdbs_v1_0_2_reg_stat__113 
Detailed RTL Component Info : 
+---Registers : 
	               16 Bit    Registers := 1     
Module xsdbs_v1_0_2_reg_stat__112 
Detailed RTL Component Info : 
+---Registers : 
	               16 Bit    Registers := 1     
Module xsdbs_v1_0_2_reg_stat__111 
Detailed RTL Component Info : 
+---Registers : 
	               16 Bit    Registers := 1     
Module xsdbs_v1_0_2_reg_stat__110 
Detailed RTL Component Info : 
+---Registers : 
	               16 Bit    Registers := 1     
Module xsdbs_v1_0_2_reg_stat__109 
Detailed RTL Component Info : 
+---Registers : 
	               16 Bit    Registers := 1     
Module xsdbs_v1_0_2_reg_stat__108 
Detailed RTL Component Info : 
+---Registers : 
	               16 Bit    Registers := 1     
Module xsdbs_v1_0_2_reg_stat__107 
Detailed RTL Component Info : 
+---Registers : 
	               16 Bit    Registers := 1     
Module xsdbs_v1_0_2_reg_stat__106 
Detailed RTL Component Info : 
+---Registers : 
	               16 Bit    Registers := 1     
Module xsdbs_v1_0_2_reg_stat__105 
Detailed RTL Component Info : 
+---Registers : 
	               16 Bit    Registers := 1     
Module xsdbs_v1_0_2_reg_stat__104 
Detailed RTL Component Info : 
+---Registers : 
	               16 Bit    Registers := 1     
Module xsdbs_v1_0_2_reg_stat__103 
Detailed RTL Component Info : 
+---Registers : 
	               16 Bit    Registers := 1     
Module xsdbs_v1_0_2_reg_ctl__10 
Detailed RTL Component Info : 
+---Registers : 
	               16 Bit    Registers := 1     
Module xsdbs_v1_0_2_reg__parameterized112__1 
Detailed RTL Component Info : 
+---XORs : 
	   2 Input     13 Bit         XORs := 1     
Module xsdbs_v1_0_2_reg_ctl__9 
Detailed RTL Component Info : 
+---Registers : 
	               16 Bit    Registers := 1     
Module xsdbs_v1_0_2_reg__parameterized113__1 
Detailed RTL Component Info : 
+---XORs : 
	   2 Input     13 Bit         XORs := 1     
Module xsdbs_v1_0_2_reg_ctl__8 
Detailed RTL Component Info : 
+---Registers : 
	               16 Bit    Registers := 1     
Module xsdbs_v1_0_2_reg__parameterized114__1 
Detailed RTL Component Info : 
+---XORs : 
	   2 Input     13 Bit         XORs := 1     
Module xsdbs_v1_0_2_reg_ctl__7 
Detailed RTL Component Info : 
+---Registers : 
	               16 Bit    Registers := 1     
Module xsdbs_v1_0_2_reg__parameterized115__1 
Detailed RTL Component Info : 
+---XORs : 
	   2 Input     13 Bit         XORs := 1     
Module xsdbs_v1_0_2_reg_ctl__6 
Detailed RTL Component Info : 
+---Registers : 
	               16 Bit    Registers := 1     
Module xsdbs_v1_0_2_reg__parameterized116__1 
Detailed RTL Component Info : 
+---XORs : 
	   2 Input     13 Bit         XORs := 1     
Module xsdbs_v1_0_2_reg_ctl__parameterized1__3 
Detailed RTL Component Info : 
+---Registers : 
	               16 Bit    Registers := 1     
Module xsdbs_v1_0_2_reg__parameterized117__1 
Detailed RTL Component Info : 
+---XORs : 
	   2 Input     13 Bit         XORs := 1     
Module xsdbs_v1_0_2_reg_ctl__parameterized1__2 
Detailed RTL Component Info : 
+---Registers : 
	               16 Bit    Registers := 1     
Module xsdbs_v1_0_2_reg__parameterized118__1 
Detailed RTL Component Info : 
+---XORs : 
	   2 Input     13 Bit         XORs := 1     
Module xsdbs_v1_0_2_reg_ctl__5 
Detailed RTL Component Info : 
+---Registers : 
	               16 Bit    Registers := 1     
Module xsdbs_v1_0_2_reg__parameterized119__1 
Detailed RTL Component Info : 
+---XORs : 
	   2 Input     13 Bit         XORs := 1     
Module xsdbs_v1_0_2_reg_ctl__parameterized1__1 
Detailed RTL Component Info : 
+---Registers : 
	               16 Bit    Registers := 1     
Module xsdbs_v1_0_2_reg__parameterized120__1 
Detailed RTL Component Info : 
+---XORs : 
	   2 Input     13 Bit         XORs := 1     
Module xsdbs_v1_0_2_reg_ctl__4 
Detailed RTL Component Info : 
+---Registers : 
	               16 Bit    Registers := 1     
Module xsdbs_v1_0_2_reg__parameterized121__1 
Detailed RTL Component Info : 
+---XORs : 
	   2 Input     13 Bit         XORs := 1     
Module xsdbs_v1_0_2_reg_ctl__3 
Detailed RTL Component Info : 
+---Registers : 
	               16 Bit    Registers := 1     
Module xsdbs_v1_0_2_reg__parameterized122__1 
Detailed RTL Component Info : 
+---XORs : 
	   2 Input     13 Bit         XORs := 1     
Module xsdbs_v1_0_2_reg_ctl__2 
Detailed RTL Component Info : 
+---Registers : 
	               16 Bit    Registers := 1     
Module xsdbs_v1_0_2_reg__parameterized123__1 
Detailed RTL Component Info : 
+---XORs : 
	   2 Input     13 Bit         XORs := 1     
Module xsdbs_v1_0_2_reg_stat__102 
Detailed RTL Component Info : 
+---Registers : 
	               16 Bit    Registers := 1     
Module xsdbs_v1_0_2_reg_stat__101 
Detailed RTL Component Info : 
+---Registers : 
	               16 Bit    Registers := 1     
Module xsdbs_v1_0_2_reg_stat__100 
Detailed RTL Component Info : 
+---Registers : 
	               16 Bit    Registers := 1     
Module xsdbs_v1_0_2_reg_stat__99 
Detailed RTL Component Info : 
+---Registers : 
	               16 Bit    Registers := 1     
Module xsdbs_v1_0_2_reg_stat__98 
Detailed RTL Component Info : 
+---Registers : 
	               16 Bit    Registers := 1     
Module xsdbs_v1_0_2_reg_stat__97 
Detailed RTL Component Info : 
+---Registers : 
	               16 Bit    Registers := 1     
Module xsdbs_v1_0_2_reg_stat__96 
Detailed RTL Component Info : 
+---Registers : 
	               16 Bit    Registers := 1     
Module xsdbs_v1_0_2_reg_p2s__parameterized44__1 
Detailed RTL Component Info : 
+---Adders : 
	   2 Input      4 Bit       Adders := 1     
+---XORs : 
	   2 Input     13 Bit         XORs := 1     
+---Registers : 
	               16 Bit    Registers := 2     
	                4 Bit    Registers := 1     
	                1 Bit    Registers := 3     
+---Muxes : 
	   2 Input     16 Bit        Muxes := 1     
	   2 Input     15 Bit        Muxes := 1     
	   5 Input      4 Bit        Muxes := 1     
	   2 Input      4 Bit        Muxes := 3     
	   2 Input      3 Bit        Muxes := 1     
	   2 Input      1 Bit        Muxes := 5     
	   3 Input      1 Bit        Muxes := 1     
Module xsdbs_v1_0_2_reg_ctl__1 
Detailed RTL Component Info : 
+---Registers : 
	               16 Bit    Registers := 1     
Module xsdbs_v1_0_2_reg_stream__1 
Detailed RTL Component Info : 
+---Registers : 
	                1 Bit    Registers := 1     
+---Muxes : 
	   2 Input      1 Bit        Muxes := 1     
Module xsdbs_v1_0_2_reg_stat__95 
Detailed RTL Component Info : 
+---Registers : 
	               16 Bit    Registers := 1     
Module xsdbs_v1_0_2_reg_stream__parameterized0__1 
Detailed RTL Component Info : 
+---Muxes : 
	   2 Input      1 Bit        Muxes := 1     
Module xsdbs_v1_0_2_reg_stat__94 
Detailed RTL Component Info : 
+---Registers : 
	               16 Bit    Registers := 1     
Module xsdbs_v1_0_2_reg_stat__93 
Detailed RTL Component Info : 
+---Registers : 
	               16 Bit    Registers := 1     
Module xsdbs_v1_0_2_reg_stat__92 
Detailed RTL Component Info : 
+---Registers : 
	               16 Bit    Registers := 1     
Module xsdbs_v1_0_2_reg_stat__91 
Detailed RTL Component Info : 
+---Registers : 
	               16 Bit    Registers := 1     
Module xsdbs_v1_0_2_reg_stat__90 
Detailed RTL Component Info : 
+---Registers : 
	               16 Bit    Registers := 1     
Module xsdbs_v1_0_2_reg_stat__89 
Detailed RTL Component Info : 
+---Registers : 
	               16 Bit    Registers := 1     
Module xsdbs_v1_0_2_reg_stat__88 
Detailed RTL Component Info : 
+---Registers : 
	               16 Bit    Registers := 1     
Module xsdbs_v1_0_2_reg_stat__87 
Detailed RTL Component Info : 
+---Registers : 
	               16 Bit    Registers := 1     
Module xsdbs_v1_0_2_reg_stat__86 
Detailed RTL Component Info : 
+---Registers : 
	               16 Bit    Registers := 1     
Module xsdbs_v1_0_2_reg_stat__85 
Detailed RTL Component Info : 
+---Registers : 
	               16 Bit    Registers := 1     
Module xsdbs_v1_0_2_reg_stat__84 
Detailed RTL Component Info : 
+---Registers : 
	               16 Bit    Registers := 1     
Module xsdbs_v1_0_2_reg_stat__83 
Detailed RTL Component Info : 
+---Registers : 
	               16 Bit    Registers := 1     
Module xsdbs_v1_0_2_reg_stat__82 
Detailed RTL Component Info : 
+---Registers : 
	               16 Bit    Registers := 1     
Module xsdbs_v1_0_2_reg_stat__81 
Detailed RTL Component Info : 
+---Registers : 
	               16 Bit    Registers := 1     
Module xsdbs_v1_0_2_reg_stat__80 
Detailed RTL Component Info : 
+---Registers : 
	               16 Bit    Registers := 1     
Module xsdbs_v1_0_2_reg_stat__79 
Detailed RTL Component Info : 
+---Registers : 
	               16 Bit    Registers := 1     
Module xsdbs_v1_0_2_reg_stat__78 
Detailed RTL Component Info : 
+---Registers : 
	               16 Bit    Registers := 1     
Module xsdbs_v1_0_2_reg_stat__77 
Detailed RTL Component Info : 
+---Registers : 
	               16 Bit    Registers := 1     
Module xsdbs_v1_0_2_reg_stat__76 
Detailed RTL Component Info : 
+---Registers : 
	               16 Bit    Registers := 1     
Module xsdbs_v1_0_2_reg_stat__75 
Detailed RTL Component Info : 
+---Registers : 
	               16 Bit    Registers := 1     
Module xsdbs_v1_0_2_reg_stat__74 
Detailed RTL Component Info : 
+---Registers : 
	               16 Bit    Registers := 1     
Module xsdbs_v1_0_2_reg_stat__73 
Detailed RTL Component Info : 
+---Registers : 
	               16 Bit    Registers := 1     
Module xsdbs_v1_0_2_reg_stat__72 
Detailed RTL Component Info : 
+---Registers : 
	               16 Bit    Registers := 1     
Module xsdbs_v1_0_2_reg_stat__71 
Detailed RTL Component Info : 
+---Registers : 
	               16 Bit    Registers := 1     
Module xsdbs_v1_0_2_reg_stat__70 
Detailed RTL Component Info : 
+---Registers : 
	               16 Bit    Registers := 1     
Module xsdbs_v1_0_2_reg_stat__69 
Detailed RTL Component Info : 
+---Registers : 
	               16 Bit    Registers := 1     
Module xsdbs_v1_0_2_reg_stat__68 
Detailed RTL Component Info : 
+---Registers : 
	               16 Bit    Registers := 1     
Module xsdbs_v1_0_2_reg_stat__67 
Detailed RTL Component Info : 
+---Registers : 
	               16 Bit    Registers := 1     
Module xsdbs_v1_0_2_reg_stat__66 
Detailed RTL Component Info : 
+---Registers : 
	               16 Bit    Registers := 1     
Module xsdbs_v1_0_2_reg_stat__65 
Detailed RTL Component Info : 
+---Registers : 
	               16 Bit    Registers := 1     
Module xsdbs_v1_0_2_reg_stat__64 
Detailed RTL Component Info : 
+---Registers : 
	               16 Bit    Registers := 1     
Module xsdbs_v1_0_2_reg_stat__63 
Detailed RTL Component Info : 
+---Registers : 
	               16 Bit    Registers := 1     
Module xsdbs_v1_0_2_reg_stat__62 
Detailed RTL Component Info : 
+---Registers : 
	               16 Bit    Registers := 1     
Module xsdbs_v1_0_2_reg_stat__61 
Detailed RTL Component Info : 
+---Registers : 
	               16 Bit    Registers := 1     
Module xsdbs_v1_0_2_reg_stat__60 
Detailed RTL Component Info : 
+---Registers : 
	               16 Bit    Registers := 1     
Module xsdbs_v1_0_2_reg_stat__59 
Detailed RTL Component Info : 
+---Registers : 
	               16 Bit    Registers := 1     
Module xsdbs_v1_0_2_reg_stat__58 
Detailed RTL Component Info : 
+---Registers : 
	               16 Bit    Registers := 1     
Module xsdbs_v1_0_2_reg_stat__57 
Detailed RTL Component Info : 
+---Registers : 
	               16 Bit    Registers := 1     
Module xsdbs_v1_0_2_reg_stat__56 
Detailed RTL Component Info : 
+---Registers : 
	               16 Bit    Registers := 1     
Module xsdbs_v1_0_2_reg_stat__55 
Detailed RTL Component Info : 
+---Registers : 
	               16 Bit    Registers := 1     
Module xsdbs_v1_0_2_reg_stat__54 
Detailed RTL Component Info : 
+---Registers : 
	               16 Bit    Registers := 1     
Module xsdbs_v1_0_2_reg_stat__53 
Detailed RTL Component Info : 
+---Registers : 
	               16 Bit    Registers := 1     
Module xsdbs_v1_0_2_reg_stat__52 
Detailed RTL Component Info : 
+---Registers : 
	               16 Bit    Registers := 1     
Module xsdbs_v1_0_2_reg_stat__51 
Detailed RTL Component Info : 
+---Registers : 
	               16 Bit    Registers := 1     
Module xsdbs_v1_0_2_reg_stat__50 
Detailed RTL Component Info : 
+---Registers : 
	               16 Bit    Registers := 1     
Module xsdbs_v1_0_2_reg_stat__49 
Detailed RTL Component Info : 
+---Registers : 
	               16 Bit    Registers := 1     
Module xsdbs_v1_0_2_reg_stat__48 
Detailed RTL Component Info : 
+---Registers : 
	               16 Bit    Registers := 1     
Module xsdbs_v1_0_2_reg_stat__47 
Detailed RTL Component Info : 
+---Registers : 
	               16 Bit    Registers := 1     
Module xsdbs_v1_0_2_reg_stat__46 
Detailed RTL Component Info : 
+---Registers : 
	               16 Bit    Registers := 1     
Module xsdbs_v1_0_2_reg_stat__45 
Detailed RTL Component Info : 
+---Registers : 
	               16 Bit    Registers := 1     
Module xsdbs_v1_0_2_reg_stat__44 
Detailed RTL Component Info : 
+---Registers : 
	               16 Bit    Registers := 1     
Module xsdbs_v1_0_2_reg_stat__43 
Detailed RTL Component Info : 
+---Registers : 
	               16 Bit    Registers := 1     
Module xsdbs_v1_0_2_reg_stat__42 
Detailed RTL Component Info : 
+---Registers : 
	               16 Bit    Registers := 1     
Module xsdbs_v1_0_2_reg_stat__41 
Detailed RTL Component Info : 
+---Registers : 
	               16 Bit    Registers := 1     
Module xsdbs_v1_0_2_reg_stat__40 
Detailed RTL Component Info : 
+---Registers : 
	               16 Bit    Registers := 1     
Module xsdbs_v1_0_2_reg_stat__39 
Detailed RTL Component Info : 
+---Registers : 
	               16 Bit    Registers := 1     
Module xsdbs_v1_0_2_reg_stat__38 
Detailed RTL Component Info : 
+---Registers : 
	               16 Bit    Registers := 1     
Module xsdbs_v1_0_2_reg_stat__37 
Detailed RTL Component Info : 
+---Registers : 
	               16 Bit    Registers := 1     
Module xsdbs_v1_0_2_reg_stat__36 
Detailed RTL Component Info : 
+---Registers : 
	               16 Bit    Registers := 1     
Module xsdbs_v1_0_2_reg_stat__35 
Detailed RTL Component Info : 
+---Registers : 
	               16 Bit    Registers := 1     
Module xsdbs_v1_0_2_reg_stat__34 
Detailed RTL Component Info : 
+---Registers : 
	               16 Bit    Registers := 1     
Module xsdbs_v1_0_2_reg_stat__33 
Detailed RTL Component Info : 
+---Registers : 
	               16 Bit    Registers := 1     
Module xsdbs_v1_0_2_reg_stat__32 
Detailed RTL Component Info : 
+---Registers : 
	               16 Bit    Registers := 1     
Module xsdbs_v1_0_2_reg_stat__31 
Detailed RTL Component Info : 
+---Registers : 
	               16 Bit    Registers := 1     
Module xsdbs_v1_0_2_reg_stat__30 
Detailed RTL Component Info : 
+---Registers : 
	               16 Bit    Registers := 1     
Module xsdbs_v1_0_2_reg_stat__29 
Detailed RTL Component Info : 
+---Registers : 
	               16 Bit    Registers := 1     
Module xsdbs_v1_0_2_reg_stat__28 
Detailed RTL Component Info : 
+---Registers : 
	               16 Bit    Registers := 1     
Module xsdbs_v1_0_2_reg_stat__27 
Detailed RTL Component Info : 
+---Registers : 
	               16 Bit    Registers := 1     
Module xsdbs_v1_0_2_reg_stat__26 
Detailed RTL Component Info : 
+---Registers : 
	               16 Bit    Registers := 1     
Module xsdbs_v1_0_2_reg_stat__25 
Detailed RTL Component Info : 
+---Registers : 
	               16 Bit    Registers := 1     
Module xsdbs_v1_0_2_reg_stat__24 
Detailed RTL Component Info : 
+---Registers : 
	               16 Bit    Registers := 1     
Module xsdbs_v1_0_2_reg_stat__23 
Detailed RTL Component Info : 
+---Registers : 
	               16 Bit    Registers := 1     
Module xsdbs_v1_0_2_reg_stat__22 
Detailed RTL Component Info : 
+---Registers : 
	               16 Bit    Registers := 1     
Module xsdbs_v1_0_2_reg_stat__21 
Detailed RTL Component Info : 
+---Registers : 
	               16 Bit    Registers := 1     
Module xsdbs_v1_0_2_reg_stat__20 
Detailed RTL Component Info : 
+---Registers : 
	               16 Bit    Registers := 1     
Module xsdbs_v1_0_2_reg_stat__19 
Detailed RTL Component Info : 
+---Registers : 
	               16 Bit    Registers := 1     
Module xsdbs_v1_0_2_reg_stat__18 
Detailed RTL Component Info : 
+---Registers : 
	               16 Bit    Registers := 1     
Module xsdbs_v1_0_2_reg_stat__17 
Detailed RTL Component Info : 
+---Registers : 
	               16 Bit    Registers := 1     
Module xsdbs_v1_0_2_reg_stat__16 
Detailed RTL Component Info : 
+---Registers : 
	               16 Bit    Registers := 1     
Module xsdbs_v1_0_2_reg_stat__15 
Detailed RTL Component Info : 
+---Registers : 
	               16 Bit    Registers := 1     
Module xsdbs_v1_0_2_reg_stat__14 
Detailed RTL Component Info : 
+---Registers : 
	               16 Bit    Registers := 1     
Module xsdbs_v1_0_2_reg_stat__13 
Detailed RTL Component Info : 
+---Registers : 
	               16 Bit    Registers := 1     
Module xsdbs_v1_0_2_reg_stat__12 
Detailed RTL Component Info : 
+---Registers : 
	               16 Bit    Registers := 1     
Module xsdbs_v1_0_2_reg_stat__11 
Detailed RTL Component Info : 
+---Registers : 
	               16 Bit    Registers := 1     
Module xsdbs_v1_0_2_reg_stat__10 
Detailed RTL Component Info : 
+---Registers : 
	               16 Bit    Registers := 1     
Module xsdbs_v1_0_2_reg_stat__9 
Detailed RTL Component Info : 
+---Registers : 
	               16 Bit    Registers := 1     
Module xsdbs_v1_0_2_reg_stat__8 
Detailed RTL Component Info : 
+---Registers : 
	               16 Bit    Registers := 1     
Module xsdbs_v1_0_2_reg_stat__7 
Detailed RTL Component Info : 
+---Registers : 
	               16 Bit    Registers := 1     
Module xsdbs_v1_0_2_reg_stat__6 
Detailed RTL Component Info : 
+---Registers : 
	               16 Bit    Registers := 1     
Module xsdbs_v1_0_2_reg_stat__5 
Detailed RTL Component Info : 
+---Registers : 
	               16 Bit    Registers := 1     
Module xsdbs_v1_0_2_reg_stat__4 
Detailed RTL Component Info : 
+---Registers : 
	               16 Bit    Registers := 1     
Module xsdbs_v1_0_2_reg_stat__3 
Detailed RTL Component Info : 
+---Registers : 
	               16 Bit    Registers := 1     
Module xsdbs_v1_0_2_reg_stat__2 
Detailed RTL Component Info : 
+---Registers : 
	               16 Bit    Registers := 1     
Module xsdbs_v1_0_2_reg_stat__1 
Detailed RTL Component Info : 
+---Registers : 
	               16 Bit    Registers := 1     
Module xsdbs_v1_0_2_reg_p2s__1 
Detailed RTL Component Info : 
+---Adders : 
	   2 Input      4 Bit       Adders := 1     
+---XORs : 
	   2 Input     13 Bit         XORs := 1     
+---Registers : 
	               16 Bit    Registers := 2     
	                4 Bit    Registers := 1     
	                1 Bit    Registers := 3     
+---Muxes : 
	   2 Input     16 Bit        Muxes := 1     
	   2 Input     15 Bit        Muxes := 1     
	   5 Input      4 Bit        Muxes := 1     
	   2 Input      4 Bit        Muxes := 3     
	   2 Input      3 Bit        Muxes := 1     
	   2 Input      1 Bit        Muxes := 5     
	   3 Input      1 Bit        Muxes := 1     
Module xsdbs_v1_0_2_reg_p2s__parameterized0__1 
Detailed RTL Component Info : 
+---Adders : 
	   2 Input      4 Bit       Adders := 1     
+---XORs : 
	   2 Input     13 Bit         XORs := 1     
+---Registers : 
	               16 Bit    Registers := 2     
	                4 Bit    Registers := 1     
	                1 Bit    Registers := 3     
+---Muxes : 
	   2 Input     16 Bit        Muxes := 1     
	   2 Input     15 Bit        Muxes := 1     
	   5 Input      4 Bit        Muxes := 1     
	   2 Input      4 Bit        Muxes := 3     
	   2 Input      3 Bit        Muxes := 1     
	   2 Input      1 Bit        Muxes := 5     
	   3 Input      1 Bit        Muxes := 1     
Module xsdbs_v1_0_2_reg_p2s__parameterized1__1 
Detailed RTL Component Info : 
+---Adders : 
	   2 Input      4 Bit       Adders := 1     
+---XORs : 
	   2 Input     13 Bit         XORs := 1     
+---Registers : 
	               16 Bit    Registers := 2     
	                4 Bit    Registers := 1     
	                1 Bit    Registers := 3     
+---Muxes : 
	   2 Input     16 Bit        Muxes := 1     
	   2 Input     15 Bit        Muxes := 1     
	   5 Input      4 Bit        Muxes := 1     
	   2 Input      4 Bit        Muxes := 3     
	   2 Input      3 Bit        Muxes := 1     
	   2 Input      1 Bit        Muxes := 5     
	   3 Input      1 Bit        Muxes := 1     
Module xsdbs_v1_0_2_reg_p2s__parameterized2__1 
Detailed RTL Component Info : 
+---Adders : 
	   2 Input      4 Bit       Adders := 1     
+---XORs : 
	   2 Input     13 Bit         XORs := 1     
+---Registers : 
	               16 Bit    Registers := 2     
	                4 Bit    Registers := 1     
	                1 Bit    Registers := 3     
+---Muxes : 
	   2 Input     16 Bit        Muxes := 1     
	   2 Input     15 Bit        Muxes := 1     
	   5 Input      4 Bit        Muxes := 1     
	   2 Input      4 Bit        Muxes := 3     
	   2 Input      3 Bit        Muxes := 1     
	   2 Input      1 Bit        Muxes := 5     
	   3 Input      1 Bit        Muxes := 1     
Module xsdbs_v1_0_2_reg_p2s__parameterized3__1 
Detailed RTL Component Info : 
+---Adders : 
	   2 Input      4 Bit       Adders := 1     
+---XORs : 
	   2 Input     13 Bit         XORs := 1     
+---Registers : 
	               16 Bit    Registers := 2     
	                4 Bit    Registers := 1     
	                1 Bit    Registers := 3     
+---Muxes : 
	   2 Input     16 Bit        Muxes := 1     
	   2 Input     15 Bit        Muxes := 1     
	   5 Input      4 Bit        Muxes := 1     
	   2 Input      4 Bit        Muxes := 3     
	   2 Input      3 Bit        Muxes := 1     
	   2 Input      1 Bit        Muxes := 5     
	   3 Input      1 Bit        Muxes := 1     
Module xsdbs_v1_0_2_reg_p2s__parameterized4__1 
Detailed RTL Component Info : 
+---Adders : 
	   2 Input      4 Bit       Adders := 1     
+---XORs : 
	   2 Input     13 Bit         XORs := 1     
+---Registers : 
	               16 Bit    Registers := 2     
	                4 Bit    Registers := 1     
	                1 Bit    Registers := 3     
+---Muxes : 
	   2 Input     16 Bit        Muxes := 1     
	   2 Input     15 Bit        Muxes := 1     
	   5 Input      4 Bit        Muxes := 1     
	   2 Input      4 Bit        Muxes := 3     
	   2 Input      3 Bit        Muxes := 1     
	   2 Input      1 Bit        Muxes := 5     
	   3 Input      1 Bit        Muxes := 1     
Module xsdbs_v1_0_2_reg_p2s__parameterized5__1 
Detailed RTL Component Info : 
+---Adders : 
	   2 Input      4 Bit       Adders := 1     
+---XORs : 
	   2 Input     13 Bit         XORs := 1     
+---Registers : 
	               16 Bit    Registers := 2     
	                4 Bit    Registers := 1     
	                1 Bit    Registers := 3     
+---Muxes : 
	   2 Input     16 Bit        Muxes := 1     
	   2 Input     15 Bit        Muxes := 1     
	   5 Input      4 Bit        Muxes := 1     
	   2 Input      4 Bit        Muxes := 3     
	   2 Input      3 Bit        Muxes := 1     
	   2 Input      1 Bit        Muxes := 5     
	   3 Input      1 Bit        Muxes := 1     
Module xsdbs_v1_0_2_reg_p2s__parameterized6__1 
Detailed RTL Component Info : 
+---Adders : 
	   2 Input      4 Bit       Adders := 1     
+---XORs : 
	   2 Input     13 Bit         XORs := 1     
+---Registers : 
	               16 Bit    Registers := 2     
	                4 Bit    Registers := 1     
	                1 Bit    Registers := 3     
+---Muxes : 
	   2 Input     16 Bit        Muxes := 1     
	   2 Input     15 Bit        Muxes := 1     
	   5 Input      4 Bit        Muxes := 1     
	   2 Input      4 Bit        Muxes := 3     
	   2 Input      3 Bit        Muxes := 1     
	   2 Input      1 Bit        Muxes := 5     
	   3 Input      1 Bit        Muxes := 1     
Module xsdbs_v1_0_2_reg_p2s__parameterized7__1 
Detailed RTL Component Info : 
+---Adders : 
	   2 Input      4 Bit       Adders := 1     
+---XORs : 
	   2 Input     13 Bit         XORs := 1     
+---Registers : 
	               16 Bit    Registers := 2     
	                4 Bit    Registers := 1     
	                1 Bit    Registers := 3     
+---Muxes : 
	   2 Input     16 Bit        Muxes := 1     
	   2 Input     15 Bit        Muxes := 1     
	   5 Input      4 Bit        Muxes := 1     
	   2 Input      4 Bit        Muxes := 3     
	   2 Input      3 Bit        Muxes := 1     
	   2 Input      1 Bit        Muxes := 5     
	   3 Input      1 Bit        Muxes := 1     
Module xsdbs_v1_0_2_reg_p2s__parameterized8__1 
Detailed RTL Component Info : 
+---Adders : 
	   2 Input      4 Bit       Adders := 1     
+---XORs : 
	   2 Input     13 Bit         XORs := 1     
+---Registers : 
	               16 Bit    Registers := 2     
	                4 Bit    Registers := 1     
	                1 Bit    Registers := 3     
+---Muxes : 
	   2 Input     16 Bit        Muxes := 1     
	   2 Input     15 Bit        Muxes := 1     
	   5 Input      4 Bit        Muxes := 1     
	   2 Input      4 Bit        Muxes := 3     
	   2 Input      3 Bit        Muxes := 1     
	   2 Input      1 Bit        Muxes := 5     
	   3 Input      1 Bit        Muxes := 1     
Module xsdbs_v1_0_2_reg_p2s__parameterized9__1 
Detailed RTL Component Info : 
+---Adders : 
	   2 Input      4 Bit       Adders := 1     
+---XORs : 
	   2 Input     13 Bit         XORs := 1     
+---Registers : 
	               16 Bit    Registers := 2     
	                4 Bit    Registers := 1     
	                1 Bit    Registers := 3     
+---Muxes : 
	   2 Input     16 Bit        Muxes := 1     
	   2 Input     15 Bit        Muxes := 1     
	   5 Input      4 Bit        Muxes := 1     
	   2 Input      4 Bit        Muxes := 3     
	   2 Input      3 Bit        Muxes := 1     
	   2 Input      1 Bit        Muxes := 5     
	   3 Input      1 Bit        Muxes := 1     
Module xsdbs_v1_0_2_reg_p2s__parameterized10__1 
Detailed RTL Component Info : 
+---Adders : 
	   2 Input      4 Bit       Adders := 1     
+---XORs : 
	   2 Input     13 Bit         XORs := 1     
+---Registers : 
	               16 Bit    Registers := 2     
	                4 Bit    Registers := 1     
	                1 Bit    Registers := 3     
+---Muxes : 
	   2 Input     16 Bit        Muxes := 1     
	   2 Input     15 Bit        Muxes := 1     
	   5 Input      4 Bit        Muxes := 1     
	   2 Input      4 Bit        Muxes := 3     
	   2 Input      3 Bit        Muxes := 1     
	   2 Input      1 Bit        Muxes := 5     
	   3 Input      1 Bit        Muxes := 1     
Module xsdbs_v1_0_2_reg_p2s__parameterized11__1 
Detailed RTL Component Info : 
+---Adders : 
	   2 Input      4 Bit       Adders := 1     
+---XORs : 
	   2 Input     13 Bit         XORs := 1     
+---Registers : 
	               16 Bit    Registers := 2     
	                4 Bit    Registers := 1     
	                1 Bit    Registers := 3     
+---Muxes : 
	   2 Input     16 Bit        Muxes := 1     
	   2 Input     15 Bit        Muxes := 1     
	   5 Input      4 Bit        Muxes := 1     
	   2 Input      4 Bit        Muxes := 3     
	   2 Input      3 Bit        Muxes := 1     
	   2 Input      1 Bit        Muxes := 5     
	   3 Input      1 Bit        Muxes := 1     
Module xsdbs_v1_0_2_reg_p2s__parameterized12__1 
Detailed RTL Component Info : 
+---Adders : 
	   2 Input      4 Bit       Adders := 1     
+---XORs : 
	   2 Input     13 Bit         XORs := 1     
+---Registers : 
	               16 Bit    Registers := 2     
	                4 Bit    Registers := 1     
	                1 Bit    Registers := 3     
+---Muxes : 
	   2 Input     16 Bit        Muxes := 1     
	   2 Input     15 Bit        Muxes := 1     
	   5 Input      4 Bit        Muxes := 1     
	   2 Input      4 Bit        Muxes := 3     
	   2 Input      3 Bit        Muxes := 1     
	   2 Input      1 Bit        Muxes := 5     
	   3 Input      1 Bit        Muxes := 1     
Module xsdbs_v1_0_2_reg_p2s__parameterized13__1 
Detailed RTL Component Info : 
+---Adders : 
	   2 Input      4 Bit       Adders := 1     
+---XORs : 
	   2 Input     13 Bit         XORs := 1     
+---Registers : 
	               16 Bit    Registers := 2     
	                4 Bit    Registers := 1     
	                1 Bit    Registers := 3     
+---Muxes : 
	   2 Input     16 Bit        Muxes := 1     
	   2 Input     15 Bit        Muxes := 1     
	   5 Input      4 Bit        Muxes := 1     
	   2 Input      4 Bit        Muxes := 3     
	   2 Input      3 Bit        Muxes := 1     
	   2 Input      1 Bit        Muxes := 5     
	   3 Input      1 Bit        Muxes := 1     
Module xsdbs_v1_0_2_reg_p2s__parameterized14__1 
Detailed RTL Component Info : 
+---Adders : 
	   2 Input      4 Bit       Adders := 1     
+---XORs : 
	   2 Input     13 Bit         XORs := 1     
+---Registers : 
	               16 Bit    Registers := 2     
	                4 Bit    Registers := 1     
	                1 Bit    Registers := 3     
+---Muxes : 
	   2 Input     16 Bit        Muxes := 1     
	   2 Input     15 Bit        Muxes := 1     
	   5 Input      4 Bit        Muxes := 1     
	   2 Input      4 Bit        Muxes := 3     
	   2 Input      3 Bit        Muxes := 1     
	   2 Input      1 Bit        Muxes := 5     
	   3 Input      1 Bit        Muxes := 1     
Module xsdbs_v1_0_2_reg_p2s__parameterized15__1 
Detailed RTL Component Info : 
+---Adders : 
	   2 Input      4 Bit       Adders := 1     
+---XORs : 
	   2 Input     13 Bit         XORs := 1     
+---Registers : 
	               16 Bit    Registers := 2     
	                4 Bit    Registers := 1     
	                1 Bit    Registers := 3     
+---Muxes : 
	   2 Input     16 Bit        Muxes := 1     
	   2 Input     15 Bit        Muxes := 1     
	   5 Input      4 Bit        Muxes := 1     
	   2 Input      4 Bit        Muxes := 3     
	   2 Input      3 Bit        Muxes := 1     
	   2 Input      1 Bit        Muxes := 5     
	   3 Input      1 Bit        Muxes := 1     
Module xsdbs_v1_0_2_reg_p2s__parameterized16__1 
Detailed RTL Component Info : 
+---Adders : 
	   2 Input      4 Bit       Adders := 1     
+---XORs : 
	   2 Input     13 Bit         XORs := 1     
+---Registers : 
	               16 Bit    Registers := 2     
	                4 Bit    Registers := 1     
	                1 Bit    Registers := 3     
+---Muxes : 
	   2 Input     16 Bit        Muxes := 1     
	   2 Input     15 Bit        Muxes := 1     
	   5 Input      4 Bit        Muxes := 1     
	   2 Input      4 Bit        Muxes := 3     
	   2 Input      3 Bit        Muxes := 1     
	   2 Input      1 Bit        Muxes := 5     
	   3 Input      1 Bit        Muxes := 1     
Module xsdbs_v1_0_2_reg_p2s__parameterized17__1 
Detailed RTL Component Info : 
+---Adders : 
	   2 Input      4 Bit       Adders := 1     
+---XORs : 
	   2 Input     13 Bit         XORs := 1     
+---Registers : 
	               16 Bit    Registers := 2     
	                4 Bit    Registers := 1     
	                1 Bit    Registers := 3     
+---Muxes : 
	   2 Input     16 Bit        Muxes := 1     
	   2 Input     15 Bit        Muxes := 1     
	   5 Input      4 Bit        Muxes := 1     
	   2 Input      4 Bit        Muxes := 3     
	   2 Input      3 Bit        Muxes := 1     
	   2 Input      1 Bit        Muxes := 5     
	   3 Input      1 Bit        Muxes := 1     
Module xsdbs_v1_0_2_reg_p2s__parameterized18__1 
Detailed RTL Component Info : 
+---Adders : 
	   2 Input      4 Bit       Adders := 1     
+---XORs : 
	   2 Input     13 Bit         XORs := 1     
+---Registers : 
	               16 Bit    Registers := 2     
	                4 Bit    Registers := 1     
	                1 Bit    Registers := 3     
+---Muxes : 
	   2 Input     16 Bit        Muxes := 1     
	   2 Input     15 Bit        Muxes := 1     
	   5 Input      4 Bit        Muxes := 1     
	   2 Input      4 Bit        Muxes := 3     
	   2 Input      3 Bit        Muxes := 1     
	   2 Input      1 Bit        Muxes := 5     
	   3 Input      1 Bit        Muxes := 1     
Module xsdbs_v1_0_2_reg_p2s__parameterized19__1 
Detailed RTL Component Info : 
+---Adders : 
	   2 Input      4 Bit       Adders := 1     
+---XORs : 
	   2 Input     13 Bit         XORs := 1     
+---Registers : 
	               16 Bit    Registers := 2     
	                4 Bit    Registers := 1     
	                1 Bit    Registers := 3     
+---Muxes : 
	   2 Input     16 Bit        Muxes := 1     
	   2 Input     15 Bit        Muxes := 1     
	   5 Input      4 Bit        Muxes := 1     
	   2 Input      4 Bit        Muxes := 3     
	   2 Input      3 Bit        Muxes := 1     
	   2 Input      1 Bit        Muxes := 5     
	   3 Input      1 Bit        Muxes := 1     
Module xsdbs_v1_0_2_reg_p2s__parameterized20__1 
Detailed RTL Component Info : 
+---Adders : 
	   2 Input      4 Bit       Adders := 1     
+---XORs : 
	   2 Input     13 Bit         XORs := 1     
+---Registers : 
	               16 Bit    Registers := 2     
	                4 Bit    Registers := 1     
	                1 Bit    Registers := 3     
+---Muxes : 
	   2 Input     16 Bit        Muxes := 1     
	   2 Input     15 Bit        Muxes := 1     
	   5 Input      4 Bit        Muxes := 1     
	   2 Input      4 Bit        Muxes := 3     
	   2 Input      3 Bit        Muxes := 1     
	   2 Input      1 Bit        Muxes := 5     
	   3 Input      1 Bit        Muxes := 1     
Module xsdbs_v1_0_2_reg_p2s__parameterized21__1 
Detailed RTL Component Info : 
+---Adders : 
	   2 Input      4 Bit       Adders := 1     
+---XORs : 
	   2 Input     13 Bit         XORs := 1     
+---Registers : 
	               16 Bit    Registers := 2     
	                4 Bit    Registers := 1     
	                1 Bit    Registers := 3     
+---Muxes : 
	   2 Input     16 Bit        Muxes := 1     
	   2 Input     15 Bit        Muxes := 1     
	   5 Input      4 Bit        Muxes := 1     
	   2 Input      4 Bit        Muxes := 3     
	   2 Input      3 Bit        Muxes := 1     
	   2 Input      1 Bit        Muxes := 5     
	   3 Input      1 Bit        Muxes := 1     
Module xsdbs_v1_0_2_reg_p2s__parameterized22__1 
Detailed RTL Component Info : 
+---Adders : 
	   2 Input      4 Bit       Adders := 1     
+---XORs : 
	   2 Input     13 Bit         XORs := 1     
+---Registers : 
	               16 Bit    Registers := 2     
	                4 Bit    Registers := 1     
	                1 Bit    Registers := 3     
+---Muxes : 
	   2 Input     16 Bit        Muxes := 1     
	   2 Input     15 Bit        Muxes := 1     
	   5 Input      4 Bit        Muxes := 1     
	   2 Input      4 Bit        Muxes := 3     
	   2 Input      3 Bit        Muxes := 1     
	   2 Input      1 Bit        Muxes := 5     
	   3 Input      1 Bit        Muxes := 1     
Module xsdbs_v1_0_2_reg_p2s__parameterized23__1 
Detailed RTL Component Info : 
+---Adders : 
	   2 Input      4 Bit       Adders := 1     
+---XORs : 
	   2 Input     13 Bit         XORs := 1     
+---Registers : 
	               16 Bit    Registers := 2     
	                4 Bit    Registers := 1     
	                1 Bit    Registers := 3     
+---Muxes : 
	   2 Input     16 Bit        Muxes := 1     
	   2 Input     15 Bit        Muxes := 1     
	   5 Input      4 Bit        Muxes := 1     
	   2 Input      4 Bit        Muxes := 3     
	   2 Input      3 Bit        Muxes := 1     
	   2 Input      1 Bit        Muxes := 5     
	   3 Input      1 Bit        Muxes := 1     
Module xsdbs_v1_0_2_reg_p2s__parameterized24__1 
Detailed RTL Component Info : 
+---Adders : 
	   2 Input      4 Bit       Adders := 1     
+---XORs : 
	   2 Input     13 Bit         XORs := 1     
+---Registers : 
	               16 Bit    Registers := 2     
	                4 Bit    Registers := 1     
	                1 Bit    Registers := 3     
+---Muxes : 
	   2 Input     16 Bit        Muxes := 1     
	   2 Input     15 Bit        Muxes := 1     
	   5 Input      4 Bit        Muxes := 1     
	   2 Input      4 Bit        Muxes := 3     
	   2 Input      3 Bit        Muxes := 1     
	   2 Input      1 Bit        Muxes := 5     
	   3 Input      1 Bit        Muxes := 1     
Module xsdbs_v1_0_2_reg_p2s__parameterized25__1 
Detailed RTL Component Info : 
+---Adders : 
	   2 Input      4 Bit       Adders := 1     
+---XORs : 
	   2 Input     13 Bit         XORs := 1     
+---Registers : 
	               16 Bit    Registers := 2     
	                4 Bit    Registers := 1     
	                1 Bit    Registers := 3     
+---Muxes : 
	   2 Input     16 Bit        Muxes := 1     
	   2 Input     15 Bit        Muxes := 1     
	   5 Input      4 Bit        Muxes := 1     
	   2 Input      4 Bit        Muxes := 3     
	   2 Input      3 Bit        Muxes := 1     
	   2 Input      1 Bit        Muxes := 5     
	   3 Input      1 Bit        Muxes := 1     
Module xsdbs_v1_0_2_reg_p2s__parameterized26__1 
Detailed RTL Component Info : 
+---Adders : 
	   2 Input      4 Bit       Adders := 1     
+---XORs : 
	   2 Input     13 Bit         XORs := 1     
+---Registers : 
	               16 Bit    Registers := 2     
	                4 Bit    Registers := 1     
	                1 Bit    Registers := 3     
+---Muxes : 
	   2 Input     16 Bit        Muxes := 1     
	   2 Input     15 Bit        Muxes := 1     
	   5 Input      4 Bit        Muxes := 1     
	   2 Input      4 Bit        Muxes := 3     
	   2 Input      3 Bit        Muxes := 1     
	   2 Input      1 Bit        Muxes := 5     
	   3 Input      1 Bit        Muxes := 1     
Module xsdbs_v1_0_2_reg_p2s__parameterized27__1 
Detailed RTL Component Info : 
+---Adders : 
	   2 Input      4 Bit       Adders := 1     
+---XORs : 
	   2 Input     13 Bit         XORs := 1     
+---Registers : 
	               16 Bit    Registers := 2     
	                4 Bit    Registers := 1     
	                1 Bit    Registers := 3     
+---Muxes : 
	   2 Input     16 Bit        Muxes := 1     
	   2 Input     15 Bit        Muxes := 1     
	   5 Input      4 Bit        Muxes := 1     
	   2 Input      4 Bit        Muxes := 3     
	   2 Input      3 Bit        Muxes := 1     
	   2 Input      1 Bit        Muxes := 5     
	   3 Input      1 Bit        Muxes := 1     
Module xsdbs_v1_0_2_reg_p2s__parameterized28__1 
Detailed RTL Component Info : 
+---Adders : 
	   2 Input      4 Bit       Adders := 1     
+---XORs : 
	   2 Input     13 Bit         XORs := 1     
+---Registers : 
	               16 Bit    Registers := 2     
	                4 Bit    Registers := 1     
	                1 Bit    Registers := 3     
+---Muxes : 
	   2 Input     16 Bit        Muxes := 1     
	   2 Input     15 Bit        Muxes := 1     
	   5 Input      4 Bit        Muxes := 1     
	   2 Input      4 Bit        Muxes := 3     
	   2 Input      3 Bit        Muxes := 1     
	   2 Input      1 Bit        Muxes := 5     
	   3 Input      1 Bit        Muxes := 1     
Module xsdbs_v1_0_2_reg_p2s__parameterized29__1 
Detailed RTL Component Info : 
+---Adders : 
	   2 Input      4 Bit       Adders := 1     
+---XORs : 
	   2 Input     13 Bit         XORs := 1     
+---Registers : 
	               16 Bit    Registers := 2     
	                4 Bit    Registers := 1     
	                1 Bit    Registers := 3     
+---Muxes : 
	   2 Input     16 Bit        Muxes := 1     
	   2 Input     15 Bit        Muxes := 1     
	   5 Input      4 Bit        Muxes := 1     
	   2 Input      4 Bit        Muxes := 3     
	   2 Input      3 Bit        Muxes := 1     
	   2 Input      1 Bit        Muxes := 5     
	   3 Input      1 Bit        Muxes := 1     
Module xsdbs_v1_0_2_reg_p2s__parameterized30__1 
Detailed RTL Component Info : 
+---Adders : 
	   2 Input      4 Bit       Adders := 1     
+---XORs : 
	   2 Input     13 Bit         XORs := 1     
+---Registers : 
	               16 Bit    Registers := 2     
	                4 Bit    Registers := 1     
	                1 Bit    Registers := 3     
+---Muxes : 
	   2 Input     16 Bit        Muxes := 1     
	   2 Input     15 Bit        Muxes := 1     
	   5 Input      4 Bit        Muxes := 1     
	   2 Input      4 Bit        Muxes := 3     
	   2 Input      3 Bit        Muxes := 1     
	   2 Input      1 Bit        Muxes := 5     
	   3 Input      1 Bit        Muxes := 1     
Module xsdbs_v1_0_2_reg_p2s__parameterized31__1 
Detailed RTL Component Info : 
+---Adders : 
	   2 Input      4 Bit       Adders := 1     
+---XORs : 
	   2 Input     13 Bit         XORs := 1     
+---Registers : 
	               16 Bit    Registers := 2     
	                4 Bit    Registers := 1     
	                1 Bit    Registers := 3     
+---Muxes : 
	   2 Input     16 Bit        Muxes := 1     
	   2 Input     15 Bit        Muxes := 1     
	   5 Input      4 Bit        Muxes := 1     
	   2 Input      4 Bit        Muxes := 3     
	   2 Input      3 Bit        Muxes := 1     
	   2 Input      1 Bit        Muxes := 5     
	   3 Input      1 Bit        Muxes := 1     
Module xsdbs_v1_0_2_reg_p2s__parameterized32__1 
Detailed RTL Component Info : 
+---Adders : 
	   2 Input      4 Bit       Adders := 1     
+---XORs : 
	   2 Input     13 Bit         XORs := 1     
+---Registers : 
	               16 Bit    Registers := 2     
	                4 Bit    Registers := 1     
	                1 Bit    Registers := 3     
+---Muxes : 
	   2 Input     16 Bit        Muxes := 1     
	   2 Input     15 Bit        Muxes := 1     
	   5 Input      4 Bit        Muxes := 1     
	   2 Input      4 Bit        Muxes := 3     
	   2 Input      3 Bit        Muxes := 1     
	   2 Input      1 Bit        Muxes := 5     
	   3 Input      1 Bit        Muxes := 1     
Module xsdbs_v1_0_2_reg_p2s__parameterized33__1 
Detailed RTL Component Info : 
+---Adders : 
	   2 Input      4 Bit       Adders := 1     
+---XORs : 
	   2 Input     13 Bit         XORs := 1     
+---Registers : 
	               16 Bit    Registers := 2     
	                4 Bit    Registers := 1     
	                1 Bit    Registers := 3     
+---Muxes : 
	   2 Input     16 Bit        Muxes := 1     
	   2 Input     15 Bit        Muxes := 1     
	   5 Input      4 Bit        Muxes := 1     
	   2 Input      4 Bit        Muxes := 3     
	   2 Input      3 Bit        Muxes := 1     
	   2 Input      1 Bit        Muxes := 5     
	   3 Input      1 Bit        Muxes := 1     
Module xsdbs_v1_0_2_reg_p2s__parameterized34__1 
Detailed RTL Component Info : 
+---Adders : 
	   2 Input      4 Bit       Adders := 1     
+---XORs : 
	   2 Input     13 Bit         XORs := 1     
+---Registers : 
	               16 Bit    Registers := 2     
	                4 Bit    Registers := 1     
	                1 Bit    Registers := 3     
+---Muxes : 
	   2 Input     16 Bit        Muxes := 1     
	   2 Input     15 Bit        Muxes := 1     
	   5 Input      4 Bit        Muxes := 1     
	   2 Input      4 Bit        Muxes := 3     
	   2 Input      3 Bit        Muxes := 1     
	   2 Input      1 Bit        Muxes := 5     
	   3 Input      1 Bit        Muxes := 1     
Module xsdbs_v1_0_2_reg_p2s__parameterized35__1 
Detailed RTL Component Info : 
+---Adders : 
	   2 Input      4 Bit       Adders := 1     
+---XORs : 
	   2 Input     13 Bit         XORs := 1     
+---Registers : 
	               16 Bit    Registers := 2     
	                4 Bit    Registers := 1     
	                1 Bit    Registers := 3     
+---Muxes : 
	   2 Input     16 Bit        Muxes := 1     
	   2 Input     15 Bit        Muxes := 1     
	   5 Input      4 Bit        Muxes := 1     
	   2 Input      4 Bit        Muxes := 3     
	   2 Input      3 Bit        Muxes := 1     
	   2 Input      1 Bit        Muxes := 5     
	   3 Input      1 Bit        Muxes := 1     
Module xsdbs_v1_0_2_reg_p2s__parameterized36__1 
Detailed RTL Component Info : 
+---Adders : 
	   2 Input      4 Bit       Adders := 1     
+---XORs : 
	   2 Input     13 Bit         XORs := 1     
+---Registers : 
	               16 Bit    Registers := 2     
	                4 Bit    Registers := 1     
	                1 Bit    Registers := 3     
+---Muxes : 
	   2 Input     16 Bit        Muxes := 1     
	   2 Input     15 Bit        Muxes := 1     
	   5 Input      4 Bit        Muxes := 1     
	   2 Input      4 Bit        Muxes := 3     
	   2 Input      3 Bit        Muxes := 1     
	   2 Input      1 Bit        Muxes := 5     
	   3 Input      1 Bit        Muxes := 1     
Module xsdbs_v1_0_2_reg_p2s__parameterized37__1 
Detailed RTL Component Info : 
+---Adders : 
	   2 Input      4 Bit       Adders := 1     
+---XORs : 
	   2 Input     13 Bit         XORs := 1     
+---Registers : 
	               16 Bit    Registers := 2     
	                4 Bit    Registers := 1     
	                1 Bit    Registers := 3     
+---Muxes : 
	   2 Input     16 Bit        Muxes := 1     
	   2 Input     15 Bit        Muxes := 1     
	   5 Input      4 Bit        Muxes := 1     
	   2 Input      4 Bit        Muxes := 3     
	   2 Input      3 Bit        Muxes := 1     
	   2 Input      1 Bit        Muxes := 5     
	   3 Input      1 Bit        Muxes := 1     
Module xsdbs_v1_0_2_reg_p2s__parameterized38__1 
Detailed RTL Component Info : 
+---Adders : 
	   2 Input      4 Bit       Adders := 1     
+---XORs : 
	   2 Input     13 Bit         XORs := 1     
+---Registers : 
	               16 Bit    Registers := 2     
	                4 Bit    Registers := 1     
	                1 Bit    Registers := 3     
+---Muxes : 
	   2 Input     16 Bit        Muxes := 1     
	   2 Input     15 Bit        Muxes := 1     
	   5 Input      4 Bit        Muxes := 1     
	   2 Input      4 Bit        Muxes := 3     
	   2 Input      3 Bit        Muxes := 1     
	   2 Input      1 Bit        Muxes := 5     
	   3 Input      1 Bit        Muxes := 1     
Module xsdbs_v1_0_2_reg_p2s__parameterized39__1 
Detailed RTL Component Info : 
+---Adders : 
	   2 Input      4 Bit       Adders := 1     
+---XORs : 
	   2 Input     13 Bit         XORs := 1     
+---Registers : 
	               16 Bit    Registers := 2     
	                4 Bit    Registers := 1     
	                1 Bit    Registers := 3     
+---Muxes : 
	   2 Input     16 Bit        Muxes := 1     
	   2 Input     15 Bit        Muxes := 1     
	   5 Input      4 Bit        Muxes := 1     
	   2 Input      4 Bit        Muxes := 3     
	   2 Input      3 Bit        Muxes := 1     
	   2 Input      1 Bit        Muxes := 5     
	   3 Input      1 Bit        Muxes := 1     
Module xsdbs_v1_0_2_reg_p2s__parameterized40__1 
Detailed RTL Component Info : 
+---Adders : 
	   2 Input      4 Bit       Adders := 1     
+---XORs : 
	   2 Input     13 Bit         XORs := 1     
+---Registers : 
	               16 Bit    Registers := 2     
	                4 Bit    Registers := 1     
	                1 Bit    Registers := 3     
+---Muxes : 
	   2 Input     16 Bit        Muxes := 1     
	   2 Input     15 Bit        Muxes := 1     
	   5 Input      4 Bit        Muxes := 1     
	   2 Input      4 Bit        Muxes := 3     
	   2 Input      3 Bit        Muxes := 1     
	   2 Input      1 Bit        Muxes := 5     
	   3 Input      1 Bit        Muxes := 1     
Module xsdbs_v1_0_2_reg_p2s__parameterized41__1 
Detailed RTL Component Info : 
+---Adders : 
	   2 Input      4 Bit       Adders := 1     
+---XORs : 
	   2 Input     13 Bit         XORs := 1     
+---Registers : 
	               16 Bit    Registers := 2     
	                4 Bit    Registers := 1     
	                1 Bit    Registers := 3     
+---Muxes : 
	   2 Input     16 Bit        Muxes := 1     
	   2 Input     15 Bit        Muxes := 1     
	   5 Input      4 Bit        Muxes := 1     
	   2 Input      4 Bit        Muxes := 3     
	   2 Input      3 Bit        Muxes := 1     
	   2 Input      1 Bit        Muxes := 5     
	   3 Input      1 Bit        Muxes := 1     
Module xsdbs_v1_0_2_reg_p2s__parameterized42__1 
Detailed RTL Component Info : 
+---Adders : 
	   2 Input      4 Bit       Adders := 1     
+---XORs : 
	   2 Input     13 Bit         XORs := 1     
+---Registers : 
	               16 Bit    Registers := 2     
	                4 Bit    Registers := 1     
	                1 Bit    Registers := 3     
+---Muxes : 
	   2 Input     16 Bit        Muxes := 1     
	   2 Input     15 Bit        Muxes := 1     
	   5 Input      4 Bit        Muxes := 1     
	   2 Input      4 Bit        Muxes := 3     
	   2 Input      3 Bit        Muxes := 1     
	   2 Input      1 Bit        Muxes := 5     
	   3 Input      1 Bit        Muxes := 1     
Module xsdbs_v1_0_2_reg_p2s__parameterized45 
Detailed RTL Component Info : 
+---Adders : 
	   2 Input      4 Bit       Adders := 1     
+---XORs : 
	   2 Input     13 Bit         XORs := 1     
+---Registers : 
	               16 Bit    Registers := 2     
	                4 Bit    Registers := 1     
	                1 Bit    Registers := 3     
+---Muxes : 
	   2 Input     16 Bit        Muxes := 1     
	   2 Input     15 Bit        Muxes := 1     
	   5 Input      4 Bit        Muxes := 1     
	   2 Input      4 Bit        Muxes := 3     
	   2 Input      3 Bit        Muxes := 1     
	   2 Input      1 Bit        Muxes := 5     
	   3 Input      1 Bit        Muxes := 1     
Module xsdbs_v1_0_2_reg_p2s__parameterized43__1 
Detailed RTL Component Info : 
+---Adders : 
	   2 Input      4 Bit       Adders := 1     
+---XORs : 
	   2 Input     13 Bit         XORs := 1     
+---Registers : 
	               16 Bit    Registers := 2     
	                4 Bit    Registers := 1     
	                1 Bit    Registers := 3     
+---Muxes : 
	   2 Input     16 Bit        Muxes := 1     
	   2 Input     15 Bit        Muxes := 1     
	   5 Input      4 Bit        Muxes := 1     
	   2 Input      4 Bit        Muxes := 3     
	   2 Input      3 Bit        Muxes := 1     
	   2 Input      1 Bit        Muxes := 5     
	   3 Input      1 Bit        Muxes := 1     
Module ila_v6_2_6_ila_register__parameterized0 
Detailed RTL Component Info : 
+---Adders : 
	   2 Input      9 Bit       Adders := 1     
	   2 Input      7 Bit       Adders := 2     
	   2 Input      6 Bit       Adders := 1     
+---Registers : 
	             1024 Bit    Registers := 2     
	               17 Bit    Registers := 1     
	               16 Bit    Registers := 12    
	                9 Bit    Registers := 1     
	                7 Bit    Registers := 2     
	                6 Bit    Registers := 1     
	                1 Bit    Registers := 31    
+---Muxes : 
	   2 Input     16 Bit        Muxes := 8     
	   4 Input     16 Bit        Muxes := 1     
	   3 Input     16 Bit        Muxes := 1     
	   8 Input     16 Bit        Muxes := 1     
	   3 Input     12 Bit        Muxes := 1     
	   2 Input      6 Bit        Muxes := 4     
	   2 Input      5 Bit        Muxes := 2     
	  10 Input      3 Bit        Muxes := 1     
	   2 Input      1 Bit        Muxes := 13    
	   9 Input      1 Bit        Muxes := 1     
Module ltlib_v1_0_0_all_typeA_slice__parameterized0__11 
Detailed RTL Component Info : 
+---Registers : 
	                1 Bit    Registers := 1     
Module ltlib_v1_0_0_allx_typeA__parameterized0__1 
Detailed RTL Component Info : 
+---Registers : 
	                1 Bit    Registers := 2     
Module ltlib_v1_0_0_match__parameterized0__1 
Detailed RTL Component Info : 
+---Registers : 
	                1 Bit    Registers := 1     
Module ltlib_v1_0_0_all_typeA_slice__parameterized0__43 
Detailed RTL Component Info : 
+---Registers : 
	                1 Bit    Registers := 1     
Module ltlib_v1_0_0_allx_typeA__parameterized3__1 
Detailed RTL Component Info : 
+---Registers : 
	               32 Bit    Registers := 2     
Module ltlib_v1_0_0_match__parameterized3__1 
Detailed RTL Component Info : 
+---Registers : 
	                1 Bit    Registers := 1     
Module ltlib_v1_0_0_all_typeA_slice__parameterized0__35 
Detailed RTL Component Info : 
+---Registers : 
	                1 Bit    Registers := 1     
Module ltlib_v1_0_0_allx_typeA__parameterized2__1 
Detailed RTL Component Info : 
+---Registers : 
	                2 Bit    Registers := 2     
Module ltlib_v1_0_0_match__parameterized2__1 
Detailed RTL Component Info : 
+---Registers : 
	                1 Bit    Registers := 1     
Module ltlib_v1_0_0_all_typeA_slice__parameterized0__12 
Detailed RTL Component Info : 
+---Registers : 
	                1 Bit    Registers := 1     
Module ltlib_v1_0_0_allx_typeA__parameterized0__2 
Detailed RTL Component Info : 
+---Registers : 
	                1 Bit    Registers := 2     
Module ltlib_v1_0_0_match__parameterized0__2 
Detailed RTL Component Info : 
+---Registers : 
	                1 Bit    Registers := 1     
Module ltlib_v1_0_0_all_typeA_slice__parameterized0__13 
Detailed RTL Component Info : 
+---Registers : 
	                1 Bit    Registers := 1     
Module ltlib_v1_0_0_allx_typeA__parameterized0__3 
Detailed RTL Component Info : 
+---Registers : 
	                1 Bit    Registers := 2     
Module ltlib_v1_0_0_match__parameterized0__3 
Detailed RTL Component Info : 
+---Registers : 
	                1 Bit    Registers := 1     
Module ltlib_v1_0_0_all_typeA_slice__parameterized0__44 
Detailed RTL Component Info : 
+---Registers : 
	                1 Bit    Registers := 1     
Module ltlib_v1_0_0_allx_typeA__parameterized3__2 
Detailed RTL Component Info : 
+---Registers : 
	               32 Bit    Registers := 2     
Module ltlib_v1_0_0_match__parameterized3__2 
Detailed RTL Component Info : 
+---Registers : 
	                1 Bit    Registers := 1     
Module ltlib_v1_0_0_all_typeA_slice__parameterized0__14 
Detailed RTL Component Info : 
+---Registers : 
	                1 Bit    Registers := 1     
Module ltlib_v1_0_0_allx_typeA__parameterized0__4 
Detailed RTL Component Info : 
+---Registers : 
	                1 Bit    Registers := 2     
Module ltlib_v1_0_0_match__parameterized0__4 
Detailed RTL Component Info : 
+---Registers : 
	                1 Bit    Registers := 1     
Module ltlib_v1_0_0_all_typeA_slice__parameterized0__15 
Detailed RTL Component Info : 
+---Registers : 
	                1 Bit    Registers := 1     
Module ltlib_v1_0_0_allx_typeA__parameterized0__5 
Detailed RTL Component Info : 
+---Registers : 
	                1 Bit    Registers := 2     
Module ltlib_v1_0_0_match__parameterized0__5 
Detailed RTL Component Info : 
+---Registers : 
	                1 Bit    Registers := 1     
Module ltlib_v1_0_0_all_typeA_slice__parameterized0__16 
Detailed RTL Component Info : 
+---Registers : 
	                1 Bit    Registers := 1     
Module ltlib_v1_0_0_allx_typeA__parameterized0__6 
Detailed RTL Component Info : 
+---Registers : 
	                1 Bit    Registers := 2     
Module ltlib_v1_0_0_match__parameterized0__6 
Detailed RTL Component Info : 
+---Registers : 
	                1 Bit    Registers := 1     
Module ltlib_v1_0_0_all_typeA_slice__parameterized0__17 
Detailed RTL Component Info : 
+---Registers : 
	                1 Bit    Registers := 1     
Module ltlib_v1_0_0_allx_typeA__parameterized0__7 
Detailed RTL Component Info : 
+---Registers : 
	                1 Bit    Registers := 2     
Module ltlib_v1_0_0_match__parameterized0__7 
Detailed RTL Component Info : 
+---Registers : 
	                1 Bit    Registers := 1     
Module ltlib_v1_0_0_all_typeA_slice__parameterized0__45 
Detailed RTL Component Info : 
+---Registers : 
	                1 Bit    Registers := 1     
Module ltlib_v1_0_0_allx_typeA__parameterized3__3 
Detailed RTL Component Info : 
+---Registers : 
	               32 Bit    Registers := 2     
Module ltlib_v1_0_0_match__parameterized3__3 
Detailed RTL Component Info : 
+---Registers : 
	                1 Bit    Registers := 1     
Module ltlib_v1_0_0_all_typeA_slice__parameterized0__18 
Detailed RTL Component Info : 
+---Registers : 
	                1 Bit    Registers := 1     
Module ltlib_v1_0_0_allx_typeA__parameterized0__8 
Detailed RTL Component Info : 
+---Registers : 
	                1 Bit    Registers := 2     
Module ltlib_v1_0_0_match__parameterized0__8 
Detailed RTL Component Info : 
+---Registers : 
	                1 Bit    Registers := 1     
Module ltlib_v1_0_0_all_typeA_slice__parameterized0__19 
Detailed RTL Component Info : 
+---Registers : 
	                1 Bit    Registers := 1     
Module ltlib_v1_0_0_allx_typeA__parameterized0__9 
Detailed RTL Component Info : 
+---Registers : 
	                1 Bit    Registers := 2     
Module ltlib_v1_0_0_match__parameterized0__9 
Detailed RTL Component Info : 
+---Registers : 
	                1 Bit    Registers := 1     
Module ltlib_v1_0_0_all_typeA_slice__parameterized0__36 
Detailed RTL Component Info : 
+---Registers : 
	                1 Bit    Registers := 1     
Module ltlib_v1_0_0_allx_typeA__parameterized2__2 
Detailed RTL Component Info : 
+---Registers : 
	                2 Bit    Registers := 2     
Module ltlib_v1_0_0_match__parameterized2__2 
Detailed RTL Component Info : 
+---Registers : 
	                1 Bit    Registers := 1     
Module ltlib_v1_0_0_all_typeA_slice__parameterized0__46 
Detailed RTL Component Info : 
+---Registers : 
	                1 Bit    Registers := 1     
Module ltlib_v1_0_0_allx_typeA__parameterized3__4 
Detailed RTL Component Info : 
+---Registers : 
	               32 Bit    Registers := 2     
Module ltlib_v1_0_0_match__parameterized3__4 
Detailed RTL Component Info : 
+---Registers : 
	                1 Bit    Registers := 1     
Module ltlib_v1_0_0_all_typeA_slice__parameterized0__28 
Detailed RTL Component Info : 
+---Registers : 
	                1 Bit    Registers := 1     
Module ltlib_v1_0_0_allx_typeA__parameterized4__1 
Detailed RTL Component Info : 
+---Registers : 
	                4 Bit    Registers := 2     
Module ltlib_v1_0_0_match__parameterized4__1 
Detailed RTL Component Info : 
+---Registers : 
	                1 Bit    Registers := 1     
Module ltlib_v1_0_0_all_typeA_slice__parameterized0__20 
Detailed RTL Component Info : 
+---Registers : 
	                1 Bit    Registers := 1     
Module ltlib_v1_0_0_allx_typeA__parameterized0__10 
Detailed RTL Component Info : 
+---Registers : 
	                1 Bit    Registers := 2     
Module ltlib_v1_0_0_match__parameterized0__10 
Detailed RTL Component Info : 
+---Registers : 
	                1 Bit    Registers := 1     
Module ltlib_v1_0_0_all_typeA_slice__parameterized0__40 
Detailed RTL Component Info : 
+---Registers : 
	                1 Bit    Registers := 1     
Module ltlib_v1_0_0_allx_typeA__parameterized5__1 
Detailed RTL Component Info : 
+---Registers : 
	                3 Bit    Registers := 2     
Module ltlib_v1_0_0_match__parameterized5__1 
Detailed RTL Component Info : 
+---Registers : 
	                1 Bit    Registers := 1     
Module ltlib_v1_0_0_all_typeA_slice__parameterized0__41 
Detailed RTL Component Info : 
+---Registers : 
	                1 Bit    Registers := 1     
Module ltlib_v1_0_0_allx_typeA__parameterized5__2 
Detailed RTL Component Info : 
+---Registers : 
	                3 Bit    Registers := 2     
Module ltlib_v1_0_0_match__parameterized5__2 
Detailed RTL Component Info : 
+---Registers : 
	                1 Bit    Registers := 1     
Module ltlib_v1_0_0_all_typeA_slice__parameterized0__4 
Detailed RTL Component Info : 
+---Registers : 
	                1 Bit    Registers := 1     
Module ltlib_v1_0_0_allx_typeA__parameterized6__1 
Detailed RTL Component Info : 
+---Registers : 
	               12 Bit    Registers := 2     
Module ltlib_v1_0_0_match__parameterized6__1 
Detailed RTL Component Info : 
+---Registers : 
	                1 Bit    Registers := 1     
Module ltlib_v1_0_0_all_typeA_slice__parameterized0__5 
Detailed RTL Component Info : 
+---Registers : 
	                1 Bit    Registers := 1     
Module ltlib_v1_0_0_allx_typeA__parameterized6__2 
Detailed RTL Component Info : 
+---Registers : 
	               12 Bit    Registers := 2     
Module ltlib_v1_0_0_match__parameterized6__2 
Detailed RTL Component Info : 
+---Registers : 
	                1 Bit    Registers := 1     
Module ltlib_v1_0_0_all_typeA_slice__parameterized0__29 
Detailed RTL Component Info : 
+---Registers : 
	                1 Bit    Registers := 1     
Module ltlib_v1_0_0_allx_typeA__parameterized4__2 
Detailed RTL Component Info : 
+---Registers : 
	                4 Bit    Registers := 2     
Module ltlib_v1_0_0_match__parameterized4__2 
Detailed RTL Component Info : 
+---Registers : 
	                1 Bit    Registers := 1     
Module ltlib_v1_0_0_all_typeA_slice__parameterized0__21 
Detailed RTL Component Info : 
+---Registers : 
	                1 Bit    Registers := 1     
Module ltlib_v1_0_0_allx_typeA__parameterized0__11 
Detailed RTL Component Info : 
+---Registers : 
	                1 Bit    Registers := 2     
Module ltlib_v1_0_0_match__parameterized0__11 
Detailed RTL Component Info : 
+---Registers : 
	                1 Bit    Registers := 1     
Module ltlib_v1_0_0_all_typeA_slice__parameterized0__42 
Detailed RTL Component Info : 
+---Registers : 
	                1 Bit    Registers := 1     
Module ltlib_v1_0_0_allx_typeA__parameterized5__3 
Detailed RTL Component Info : 
+---Registers : 
	                3 Bit    Registers := 2     
Module ltlib_v1_0_0_match__parameterized5__3 
Detailed RTL Component Info : 
+---Registers : 
	                1 Bit    Registers := 1     
Module ltlib_v1_0_0_all_typeA_slice__parameterized0__37 
Detailed RTL Component Info : 
+---Registers : 
	                1 Bit    Registers := 1     
Module ltlib_v1_0_0_allx_typeA__parameterized2__3 
Detailed RTL Component Info : 
+---Registers : 
	                2 Bit    Registers := 2     
Module ltlib_v1_0_0_match__parameterized2__3 
Detailed RTL Component Info : 
+---Registers : 
	                1 Bit    Registers := 1     
Module ltlib_v1_0_0_all_typeA_slice__parameterized0__6 
Detailed RTL Component Info : 
+---Registers : 
	                1 Bit    Registers := 1     
Module ltlib_v1_0_0_allx_typeA__parameterized6__3 
Detailed RTL Component Info : 
+---Registers : 
	               12 Bit    Registers := 2     
Module ltlib_v1_0_0_match__parameterized6__3 
Detailed RTL Component Info : 
+---Registers : 
	                1 Bit    Registers := 1     
Module ltlib_v1_0_0_all_typeA_slice__parameterized0__38 
Detailed RTL Component Info : 
+---Registers : 
	                1 Bit    Registers := 1     
Module ltlib_v1_0_0_allx_typeA__parameterized2__4 
Detailed RTL Component Info : 
+---Registers : 
	                2 Bit    Registers := 2     
Module ltlib_v1_0_0_match__parameterized2__4 
Detailed RTL Component Info : 
+---Registers : 
	                1 Bit    Registers := 1     
Module ltlib_v1_0_0_all_typeA_slice__parameterized0__30 
Detailed RTL Component Info : 
+---Registers : 
	                1 Bit    Registers := 1     
Module ltlib_v1_0_0_allx_typeA__parameterized4__3 
Detailed RTL Component Info : 
+---Registers : 
	                4 Bit    Registers := 2     
Module ltlib_v1_0_0_match__parameterized4__3 
Detailed RTL Component Info : 
+---Registers : 
	                1 Bit    Registers := 1     
Module ltlib_v1_0_0_all_typeA_slice__parameterized0__3 
Detailed RTL Component Info : 
+---Registers : 
	                1 Bit    Registers := 1     
Module ltlib_v1_0_0_allx_typeA__parameterized5__4 
Detailed RTL Component Info : 
+---Registers : 
	                3 Bit    Registers := 2     
Module ltlib_v1_0_0_match__parameterized5__4 
Detailed RTL Component Info : 
+---Registers : 
	                1 Bit    Registers := 1     
Module ltlib_v1_0_0_all_typeA_slice__parameterized0__39 
Detailed RTL Component Info : 
+---Registers : 
	                1 Bit    Registers := 1     
Module ltlib_v1_0_0_allx_typeA__parameterized2__5 
Detailed RTL Component Info : 
+---Registers : 
	                2 Bit    Registers := 2     
Module ltlib_v1_0_0_match__parameterized2__5 
Detailed RTL Component Info : 
+---Registers : 
	                1 Bit    Registers := 1     
Module ltlib_v1_0_0_all_typeA_slice__parameterized0__10 
Detailed RTL Component Info : 
+---Registers : 
	                1 Bit    Registers := 1     
Module ltlib_v1_0_0_allx_typeA__parameterized2__6 
Detailed RTL Component Info : 
+---Registers : 
	                2 Bit    Registers := 2     
Module ltlib_v1_0_0_match__parameterized2__6 
Detailed RTL Component Info : 
+---Registers : 
	                1 Bit    Registers := 1     
Module ltlib_v1_0_0_all_typeA_slice__parameterized0__31 
Detailed RTL Component Info : 
+---Registers : 
	                1 Bit    Registers := 1     
Module ltlib_v1_0_0_allx_typeA__parameterized4__4 
Detailed RTL Component Info : 
+---Registers : 
	                4 Bit    Registers := 2     
Module ltlib_v1_0_0_match__parameterized4__4 
Detailed RTL Component Info : 
+---Registers : 
	                1 Bit    Registers := 1     
Module ltlib_v1_0_0_all_typeA_slice__parameterized0__32 
Detailed RTL Component Info : 
+---Registers : 
	                1 Bit    Registers := 1     
Module ltlib_v1_0_0_allx_typeA__parameterized4__5 
Detailed RTL Component Info : 
+---Registers : 
	                4 Bit    Registers := 2     
Module ltlib_v1_0_0_match__parameterized4__5 
Detailed RTL Component Info : 
+---Registers : 
	                1 Bit    Registers := 1     
Module ltlib_v1_0_0_all_typeA_slice__parameterized0__33 
Detailed RTL Component Info : 
+---Registers : 
	                1 Bit    Registers := 1     
Module ltlib_v1_0_0_allx_typeA__parameterized4__6 
Detailed RTL Component Info : 
+---Registers : 
	                4 Bit    Registers := 2     
Module ltlib_v1_0_0_match__parameterized4__6 
Detailed RTL Component Info : 
+---Registers : 
	                1 Bit    Registers := 1     
Module ltlib_v1_0_0_all_typeA_slice__parameterized0__34 
Detailed RTL Component Info : 
+---Registers : 
	                1 Bit    Registers := 1     
Module ltlib_v1_0_0_allx_typeA__parameterized4__7 
Detailed RTL Component Info : 
+---Registers : 
	                4 Bit    Registers := 2     
Module ltlib_v1_0_0_match__parameterized4__7 
Detailed RTL Component Info : 
+---Registers : 
	                1 Bit    Registers := 1     
Module ltlib_v1_0_0_all_typeA_slice__parameterized0__22 
Detailed RTL Component Info : 
+---Registers : 
	                1 Bit    Registers := 1     
Module ltlib_v1_0_0_allx_typeA__parameterized0__12 
Detailed RTL Component Info : 
+---Registers : 
	                1 Bit    Registers := 2     
Module ltlib_v1_0_0_match__parameterized0__12 
Detailed RTL Component Info : 
+---Registers : 
	                1 Bit    Registers := 1     
Module ltlib_v1_0_0_all_typeA_slice__parameterized0__23 
Detailed RTL Component Info : 
+---Registers : 
	                1 Bit    Registers := 1     
Module ltlib_v1_0_0_allx_typeA__parameterized0__13 
Detailed RTL Component Info : 
+---Registers : 
	                1 Bit    Registers := 2     
Module ltlib_v1_0_0_match__parameterized0__13 
Detailed RTL Component Info : 
+---Registers : 
	                1 Bit    Registers := 1     
Module ltlib_v1_0_0_all_typeA_slice__parameterized0__9 
Detailed RTL Component Info : 
+---Registers : 
	                1 Bit    Registers := 1     
Module ltlib_v1_0_0_allx_typeA__parameterized4__8 
Detailed RTL Component Info : 
+---Registers : 
	                4 Bit    Registers := 2     
Module ltlib_v1_0_0_match__parameterized4__8 
Detailed RTL Component Info : 
+---Registers : 
	                1 Bit    Registers := 1     
Module ltlib_v1_0_0_all_typeA_slice__parameterized0__7 
Detailed RTL Component Info : 
+---Registers : 
	                1 Bit    Registers := 1     
Module ltlib_v1_0_0_allx_typeA__parameterized6__4 
Detailed RTL Component Info : 
+---Registers : 
	               12 Bit    Registers := 2     
Module ltlib_v1_0_0_match__parameterized6__4 
Detailed RTL Component Info : 
+---Registers : 
	                1 Bit    Registers := 1     
Module ltlib_v1_0_0_all_typeA_slice__parameterized0__24 
Detailed RTL Component Info : 
+---Registers : 
	                1 Bit    Registers := 1     
Module ltlib_v1_0_0_allx_typeA__parameterized0__14 
Detailed RTL Component Info : 
+---Registers : 
	                1 Bit    Registers := 2     
Module ltlib_v1_0_0_match__parameterized0__14 
Detailed RTL Component Info : 
+---Registers : 
	                1 Bit    Registers := 1     
Module ltlib_v1_0_0_all_typeA_slice__parameterized0__25 
Detailed RTL Component Info : 
+---Registers : 
	                1 Bit    Registers := 1     
Module ltlib_v1_0_0_allx_typeA__parameterized0__15 
Detailed RTL Component Info : 
+---Registers : 
	                1 Bit    Registers := 2     
Module ltlib_v1_0_0_match__parameterized0__15 
Detailed RTL Component Info : 
+---Registers : 
	                1 Bit    Registers := 1     
Module ltlib_v1_0_0_all_typeA_slice__parameterized0__26 
Detailed RTL Component Info : 
+---Registers : 
	                1 Bit    Registers := 1     
Module ltlib_v1_0_0_allx_typeA__parameterized0__16 
Detailed RTL Component Info : 
+---Registers : 
	                1 Bit    Registers := 2     
Module ltlib_v1_0_0_match__parameterized0__16 
Detailed RTL Component Info : 
+---Registers : 
	                1 Bit    Registers := 1     
Module ltlib_v1_0_0_all_typeA_slice__parameterized0__27 
Detailed RTL Component Info : 
+---Registers : 
	                1 Bit    Registers := 1     
Module ltlib_v1_0_0_allx_typeA__parameterized0__17 
Detailed RTL Component Info : 
+---Registers : 
	                1 Bit    Registers := 2     
Module ltlib_v1_0_0_match__parameterized0__17 
Detailed RTL Component Info : 
+---Registers : 
	                1 Bit    Registers := 1     
Module ltlib_v1_0_0_all_typeA_slice__parameterized0__8 
Detailed RTL Component Info : 
+---Registers : 
	                1 Bit    Registers := 1     
Module ltlib_v1_0_0_allx_typeA__parameterized0__18 
Detailed RTL Component Info : 
+---Registers : 
	                1 Bit    Registers := 2     
Module ltlib_v1_0_0_match__parameterized0__18 
Detailed RTL Component Info : 
+---Registers : 
	                1 Bit    Registers := 1     
Module ltlib_v1_0_0_all_typeA_slice__parameterized0__2 
Detailed RTL Component Info : 
+---Registers : 
	                1 Bit    Registers := 1     
Module ltlib_v1_0_0_allx_typeA__parameterized6__5 
Detailed RTL Component Info : 
+---Registers : 
	               12 Bit    Registers := 2     
Module ltlib_v1_0_0_match__parameterized6__5 
Detailed RTL Component Info : 
+---Registers : 
	                1 Bit    Registers := 1     
Module ltlib_v1_0_0_all_typeA_slice__parameterized0__1 
Detailed RTL Component Info : 
+---Registers : 
	                1 Bit    Registers := 1     
Module ltlib_v1_0_0_allx_typeA__parameterized8 
Detailed RTL Component Info : 
+---Registers : 
	               45 Bit    Registers := 1     
Module ltlib_v1_0_0_match__parameterized8 
Detailed RTL Component Info : 
+---Registers : 
	                1 Bit    Registers := 1     
Module ila_v6_2_6_ila_trigger__parameterized0 
Detailed RTL Component Info : 
+---Registers : 
	                1 Bit    Registers := 3     
Module ltlib_v1_0_0_async_edge_xfer__1 
Detailed RTL Component Info : 
+---XORs : 
	   2 Input      1 Bit         XORs := 1     
+---Registers : 
	                1 Bit    Registers := 5     
Module ltlib_v1_0_0_async_edge_xfer__2 
Detailed RTL Component Info : 
+---XORs : 
	   2 Input      1 Bit         XORs := 1     
+---Registers : 
	                1 Bit    Registers := 5     
Module ltlib_v1_0_0_async_edge_xfer__3 
Detailed RTL Component Info : 
+---XORs : 
	   2 Input      1 Bit         XORs := 1     
+---Registers : 
	                1 Bit    Registers := 5     
Module ltlib_v1_0_0_async_edge_xfer__4 
Detailed RTL Component Info : 
+---XORs : 
	   2 Input      1 Bit         XORs := 1     
+---Registers : 
	                1 Bit    Registers := 5     
Module ltlib_v1_0_0_rising_edge_detection__1 
Detailed RTL Component Info : 
+---Registers : 
	                2 Bit    Registers := 1     
	                1 Bit    Registers := 1     
+---Muxes : 
	   2 Input      2 Bit        Muxes := 2     
Module ltlib_v1_0_0_rising_edge_detection__2 
Detailed RTL Component Info : 
+---Registers : 
	                2 Bit    Registers := 1     
	                1 Bit    Registers := 1     
+---Muxes : 
	   2 Input      2 Bit        Muxes := 2     
Module ila_v6_2_6_ila_reset_ctrl__1 
Detailed RTL Component Info : 
+---Registers : 
	                6 Bit    Registers := 1     
	                1 Bit    Registers := 2     
Module ltlib_v1_0_0_cfglut7__1 
Detailed RTL Component Info : 
+---Registers : 
	                1 Bit    Registers := 1     
+---Muxes : 
	   2 Input      1 Bit        Muxes := 3     
Module ltlib_v1_0_0_cfglut7__2 
Detailed RTL Component Info : 
+---Registers : 
	                1 Bit    Registers := 1     
+---Muxes : 
	   2 Input      1 Bit        Muxes := 3     
Module ltlib_v1_0_0_cfglut6__2 
Detailed RTL Component Info : 
+---Muxes : 
	   2 Input      1 Bit        Muxes := 1     
Module ltlib_v1_0_0_cfglut6__1 
Detailed RTL Component Info : 
+---Muxes : 
	   2 Input      1 Bit        Muxes := 1     
Module ltlib_v1_0_0_allx_typeA_nodelay__3 
Detailed RTL Component Info : 
+---Registers : 
	               10 Bit    Registers := 1     
Module ila_v6_2_6_ila_cap_sample_counter__1 
Detailed RTL Component Info : 
+---Adders : 
	   2 Input     10 Bit       Adders := 1     
+---Registers : 
	               10 Bit    Registers := 1     
Module ltlib_v1_0_0_allx_typeA_nodelay__1 
Detailed RTL Component Info : 
+---Registers : 
	               10 Bit    Registers := 1     
Module ltlib_v1_0_0_allx_typeA_nodelay__2 
Detailed RTL Component Info : 
+---Registers : 
	               10 Bit    Registers := 1     
Module ila_v6_2_6_ila_cap_window_counter__1 
Detailed RTL Component Info : 
+---Adders : 
	   2 Input     10 Bit       Adders := 1     
+---Registers : 
	               10 Bit    Registers := 1     
Module ila_v6_2_6_ila_cap_addrgen__1 
Detailed RTL Component Info : 
+---Registers : 
	               33 Bit    Registers := 2     
	               16 Bit    Registers := 1     
	               10 Bit    Registers := 3     
	                1 Bit    Registers := 2     
+---Muxes : 
	   2 Input      1 Bit        Muxes := 10    
Module ltlib_v1_0_0_cfglut6__parameterized0__1 
Detailed RTL Component Info : 
+---Registers : 
	                1 Bit    Registers := 1     
+---Muxes : 
	   2 Input      1 Bit        Muxes := 1     
Module ila_v6_2_6_ila_cap_ctrl_legacy__1 
Detailed RTL Component Info : 
+---Registers : 
	                1 Bit    Registers := 3     
+---Muxes : 
	   2 Input      1 Bit        Muxes := 1     
	   4 Input      1 Bit        Muxes := 1     
Module ltlib_v1_0_0_generic_memrd__parameterized0 
Detailed RTL Component Info : 
+---Adders : 
	   2 Input     10 Bit       Adders := 1     
	   2 Input      5 Bit       Adders := 1     
+---Registers : 
	              272 Bit    Registers := 1     
	               10 Bit    Registers := 1     
	                7 Bit    Registers := 1     
	                5 Bit    Registers := 1     
	                4 Bit    Registers := 2     
	                1 Bit    Registers := 3     
+---Muxes : 
	   8 Input     10 Bit        Muxes := 1     
	   3 Input      7 Bit        Muxes := 1     
	   8 Input      7 Bit        Muxes := 1     
	   8 Input      5 Bit        Muxes := 1     
	   2 Input      4 Bit        Muxes := 1     
	   2 Input      2 Bit        Muxes := 1     
	   8 Input      1 Bit        Muxes := 5     
Module ila_v6_2_6_ila_core__parameterized0 
Detailed RTL Component Info : 
+---Registers : 
	              262 Bit    Registers := 9     
	               16 Bit    Registers := 2     
	                2 Bit    Registers := 3     
	                1 Bit    Registers := 5     
+---Muxes : 
	   2 Input    262 Bit        Muxes := 1     
Module ila_v6_2_6_ila__parameterized0 
Detailed RTL Component Info : 
+---Registers : 
	                1 Bit    Registers := 6     
Module lpf 
Detailed RTL Component Info : 
+---Registers : 
	                1 Bit    Registers := 3     
Module upcnt_n 
Detailed RTL Component Info : 
+---Adders : 
	   2 Input      6 Bit       Adders := 1     
+---Registers : 
	                6 Bit    Registers := 1     
+---Muxes : 
	   2 Input      6 Bit        Muxes := 1     
	   2 Input      1 Bit        Muxes := 1     
Module sequence_psr 
Detailed RTL Component Info : 
+---Registers : 
	                3 Bit    Registers := 3     
	                1 Bit    Registers := 5     
Module reram_cell__1 
Detailed RTL Component Info : 
+---Adders : 
	   2 Input      4 Bit       Adders := 1     
+---Registers : 
	               32 Bit    Registers := 1     
	                1 Bit    Registers := 3     
+---Muxes : 
	   3 Input     32 Bit        Muxes := 1     
	   3 Input      2 Bit        Muxes := 1     
	   2 Input      2 Bit        Muxes := 1     
	   3 Input      1 Bit        Muxes := 6     
	   2 Input      1 Bit        Muxes := 1     
Module reram_cell__2 
Detailed RTL Component Info : 
+---Adders : 
	   2 Input      4 Bit       Adders := 1     
+---Registers : 
	               32 Bit    Registers := 1     
	                1 Bit    Registers := 3     
+---Muxes : 
	   3 Input     32 Bit        Muxes := 1     
	   3 Input      2 Bit        Muxes := 1     
	   2 Input      2 Bit        Muxes := 1     
	   3 Input      1 Bit        Muxes := 6     
	   2 Input      1 Bit        Muxes := 1     
Module reram_cell__3 
Detailed RTL Component Info : 
+---Adders : 
	   2 Input      4 Bit       Adders := 1     
+---Registers : 
	               32 Bit    Registers := 1     
	                1 Bit    Registers := 3     
+---Muxes : 
	   3 Input     32 Bit        Muxes := 1     
	   3 Input      2 Bit        Muxes := 1     
	   2 Input      2 Bit        Muxes := 1     
	   3 Input      1 Bit        Muxes := 6     
	   2 Input      1 Bit        Muxes := 1     
Module reram_cell__4 
Detailed RTL Component Info : 
+---Adders : 
	   2 Input      4 Bit       Adders := 1     
+---Registers : 
	               32 Bit    Registers := 1     
	                1 Bit    Registers := 3     
+---Muxes : 
	   3 Input     32 Bit        Muxes := 1     
	   3 Input      2 Bit        Muxes := 1     
	   2 Input      2 Bit        Muxes := 1     
	   3 Input      1 Bit        Muxes := 6     
	   2 Input      1 Bit        Muxes := 1     
Module reram_cell__5 
Detailed RTL Component Info : 
+---Adders : 
	   2 Input      4 Bit       Adders := 1     
+---Registers : 
	               32 Bit    Registers := 1     
	                1 Bit    Registers := 3     
+---Muxes : 
	   3 Input     32 Bit        Muxes := 1     
	   3 Input      2 Bit        Muxes := 1     
	   2 Input      2 Bit        Muxes := 1     
	   3 Input      1 Bit        Muxes := 6     
	   2 Input      1 Bit        Muxes := 1     
Module reram_cell__6 
Detailed RTL Component Info : 
+---Adders : 
	   2 Input      4 Bit       Adders := 1     
+---Registers : 
	               32 Bit    Registers := 1     
	                1 Bit    Registers := 3     
+---Muxes : 
	   3 Input     32 Bit        Muxes := 1     
	   3 Input      2 Bit        Muxes := 1     
	   2 Input      2 Bit        Muxes := 1     
	   3 Input      1 Bit        Muxes := 6     
	   2 Input      1 Bit        Muxes := 1     
Module reram_cell__7 
Detailed RTL Component Info : 
+---Adders : 
	   2 Input      4 Bit       Adders := 1     
+---Registers : 
	               32 Bit    Registers := 1     
	                1 Bit    Registers := 3     
+---Muxes : 
	   3 Input     32 Bit        Muxes := 1     
	   3 Input      2 Bit        Muxes := 1     
	   2 Input      2 Bit        Muxes := 1     
	   3 Input      1 Bit        Muxes := 6     
	   2 Input      1 Bit        Muxes := 1     
Module reram_cell__8 
Detailed RTL Component Info : 
+---Adders : 
	   2 Input      4 Bit       Adders := 1     
+---Registers : 
	               32 Bit    Registers := 1     
	                1 Bit    Registers := 3     
+---Muxes : 
	   3 Input     32 Bit        Muxes := 1     
	   3 Input      2 Bit        Muxes := 1     
	   2 Input      2 Bit        Muxes := 1     
	   3 Input      1 Bit        Muxes := 6     
	   2 Input      1 Bit        Muxes := 1     
Module reram_cell__9 
Detailed RTL Component Info : 
+---Adders : 
	   2 Input      4 Bit       Adders := 1     
+---Registers : 
	               32 Bit    Registers := 1     
	                1 Bit    Registers := 3     
+---Muxes : 
	   3 Input     32 Bit        Muxes := 1     
	   3 Input      2 Bit        Muxes := 1     
	   2 Input      2 Bit        Muxes := 1     
	   3 Input      1 Bit        Muxes := 6     
	   2 Input      1 Bit        Muxes := 1     
Module reram_cell__10 
Detailed RTL Component Info : 
+---Adders : 
	   2 Input      4 Bit       Adders := 1     
+---Registers : 
	               32 Bit    Registers := 1     
	                1 Bit    Registers := 3     
+---Muxes : 
	   3 Input     32 Bit        Muxes := 1     
	   3 Input      2 Bit        Muxes := 1     
	   2 Input      2 Bit        Muxes := 1     
	   3 Input      1 Bit        Muxes := 6     
	   2 Input      1 Bit        Muxes := 1     
Module reram_cell__11 
Detailed RTL Component Info : 
+---Adders : 
	   2 Input      4 Bit       Adders := 1     
+---Registers : 
	               32 Bit    Registers := 1     
	                1 Bit    Registers := 3     
+---Muxes : 
	   3 Input     32 Bit        Muxes := 1     
	   3 Input      2 Bit        Muxes := 1     
	   2 Input      2 Bit        Muxes := 1     
	   3 Input      1 Bit        Muxes := 6     
	   2 Input      1 Bit        Muxes := 1     
Module reram_cell__12 
Detailed RTL Component Info : 
+---Adders : 
	   2 Input      4 Bit       Adders := 1     
+---Registers : 
	               32 Bit    Registers := 1     
	                1 Bit    Registers := 3     
+---Muxes : 
	   3 Input     32 Bit        Muxes := 1     
	   3 Input      2 Bit        Muxes := 1     
	   2 Input      2 Bit        Muxes := 1     
	   3 Input      1 Bit        Muxes := 6     
	   2 Input      1 Bit        Muxes := 1     
Module reram_cell__13 
Detailed RTL Component Info : 
+---Adders : 
	   2 Input      4 Bit       Adders := 1     
+---Registers : 
	               32 Bit    Registers := 1     
	                1 Bit    Registers := 3     
+---Muxes : 
	   3 Input     32 Bit        Muxes := 1     
	   3 Input      2 Bit        Muxes := 1     
	   2 Input      2 Bit        Muxes := 1     
	   3 Input      1 Bit        Muxes := 6     
	   2 Input      1 Bit        Muxes := 1     
Module reram_cell__14 
Detailed RTL Component Info : 
+---Adders : 
	   2 Input      4 Bit       Adders := 1     
+---Registers : 
	               32 Bit    Registers := 1     
	                1 Bit    Registers := 3     
+---Muxes : 
	   3 Input     32 Bit        Muxes := 1     
	   3 Input      2 Bit        Muxes := 1     
	   2 Input      2 Bit        Muxes := 1     
	   3 Input      1 Bit        Muxes := 6     
	   2 Input      1 Bit        Muxes := 1     
Module reram_cell__15 
Detailed RTL Component Info : 
+---Adders : 
	   2 Input      4 Bit       Adders := 1     
+---Registers : 
	               32 Bit    Registers := 1     
	                1 Bit    Registers := 3     
+---Muxes : 
	   3 Input     32 Bit        Muxes := 1     
	   3 Input      2 Bit        Muxes := 1     
	   2 Input      2 Bit        Muxes := 1     
	   3 Input      1 Bit        Muxes := 6     
	   2 Input      1 Bit        Muxes := 1     
Module reram_cell 
Detailed RTL Component Info : 
+---Adders : 
	   2 Input      4 Bit       Adders := 1     
+---Registers : 
	               32 Bit    Registers := 1     
	                1 Bit    Registers := 3     
+---Muxes : 
	   3 Input     32 Bit        Muxes := 1     
	   3 Input      2 Bit        Muxes := 1     
	   2 Input      2 Bit        Muxes := 1     
	   3 Input      1 Bit        Muxes := 6     
	   2 Input      1 Bit        Muxes := 1     
Module reram_axi_ip_v1_0_S00_AXI 
Detailed RTL Component Info : 
+---Registers : 
	               32 Bit    Registers := 1     
	                6 Bit    Registers := 2     
	                4 Bit    Registers := 2     
	                2 Bit    Registers := 1     
	                1 Bit    Registers := 10    
+---Muxes : 
	   2 Input     32 Bit        Muxes := 1     
	   2 Input      8 Bit        Muxes := 12    
	   2 Input      6 Bit        Muxes := 6     
	   4 Input      6 Bit        Muxes := 1     
	   2 Input      1 Bit        Muxes := 15    
	   4 Input      1 Bit        Muxes := 5     
	   3 Input      1 Bit        Muxes := 1     
Module axi_protocol_converter_v2_1_16_b2s_incr_cmd 
Detailed RTL Component Info : 
+---Adders : 
	   2 Input     12 Bit       Adders := 3     
	   2 Input      9 Bit       Adders := 1     
+---Registers : 
	               12 Bit    Registers := 1     
	                9 Bit    Registers := 1     
	                1 Bit    Registers := 2     
+---Muxes : 
	   2 Input     32 Bit        Muxes := 1     
	   2 Input     12 Bit        Muxes := 1     
	   2 Input      9 Bit        Muxes := 2     
	   2 Input      4 Bit        Muxes := 1     
	   2 Input      1 Bit        Muxes := 4     
Module axi_protocol_converter_v2_1_16_b2s_wrap_cmd 
Detailed RTL Component Info : 
+---Adders : 
	   2 Input     12 Bit       Adders := 1     
	   2 Input      5 Bit       Adders := 1     
	   2 Input      4 Bit       Adders := 2     
+---Registers : 
	               12 Bit    Registers := 2     
	                5 Bit    Registers := 1     
	                4 Bit    Registers := 3     
	                1 Bit    Registers := 2     
+---Muxes : 
	   2 Input     32 Bit        Muxes := 1     
	   2 Input     12 Bit        Muxes := 2     
	   2 Input      5 Bit        Muxes := 2     
	   2 Input      4 Bit        Muxes := 8     
	   2 Input      1 Bit        Muxes := 4     
Module axi_protocol_converter_v2_1_16_b2s_cmd_translator 
Detailed RTL Component Info : 
+---Registers : 
	                1 Bit    Registers := 3     
+---Muxes : 
	   2 Input     32 Bit        Muxes := 2     
	   2 Input      1 Bit        Muxes := 4     
Module axi_protocol_converter_v2_1_16_b2s_wr_cmd_fsm 
Detailed RTL Component Info : 
+---Registers : 
	                2 Bit    Registers := 1     
+---Muxes : 
	   2 Input      2 Bit        Muxes := 4     
	   4 Input      2 Bit        Muxes := 2     
Module axi_protocol_converter_v2_1_16_b2s_aw_channel 
Detailed RTL Component Info : 
+---Registers : 
	               12 Bit    Registers := 1     
	                8 Bit    Registers := 1     
Module axi_protocol_converter_v2_1_16_b2s_simple_fifo 
Detailed RTL Component Info : 
+---Adders : 
	   2 Input      2 Bit       Adders := 1     
+---Registers : 
	                2 Bit    Registers := 1     
+---Muxes : 
	   2 Input      2 Bit        Muxes := 1     
Module axi_protocol_converter_v2_1_16_b2s_simple_fifo__parameterized0 
Detailed RTL Component Info : 
+---Adders : 
	   2 Input      2 Bit       Adders := 2     
+---Registers : 
	                2 Bit    Registers := 1     
+---Muxes : 
	   2 Input      2 Bit        Muxes := 2     
Module axi_protocol_converter_v2_1_16_b2s_b_channel 
Detailed RTL Component Info : 
+---Adders : 
	   2 Input      8 Bit       Adders := 1     
+---Registers : 
	                8 Bit    Registers := 1     
	                2 Bit    Registers := 1     
	                1 Bit    Registers := 3     
Module axi_protocol_converter_v2_1_16_b2s_incr_cmd__1 
Detailed RTL Component Info : 
+---Adders : 
	   2 Input     12 Bit       Adders := 3     
	   2 Input      9 Bit       Adders := 1     
+---Registers : 
	               12 Bit    Registers := 1     
	                9 Bit    Registers := 1     
	                1 Bit    Registers := 2     
+---Muxes : 
	   2 Input     32 Bit        Muxes := 1     
	   2 Input     12 Bit        Muxes := 1     
	   2 Input      9 Bit        Muxes := 2     
	   2 Input      4 Bit        Muxes := 1     
	   2 Input      1 Bit        Muxes := 4     
Module axi_protocol_converter_v2_1_16_b2s_wrap_cmd__1 
Detailed RTL Component Info : 
+---Adders : 
	   2 Input     12 Bit       Adders := 1     
	   2 Input      5 Bit       Adders := 1     
	   2 Input      4 Bit       Adders := 2     
+---Registers : 
	               12 Bit    Registers := 2     
	                5 Bit    Registers := 1     
	                4 Bit    Registers := 3     
	                1 Bit    Registers := 2     
+---Muxes : 
	   2 Input     32 Bit        Muxes := 1     
	   2 Input     12 Bit        Muxes := 2     
	   2 Input      5 Bit        Muxes := 2     
	   2 Input      4 Bit        Muxes := 8     
	   2 Input      1 Bit        Muxes := 4     
Module axi_protocol_converter_v2_1_16_b2s_cmd_translator__1 
Detailed RTL Component Info : 
+---Registers : 
	                1 Bit    Registers := 3     
+---Muxes : 
	   2 Input     32 Bit        Muxes := 2     
	   2 Input      1 Bit        Muxes := 4     
Module axi_protocol_converter_v2_1_16_b2s_rd_cmd_fsm 
Detailed RTL Component Info : 
+---Muxes : 
	   4 Input      2 Bit        Muxes := 1     
	   2 Input      2 Bit        Muxes := 4     
	   5 Input      2 Bit        Muxes := 1     
	   2 Input      1 Bit        Muxes := 2     
Module axi_protocol_converter_v2_1_16_b2s_ar_channel 
Detailed RTL Component Info : 
+---Registers : 
	               12 Bit    Registers := 1     
Module axi_protocol_converter_v2_1_16_b2s_simple_fifo__parameterized1 
Detailed RTL Component Info : 
+---Adders : 
	   2 Input      5 Bit       Adders := 2     
+---Registers : 
	                5 Bit    Registers := 1     
+---Muxes : 
	   2 Input      5 Bit        Muxes := 2     
Module axi_protocol_converter_v2_1_16_b2s_simple_fifo__parameterized2 
Detailed RTL Component Info : 
+---Adders : 
	   2 Input      5 Bit       Adders := 1     
+---Registers : 
	                5 Bit    Registers := 1     
+---Muxes : 
	   2 Input      2 Bit        Muxes := 1     
Module axi_protocol_converter_v2_1_16_b2s_r_channel 
Detailed RTL Component Info : 
+---Registers : 
	               12 Bit    Registers := 1     
	                1 Bit    Registers := 2     
Module axi_register_slice_v2_1_16_axic_register_slice__1 
Detailed RTL Component Info : 
+---Registers : 
	               73 Bit    Registers := 2     
	                2 Bit    Registers := 1     
	                1 Bit    Registers := 2     
+---Muxes : 
	   2 Input     73 Bit        Muxes := 2     
Module axi_register_slice_v2_1_16_axic_register_slice__parameterized1 
Detailed RTL Component Info : 
+---Registers : 
	               14 Bit    Registers := 2     
	                2 Bit    Registers := 1     
	                1 Bit    Registers := 2     
+---Muxes : 
	   2 Input     14 Bit        Muxes := 2     
Module axi_register_slice_v2_1_16_axic_register_slice 
Detailed RTL Component Info : 
+---Registers : 
	               73 Bit    Registers := 2     
	                2 Bit    Registers := 1     
	                1 Bit    Registers := 2     
+---Muxes : 
	   2 Input     73 Bit        Muxes := 2     
Module axi_register_slice_v2_1_16_axic_register_slice__parameterized2 
Detailed RTL Component Info : 
+---Registers : 
	               47 Bit    Registers := 2     
	                2 Bit    Registers := 1     
	                1 Bit    Registers := 2     
+---Muxes : 
	   2 Input     47 Bit        Muxes := 2     
Module axi_protocol_converter_v2_1_16_b2s 
Detailed RTL Component Info : 
+---Registers : 
	                1 Bit    Registers := 1     
Module axi_crossbar_v2_1_17_decerr_slave 
Detailed RTL Component Info : 
+---Adders : 
	   2 Input      8 Bit       Adders := 1     
+---Registers : 
	               12 Bit    Registers := 2     
	                8 Bit    Registers := 1     
	                1 Bit    Registers := 6     
+---Muxes : 
	   2 Input      8 Bit        Muxes := 1     
	   3 Input      1 Bit        Muxes := 9     
	   2 Input      1 Bit        Muxes := 12    
Module axi_crossbar_v2_1_17_addr_arbiter__1 
Detailed RTL Component Info : 
+---Registers : 
	               75 Bit    Registers := 1     
	                3 Bit    Registers := 1     
	                1 Bit    Registers := 3     
+---Muxes : 
	   2 Input      1 Bit        Muxes := 2     
Module axi_crossbar_v2_1_17_addr_arbiter 
Detailed RTL Component Info : 
+---Registers : 
	               75 Bit    Registers := 1     
	                3 Bit    Registers := 1     
	                1 Bit    Registers := 3     
+---Muxes : 
	   2 Input      1 Bit        Muxes := 2     
Module axi_crossbar_v2_1_17_splitter__1 
Detailed RTL Component Info : 
+---Registers : 
	                2 Bit    Registers := 1     
Module axi_crossbar_v2_1_17_addr_decoder 
Detailed RTL Component Info : 
+---Muxes : 
	   2 Input      2 Bit        Muxes := 1     
Module axi_crossbar_v2_1_17_arbiter_resp 
Detailed RTL Component Info : 
+---Registers : 
	                3 Bit    Registers := 2     
Module generic_baseblocks_v2_1_0_mux_enc 
Detailed RTL Component Info : 
+---Muxes : 
	   2 Input      1 Bit        Muxes := 3     
Module axi_data_fifo_v2_1_15_axic_srl_fifo__9 
Detailed RTL Component Info : 
+---Adders : 
	   2 Input      4 Bit       Adders := 1     
+---XORs : 
	   2 Input      1 Bit         XORs := 1     
+---Registers : 
	                4 Bit    Registers := 1     
	                1 Bit    Registers := 1     
+---Muxes : 
	   2 Input      2 Bit        Muxes := 1     
	   2 Input      1 Bit        Muxes := 1     
Module axi_data_fifo_v2_1_15_axic_srl_fifo__10 
Detailed RTL Component Info : 
+---Adders : 
	   2 Input      4 Bit       Adders := 1     
+---XORs : 
	   2 Input      1 Bit         XORs := 1     
+---Registers : 
	                4 Bit    Registers := 1     
	                1 Bit    Registers := 1     
+---Muxes : 
	   2 Input      2 Bit        Muxes := 1     
	   2 Input      1 Bit        Muxes := 1     
Module axi_data_fifo_v2_1_15_axic_srl_fifo__11 
Detailed RTL Component Info : 
+---Adders : 
	   2 Input      4 Bit       Adders := 1     
+---XORs : 
	   2 Input      1 Bit         XORs := 1     
+---Registers : 
	                4 Bit    Registers := 1     
	                1 Bit    Registers := 1     
+---Muxes : 
	   2 Input      2 Bit        Muxes := 1     
	   2 Input      1 Bit        Muxes := 1     
Module axi_data_fifo_v2_1_15_axic_srl_fifo__12 
Detailed RTL Component Info : 
+---Adders : 
	   2 Input      4 Bit       Adders := 1     
+---XORs : 
	   2 Input      1 Bit         XORs := 1     
+---Registers : 
	                4 Bit    Registers := 1     
	                1 Bit    Registers := 1     
+---Muxes : 
	   2 Input      2 Bit        Muxes := 1     
	   2 Input      1 Bit        Muxes := 1     
Module axi_data_fifo_v2_1_15_axic_srl_fifo__13 
Detailed RTL Component Info : 
+---Adders : 
	   2 Input      4 Bit       Adders := 1     
+---XORs : 
	   2 Input      1 Bit         XORs := 1     
+---Registers : 
	                4 Bit    Registers := 1     
	                1 Bit    Registers := 1     
+---Muxes : 
	   2 Input      2 Bit        Muxes := 1     
	   2 Input      1 Bit        Muxes := 1     
Module axi_data_fifo_v2_1_15_axic_srl_fifo__14 
Detailed RTL Component Info : 
+---Adders : 
	   2 Input      4 Bit       Adders := 1     
+---XORs : 
	   2 Input      1 Bit         XORs := 1     
+---Registers : 
	                4 Bit    Registers := 1     
	                1 Bit    Registers := 1     
+---Muxes : 
	   2 Input      2 Bit        Muxes := 1     
	   2 Input      1 Bit        Muxes := 1     
Module axi_data_fifo_v2_1_15_axic_srl_fifo__15 
Detailed RTL Component Info : 
+---Adders : 
	   2 Input      4 Bit       Adders := 1     
+---XORs : 
	   2 Input      1 Bit         XORs := 1     
+---Registers : 
	                4 Bit    Registers := 1     
	                1 Bit    Registers := 1     
+---Muxes : 
	   2 Input      2 Bit        Muxes := 1     
	   2 Input      1 Bit        Muxes := 1     
Module axi_data_fifo_v2_1_15_axic_srl_fifo 
Detailed RTL Component Info : 
+---Adders : 
	   2 Input      4 Bit       Adders := 1     
+---XORs : 
	   2 Input      1 Bit         XORs := 1     
+---Registers : 
	                4 Bit    Registers := 1     
	                1 Bit    Registers := 1     
+---Muxes : 
	   2 Input      2 Bit        Muxes := 1     
	   2 Input      1 Bit        Muxes := 1     
Module axi_crossbar_v2_1_17_si_transactor 
Detailed RTL Component Info : 
+---Adders : 
	   2 Input      4 Bit       Adders := 9     
+---Registers : 
	               12 Bit    Registers := 8     
	                4 Bit    Registers := 1     
+---Muxes : 
	   2 Input     64 Bit        Muxes := 8     
	   3 Input      4 Bit        Muxes := 8     
	   2 Input      3 Bit        Muxes := 1     
	   2 Input      2 Bit        Muxes := 10    
	   2 Input      1 Bit        Muxes := 1     
Module axi_crossbar_v2_1_17_addr_decoder__1 
Detailed RTL Component Info : 
+---Muxes : 
	   2 Input      2 Bit        Muxes := 1     
Module axi_crossbar_v2_1_17_arbiter_resp__1 
Detailed RTL Component Info : 
+---Registers : 
	                3 Bit    Registers := 2     
Module generic_baseblocks_v2_1_0_mux_enc__parameterized0 
Detailed RTL Component Info : 
+---Muxes : 
	   2 Input      1 Bit        Muxes := 3     
Module axi_data_fifo_v2_1_15_axic_srl_fifo__1 
Detailed RTL Component Info : 
+---Adders : 
	   2 Input      4 Bit       Adders := 1     
+---XORs : 
	   2 Input      1 Bit         XORs := 1     
+---Registers : 
	                4 Bit    Registers := 1     
	                1 Bit    Registers := 1     
+---Muxes : 
	   2 Input      2 Bit        Muxes := 1     
	   2 Input      1 Bit        Muxes := 1     
Module axi_data_fifo_v2_1_15_axic_srl_fifo__2 
Detailed RTL Component Info : 
+---Adders : 
	   2 Input      4 Bit       Adders := 1     
+---XORs : 
	   2 Input      1 Bit         XORs := 1     
+---Registers : 
	                4 Bit    Registers := 1     
	                1 Bit    Registers := 1     
+---Muxes : 
	   2 Input      2 Bit        Muxes := 1     
	   2 Input      1 Bit        Muxes := 1     
Module axi_data_fifo_v2_1_15_axic_srl_fifo__3 
Detailed RTL Component Info : 
+---Adders : 
	   2 Input      4 Bit       Adders := 1     
+---XORs : 
	   2 Input      1 Bit         XORs := 1     
+---Registers : 
	                4 Bit    Registers := 1     
	                1 Bit    Registers := 1     
+---Muxes : 
	   2 Input      2 Bit        Muxes := 1     
	   2 Input      1 Bit        Muxes := 1     
Module axi_data_fifo_v2_1_15_axic_srl_fifo__4 
Detailed RTL Component Info : 
+---Adders : 
	   2 Input      4 Bit       Adders := 1     
+---XORs : 
	   2 Input      1 Bit         XORs := 1     
+---Registers : 
	                4 Bit    Registers := 1     
	                1 Bit    Registers := 1     
+---Muxes : 
	   2 Input      2 Bit        Muxes := 1     
	   2 Input      1 Bit        Muxes := 1     
Module axi_data_fifo_v2_1_15_axic_srl_fifo__5 
Detailed RTL Component Info : 
+---Adders : 
	   2 Input      4 Bit       Adders := 1     
+---XORs : 
	   2 Input      1 Bit         XORs := 1     
+---Registers : 
	                4 Bit    Registers := 1     
	                1 Bit    Registers := 1     
+---Muxes : 
	   2 Input      2 Bit        Muxes := 1     
	   2 Input      1 Bit        Muxes := 1     
Module axi_data_fifo_v2_1_15_axic_srl_fifo__6 
Detailed RTL Component Info : 
+---Adders : 
	   2 Input      4 Bit       Adders := 1     
+---XORs : 
	   2 Input      1 Bit         XORs := 1     
+---Registers : 
	                4 Bit    Registers := 1     
	                1 Bit    Registers := 1     
+---Muxes : 
	   2 Input      2 Bit        Muxes := 1     
	   2 Input      1 Bit        Muxes := 1     
Module axi_data_fifo_v2_1_15_axic_srl_fifo__7 
Detailed RTL Component Info : 
+---Adders : 
	   2 Input      4 Bit       Adders := 1     
+---XORs : 
	   2 Input      1 Bit         XORs := 1     
+---Registers : 
	                4 Bit    Registers := 1     
	                1 Bit    Registers := 1     
+---Muxes : 
	   2 Input      2 Bit        Muxes := 1     
	   2 Input      1 Bit        Muxes := 1     
Module axi_data_fifo_v2_1_15_axic_srl_fifo__8 
Detailed RTL Component Info : 
+---Adders : 
	   2 Input      4 Bit       Adders := 1     
+---XORs : 
	   2 Input      1 Bit         XORs := 1     
+---Registers : 
	                4 Bit    Registers := 1     
	                1 Bit    Registers := 1     
+---Muxes : 
	   2 Input      2 Bit        Muxes := 1     
	   2 Input      1 Bit        Muxes := 1     
Module axi_crossbar_v2_1_17_si_transactor__parameterized0 
Detailed RTL Component Info : 
+---Adders : 
	   2 Input      4 Bit       Adders := 9     
+---Registers : 
	               12 Bit    Registers := 8     
	                4 Bit    Registers := 1     
+---Muxes : 
	   2 Input     64 Bit        Muxes := 8     
	   3 Input      4 Bit        Muxes := 8     
	   2 Input      3 Bit        Muxes := 1     
	   2 Input      2 Bit        Muxes := 10    
	   2 Input      1 Bit        Muxes := 1     
Module axi_crossbar_v2_1_17_splitter 
Detailed RTL Component Info : 
+---Registers : 
	                2 Bit    Registers := 1     
Module axi_data_fifo_v2_1_15_axic_reg_srl_fifo 
Detailed RTL Component Info : 
+---Adders : 
	   2 Input      3 Bit       Adders := 2     
+---XORs : 
	   2 Input      1 Bit         XORs := 1     
+---Registers : 
	                3 Bit    Registers := 1     
	                2 Bit    Registers := 1     
	                1 Bit    Registers := 3     
+---Muxes : 
	   4 Input      4 Bit        Muxes := 1     
	   2 Input      4 Bit        Muxes := 3     
	   2 Input      3 Bit        Muxes := 1     
	   2 Input      2 Bit        Muxes := 1     
	   2 Input      1 Bit        Muxes := 5     
	   4 Input      1 Bit        Muxes := 3     
Module axi_data_fifo_v2_1_15_axic_srl_fifo__parameterized0__1 
Detailed RTL Component Info : 
+---Adders : 
	   2 Input      3 Bit       Adders := 1     
+---XORs : 
	   2 Input      1 Bit         XORs := 1     
+---Registers : 
	                3 Bit    Registers := 1     
	                1 Bit    Registers := 1     
+---Muxes : 
	   2 Input      2 Bit        Muxes := 1     
	   2 Input      1 Bit        Muxes := 1     
Module axi_register_slice_v2_1_16_axic_register_slice__parameterized9__1 
Detailed RTL Component Info : 
+---Registers : 
	               14 Bit    Registers := 1     
	                2 Bit    Registers := 1     
	                1 Bit    Registers := 2     
+---Muxes : 
	   2 Input      1 Bit        Muxes := 2     
Module axi_register_slice_v2_1_16_axic_register_slice__parameterized10__1 
Detailed RTL Component Info : 
+---Registers : 
	               47 Bit    Registers := 2     
	                2 Bit    Registers := 1     
	                1 Bit    Registers := 2     
+---Muxes : 
	   2 Input     47 Bit        Muxes := 2     
Module axi_data_fifo_v2_1_15_axic_srl_fifo__parameterized0 
Detailed RTL Component Info : 
+---Adders : 
	   2 Input      3 Bit       Adders := 1     
+---XORs : 
	   2 Input      1 Bit         XORs := 1     
+---Registers : 
	                3 Bit    Registers := 1     
	                1 Bit    Registers := 1     
+---Muxes : 
	   2 Input      2 Bit        Muxes := 1     
	   2 Input      1 Bit        Muxes := 1     
Module axi_register_slice_v2_1_16_axic_register_slice__parameterized9__2 
Detailed RTL Component Info : 
+---Registers : 
	               14 Bit    Registers := 1     
	                2 Bit    Registers := 1     
	                1 Bit    Registers := 2     
+---Muxes : 
	   2 Input      1 Bit        Muxes := 2     
Module axi_register_slice_v2_1_16_axic_register_slice__parameterized10__2 
Detailed RTL Component Info : 
+---Registers : 
	               47 Bit    Registers := 2     
	                2 Bit    Registers := 1     
	                1 Bit    Registers := 2     
+---Muxes : 
	   2 Input     47 Bit        Muxes := 2     
Module axi_data_fifo_v2_1_15_axic_srl_fifo__parameterized1 
Detailed RTL Component Info : 
+---Adders : 
	   2 Input      2 Bit       Adders := 1     
+---XORs : 
	   2 Input      1 Bit         XORs := 1     
+---Registers : 
	                2 Bit    Registers := 1     
	                1 Bit    Registers := 1     
+---Muxes : 
	   2 Input      2 Bit        Muxes := 1     
	   2 Input      1 Bit        Muxes := 1     
Module axi_register_slice_v2_1_16_axic_register_slice__parameterized9 
Detailed RTL Component Info : 
+---Registers : 
	               14 Bit    Registers := 1     
	                2 Bit    Registers := 1     
	                1 Bit    Registers := 2     
+---Muxes : 
	   2 Input      1 Bit        Muxes := 2     
Module axi_register_slice_v2_1_16_axic_register_slice__parameterized10 
Detailed RTL Component Info : 
+---Registers : 
	               47 Bit    Registers := 2     
	                2 Bit    Registers := 1     
	                1 Bit    Registers := 2     
+---Muxes : 
	   2 Input     47 Bit        Muxes := 2     
Module axi_crossbar_v2_1_17_crossbar 
Detailed RTL Component Info : 
+---Adders : 
	   2 Input      8 Bit       Adders := 2     
	   2 Input      4 Bit       Adders := 4     
	   2 Input      1 Bit       Adders := 2     
+---Registers : 
	                8 Bit    Registers := 2     
	                1 Bit    Registers := 1     
+---Muxes : 
	   2 Input     24 Bit        Muxes := 6     
	   2 Input      4 Bit        Muxes := 4     
	   2 Input      2 Bit        Muxes := 6     
	   2 Input      1 Bit        Muxes := 2     
Module blk_mem_gen_v8_4_1_blk_mem_gen_prim_width 
Detailed RTL Component Info : 
+---XORs : 
	   2 Input      1 Bit         XORs := 1     
+---Registers : 
	                5 Bit    Registers := 1     
	                1 Bit    Registers := 6     
Module blk_mem_gen_v8_4_1_blk_mem_gen_prim_width__parameterized0 
Detailed RTL Component Info : 
+---XORs : 
	   2 Input      1 Bit         XORs := 1     
+---Registers : 
	                5 Bit    Registers := 1     
	                1 Bit    Registers := 6     
Module wrap_brst 
Detailed RTL Component Info : 
+---Registers : 
	               10 Bit    Registers := 1     
	                3 Bit    Registers := 1     
+---Muxes : 
	   5 Input     11 Bit        Muxes := 1     
	   8 Input      3 Bit        Muxes := 1     
	   4 Input      2 Bit        Muxes := 1     
	   3 Input      2 Bit        Muxes := 1     
	   2 Input      1 Bit        Muxes := 4     
Module SRL_FIFO 
Detailed RTL Component Info : 
+---XORs : 
	   2 Input      1 Bit         XORs := 4     
+---Muxes : 
	   2 Input      1 Bit        Muxes := 2     
Module wr_chnl 
Detailed RTL Component Info : 
+---Adders : 
	   2 Input      3 Bit       Adders := 1     
+---Registers : 
	               12 Bit    Registers := 1     
	                4 Bit    Registers := 1     
	                3 Bit    Registers := 1     
	                2 Bit    Registers := 1     
	                1 Bit    Registers := 42    
+---Muxes : 
	   2 Input     12 Bit        Muxes := 1     
	   2 Input     11 Bit        Muxes := 1     
	   3 Input      3 Bit        Muxes := 1     
	   2 Input      3 Bit        Muxes := 1     
	   2 Input      2 Bit        Muxes := 1     
	   2 Input      1 Bit        Muxes := 10    
	   3 Input      1 Bit        Muxes := 7     
Module wrap_brst__1 
Detailed RTL Component Info : 
+---Registers : 
	               10 Bit    Registers := 1     
	                3 Bit    Registers := 1     
+---Muxes : 
	   5 Input     11 Bit        Muxes := 1     
	   8 Input      3 Bit        Muxes := 1     
	   4 Input      2 Bit        Muxes := 1     
	   3 Input      2 Bit        Muxes := 1     
	   2 Input      1 Bit        Muxes := 4     
Module rd_chnl 
Detailed RTL Component Info : 
+---Adders : 
	   2 Input      8 Bit       Adders := 1     
+---Registers : 
	               32 Bit    Registers := 1     
	               12 Bit    Registers := 2     
	                8 Bit    Registers := 1     
	                2 Bit    Registers := 1     
	                1 Bit    Registers := 56    
+---Muxes : 
	   2 Input     32 Bit        Muxes := 1     
	   2 Input     12 Bit        Muxes := 1     
	   2 Input     11 Bit        Muxes := 1     
	   2 Input      8 Bit        Muxes := 2     
	   9 Input      4 Bit        Muxes := 1     
	   2 Input      4 Bit        Muxes := 9     
	   5 Input      3 Bit        Muxes := 1     
	   2 Input      3 Bit        Muxes := 3     
	   2 Input      1 Bit        Muxes := 25    
	   3 Input      1 Bit        Muxes := 1     
	   9 Input      1 Bit        Muxes := 19    
	   5 Input      1 Bit        Muxes := 2     
Module sng_port_arb 
Detailed RTL Component Info : 
+---Registers : 
	                1 Bit    Registers := 5     
+---Muxes : 
	   3 Input      2 Bit        Muxes := 1     
	   2 Input      2 Bit        Muxes := 4     
	   2 Input      1 Bit        Muxes := 2     
	   3 Input      1 Bit        Muxes := 9     
Module full_axi 
Detailed RTL Component Info : 
+---Adders : 
	   2 Input     10 Bit       Adders := 1     
+---Registers : 
	               11 Bit    Registers := 1     
+---Muxes : 
	   2 Input     11 Bit        Muxes := 3     
	   2 Input      4 Bit        Muxes := 1     
	   2 Input      1 Bit        Muxes := 1     
---------------------------------------------------------------------------------
Finished RTL Hierarchical Component Statistics
---------------------------------------------------------------------------------
---------------------------------------------------------------------------------
Start Part Resource Summary
---------------------------------------------------------------------------------
Part Resources:
DSPs: 220 (col length:60)
BRAMs: 280 (col length: RAMB18 60 RAMB36 30)
---------------------------------------------------------------------------------
Finished Part Resource Summary
---------------------------------------------------------------------------------
---------------------------------------------------------------------------------
Start Cross Boundary and Area Optimization
---------------------------------------------------------------------------------
Warning: Parallel synthesis criteria is not met 
INFO: [Synth 8-5546] ROM "ila_core_inst/xsdb_memory_read_inst/curr_read_block" won't be mapped to RAM because it is too sparse
INFO: [Synth 8-5546] ROM "ila_core_inst/xsdb_memory_read_inst/read_en" won't be mapped to RAM because it is too sparse
INFO: [Synth 8-5546] ROM "ila_core_inst/xsdb_memory_read_inst/read_addr" won't be mapped to RAM because it is too sparse
INFO: [Synth 8-5546] ROM "ila_core_inst/xsdb_memory_read_inst/curr_read_block" won't be mapped to RAM because it is too sparse
INFO: [Synth 8-5546] ROM "ila_core_inst/xsdb_memory_read_inst/read_en" won't be mapped to RAM because it is too sparse
INFO: [Synth 8-5546] ROM "ila_core_inst/xsdb_memory_read_inst/read_addr" won't be mapped to RAM because it is too sparse
INFO: [Synth 8-3936] Found unconnected internal register 'inst/gen_axilite.gen_b2s_conv.axilite_b2s/SI_REG/aw.aw_pipe/m_payload_i_reg' and it is trimmed from '73' to '65' bits. [c:/Users/hrish/Downloads/ReRAM_Thesis/Project Folder/ReRAM_AXI_Project/ReRAM_AXI_Project.srcs/sources_1/bd/system_bd/ipshared/0cde/hdl/axi_register_slice_v2_1_vl_rfs.v:422]
INFO: [Synth 8-3936] Found unconnected internal register 'inst/gen_axilite.gen_b2s_conv.axilite_b2s/SI_REG/ar.ar_pipe/m_payload_i_reg' and it is trimmed from '73' to '65' bits. [c:/Users/hrish/Downloads/ReRAM_Thesis/Project Folder/ReRAM_AXI_Project/ReRAM_AXI_Project.srcs/sources_1/bd/system_bd/ipshared/0cde/hdl/axi_register_slice_v2_1_vl_rfs.v:422]
INFO: [Synth 8-5546] ROM "gen_axi.s_axi_rlast_i" won't be mapped to RAM because it is too sparse
INFO: [Synth 8-5546] ROM "gen_axi.read_cs" won't be mapped to RAM because it is too sparse
INFO: [Synth 8-5546] ROM "U0/gext_inst.abcv4_0_ext_inst/GEN_AXI4.I_FULL_AXI/I_RD_CHNL/axi_rd_burst_two" won't be mapped to RAM because it is too sparse
INFO: [Synth 8-3332] Sequential element (ila_core_inst/xsdb_memory_read_inst/multiple_read_latency.read_enable_out_reg[0]) is unused and will be removed from module ila_v6_2_6_ila.
INFO: [Synth 8-3332] Sequential element (ila_core_inst/xsdb_memory_read_inst/multiple_enable_latency.enable_out_reg[0]) is unused and will be removed from module ila_v6_2_6_ila.
INFO: [Synth 8-3332] Sequential element (ila_core_inst/xsdb_memory_read_inst/multiple_read_latency.read_enable_out_reg[0]) is unused and will be removed from module ila_v6_2_6_ila__parameterized0.
INFO: [Synth 8-3332] Sequential element (ila_core_inst/xsdb_memory_read_inst/multiple_enable_latency.enable_out_reg[0]) is unused and will be removed from module ila_v6_2_6_ila__parameterized0.
INFO: [Synth 8-3333] propagating constant 0 across sequential element (system_bd_i/ila_0/inst/\ila_core_inst/u_ila_regs /\shift_reg1_reg[1008] )
INFO: [Synth 8-3333] propagating constant 0 across sequential element (system_bd_i/ila_0/inst/\ila_core_inst/u_ila_regs /\shift_reg0_reg[1008] )
INFO: [Synth 8-3333] propagating constant 0 across sequential element (system_bd_i/ila_0/inst/\ila_core_inst/u_ila_regs /\shift_reg1_reg[1009] )
INFO: [Synth 8-3333] propagating constant 0 across sequential element (system_bd_i/ila_0/inst/\ila_core_inst/u_ila_regs /\shift_reg0_reg[1009] )
INFO: [Synth 8-3333] propagating constant 0 across sequential element (system_bd_i/ila_0/inst/\ila_core_inst/u_ila_regs /\shift_reg1_reg[1010] )
INFO: [Synth 8-3333] propagating constant 0 across sequential element (system_bd_i/ila_0/inst/\ila_core_inst/u_ila_regs /\shift_reg0_reg[1010] )
INFO: [Synth 8-3333] propagating constant 0 across sequential element (system_bd_i/ila_0/inst/\ila_core_inst/u_ila_regs /\shift_reg1_reg[1011] )
INFO: [Synth 8-3333] propagating constant 0 across sequential element (system_bd_i/ila_0/inst/\ila_core_inst/u_ila_regs /\shift_reg0_reg[1011] )
INFO: [Synth 8-3333] propagating constant 0 across sequential element (system_bd_i/ila_0/inst/\ila_core_inst/u_ila_regs /\shift_reg1_reg[1012] )
INFO: [Synth 8-3333] propagating constant 0 across sequential element (system_bd_i/ila_0/inst/\ila_core_inst/u_ila_regs /\shift_reg0_reg[1012] )
INFO: [Synth 8-3333] propagating constant 0 across sequential element (system_bd_i/ila_0/inst/\ila_core_inst/u_ila_regs /\shift_reg1_reg[1013] )
INFO: [Synth 8-3333] propagating constant 0 across sequential element (system_bd_i/ila_0/inst/\ila_core_inst/u_ila_regs /\shift_reg0_reg[1013] )
INFO: [Synth 8-3333] propagating constant 0 across sequential element (system_bd_i/ila_0/inst/\ila_core_inst/u_ila_regs /\shift_reg1_reg[1014] )
INFO: [Synth 8-3333] propagating constant 0 across sequential element (system_bd_i/ila_0/inst/\ila_core_inst/u_ila_regs /\shift_reg0_reg[1014] )
INFO: [Synth 8-3333] propagating constant 0 across sequential element (system_bd_i/ila_0/inst/\ila_core_inst/u_ila_regs /\shift_reg1_reg[1015] )
INFO: [Synth 8-3333] propagating constant 0 across sequential element (system_bd_i/ila_0/inst/\ila_core_inst/u_ila_regs /\shift_reg0_reg[1015] )
INFO: [Synth 8-3333] propagating constant 0 across sequential element (system_bd_i/ila_0/inst/\ila_core_inst/u_ila_regs /\shift_reg1_reg[1016] )
INFO: [Synth 8-3333] propagating constant 0 across sequential element (system_bd_i/ila_0/inst/\ila_core_inst/u_ila_regs /\shift_reg0_reg[1016] )
INFO: [Synth 8-3333] propagating constant 0 across sequential element (system_bd_i/ila_0/inst/\ila_core_inst/u_ila_regs /\shift_reg1_reg[1017] )
INFO: [Synth 8-3333] propagating constant 0 across sequential element (system_bd_i/ila_0/inst/\ila_core_inst/u_ila_regs /\shift_reg0_reg[1017] )
INFO: [Synth 8-3333] propagating constant 0 across sequential element (system_bd_i/ila_0/inst/\ila_core_inst/u_ila_regs /\shift_reg1_reg[1018] )
INFO: [Synth 8-3333] propagating constant 0 across sequential element (system_bd_i/ila_0/inst/\ila_core_inst/u_ila_regs /\shift_reg0_reg[1018] )
INFO: [Synth 8-3333] propagating constant 0 across sequential element (system_bd_i/ila_0/inst/\ila_core_inst/u_ila_regs /\shift_reg1_reg[1019] )
INFO: [Synth 8-3333] propagating constant 0 across sequential element (system_bd_i/ila_0/inst/\ila_core_inst/u_ila_regs /\shift_reg0_reg[1019] )
INFO: [Synth 8-3333] propagating constant 0 across sequential element (system_bd_i/ila_0/inst/\ila_core_inst/u_ila_regs /\shift_reg1_reg[1020] )
INFO: [Synth 8-3333] propagating constant 0 across sequential element (system_bd_i/ila_0/inst/\ila_core_inst/u_ila_regs /\shift_reg0_reg[1020] )
INFO: [Synth 8-3333] propagating constant 0 across sequential element (system_bd_i/ila_0/inst/\ila_core_inst/u_ila_regs /\shift_reg1_reg[1021] )
INFO: [Synth 8-3333] propagating constant 0 across sequential element (system_bd_i/ila_0/inst/\ila_core_inst/u_ila_regs /\shift_reg0_reg[1021] )
INFO: [Synth 8-3333] propagating constant 0 across sequential element (system_bd_i/ila_0/inst/\ila_core_inst/u_ila_regs /\shift_reg1_reg[1022] )
INFO: [Synth 8-3333] propagating constant 0 across sequential element (system_bd_i/ila_0/inst/\ila_core_inst/u_ila_regs /\shift_reg0_reg[1022] )
INFO: [Synth 8-3333] propagating constant 0 across sequential element (system_bd_i/ila_0/inst/\ila_core_inst/u_ila_regs /\shift_reg1_reg[1023] )
INFO: [Synth 8-3333] propagating constant 0 across sequential element (system_bd_i/ila_0/inst/\ila_core_inst/u_ila_regs /\shift_reg0_reg[1023] )
INFO: [Synth 8-3333] propagating constant 0 across sequential element (system_bd_i/ila_0/inst/\ila_core_inst/u_trig/shift_cap_strg_qual_reg )
INFO: [Synth 8-3886] merging instance 'system_bd_i/ila_0/inst/ila_core_inst/u_ila_regs/slaveRegDo_ff8_reg[0]' (FDRE) to 'system_bd_i/ila_0/inst/ila_core_inst/u_ila_regs/slaveRegDo_ff8_reg[2]'
INFO: [Synth 8-3333] propagating constant 1 across sequential element (system_bd_i/ila_0/inst/\ila_core_inst/u_ila_regs /\slaveRegDo_ff7_reg[0] )
INFO: [Synth 8-3333] propagating constant 0 across sequential element (system_bd_i/ila_0/inst/\ila_core_inst/u_ila_regs /\reg_88f/I_EN_STAT_EQ1.U_STAT/xsdb_reg_reg[0] )
INFO: [Synth 8-3333] propagating constant 0 across sequential element (system_bd_i/ila_0/inst/\ila_core_inst/u_ila_regs /\reg_892/I_EN_STAT_EQ1.U_STAT/xsdb_reg_reg[0] )
INFO: [Synth 8-3333] propagating constant 0 across sequential element (system_bd_i/ila_0/inst/\ila_core_inst/u_ila_regs /\reg_887/I_EN_STAT_EQ1.U_STAT/xsdb_reg_reg[0] )
INFO: [Synth 8-3333] propagating constant 1 across sequential element (system_bd_i/ila_0/inst/\ila_core_inst/u_ila_regs /\N_DDR_MODE_MU1.MU_STATUS[43].mu_tpid_reg/I_EN_STAT_EQ1.U_STAT/xsdb_reg_reg[0] )
INFO: [Synth 8-3333] propagating constant 0 across sequential element (system_bd_i/ila_0/inst/\ila_core_inst/u_ila_regs /\N_DDR_MODE_MU1.MU_STATUS[42].mu_tpid_reg/I_EN_STAT_EQ1.U_STAT/xsdb_reg_reg[0] )
INFO: [Synth 8-3333] propagating constant 1 across sequential element (system_bd_i/ila_0/inst/\ila_core_inst/u_ila_regs /\N_DDR_MODE_MU1.MU_STATUS[41].mu_tpid_reg/I_EN_STAT_EQ1.U_STAT/xsdb_reg_reg[0] )
INFO: [Synth 8-3333] propagating constant 0 across sequential element (system_bd_i/ila_0/inst/\ila_core_inst/u_ila_regs /\N_DDR_MODE_MU1.MU_STATUS[40].mu_tpid_reg/I_EN_STAT_EQ1.U_STAT/xsdb_reg_reg[0] )
INFO: [Synth 8-3333] propagating constant 1 across sequential element (system_bd_i/ila_0/inst/\ila_core_inst/u_ila_regs /\N_DDR_MODE_MU1.MU_STATUS[39].mu_tpid_reg/I_EN_STAT_EQ1.U_STAT/xsdb_reg_reg[0] )
INFO: [Synth 8-3333] propagating constant 0 across sequential element (system_bd_i/ila_0/inst/\ila_core_inst/u_ila_regs /\N_DDR_MODE_MU1.MU_STATUS[38].mu_tpid_reg/I_EN_STAT_EQ1.U_STAT/xsdb_reg_reg[0] )
INFO: [Synth 8-3333] propagating constant 1 across sequential element (system_bd_i/ila_0/inst/\ila_core_inst/u_ila_regs /\N_DDR_MODE_MU1.MU_STATUS[37].mu_tpid_reg/I_EN_STAT_EQ1.U_STAT/xsdb_reg_reg[0] )
INFO: [Synth 8-3333] propagating constant 0 across sequential element (system_bd_i/ila_0/inst/\ila_core_inst/u_ila_regs /\N_DDR_MODE_MU1.MU_STATUS[36].mu_tpid_reg/I_EN_STAT_EQ1.U_STAT/xsdb_reg_reg[0] )
INFO: [Synth 8-3333] propagating constant 1 across sequential element (system_bd_i/ila_0/inst/\ila_core_inst/u_ila_regs /\N_DDR_MODE_MU1.MU_STATUS[35].mu_tpid_reg/I_EN_STAT_EQ1.U_STAT/xsdb_reg_reg[0] )
INFO: [Synth 8-3333] propagating constant 0 across sequential element (system_bd_i/ila_0/inst/\ila_core_inst/u_ila_regs /\N_DDR_MODE_MU1.MU_STATUS[34].mu_tpid_reg/I_EN_STAT_EQ1.U_STAT/xsdb_reg_reg[0] )
INFO: [Synth 8-3333] propagating constant 1 across sequential element (system_bd_i/ila_0/inst/\ila_core_inst/u_ila_regs /\N_DDR_MODE_MU1.MU_STATUS[33].mu_tpid_reg/I_EN_STAT_EQ1.U_STAT/xsdb_reg_reg[0] )
INFO: [Synth 8-3333] propagating constant 1 across sequential element (system_bd_i/ila_0/inst/\ila_core_inst/u_ila_regs /\N_DDR_MODE_MU1.MU_STATUS[31].mu_tpid_reg/I_EN_STAT_EQ1.U_STAT/xsdb_reg_reg[0] )
INFO: [Synth 8-3333] propagating constant 0 across sequential element (system_bd_i/ila_0/inst/\ila_core_inst/u_ila_regs /\N_DDR_MODE_MU1.MU_STATUS[30].mu_tpid_reg/I_EN_STAT_EQ1.U_STAT/xsdb_reg_reg[0] )
INFO: [Synth 8-3333] propagating constant 1 across sequential element (system_bd_i/ila_0/inst/\ila_core_inst/u_ila_regs /\N_DDR_MODE_MU1.MU_STATUS[29].mu_tpid_reg/I_EN_STAT_EQ1.U_STAT/xsdb_reg_reg[0] )
INFO: [Synth 8-3333] propagating constant 0 across sequential element (system_bd_i/ila_0/inst/\ila_core_inst/u_ila_regs /\N_DDR_MODE_MU1.MU_STATUS[28].mu_tpid_reg/I_EN_STAT_EQ1.U_STAT/xsdb_reg_reg[0] )
INFO: [Synth 8-3333] propagating constant 1 across sequential element (system_bd_i/ila_0/inst/\ila_core_inst/u_ila_regs /\N_DDR_MODE_MU1.MU_STATUS[27].mu_tpid_reg/I_EN_STAT_EQ1.U_STAT/xsdb_reg_reg[0] )
INFO: [Synth 8-3333] propagating constant 0 across sequential element (system_bd_i/ila_0/inst/\ila_core_inst/u_ila_regs /\N_DDR_MODE_MU1.MU_STATUS[26].mu_tpid_reg/I_EN_STAT_EQ1.U_STAT/xsdb_reg_reg[0] )
INFO: [Synth 8-3333] propagating constant 1 across sequential element (system_bd_i/ila_0/inst/\ila_core_inst/u_ila_regs /\N_DDR_MODE_MU1.MU_STATUS[25].mu_tpid_reg/I_EN_STAT_EQ1.U_STAT/xsdb_reg_reg[0] )
INFO: [Synth 8-3333] propagating constant 0 across sequential element (system_bd_i/ila_0/inst/\ila_core_inst/u_ila_regs /\N_DDR_MODE_MU1.MU_STATUS[24].mu_tpid_reg/I_EN_STAT_EQ1.U_STAT/xsdb_reg_reg[0] )
INFO: [Synth 8-3333] propagating constant 1 across sequential element (system_bd_i/ila_0/inst/\ila_core_inst/u_ila_regs /\N_DDR_MODE_MU1.MU_STATUS[23].mu_tpid_reg/I_EN_STAT_EQ1.U_STAT/xsdb_reg_reg[0] )
INFO: [Synth 8-3333] propagating constant 0 across sequential element (system_bd_i/ila_0/inst/\ila_core_inst/u_ila_regs /\N_DDR_MODE_MU1.MU_STATUS[22].mu_tpid_reg/I_EN_STAT_EQ1.U_STAT/xsdb_reg_reg[0] )
INFO: [Synth 8-3333] propagating constant 1 across sequential element (system_bd_i/ila_0/inst/\ila_core_inst/u_ila_regs /\N_DDR_MODE_MU1.MU_STATUS[21].mu_tpid_reg/I_EN_STAT_EQ1.U_STAT/xsdb_reg_reg[0] )
INFO: [Synth 8-3333] propagating constant 0 across sequential element (system_bd_i/ila_0/inst/\ila_core_inst/u_ila_regs /\N_DDR_MODE_MU1.MU_STATUS[20].mu_tpid_reg/I_EN_STAT_EQ1.U_STAT/xsdb_reg_reg[0] )
INFO: [Synth 8-3333] propagating constant 1 across sequential element (system_bd_i/ila_0/inst/\ila_core_inst/u_ila_regs /\N_DDR_MODE_MU1.MU_STATUS[19].mu_tpid_reg/I_EN_STAT_EQ1.U_STAT/xsdb_reg_reg[0] )
INFO: [Synth 8-3333] propagating constant 0 across sequential element (system_bd_i/ila_0/inst/\ila_core_inst/u_ila_regs /\N_DDR_MODE_MU1.MU_STATUS[18].mu_tpid_reg/I_EN_STAT_EQ1.U_STAT/xsdb_reg_reg[0] )
INFO: [Synth 8-3333] propagating constant 1 across sequential element (system_bd_i/ila_0/inst/\ila_core_inst/u_ila_regs /\N_DDR_MODE_MU1.MU_STATUS[17].mu_tpid_reg/I_EN_STAT_EQ1.U_STAT/xsdb_reg_reg[0] )
INFO: [Synth 8-3333] propagating constant 0 across sequential element (system_bd_i/ila_0/inst/\ila_core_inst/u_ila_regs /\N_DDR_MODE_MU1.MU_STATUS[16].mu_tpid_reg/I_EN_STAT_EQ1.U_STAT/xsdb_reg_reg[0] )
INFO: [Synth 8-3333] propagating constant 1 across sequential element (system_bd_i/ila_0/inst/\ila_core_inst/u_ila_regs /\N_DDR_MODE_MU1.MU_STATUS[15].mu_tpid_reg/I_EN_STAT_EQ1.U_STAT/xsdb_reg_reg[0] )
INFO: [Synth 8-3333] propagating constant 0 across sequential element (system_bd_i/ila_0/inst/\ila_core_inst/u_ila_regs /\N_DDR_MODE_MU1.MU_STATUS[14].mu_tpid_reg/I_EN_STAT_EQ1.U_STAT/xsdb_reg_reg[0] )
INFO: [Synth 8-3333] propagating constant 1 across sequential element (system_bd_i/ila_0/inst/\ila_core_inst/u_ila_regs /\N_DDR_MODE_MU1.MU_STATUS[5].mu_tpid_reg/I_EN_STAT_EQ1.U_STAT/xsdb_reg_reg[0] )
INFO: [Synth 8-3333] propagating constant 0 across sequential element (system_bd_i/ila_0/inst/\ila_core_inst/u_ila_regs /\N_DDR_MODE_MU1.MU_STATUS[4].mu_tpid_reg/I_EN_STAT_EQ1.U_STAT/xsdb_reg_reg[0] )
INFO: [Synth 8-3333] propagating constant 1 across sequential element (system_bd_i/ila_0/inst/\ila_core_inst/u_ila_regs /\N_DDR_MODE_MU1.MU_STATUS[3].mu_tpid_reg/I_EN_STAT_EQ1.U_STAT/xsdb_reg_reg[0] )
INFO: [Synth 8-3333] propagating constant 0 across sequential element (system_bd_i/ila_0/inst/\ila_core_inst/u_ila_regs /\N_DDR_MODE_MU1.MU_STATUS[2].mu_tpid_reg/I_EN_STAT_EQ1.U_STAT/xsdb_reg_reg[0] )
INFO: [Synth 8-3333] propagating constant 1 across sequential element (system_bd_i/ila_0/inst/\ila_core_inst/u_ila_regs /\N_DDR_MODE_MU1.MU_STATUS[13].mu_tpid_reg/I_EN_STAT_EQ1.U_STAT/xsdb_reg_reg[0] )
INFO: [Synth 8-3333] propagating constant 0 across sequential element (system_bd_i/ila_0/inst/\ila_core_inst/u_ila_regs /\N_DDR_MODE_MU1.MU_STATUS[12].mu_tpid_reg/I_EN_STAT_EQ1.U_STAT/xsdb_reg_reg[0] )
INFO: [Synth 8-3333] propagating constant 1 across sequential element (system_bd_i/ila_0/inst/\ila_core_inst/u_ila_regs /\N_DDR_MODE_MU1.MU_STATUS[11].mu_tpid_reg/I_EN_STAT_EQ1.U_STAT/xsdb_reg_reg[0] )
INFO: [Synth 8-3333] propagating constant 0 across sequential element (system_bd_i/ila_0/inst/\ila_core_inst/u_ila_regs /\N_DDR_MODE_MU1.MU_STATUS[10].mu_tpid_reg/I_EN_STAT_EQ1.U_STAT/xsdb_reg_reg[0] )
INFO: [Synth 8-3333] propagating constant 0 across sequential element (system_bd_i/ila_0/inst/\ila_core_inst/u_ila_regs /\N_DDR_MODE_MU1.MU_STATUS[32].mu_tpid_reg/I_EN_STAT_EQ1.U_STAT/xsdb_reg_reg[0] )
INFO: [Synth 8-3333] propagating constant 1 across sequential element (system_bd_i/ila_0/inst/\ila_core_inst/u_ila_regs /\N_DDR_MODE_MU1.MU_STATUS[9].mu_tpid_reg/I_EN_STAT_EQ1.U_STAT/xsdb_reg_reg[0] )
INFO: [Synth 8-3333] propagating constant 0 across sequential element (system_bd_i/ila_0/inst/\ila_core_inst/u_ila_regs /\N_DDR_MODE_MU1.MU_STATUS[8].mu_tpid_reg/I_EN_STAT_EQ1.U_STAT/xsdb_reg_reg[0] )
INFO: [Synth 8-3333] propagating constant 1 across sequential element (system_bd_i/ila_0/inst/\ila_core_inst/u_ila_regs /\N_DDR_MODE_MU1.MU_STATUS[7].mu_tpid_reg/I_EN_STAT_EQ1.U_STAT/xsdb_reg_reg[0] )
INFO: [Synth 8-3333] propagating constant 0 across sequential element (system_bd_i/ila_0/inst/\ila_core_inst/u_ila_regs /\N_DDR_MODE_MU1.MU_STATUS[6].mu_tpid_reg/I_EN_STAT_EQ1.U_STAT/xsdb_reg_reg[0] )
INFO: [Synth 8-3333] propagating constant 0 across sequential element (system_bd_i/ila_0/inst/\ila_core_inst/u_ila_regs /\reg_14/I_EN_STAT_EQ1.U_STAT/xsdb_reg_reg[0] )
INFO: [Synth 8-3333] propagating constant 0 across sequential element (system_bd_i/ila_0/inst/\ila_core_inst/u_ila_regs /\reg_13/I_EN_STAT_EQ1.U_STAT/xsdb_reg_reg[0] )
INFO: [Synth 8-3333] propagating constant 0 across sequential element (system_bd_i/ila_0/inst/\ila_core_inst/u_ila_regs /\reg_12/I_EN_STAT_EQ1.U_STAT/xsdb_reg_reg[0] )
INFO: [Synth 8-3333] propagating constant 0 across sequential element (system_bd_i/ila_0/inst/\ila_core_inst/u_ila_regs /\reg_11/I_EN_STAT_EQ1.U_STAT/xsdb_reg_reg[0] )
INFO: [Synth 8-3333] propagating constant 0 across sequential element (system_bd_i/ila_0/inst/\ila_core_inst/u_ila_regs /\reg_10/I_EN_STAT_EQ1.U_STAT/xsdb_reg_reg[0] )
INFO: [Synth 8-3333] propagating constant 0 across sequential element (system_bd_i/ila_0/inst/\ila_core_inst/u_ila_regs /\reg_f/I_EN_STAT_EQ1.U_STAT/xsdb_reg_reg[0] )
INFO: [Synth 8-3333] propagating constant 0 across sequential element (system_bd_i/ila_0/inst/\ila_core_inst/u_ila_regs /\reg_e/I_EN_STAT_EQ1.U_STAT/xsdb_reg_reg[0] )
INFO: [Synth 8-3333] propagating constant 0 across sequential element (system_bd_i/ila_0/inst/\ila_core_inst/u_ila_regs /\reg_d/I_EN_STAT_EQ1.U_STAT/xsdb_reg_reg[0] )
INFO: [Synth 8-3333] propagating constant 0 across sequential element (system_bd_i/ila_0/inst/\ila_core_inst/u_ila_regs /\reg_c/I_EN_STAT_EQ1.U_STAT/xsdb_reg_reg[0] )
INFO: [Synth 8-3333] propagating constant 0 across sequential element (system_bd_i/ila_0/inst/\ila_core_inst/u_ila_regs /\reg_b/I_EN_STAT_EQ1.U_STAT/xsdb_reg_reg[0] )
INFO: [Synth 8-3333] propagating constant 0 across sequential element (system_bd_i/ila_0/inst/\ila_core_inst/u_ila_regs /\reg_a/I_EN_STAT_EQ1.U_STAT/xsdb_reg_reg[0] )
INFO: [Synth 8-3333] propagating constant 1 across sequential element (system_bd_i/ila_0/inst/\ila_core_inst/u_ila_regs /\reg_4/I_EN_STAT_EQ1.U_STAT/xsdb_reg_reg[0] )
INFO: [Synth 8-3333] propagating constant 0 across sequential element (system_bd_i/ila_0/inst/\ila_core_inst/u_ila_regs /\reg_3/I_EN_STAT_EQ1.U_STAT/xsdb_reg_reg[0] )
INFO: [Synth 8-3333] propagating constant 0 across sequential element (system_bd_i/ila_0/inst/\ila_core_inst/u_ila_regs /\reg_2/I_EN_STAT_EQ1.U_STAT/xsdb_reg_reg[0] )
INFO: [Synth 8-3333] propagating constant 0 across sequential element (system_bd_i/ila_0/inst/\ila_core_inst/u_ila_regs /\reg_1/I_EN_STAT_EQ1.U_STAT/xsdb_reg_reg[0] )
INFO: [Synth 8-3333] propagating constant 1 across sequential element (system_bd_i/ila_0/inst/\ila_core_inst/u_ila_regs /\reg_0/I_EN_STAT_EQ1.U_STAT/xsdb_reg_reg[0] )
INFO: [Synth 8-3886] merging instance 'system_bd_i/ila_0/inst/ila_core_inst/u_ila_regs/slaveRegDo_ff8_reg[1]' (FDRE) to 'system_bd_i/ila_0/inst/ila_core_inst/u_ila_regs/slaveRegDo_ff8_reg[9]'
INFO: [Synth 8-3333] propagating constant 0 across sequential element (system_bd_i/ila_0/inst/\ila_core_inst/u_ila_regs /\slaveRegDo_ff7_reg[1] )
INFO: [Synth 8-3333] propagating constant 0 across sequential element (system_bd_i/ila_0/inst/\ila_core_inst/u_ila_regs /\reg_88f/I_EN_STAT_EQ1.U_STAT/xsdb_reg_reg[1] )
INFO: [Synth 8-3333] propagating constant 0 across sequential element (system_bd_i/ila_0/inst/\ila_core_inst/u_ila_regs /\reg_892/I_EN_STAT_EQ1.U_STAT/xsdb_reg_reg[1] )
INFO: [Synth 8-3333] propagating constant 0 across sequential element (system_bd_i/ila_0/inst/\ila_core_inst/u_ila_regs /\reg_887/I_EN_STAT_EQ1.U_STAT/xsdb_reg_reg[1] )
INFO: [Synth 8-3333] propagating constant 1 across sequential element (system_bd_i/ila_0/inst/\ila_core_inst/u_ila_regs /\N_DDR_MODE_MU1.MU_STATUS[43].mu_tpid_reg/I_EN_STAT_EQ1.U_STAT/xsdb_reg_reg[1] )
INFO: [Common 17-14] Message 'Synth 8-3333' appears 100 times and further instances of the messages will be disabled. Use the Tcl command set_msg_config to change the current settings.
INFO: [Synth 8-3886] merging instance 'system_bd_i/ila_0/inst/ila_core_inst/u_ila_regs/slaveRegDo_ff8_reg[2]' (FDRE) to 'system_bd_i/ila_0/inst/ila_core_inst/u_ila_regs/slaveRegDo_ff8_reg[8]'
INFO: [Synth 8-3886] merging instance 'system_bd_i/ila_0/inst/ila_core_inst/u_ila_regs/slaveRegDo_ff8_reg[3]' (FDRE) to 'system_bd_i/ila_0/inst/ila_core_inst/u_ila_regs/slaveRegDo_ff8_reg[9]'
INFO: [Synth 8-3886] merging instance 'system_bd_i/ila_0/inst/ila_core_inst/u_ila_regs/slaveRegDo_ff8_reg[4]' (FDRE) to 'system_bd_i/ila_0/inst/ila_core_inst/u_ila_regs/slaveRegDo_ff8_reg[9]'
INFO: [Synth 8-3886] merging instance 'system_bd_i/ila_0/inst/ila_core_inst/u_ila_regs/slaveRegDo_ff8_reg[5]' (FDRE) to 'system_bd_i/ila_0/inst/ila_core_inst/u_ila_regs/slaveRegDo_ff8_reg[9]'
INFO: [Synth 8-3886] merging instance 'system_bd_i/ila_0/inst/ila_core_inst/u_ila_regs/slaveRegDo_ff8_reg[6]' (FDRE) to 'system_bd_i/ila_0/inst/ila_core_inst/u_ila_regs/slaveRegDo_ff8_reg[9]'
INFO: [Synth 8-3886] merging instance 'system_bd_i/ila_0/inst/ila_core_inst/u_ila_regs/slaveRegDo_ff8_reg[8]' (FDRE) to 'system_bd_i/ila_0/inst/ila_core_inst/u_ila_regs/slaveRegDo_ff8_reg[10]'
INFO: [Synth 8-3886] merging instance 'system_bd_i/ila_0/inst/ila_core_inst/u_ila_regs/slaveRegDo_ff8_reg[10]' (FDRE) to 'system_bd_i/ila_0/inst/ila_core_inst/u_ila_regs/slaveRegDo_ff8_reg[11]'
INFO: [Synth 8-3886] merging instance 'system_bd_i/ila_0/inst/ila_core_inst/u_ila_regs/slaveRegDo_ff8_reg[12]' (FDSE) to 'system_bd_i/ila_0/inst/ila_core_inst/u_ila_regs/slaveRegDo_ff8_reg[15]'
INFO: [Synth 8-3886] merging instance 'system_bd_i/ila_0/inst/ila_core_inst/u_ila_regs/slaveRegDo_ff8_reg[13]' (FDSE) to 'system_bd_i/ila_0/inst/ila_core_inst/u_ila_regs/slaveRegDo_ff8_reg[15]'
INFO: [Synth 8-3886] merging instance 'system_bd_i/ila_0/inst/ila_core_inst/u_ila_regs/slaveRegDo_ff8_reg[14]' (FDSE) to 'system_bd_i/ila_0/inst/ila_core_inst/u_ila_regs/slaveRegDo_ff8_reg[15]'
INFO: [Synth 8-3332] Sequential element (reg_stream_ffd/I_EN_CTL_EQ1.temp_en_reg) is unused and will be removed from module ila_v6_2_6_ila_register.
INFO: [Synth 8-3332] Sequential element (FSM_BRAM_ADDR_O_reg[16]) is unused and will be removed from module ila_v6_2_6_ila_register.
INFO: [Synth 8-3332] Sequential element (FSM_BRAM_ADDR_O_reg[15]) is unused and will be removed from module ila_v6_2_6_ila_register.
INFO: [Synth 8-3332] Sequential element (FSM_BRAM_ADDR_O_reg[14]) is unused and will be removed from module ila_v6_2_6_ila_register.
INFO: [Synth 8-3332] Sequential element (FSM_BRAM_ADDR_O_reg[13]) is unused and will be removed from module ila_v6_2_6_ila_register.
INFO: [Synth 8-3332] Sequential element (FSM_BRAM_ADDR_O_reg[12]) is unused and will be removed from module ila_v6_2_6_ila_register.
INFO: [Synth 8-3332] Sequential element (FSM_BRAM_ADDR_O_reg[11]) is unused and will be removed from module ila_v6_2_6_ila_register.
INFO: [Synth 8-3332] Sequential element (FSM_BRAM_ADDR_O_reg[10]) is unused and will be removed from module ila_v6_2_6_ila_register.
INFO: [Synth 8-3332] Sequential element (FSM_BRAM_ADDR_O_reg[9]) is unused and will be removed from module ila_v6_2_6_ila_register.
INFO: [Synth 8-3332] Sequential element (FSM_BRAM_ADDR_O_reg[8]) is unused and will be removed from module ila_v6_2_6_ila_register.
INFO: [Synth 8-3332] Sequential element (FSM_BRAM_ADDR_O_reg[7]) is unused and will be removed from module ila_v6_2_6_ila_register.
INFO: [Synth 8-3332] Sequential element (FSM_BRAM_ADDR_O_reg[6]) is unused and will be removed from module ila_v6_2_6_ila_register.
INFO: [Synth 8-3332] Sequential element (FSM_BRAM_ADDR_O_reg[5]) is unused and will be removed from module ila_v6_2_6_ila_register.
INFO: [Synth 8-3332] Sequential element (FSM_BRAM_ADDR_O_reg[4]) is unused and will be removed from module ila_v6_2_6_ila_register.
INFO: [Synth 8-3332] Sequential element (FSM_BRAM_ADDR_O_reg[3]) is unused and will be removed from module ila_v6_2_6_ila_register.
INFO: [Synth 8-3332] Sequential element (FSM_BRAM_ADDR_O_reg[2]) is unused and will be removed from module ila_v6_2_6_ila_register.
INFO: [Synth 8-3332] Sequential element (FSM_BRAM_ADDR_O_reg[1]) is unused and will be removed from module ila_v6_2_6_ila_register.
INFO: [Synth 8-3332] Sequential element (FSM_BRAM_ADDR_O_reg[0]) is unused and will be removed from module ila_v6_2_6_ila_register.
INFO: [Synth 8-3332] Sequential element (FSM_BRAM_WE_O_reg) is unused and will be removed from module ila_v6_2_6_ila_register.
INFO: [Synth 8-3332] Sequential element (FSM_BRAM_EN_RB_O_reg) is unused and will be removed from module ila_v6_2_6_ila_register.
INFO: [Synth 8-3332] Sequential element (slaveRegDo_ff7_reg[15]) is unused and will be removed from module ila_v6_2_6_ila_register.
INFO: [Synth 8-3332] Sequential element (slaveRegDo_ff7_reg[14]) is unused and will be removed from module ila_v6_2_6_ila_register.
INFO: [Synth 8-3332] Sequential element (slaveRegDo_ff7_reg[13]) is unused and will be removed from module ila_v6_2_6_ila_register.
INFO: [Synth 8-3332] Sequential element (slaveRegDo_ff7_reg[12]) is unused and will be removed from module ila_v6_2_6_ila_register.
INFO: [Synth 8-3332] Sequential element (slaveRegDo_ff7_reg[11]) is unused and will be removed from module ila_v6_2_6_ila_register.
INFO: [Synth 8-3332] Sequential element (slaveRegDo_ff7_reg[10]) is unused and will be removed from module ila_v6_2_6_ila_register.
INFO: [Synth 8-3332] Sequential element (slaveRegDo_ff7_reg[9]) is unused and will be removed from module ila_v6_2_6_ila_register.
INFO: [Synth 8-3332] Sequential element (slaveRegDo_ff7_reg[8]) is unused and will be removed from module ila_v6_2_6_ila_register.
INFO: [Synth 8-3332] Sequential element (slaveRegDo_ff7_reg[7]) is unused and will be removed from module ila_v6_2_6_ila_register.
INFO: [Synth 8-3332] Sequential element (slaveRegDo_ff7_reg[6]) is unused and will be removed from module ila_v6_2_6_ila_register.
INFO: [Synth 8-3332] Sequential element (slaveRegDo_ff7_reg[5]) is unused and will be removed from module ila_v6_2_6_ila_register.
INFO: [Synth 8-3332] Sequential element (slaveRegDo_ff7_reg[4]) is unused and will be removed from module ila_v6_2_6_ila_register.
INFO: [Synth 8-3332] Sequential element (slaveRegDo_ff7_reg[3]) is unused and will be removed from module ila_v6_2_6_ila_register.
INFO: [Synth 8-3332] Sequential element (slaveRegDo_ff7_reg[2]) is unused and will be removed from module ila_v6_2_6_ila_register.
INFO: [Synth 8-3332] Sequential element (slaveRegDo_ff7_reg[1]) is unused and will be removed from module ila_v6_2_6_ila_register.
INFO: [Synth 8-3332] Sequential element (slaveRegDo_ff7_reg[0]) is unused and will be removed from module ila_v6_2_6_ila_register.
INFO: [Synth 8-3332] Sequential element (slaveRegDo_ff8_reg[11]) is unused and will be removed from module ila_v6_2_6_ila_register.
INFO: [Synth 8-3332] Sequential element (slaveRegDo_ff8_reg[7]) is unused and will be removed from module ila_v6_2_6_ila_register.
INFO: [Synth 8-3332] Sequential element (shift_reg0_reg[1023]) is unused and will be removed from module ila_v6_2_6_ila_register.
INFO: [Synth 8-3332] Sequential element (shift_reg0_reg[1022]) is unused and will be removed from module ila_v6_2_6_ila_register.
INFO: [Synth 8-3332] Sequential element (shift_reg0_reg[1021]) is unused and will be removed from module ila_v6_2_6_ila_register.
INFO: [Synth 8-3332] Sequential element (shift_reg0_reg[1020]) is unused and will be removed from module ila_v6_2_6_ila_register.
INFO: [Synth 8-3332] Sequential element (shift_reg0_reg[1019]) is unused and will be removed from module ila_v6_2_6_ila_register.
INFO: [Synth 8-3332] Sequential element (shift_reg0_reg[1018]) is unused and will be removed from module ila_v6_2_6_ila_register.
INFO: [Synth 8-3332] Sequential element (shift_reg0_reg[1017]) is unused and will be removed from module ila_v6_2_6_ila_register.
INFO: [Synth 8-3332] Sequential element (shift_reg0_reg[1016]) is unused and will be removed from module ila_v6_2_6_ila_register.
INFO: [Synth 8-3332] Sequential element (shift_reg0_reg[1015]) is unused and will be removed from module ila_v6_2_6_ila_register.
INFO: [Synth 8-3332] Sequential element (shift_reg0_reg[1014]) is unused and will be removed from module ila_v6_2_6_ila_register.
INFO: [Synth 8-3332] Sequential element (shift_reg0_reg[1013]) is unused and will be removed from module ila_v6_2_6_ila_register.
INFO: [Synth 8-3332] Sequential element (shift_reg0_reg[1012]) is unused and will be removed from module ila_v6_2_6_ila_register.
INFO: [Synth 8-3332] Sequential element (shift_reg0_reg[1011]) is unused and will be removed from module ila_v6_2_6_ila_register.
INFO: [Synth 8-3332] Sequential element (shift_reg0_reg[1010]) is unused and will be removed from module ila_v6_2_6_ila_register.
INFO: [Synth 8-3332] Sequential element (shift_reg0_reg[1009]) is unused and will be removed from module ila_v6_2_6_ila_register.
INFO: [Synth 8-3332] Sequential element (shift_reg0_reg[1008]) is unused and will be removed from module ila_v6_2_6_ila_register.
INFO: [Synth 8-3332] Sequential element (shift_reg0_reg[1007]) is unused and will be removed from module ila_v6_2_6_ila_register.
INFO: [Synth 8-3332] Sequential element (shift_reg0_reg[1006]) is unused and will be removed from module ila_v6_2_6_ila_register.
INFO: [Synth 8-3332] Sequential element (shift_reg0_reg[1005]) is unused and will be removed from module ila_v6_2_6_ila_register.
INFO: [Synth 8-3332] Sequential element (shift_reg0_reg[1004]) is unused and will be removed from module ila_v6_2_6_ila_register.
INFO: [Synth 8-3332] Sequential element (shift_reg0_reg[1003]) is unused and will be removed from module ila_v6_2_6_ila_register.
INFO: [Synth 8-3332] Sequential element (shift_reg0_reg[1002]) is unused and will be removed from module ila_v6_2_6_ila_register.
INFO: [Synth 8-3332] Sequential element (shift_reg0_reg[1001]) is unused and will be removed from module ila_v6_2_6_ila_register.
INFO: [Synth 8-3332] Sequential element (shift_reg0_reg[1000]) is unused and will be removed from module ila_v6_2_6_ila_register.
INFO: [Synth 8-3332] Sequential element (shift_reg0_reg[999]) is unused and will be removed from module ila_v6_2_6_ila_register.
INFO: [Synth 8-3332] Sequential element (shift_reg0_reg[998]) is unused and will be removed from module ila_v6_2_6_ila_register.
INFO: [Synth 8-3332] Sequential element (shift_reg0_reg[997]) is unused and will be removed from module ila_v6_2_6_ila_register.
INFO: [Synth 8-3332] Sequential element (shift_reg0_reg[996]) is unused and will be removed from module ila_v6_2_6_ila_register.
INFO: [Synth 8-3332] Sequential element (shift_reg0_reg[995]) is unused and will be removed from module ila_v6_2_6_ila_register.
INFO: [Synth 8-3332] Sequential element (shift_reg0_reg[994]) is unused and will be removed from module ila_v6_2_6_ila_register.
INFO: [Synth 8-3332] Sequential element (shift_reg0_reg[993]) is unused and will be removed from module ila_v6_2_6_ila_register.
INFO: [Synth 8-3332] Sequential element (shift_reg0_reg[992]) is unused and will be removed from module ila_v6_2_6_ila_register.
INFO: [Synth 8-3332] Sequential element (shift_reg0_reg[991]) is unused and will be removed from module ila_v6_2_6_ila_register.
INFO: [Synth 8-3332] Sequential element (shift_reg0_reg[990]) is unused and will be removed from module ila_v6_2_6_ila_register.
INFO: [Synth 8-3332] Sequential element (shift_reg0_reg[989]) is unused and will be removed from module ila_v6_2_6_ila_register.
INFO: [Synth 8-3332] Sequential element (shift_reg0_reg[988]) is unused and will be removed from module ila_v6_2_6_ila_register.
INFO: [Synth 8-3332] Sequential element (shift_reg0_reg[987]) is unused and will be removed from module ila_v6_2_6_ila_register.
INFO: [Synth 8-3332] Sequential element (shift_reg0_reg[986]) is unused and will be removed from module ila_v6_2_6_ila_register.
INFO: [Synth 8-3332] Sequential element (shift_reg0_reg[985]) is unused and will be removed from module ila_v6_2_6_ila_register.
INFO: [Synth 8-3332] Sequential element (shift_reg0_reg[984]) is unused and will be removed from module ila_v6_2_6_ila_register.
INFO: [Synth 8-3332] Sequential element (shift_reg0_reg[983]) is unused and will be removed from module ila_v6_2_6_ila_register.
INFO: [Synth 8-3332] Sequential element (shift_reg0_reg[982]) is unused and will be removed from module ila_v6_2_6_ila_register.
INFO: [Synth 8-3332] Sequential element (shift_reg0_reg[981]) is unused and will be removed from module ila_v6_2_6_ila_register.
INFO: [Synth 8-3332] Sequential element (shift_reg0_reg[980]) is unused and will be removed from module ila_v6_2_6_ila_register.
INFO: [Synth 8-3332] Sequential element (shift_reg0_reg[979]) is unused and will be removed from module ila_v6_2_6_ila_register.
INFO: [Synth 8-3332] Sequential element (shift_reg0_reg[978]) is unused and will be removed from module ila_v6_2_6_ila_register.
INFO: [Synth 8-3332] Sequential element (shift_reg0_reg[977]) is unused and will be removed from module ila_v6_2_6_ila_register.
INFO: [Synth 8-3332] Sequential element (shift_reg0_reg[976]) is unused and will be removed from module ila_v6_2_6_ila_register.
INFO: [Synth 8-3332] Sequential element (shift_reg0_reg[975]) is unused and will be removed from module ila_v6_2_6_ila_register.
INFO: [Synth 8-3332] Sequential element (shift_reg0_reg[974]) is unused and will be removed from module ila_v6_2_6_ila_register.
INFO: [Synth 8-3332] Sequential element (shift_reg0_reg[973]) is unused and will be removed from module ila_v6_2_6_ila_register.
INFO: [Synth 8-3332] Sequential element (shift_reg0_reg[972]) is unused and will be removed from module ila_v6_2_6_ila_register.
INFO: [Synth 8-3332] Sequential element (shift_reg0_reg[971]) is unused and will be removed from module ila_v6_2_6_ila_register.
INFO: [Synth 8-3332] Sequential element (shift_reg0_reg[970]) is unused and will be removed from module ila_v6_2_6_ila_register.
INFO: [Synth 8-3332] Sequential element (shift_reg0_reg[969]) is unused and will be removed from module ila_v6_2_6_ila_register.
INFO: [Synth 8-3332] Sequential element (shift_reg0_reg[968]) is unused and will be removed from module ila_v6_2_6_ila_register.
INFO: [Synth 8-3332] Sequential element (shift_reg0_reg[967]) is unused and will be removed from module ila_v6_2_6_ila_register.
INFO: [Synth 8-3332] Sequential element (shift_reg0_reg[966]) is unused and will be removed from module ila_v6_2_6_ila_register.
INFO: [Common 17-14] Message 'Synth 8-3332' appears 100 times and further instances of the messages will be disabled. Use the Tcl command set_msg_config to change the current settings.
INFO: [Synth 8-3886] merging instance 'system_bd_i/i_0/ila_1/inst/ila_core_inst/u_ila_regs/slaveRegDo_ff8_reg[0]' (FDRE) to 'system_bd_i/i_0/ila_1/inst/ila_core_inst/u_ila_regs/slaveRegDo_ff8_reg[2]'
INFO: [Synth 8-3886] merging instance 'system_bd_i/i_0/ila_1/inst/ila_core_inst/u_ila_regs/slaveRegDo_ff8_reg[1]' (FDRE) to 'system_bd_i/i_0/ila_1/inst/ila_core_inst/u_ila_regs/slaveRegDo_ff8_reg[9]'
INFO: [Synth 8-3886] merging instance 'system_bd_i/i_0/ila_1/inst/ila_core_inst/u_ila_regs/slaveRegDo_ff8_reg[2]' (FDRE) to 'system_bd_i/i_0/ila_1/inst/ila_core_inst/u_ila_regs/slaveRegDo_ff8_reg[8]'
INFO: [Synth 8-3886] merging instance 'system_bd_i/i_0/ila_1/inst/ila_core_inst/u_ila_regs/slaveRegDo_ff8_reg[3]' (FDRE) to 'system_bd_i/i_0/ila_1/inst/ila_core_inst/u_ila_regs/slaveRegDo_ff8_reg[9]'
INFO: [Synth 8-3886] merging instance 'system_bd_i/i_0/ila_1/inst/ila_core_inst/u_ila_regs/slaveRegDo_ff8_reg[4]' (FDRE) to 'system_bd_i/i_0/ila_1/inst/ila_core_inst/u_ila_regs/slaveRegDo_ff8_reg[9]'
INFO: [Synth 8-3886] merging instance 'system_bd_i/i_0/ila_1/inst/ila_core_inst/u_ila_regs/slaveRegDo_ff8_reg[5]' (FDRE) to 'system_bd_i/i_0/ila_1/inst/ila_core_inst/u_ila_regs/slaveRegDo_ff8_reg[9]'
INFO: [Synth 8-3886] merging instance 'system_bd_i/i_0/ila_1/inst/ila_core_inst/u_ila_regs/slaveRegDo_ff8_reg[6]' (FDRE) to 'system_bd_i/i_0/ila_1/inst/ila_core_inst/u_ila_regs/slaveRegDo_ff8_reg[9]'
INFO: [Synth 8-3886] merging instance 'system_bd_i/i_0/ila_1/inst/ila_core_inst/u_ila_regs/slaveRegDo_ff8_reg[8]' (FDRE) to 'system_bd_i/i_0/ila_1/inst/ila_core_inst/u_ila_regs/slaveRegDo_ff8_reg[10]'
INFO: [Synth 8-3886] merging instance 'system_bd_i/i_0/ila_1/inst/ila_core_inst/u_ila_regs/slaveRegDo_ff8_reg[10]' (FDRE) to 'system_bd_i/i_0/ila_1/inst/ila_core_inst/u_ila_regs/slaveRegDo_ff8_reg[11]'
INFO: [Synth 8-3886] merging instance 'system_bd_i/i_0/ila_1/inst/ila_core_inst/u_ila_regs/slaveRegDo_ff8_reg[12]' (FDSE) to 'system_bd_i/i_0/ila_1/inst/ila_core_inst/u_ila_regs/slaveRegDo_ff8_reg[15]'
INFO: [Synth 8-3886] merging instance 'system_bd_i/i_0/ila_1/inst/ila_core_inst/u_ila_regs/slaveRegDo_ff8_reg[13]' (FDSE) to 'system_bd_i/i_0/ila_1/inst/ila_core_inst/u_ila_regs/slaveRegDo_ff8_reg[15]'
INFO: [Synth 8-3886] merging instance 'system_bd_i/i_0/ila_1/inst/ila_core_inst/u_ila_regs/slaveRegDo_ff8_reg[14]' (FDSE) to 'system_bd_i/i_0/ila_1/inst/ila_core_inst/u_ila_regs/slaveRegDo_ff8_reg[15]'
INFO: [Synth 8-3886] merging instance 'system_bd_i/i_1/rst_ps7_0_50M/U0/SEQ/pr_dec_reg[1]' (FD) to 'system_bd_i/i_1/rst_ps7_0_50M/U0/SEQ/bsr_dec_reg[1]'
INFO: [Synth 8-3886] merging instance 'system_bd_i/i_1/rst_ps7_0_50M/U0/SEQ/bsr_dec_reg[1]' (FD) to 'system_bd_i/i_1/rst_ps7_0_50M/U0/SEQ/core_dec_reg[1]'
INFO: [Synth 8-3886] merging instance 'system_bd_i/i_1/reram_axi_ip_0/inst/reram_axi_ip_v1_0_S00_AXI_inst/u_core/GEN_CELLS[15].u_cell/delay_counter_reg[26]' (FDCE) to 'system_bd_i/i_1/reram_axi_ip_0/inst/reram_axi_ip_v1_0_S00_AXI_inst/u_core/GEN_CELLS[15].u_cell/delay_counter_reg[31]'
INFO: [Synth 8-3886] merging instance 'system_bd_i/i_1/reram_axi_ip_0/inst/reram_axi_ip_v1_0_S00_AXI_inst/u_core/GEN_CELLS[15].u_cell/delay_counter_reg[27]' (FDCE) to 'system_bd_i/i_1/reram_axi_ip_0/inst/reram_axi_ip_v1_0_S00_AXI_inst/u_core/GEN_CELLS[15].u_cell/delay_counter_reg[31]'
INFO: [Synth 8-3886] merging instance 'system_bd_i/i_1/reram_axi_ip_0/inst/reram_axi_ip_v1_0_S00_AXI_inst/u_core/GEN_CELLS[15].u_cell/delay_counter_reg[28]' (FDCE) to 'system_bd_i/i_1/reram_axi_ip_0/inst/reram_axi_ip_v1_0_S00_AXI_inst/u_core/GEN_CELLS[15].u_cell/delay_counter_reg[31]'
INFO: [Synth 8-3886] merging instance 'system_bd_i/i_1/reram_axi_ip_0/inst/reram_axi_ip_v1_0_S00_AXI_inst/u_core/GEN_CELLS[15].u_cell/delay_counter_reg[29]' (FDCE) to 'system_bd_i/i_1/reram_axi_ip_0/inst/reram_axi_ip_v1_0_S00_AXI_inst/u_core/GEN_CELLS[15].u_cell/delay_counter_reg[31]'
INFO: [Synth 8-3886] merging instance 'system_bd_i/i_1/reram_axi_ip_0/inst/reram_axi_ip_v1_0_S00_AXI_inst/u_core/GEN_CELLS[15].u_cell/delay_counter_reg[31]' (FDCE) to 'system_bd_i/i_1/reram_axi_ip_0/inst/reram_axi_ip_v1_0_S00_AXI_inst/u_core/GEN_CELLS[15].u_cell/delay_counter_reg[30]'
INFO: [Synth 8-3886] merging instance 'system_bd_i/i_1/reram_axi_ip_0/inst/reram_axi_ip_v1_0_S00_AXI_inst/u_core/GEN_CELLS[15].u_cell/delay_counter_reg[30]' (FDCE) to 'system_bd_i/i_1/reram_axi_ip_0/inst/reram_axi_ip_v1_0_S00_AXI_inst/u_core/GEN_CELLS[15].u_cell/delay_counter_reg[25]'
INFO: [Synth 8-3886] merging instance 'system_bd_i/i_1/reram_axi_ip_0/inst/reram_axi_ip_v1_0_S00_AXI_inst/u_core/GEN_CELLS[15].u_cell/delay_counter_reg[21]' (FDCE) to 'system_bd_i/i_1/reram_axi_ip_0/inst/reram_axi_ip_v1_0_S00_AXI_inst/u_core/GEN_CELLS[15].u_cell/delay_counter_reg[25]'
INFO: [Synth 8-3886] merging instance 'system_bd_i/i_1/reram_axi_ip_0/inst/reram_axi_ip_v1_0_S00_AXI_inst/u_core/GEN_CELLS[15].u_cell/delay_counter_reg[22]' (FDCE) to 'system_bd_i/i_1/reram_axi_ip_0/inst/reram_axi_ip_v1_0_S00_AXI_inst/u_core/GEN_CELLS[15].u_cell/delay_counter_reg[25]'
INFO: [Synth 8-3886] merging instance 'system_bd_i/i_1/reram_axi_ip_0/inst/reram_axi_ip_v1_0_S00_AXI_inst/u_core/GEN_CELLS[15].u_cell/delay_counter_reg[19]' (FDCE) to 'system_bd_i/i_1/reram_axi_ip_0/inst/reram_axi_ip_v1_0_S00_AXI_inst/u_core/GEN_CELLS[15].u_cell/delay_counter_reg[25]'
INFO: [Synth 8-3886] merging instance 'system_bd_i/i_1/reram_axi_ip_0/inst/reram_axi_ip_v1_0_S00_AXI_inst/u_core/GEN_CELLS[15].u_cell/delay_counter_reg[20]' (FDCE) to 'system_bd_i/i_1/reram_axi_ip_0/inst/reram_axi_ip_v1_0_S00_AXI_inst/u_core/GEN_CELLS[15].u_cell/delay_counter_reg[25]'
INFO: [Synth 8-3886] merging instance 'system_bd_i/i_1/reram_axi_ip_0/inst/reram_axi_ip_v1_0_S00_AXI_inst/u_core/GEN_CELLS[15].u_cell/delay_counter_reg[23]' (FDCE) to 'system_bd_i/i_1/reram_axi_ip_0/inst/reram_axi_ip_v1_0_S00_AXI_inst/u_core/GEN_CELLS[15].u_cell/delay_counter_reg[25]'
INFO: [Synth 8-3886] merging instance 'system_bd_i/i_1/reram_axi_ip_0/inst/reram_axi_ip_v1_0_S00_AXI_inst/u_core/GEN_CELLS[15].u_cell/delay_counter_reg[24]' (FDCE) to 'system_bd_i/i_1/reram_axi_ip_0/inst/reram_axi_ip_v1_0_S00_AXI_inst/u_core/GEN_CELLS[15].u_cell/delay_counter_reg[25]'
INFO: [Synth 8-3886] merging instance 'system_bd_i/i_1/reram_axi_ip_0/inst/reram_axi_ip_v1_0_S00_AXI_inst/u_core/GEN_CELLS[15].u_cell/delay_counter_reg[25]' (FDCE) to 'system_bd_i/i_1/reram_axi_ip_0/inst/reram_axi_ip_v1_0_S00_AXI_inst/u_core/GEN_CELLS[15].u_cell/delay_counter_reg[18]'
INFO: [Synth 8-3886] merging instance 'system_bd_i/i_1/reram_axi_ip_0/inst/reram_axi_ip_v1_0_S00_AXI_inst/u_core/GEN_CELLS[15].u_cell/delay_counter_reg[10]' (FDCE) to 'system_bd_i/i_1/reram_axi_ip_0/inst/reram_axi_ip_v1_0_S00_AXI_inst/u_core/GEN_CELLS[15].u_cell/delay_counter_reg[18]'
INFO: [Synth 8-3886] merging instance 'system_bd_i/i_1/reram_axi_ip_0/inst/reram_axi_ip_v1_0_S00_AXI_inst/u_core/GEN_CELLS[15].u_cell/delay_counter_reg[11]' (FDCE) to 'system_bd_i/i_1/reram_axi_ip_0/inst/reram_axi_ip_v1_0_S00_AXI_inst/u_core/GEN_CELLS[15].u_cell/delay_counter_reg[18]'
INFO: [Synth 8-3886] merging instance 'system_bd_i/i_1/reram_axi_ip_0/inst/reram_axi_ip_v1_0_S00_AXI_inst/u_core/GEN_CELLS[15].u_cell/delay_counter_reg[8]' (FDCE) to 'system_bd_i/i_1/reram_axi_ip_0/inst/reram_axi_ip_v1_0_S00_AXI_inst/u_core/GEN_CELLS[15].u_cell/delay_counter_reg[18]'
INFO: [Synth 8-3886] merging instance 'system_bd_i/i_1/reram_axi_ip_0/inst/reram_axi_ip_v1_0_S00_AXI_inst/u_core/GEN_CELLS[15].u_cell/delay_counter_reg[9]' (FDCE) to 'system_bd_i/i_1/reram_axi_ip_0/inst/reram_axi_ip_v1_0_S00_AXI_inst/u_core/GEN_CELLS[15].u_cell/delay_counter_reg[18]'
INFO: [Synth 8-3886] merging instance 'system_bd_i/i_1/reram_axi_ip_0/inst/reram_axi_ip_v1_0_S00_AXI_inst/u_core/GEN_CELLS[15].u_cell/delay_counter_reg[4]' (FDCE) to 'system_bd_i/i_1/reram_axi_ip_0/inst/reram_axi_ip_v1_0_S00_AXI_inst/u_core/GEN_CELLS[15].u_cell/delay_counter_reg[18]'
INFO: [Synth 8-3886] merging instance 'system_bd_i/i_1/reram_axi_ip_0/inst/reram_axi_ip_v1_0_S00_AXI_inst/u_core/GEN_CELLS[15].u_cell/delay_counter_reg[5]' (FDCE) to 'system_bd_i/i_1/reram_axi_ip_0/inst/reram_axi_ip_v1_0_S00_AXI_inst/u_core/GEN_CELLS[15].u_cell/delay_counter_reg[18]'
INFO: [Synth 8-3886] merging instance 'system_bd_i/i_1/reram_axi_ip_0/inst/reram_axi_ip_v1_0_S00_AXI_inst/u_core/GEN_CELLS[15].u_cell/delay_counter_reg[6]' (FDCE) to 'system_bd_i/i_1/reram_axi_ip_0/inst/reram_axi_ip_v1_0_S00_AXI_inst/u_core/GEN_CELLS[15].u_cell/delay_counter_reg[18]'
INFO: [Synth 8-3886] merging instance 'system_bd_i/i_1/reram_axi_ip_0/inst/reram_axi_ip_v1_0_S00_AXI_inst/u_core/GEN_CELLS[15].u_cell/delay_counter_reg[7]' (FDCE) to 'system_bd_i/i_1/reram_axi_ip_0/inst/reram_axi_ip_v1_0_S00_AXI_inst/u_core/GEN_CELLS[15].u_cell/delay_counter_reg[18]'
INFO: [Synth 8-3886] merging instance 'system_bd_i/i_1/reram_axi_ip_0/inst/reram_axi_ip_v1_0_S00_AXI_inst/u_core/GEN_CELLS[15].u_cell/delay_counter_reg[16]' (FDCE) to 'system_bd_i/i_1/reram_axi_ip_0/inst/reram_axi_ip_v1_0_S00_AXI_inst/u_core/GEN_CELLS[15].u_cell/delay_counter_reg[18]'
INFO: [Synth 8-3886] merging instance 'system_bd_i/i_1/reram_axi_ip_0/inst/reram_axi_ip_v1_0_S00_AXI_inst/u_core/GEN_CELLS[15].u_cell/delay_counter_reg[17]' (FDCE) to 'system_bd_i/i_1/reram_axi_ip_0/inst/reram_axi_ip_v1_0_S00_AXI_inst/u_core/GEN_CELLS[15].u_cell/delay_counter_reg[18]'
INFO: [Synth 8-3886] merging instance 'system_bd_i/i_1/reram_axi_ip_0/inst/reram_axi_ip_v1_0_S00_AXI_inst/u_core/GEN_CELLS[15].u_cell/delay_counter_reg[18]' (FDCE) to 'system_bd_i/i_1/reram_axi_ip_0/inst/reram_axi_ip_v1_0_S00_AXI_inst/u_core/GEN_CELLS[15].u_cell/delay_counter_reg[15]'
INFO: [Synth 8-3886] merging instance 'system_bd_i/i_1/reram_axi_ip_0/inst/reram_axi_ip_v1_0_S00_AXI_inst/u_core/GEN_CELLS[15].u_cell/delay_counter_reg[12]' (FDCE) to 'system_bd_i/i_1/reram_axi_ip_0/inst/reram_axi_ip_v1_0_S00_AXI_inst/u_core/GEN_CELLS[15].u_cell/delay_counter_reg[15]'
INFO: [Synth 8-3886] merging instance 'system_bd_i/i_1/reram_axi_ip_0/inst/reram_axi_ip_v1_0_S00_AXI_inst/u_core/GEN_CELLS[15].u_cell/delay_counter_reg[13]' (FDCE) to 'system_bd_i/i_1/reram_axi_ip_0/inst/reram_axi_ip_v1_0_S00_AXI_inst/u_core/GEN_CELLS[15].u_cell/delay_counter_reg[15]'
INFO: [Synth 8-3886] merging instance 'system_bd_i/i_1/reram_axi_ip_0/inst/reram_axi_ip_v1_0_S00_AXI_inst/u_core/GEN_CELLS[15].u_cell/delay_counter_reg[14]' (FDCE) to 'system_bd_i/i_1/reram_axi_ip_0/inst/reram_axi_ip_v1_0_S00_AXI_inst/u_core/GEN_CELLS[15].u_cell/delay_counter_reg[15]'
INFO: [Synth 8-3886] merging instance 'system_bd_i/i_1/reram_axi_ip_0/inst/reram_axi_ip_v1_0_S00_AXI_inst/u_core/GEN_CELLS[14].u_cell/delay_counter_reg[26]' (FDCE) to 'system_bd_i/i_1/reram_axi_ip_0/inst/reram_axi_ip_v1_0_S00_AXI_inst/u_core/GEN_CELLS[14].u_cell/delay_counter_reg[31]'
INFO: [Synth 8-3886] merging instance 'system_bd_i/i_1/reram_axi_ip_0/inst/reram_axi_ip_v1_0_S00_AXI_inst/u_core/GEN_CELLS[14].u_cell/delay_counter_reg[27]' (FDCE) to 'system_bd_i/i_1/reram_axi_ip_0/inst/reram_axi_ip_v1_0_S00_AXI_inst/u_core/GEN_CELLS[14].u_cell/delay_counter_reg[31]'
INFO: [Synth 8-3886] merging instance 'system_bd_i/i_1/reram_axi_ip_0/inst/reram_axi_ip_v1_0_S00_AXI_inst/u_core/GEN_CELLS[14].u_cell/delay_counter_reg[28]' (FDCE) to 'system_bd_i/i_1/reram_axi_ip_0/inst/reram_axi_ip_v1_0_S00_AXI_inst/u_core/GEN_CELLS[14].u_cell/delay_counter_reg[31]'
INFO: [Synth 8-3886] merging instance 'system_bd_i/i_1/reram_axi_ip_0/inst/reram_axi_ip_v1_0_S00_AXI_inst/u_core/GEN_CELLS[14].u_cell/delay_counter_reg[29]' (FDCE) to 'system_bd_i/i_1/reram_axi_ip_0/inst/reram_axi_ip_v1_0_S00_AXI_inst/u_core/GEN_CELLS[14].u_cell/delay_counter_reg[31]'
INFO: [Synth 8-3886] merging instance 'system_bd_i/i_1/reram_axi_ip_0/inst/reram_axi_ip_v1_0_S00_AXI_inst/u_core/GEN_CELLS[14].u_cell/delay_counter_reg[31]' (FDCE) to 'system_bd_i/i_1/reram_axi_ip_0/inst/reram_axi_ip_v1_0_S00_AXI_inst/u_core/GEN_CELLS[14].u_cell/delay_counter_reg[30]'
INFO: [Synth 8-3886] merging instance 'system_bd_i/i_1/reram_axi_ip_0/inst/reram_axi_ip_v1_0_S00_AXI_inst/u_core/GEN_CELLS[14].u_cell/delay_counter_reg[30]' (FDCE) to 'system_bd_i/i_1/reram_axi_ip_0/inst/reram_axi_ip_v1_0_S00_AXI_inst/u_core/GEN_CELLS[14].u_cell/delay_counter_reg[25]'
INFO: [Synth 8-3886] merging instance 'system_bd_i/i_1/reram_axi_ip_0/inst/reram_axi_ip_v1_0_S00_AXI_inst/u_core/GEN_CELLS[14].u_cell/delay_counter_reg[21]' (FDCE) to 'system_bd_i/i_1/reram_axi_ip_0/inst/reram_axi_ip_v1_0_S00_AXI_inst/u_core/GEN_CELLS[14].u_cell/delay_counter_reg[25]'
INFO: [Synth 8-3886] merging instance 'system_bd_i/i_1/reram_axi_ip_0/inst/reram_axi_ip_v1_0_S00_AXI_inst/u_core/GEN_CELLS[14].u_cell/delay_counter_reg[22]' (FDCE) to 'system_bd_i/i_1/reram_axi_ip_0/inst/reram_axi_ip_v1_0_S00_AXI_inst/u_core/GEN_CELLS[14].u_cell/delay_counter_reg[25]'
INFO: [Synth 8-3886] merging instance 'system_bd_i/i_1/reram_axi_ip_0/inst/reram_axi_ip_v1_0_S00_AXI_inst/u_core/GEN_CELLS[14].u_cell/delay_counter_reg[19]' (FDCE) to 'system_bd_i/i_1/reram_axi_ip_0/inst/reram_axi_ip_v1_0_S00_AXI_inst/u_core/GEN_CELLS[14].u_cell/delay_counter_reg[25]'
INFO: [Synth 8-3886] merging instance 'system_bd_i/i_1/reram_axi_ip_0/inst/reram_axi_ip_v1_0_S00_AXI_inst/u_core/GEN_CELLS[14].u_cell/delay_counter_reg[20]' (FDCE) to 'system_bd_i/i_1/reram_axi_ip_0/inst/reram_axi_ip_v1_0_S00_AXI_inst/u_core/GEN_CELLS[14].u_cell/delay_counter_reg[25]'
INFO: [Synth 8-3886] merging instance 'system_bd_i/i_1/reram_axi_ip_0/inst/reram_axi_ip_v1_0_S00_AXI_inst/u_core/GEN_CELLS[14].u_cell/delay_counter_reg[23]' (FDCE) to 'system_bd_i/i_1/reram_axi_ip_0/inst/reram_axi_ip_v1_0_S00_AXI_inst/u_core/GEN_CELLS[14].u_cell/delay_counter_reg[25]'
INFO: [Synth 8-3886] merging instance 'system_bd_i/i_1/reram_axi_ip_0/inst/reram_axi_ip_v1_0_S00_AXI_inst/u_core/GEN_CELLS[14].u_cell/delay_counter_reg[24]' (FDCE) to 'system_bd_i/i_1/reram_axi_ip_0/inst/reram_axi_ip_v1_0_S00_AXI_inst/u_core/GEN_CELLS[14].u_cell/delay_counter_reg[25]'
INFO: [Synth 8-3886] merging instance 'system_bd_i/i_1/reram_axi_ip_0/inst/reram_axi_ip_v1_0_S00_AXI_inst/u_core/GEN_CELLS[14].u_cell/delay_counter_reg[25]' (FDCE) to 'system_bd_i/i_1/reram_axi_ip_0/inst/reram_axi_ip_v1_0_S00_AXI_inst/u_core/GEN_CELLS[14].u_cell/delay_counter_reg[18]'
INFO: [Synth 8-3886] merging instance 'system_bd_i/i_1/reram_axi_ip_0/inst/reram_axi_ip_v1_0_S00_AXI_inst/u_core/GEN_CELLS[14].u_cell/delay_counter_reg[10]' (FDCE) to 'system_bd_i/i_1/reram_axi_ip_0/inst/reram_axi_ip_v1_0_S00_AXI_inst/u_core/GEN_CELLS[14].u_cell/delay_counter_reg[18]'
INFO: [Synth 8-3886] merging instance 'system_bd_i/i_1/reram_axi_ip_0/inst/reram_axi_ip_v1_0_S00_AXI_inst/u_core/GEN_CELLS[14].u_cell/delay_counter_reg[11]' (FDCE) to 'system_bd_i/i_1/reram_axi_ip_0/inst/reram_axi_ip_v1_0_S00_AXI_inst/u_core/GEN_CELLS[14].u_cell/delay_counter_reg[18]'
INFO: [Synth 8-3886] merging instance 'system_bd_i/i_1/reram_axi_ip_0/inst/reram_axi_ip_v1_0_S00_AXI_inst/u_core/GEN_CELLS[14].u_cell/delay_counter_reg[8]' (FDCE) to 'system_bd_i/i_1/reram_axi_ip_0/inst/reram_axi_ip_v1_0_S00_AXI_inst/u_core/GEN_CELLS[14].u_cell/delay_counter_reg[18]'
INFO: [Synth 8-3886] merging instance 'system_bd_i/i_1/reram_axi_ip_0/inst/reram_axi_ip_v1_0_S00_AXI_inst/u_core/GEN_CELLS[14].u_cell/delay_counter_reg[9]' (FDCE) to 'system_bd_i/i_1/reram_axi_ip_0/inst/reram_axi_ip_v1_0_S00_AXI_inst/u_core/GEN_CELLS[14].u_cell/delay_counter_reg[18]'
INFO: [Synth 8-3886] merging instance 'system_bd_i/i_1/reram_axi_ip_0/inst/reram_axi_ip_v1_0_S00_AXI_inst/u_core/GEN_CELLS[14].u_cell/delay_counter_reg[4]' (FDCE) to 'system_bd_i/i_1/reram_axi_ip_0/inst/reram_axi_ip_v1_0_S00_AXI_inst/u_core/GEN_CELLS[14].u_cell/delay_counter_reg[18]'
INFO: [Synth 8-3886] merging instance 'system_bd_i/i_1/reram_axi_ip_0/inst/reram_axi_ip_v1_0_S00_AXI_inst/u_core/GEN_CELLS[14].u_cell/delay_counter_reg[5]' (FDCE) to 'system_bd_i/i_1/reram_axi_ip_0/inst/reram_axi_ip_v1_0_S00_AXI_inst/u_core/GEN_CELLS[14].u_cell/delay_counter_reg[18]'
INFO: [Synth 8-3886] merging instance 'system_bd_i/i_1/reram_axi_ip_0/inst/reram_axi_ip_v1_0_S00_AXI_inst/u_core/GEN_CELLS[14].u_cell/delay_counter_reg[6]' (FDCE) to 'system_bd_i/i_1/reram_axi_ip_0/inst/reram_axi_ip_v1_0_S00_AXI_inst/u_core/GEN_CELLS[14].u_cell/delay_counter_reg[18]'
INFO: [Synth 8-3886] merging instance 'system_bd_i/i_1/reram_axi_ip_0/inst/reram_axi_ip_v1_0_S00_AXI_inst/u_core/GEN_CELLS[14].u_cell/delay_counter_reg[7]' (FDCE) to 'system_bd_i/i_1/reram_axi_ip_0/inst/reram_axi_ip_v1_0_S00_AXI_inst/u_core/GEN_CELLS[14].u_cell/delay_counter_reg[18]'
INFO: [Synth 8-3886] merging instance 'system_bd_i/i_1/reram_axi_ip_0/inst/reram_axi_ip_v1_0_S00_AXI_inst/u_core/GEN_CELLS[14].u_cell/delay_counter_reg[16]' (FDCE) to 'system_bd_i/i_1/reram_axi_ip_0/inst/reram_axi_ip_v1_0_S00_AXI_inst/u_core/GEN_CELLS[14].u_cell/delay_counter_reg[18]'
INFO: [Synth 8-3886] merging instance 'system_bd_i/i_1/reram_axi_ip_0/inst/reram_axi_ip_v1_0_S00_AXI_inst/u_core/GEN_CELLS[14].u_cell/delay_counter_reg[17]' (FDCE) to 'system_bd_i/i_1/reram_axi_ip_0/inst/reram_axi_ip_v1_0_S00_AXI_inst/u_core/GEN_CELLS[14].u_cell/delay_counter_reg[18]'
INFO: [Synth 8-3886] merging instance 'system_bd_i/i_1/reram_axi_ip_0/inst/reram_axi_ip_v1_0_S00_AXI_inst/u_core/GEN_CELLS[14].u_cell/delay_counter_reg[18]' (FDCE) to 'system_bd_i/i_1/reram_axi_ip_0/inst/reram_axi_ip_v1_0_S00_AXI_inst/u_core/GEN_CELLS[14].u_cell/delay_counter_reg[15]'
INFO: [Synth 8-3886] merging instance 'system_bd_i/i_1/reram_axi_ip_0/inst/reram_axi_ip_v1_0_S00_AXI_inst/u_core/GEN_CELLS[14].u_cell/delay_counter_reg[12]' (FDCE) to 'system_bd_i/i_1/reram_axi_ip_0/inst/reram_axi_ip_v1_0_S00_AXI_inst/u_core/GEN_CELLS[14].u_cell/delay_counter_reg[15]'
INFO: [Synth 8-3886] merging instance 'system_bd_i/i_1/reram_axi_ip_0/inst/reram_axi_ip_v1_0_S00_AXI_inst/u_core/GEN_CELLS[14].u_cell/delay_counter_reg[13]' (FDCE) to 'system_bd_i/i_1/reram_axi_ip_0/inst/reram_axi_ip_v1_0_S00_AXI_inst/u_core/GEN_CELLS[14].u_cell/delay_counter_reg[15]'
INFO: [Synth 8-3886] merging instance 'system_bd_i/i_1/reram_axi_ip_0/inst/reram_axi_ip_v1_0_S00_AXI_inst/u_core/GEN_CELLS[14].u_cell/delay_counter_reg[14]' (FDCE) to 'system_bd_i/i_1/reram_axi_ip_0/inst/reram_axi_ip_v1_0_S00_AXI_inst/u_core/GEN_CELLS[14].u_cell/delay_counter_reg[15]'
INFO: [Synth 8-3886] merging instance 'system_bd_i/i_1/reram_axi_ip_0/inst/reram_axi_ip_v1_0_S00_AXI_inst/u_core/GEN_CELLS[13].u_cell/delay_counter_reg[26]' (FDCE) to 'system_bd_i/i_1/reram_axi_ip_0/inst/reram_axi_ip_v1_0_S00_AXI_inst/u_core/GEN_CELLS[13].u_cell/delay_counter_reg[31]'
INFO: [Synth 8-3886] merging instance 'system_bd_i/i_1/reram_axi_ip_0/inst/reram_axi_ip_v1_0_S00_AXI_inst/u_core/GEN_CELLS[13].u_cell/delay_counter_reg[27]' (FDCE) to 'system_bd_i/i_1/reram_axi_ip_0/inst/reram_axi_ip_v1_0_S00_AXI_inst/u_core/GEN_CELLS[13].u_cell/delay_counter_reg[31]'
INFO: [Synth 8-3886] merging instance 'system_bd_i/i_1/reram_axi_ip_0/inst/reram_axi_ip_v1_0_S00_AXI_inst/u_core/GEN_CELLS[13].u_cell/delay_counter_reg[28]' (FDCE) to 'system_bd_i/i_1/reram_axi_ip_0/inst/reram_axi_ip_v1_0_S00_AXI_inst/u_core/GEN_CELLS[13].u_cell/delay_counter_reg[31]'
INFO: [Synth 8-3886] merging instance 'system_bd_i/i_1/reram_axi_ip_0/inst/reram_axi_ip_v1_0_S00_AXI_inst/u_core/GEN_CELLS[13].u_cell/delay_counter_reg[29]' (FDCE) to 'system_bd_i/i_1/reram_axi_ip_0/inst/reram_axi_ip_v1_0_S00_AXI_inst/u_core/GEN_CELLS[13].u_cell/delay_counter_reg[31]'
INFO: [Synth 8-3886] merging instance 'system_bd_i/i_1/reram_axi_ip_0/inst/reram_axi_ip_v1_0_S00_AXI_inst/u_core/GEN_CELLS[13].u_cell/delay_counter_reg[31]' (FDCE) to 'system_bd_i/i_1/reram_axi_ip_0/inst/reram_axi_ip_v1_0_S00_AXI_inst/u_core/GEN_CELLS[13].u_cell/delay_counter_reg[30]'
INFO: [Synth 8-3886] merging instance 'system_bd_i/i_1/reram_axi_ip_0/inst/reram_axi_ip_v1_0_S00_AXI_inst/u_core/GEN_CELLS[13].u_cell/delay_counter_reg[30]' (FDCE) to 'system_bd_i/i_1/reram_axi_ip_0/inst/reram_axi_ip_v1_0_S00_AXI_inst/u_core/GEN_CELLS[13].u_cell/delay_counter_reg[25]'
INFO: [Synth 8-3886] merging instance 'system_bd_i/i_1/reram_axi_ip_0/inst/reram_axi_ip_v1_0_S00_AXI_inst/u_core/GEN_CELLS[13].u_cell/delay_counter_reg[21]' (FDCE) to 'system_bd_i/i_1/reram_axi_ip_0/inst/reram_axi_ip_v1_0_S00_AXI_inst/u_core/GEN_CELLS[13].u_cell/delay_counter_reg[25]'
INFO: [Synth 8-3886] merging instance 'system_bd_i/i_1/reram_axi_ip_0/inst/reram_axi_ip_v1_0_S00_AXI_inst/u_core/GEN_CELLS[13].u_cell/delay_counter_reg[22]' (FDCE) to 'system_bd_i/i_1/reram_axi_ip_0/inst/reram_axi_ip_v1_0_S00_AXI_inst/u_core/GEN_CELLS[13].u_cell/delay_counter_reg[25]'
INFO: [Synth 8-3886] merging instance 'system_bd_i/i_1/reram_axi_ip_0/inst/reram_axi_ip_v1_0_S00_AXI_inst/u_core/GEN_CELLS[13].u_cell/delay_counter_reg[19]' (FDCE) to 'system_bd_i/i_1/reram_axi_ip_0/inst/reram_axi_ip_v1_0_S00_AXI_inst/u_core/GEN_CELLS[13].u_cell/delay_counter_reg[25]'
INFO: [Synth 8-3886] merging instance 'system_bd_i/i_1/reram_axi_ip_0/inst/reram_axi_ip_v1_0_S00_AXI_inst/u_core/GEN_CELLS[13].u_cell/delay_counter_reg[20]' (FDCE) to 'system_bd_i/i_1/reram_axi_ip_0/inst/reram_axi_ip_v1_0_S00_AXI_inst/u_core/GEN_CELLS[13].u_cell/delay_counter_reg[25]'
INFO: [Synth 8-3886] merging instance 'system_bd_i/i_1/reram_axi_ip_0/inst/reram_axi_ip_v1_0_S00_AXI_inst/u_core/GEN_CELLS[13].u_cell/delay_counter_reg[23]' (FDCE) to 'system_bd_i/i_1/reram_axi_ip_0/inst/reram_axi_ip_v1_0_S00_AXI_inst/u_core/GEN_CELLS[13].u_cell/delay_counter_reg[25]'
INFO: [Synth 8-3886] merging instance 'system_bd_i/i_1/reram_axi_ip_0/inst/reram_axi_ip_v1_0_S00_AXI_inst/u_core/GEN_CELLS[13].u_cell/delay_counter_reg[24]' (FDCE) to 'system_bd_i/i_1/reram_axi_ip_0/inst/reram_axi_ip_v1_0_S00_AXI_inst/u_core/GEN_CELLS[13].u_cell/delay_counter_reg[25]'
INFO: [Synth 8-3886] merging instance 'system_bd_i/i_1/reram_axi_ip_0/inst/reram_axi_ip_v1_0_S00_AXI_inst/u_core/GEN_CELLS[13].u_cell/delay_counter_reg[25]' (FDCE) to 'system_bd_i/i_1/reram_axi_ip_0/inst/reram_axi_ip_v1_0_S00_AXI_inst/u_core/GEN_CELLS[13].u_cell/delay_counter_reg[18]'
INFO: [Synth 8-3886] merging instance 'system_bd_i/i_1/reram_axi_ip_0/inst/reram_axi_ip_v1_0_S00_AXI_inst/u_core/GEN_CELLS[13].u_cell/delay_counter_reg[10]' (FDCE) to 'system_bd_i/i_1/reram_axi_ip_0/inst/reram_axi_ip_v1_0_S00_AXI_inst/u_core/GEN_CELLS[13].u_cell/delay_counter_reg[18]'
INFO: [Synth 8-3886] merging instance 'system_bd_i/i_1/reram_axi_ip_0/inst/reram_axi_ip_v1_0_S00_AXI_inst/u_core/GEN_CELLS[13].u_cell/delay_counter_reg[11]' (FDCE) to 'system_bd_i/i_1/reram_axi_ip_0/inst/reram_axi_ip_v1_0_S00_AXI_inst/u_core/GEN_CELLS[13].u_cell/delay_counter_reg[18]'
INFO: [Synth 8-3886] merging instance 'system_bd_i/i_1/reram_axi_ip_0/inst/reram_axi_ip_v1_0_S00_AXI_inst/u_core/GEN_CELLS[13].u_cell/delay_counter_reg[8]' (FDCE) to 'system_bd_i/i_1/reram_axi_ip_0/inst/reram_axi_ip_v1_0_S00_AXI_inst/u_core/GEN_CELLS[13].u_cell/delay_counter_reg[18]'
INFO: [Synth 8-3886] merging instance 'system_bd_i/i_1/reram_axi_ip_0/inst/reram_axi_ip_v1_0_S00_AXI_inst/u_core/GEN_CELLS[13].u_cell/delay_counter_reg[9]' (FDCE) to 'system_bd_i/i_1/reram_axi_ip_0/inst/reram_axi_ip_v1_0_S00_AXI_inst/u_core/GEN_CELLS[13].u_cell/delay_counter_reg[18]'
INFO: [Synth 8-3886] merging instance 'system_bd_i/i_1/reram_axi_ip_0/inst/reram_axi_ip_v1_0_S00_AXI_inst/u_core/GEN_CELLS[13].u_cell/delay_counter_reg[4]' (FDCE) to 'system_bd_i/i_1/reram_axi_ip_0/inst/reram_axi_ip_v1_0_S00_AXI_inst/u_core/GEN_CELLS[13].u_cell/delay_counter_reg[18]'
INFO: [Synth 8-3886] merging instance 'system_bd_i/i_1/reram_axi_ip_0/inst/reram_axi_ip_v1_0_S00_AXI_inst/u_core/GEN_CELLS[13].u_cell/delay_counter_reg[5]' (FDCE) to 'system_bd_i/i_1/reram_axi_ip_0/inst/reram_axi_ip_v1_0_S00_AXI_inst/u_core/GEN_CELLS[13].u_cell/delay_counter_reg[18]'
INFO: [Synth 8-3886] merging instance 'system_bd_i/i_1/reram_axi_ip_0/inst/reram_axi_ip_v1_0_S00_AXI_inst/u_core/GEN_CELLS[13].u_cell/delay_counter_reg[6]' (FDCE) to 'system_bd_i/i_1/reram_axi_ip_0/inst/reram_axi_ip_v1_0_S00_AXI_inst/u_core/GEN_CELLS[13].u_cell/delay_counter_reg[18]'
INFO: [Common 17-14] Message 'Synth 8-3886' appears 100 times and further instances of the messages will be disabled. Use the Tcl command set_msg_config to change the current settings.
CRITICAL WARNING: [Synth 8-3352] multi-driven net Q with 1st driver pin 'system_bd_i/i_1/reram_axi_ip_0/inst/reram_axi_ip_v1_0_S00_AXI_inst/pending_cmd_reg/Q' [c:/Users/hrish/Downloads/ReRAM_Thesis/Project Folder/ReRAM_AXI_Project/ReRAM_AXI_Project.srcs/sources_1/bd/system_bd/ipshared/984e/hdl/reram_axi_ip_v1_0_S00_AXI.v:193]
CRITICAL WARNING: [Synth 8-3352] multi-driven net Q with 2nd driver pin 'GND' [c:/Users/hrish/Downloads/ReRAM_Thesis/Project Folder/ReRAM_AXI_Project/ReRAM_AXI_Project.srcs/sources_1/bd/system_bd/ipshared/984e/hdl/reram_axi_ip_v1_0_S00_AXI.v:193]
CRITICAL WARNING: [Synth 8-5559] multi-driven net Q is connected to constant driver, other driver is ignored [c:/Users/hrish/Downloads/ReRAM_Thesis/Project Folder/ReRAM_AXI_Project/ReRAM_AXI_Project.srcs/sources_1/bd/system_bd/ipshared/984e/hdl/reram_axi_ip_v1_0_S00_AXI.v:193]
---------------------------------------------------------------------------------
Finished Cross Boundary and Area Optimization : Time (s): cpu = 00:04:53 ; elapsed = 00:05:10 . Memory (MB): peak = 1345.785 ; gain = 1005.699
---------------------------------------------------------------------------------

Report RTL Partitions: 
+------+------------------+------------+----------+
|      |RTL Partition     |Replication |Instances |
+------+------------------+------------+----------+
|1     |system_bd__GB0    |           1|     14469|
|2     |system_bd__GB1    |           1|      8385|
|3     |system_bd_ila_0_0 |           1|     13929|
+------+------------------+------------+----------+
---------------------------------------------------------------------------------
Start Applying XDC Timing Constraints
---------------------------------------------------------------------------------
---------------------------------------------------------------------------------
Finished Applying XDC Timing Constraints : Time (s): cpu = 00:05:04 ; elapsed = 00:05:23 . Memory (MB): peak = 1345.785 ; gain = 1005.699
---------------------------------------------------------------------------------
---------------------------------------------------------------------------------
Start Timing Optimization
---------------------------------------------------------------------------------
---------------------------------------------------------------------------------
Finished Timing Optimization : Time (s): cpu = 00:05:08 ; elapsed = 00:05:27 . Memory (MB): peak = 1345.785 ; gain = 1005.699
---------------------------------------------------------------------------------

Report RTL Partitions: 
+------+------------------+------------+----------+
|      |RTL Partition     |Replication |Instances |
+------+------------------+------------+----------+
|1     |system_bd__GB0    |           1|     14469|
|2     |system_bd__GB1    |           1|      8385|
|3     |system_bd_ila_0_0 |           1|     13929|
+------+------------------+------------+----------+
---------------------------------------------------------------------------------
Start Technology Mapping
---------------------------------------------------------------------------------
---------------------------------------------------------------------------------
Finished Technology Mapping : Time (s): cpu = 00:05:15 ; elapsed = 00:05:34 . Memory (MB): peak = 1345.785 ; gain = 1005.699
---------------------------------------------------------------------------------

Report RTL Partitions: 
+-+--------------+------------+----------+
| |RTL Partition |Replication |Instances |
+-+--------------+------------+----------+
+-+--------------+------------+----------+
---------------------------------------------------------------------------------
Start IO Insertion
---------------------------------------------------------------------------------
---------------------------------------------------------------------------------
Start Flattening Before IO Insertion
---------------------------------------------------------------------------------
---------------------------------------------------------------------------------
Finished Flattening Before IO Insertion
---------------------------------------------------------------------------------
---------------------------------------------------------------------------------
Start Final Netlist Cleanup
---------------------------------------------------------------------------------
INFO: [Synth 8-5365] Flop inst/gen_axilite.gen_b2s_conv.axilite_b2s/SI_REG/ar.ar_pipe/aresetn_d_reg[1] is being inverted and renamed to inst/gen_axilite.gen_b2s_conv.axilite_b2s/SI_REG/ar.ar_pipe/aresetn_d_reg[1]_inv.
INFO: [Synth 8-4618] Found max_fanout attribute set to 10 on net \inst/gen_axilite.gen_b2s_conv.axilite_b2s/RD.r_channel_0/transaction_fifo_0/cnt_read [3]. Fanout reduced from 17 to 7 by creating 2 replicas.
INFO: [Synth 8-4618] Found max_fanout attribute set to 10 on net \inst/gen_axilite.gen_b2s_conv.axilite_b2s/RD.r_channel_0/transaction_fifo_0/cnt_read [4]. Fanout reduced from 16 to 7 by creating 2 replicas.
INFO: [Synth 8-4618] Found max_fanout attribute set to 10 on net \inst/gen_axilite.gen_b2s_conv.axilite_b2s/RD.r_channel_0/transaction_fifo_0/cnt_read [2]. Fanout reduced from 18 to 7 by creating 2 replicas.
INFO: [Synth 8-4618] Found max_fanout attribute set to 10 on net \inst/gen_axilite.gen_b2s_conv.axilite_b2s/RD.r_channel_0/transaction_fifo_0/cnt_read [1]. Fanout reduced from 20 to 7 by creating 2 replicas.
INFO: [Synth 8-4618] Found max_fanout attribute set to 10 on net \inst/gen_axilite.gen_b2s_conv.axilite_b2s/RD.r_channel_0/transaction_fifo_0/cnt_read [0]. Fanout reduced from 21 to 7 by creating 3 replicas.
INFO: [Synth 8-4618] Found max_fanout attribute set to 10 on net \inst/gen_axilite.gen_b2s_conv.axilite_b2s/WR.b_channel_0/bid_fifo_0/cnt_read [0]. Fanout reduced from 28 to 10 by creating 2 replicas.
INFO: [Synth 8-4618] Found max_fanout attribute set to 10 on net \inst/gen_axilite.gen_b2s_conv.axilite_b2s/WR.b_channel_0/bid_fifo_0/cnt_read [1]. Fanout reduced from 27 to 7 by creating 3 replicas.
INFO: [Synth 8-4618] Found max_fanout attribute set to 10 on net \inst/gen_axilite.gen_b2s_conv.axilite_b2s/RD.r_channel_0/rd_data_fifo_0/cnt_read [4]. Fanout reduced from 40 to 9 by creating 4 replicas.
INFO: [Synth 8-4618] Found max_fanout attribute set to 10 on net \inst/gen_axilite.gen_b2s_conv.axilite_b2s/RD.r_channel_0/rd_data_fifo_0/cnt_read [3]. Fanout reduced from 41 to 9 by creating 4 replicas.
INFO: [Synth 8-4618] Found max_fanout attribute set to 10 on net \inst/gen_axilite.gen_b2s_conv.axilite_b2s/RD.r_channel_0/rd_data_fifo_0/cnt_read [0]. Fanout reduced from 45 to 9 by creating 5 replicas.
INFO: [Synth 8-4618] Found max_fanout attribute set to 10 on net \inst/gen_axilite.gen_b2s_conv.axilite_b2s/RD.r_channel_0/rd_data_fifo_0/cnt_read [1]. Fanout reduced from 44 to 9 by creating 5 replicas.
INFO: [Synth 8-4618] Found max_fanout attribute set to 10 on net \inst/gen_axilite.gen_b2s_conv.axilite_b2s/RD.r_channel_0/rd_data_fifo_0/cnt_read [2]. Fanout reduced from 43 to 9 by creating 4 replicas.
INFO: [Synth 8-4618] Found max_fanout attribute set to 20 on net \inst/gen_axilite.gen_b2s_conv.axilite_b2s/RD.ar_channel_0/ar_cmd_fsm_0/state [1]. Fanout reduced from 27 to 14 by creating 1 replicas.
INFO: [Synth 8-4618] Found max_fanout attribute set to 20 on net \inst/gen_axilite.gen_b2s_conv.axilite_b2s/RD.ar_channel_0/ar_cmd_fsm_0/state [0]. Fanout reduced from 29 to 15 by creating 1 replicas.
INFO: [Synth 8-4618] Found max_fanout attribute set to 20 on net \inst/gen_axilite.gen_b2s_conv.axilite_b2s/WR.aw_channel_0/aw_cmd_fsm_0/state [1]. Fanout reduced from 28 to 14 by creating 1 replicas.
INFO: [Synth 8-4618] Found max_fanout attribute set to 20 on net \inst/gen_axilite.gen_b2s_conv.axilite_b2s/WR.aw_channel_0/aw_cmd_fsm_0/state [0]. Fanout reduced from 28 to 14 by creating 1 replicas.
---------------------------------------------------------------------------------
Finished Final Netlist Cleanup
---------------------------------------------------------------------------------
WARNING: [Synth 8-3295] tying undriven pin dummy_inferred:in0 to constant 0
WARNING: [Synth 8-3295] tying undriven pin inst:sl_iport0[36] to constant 0
WARNING: [Synth 8-3295] tying undriven pin inst:sl_iport0[35] to constant 0
WARNING: [Synth 8-3295] tying undriven pin inst:sl_iport0[34] to constant 0
WARNING: [Synth 8-3295] tying undriven pin inst:sl_iport0[33] to constant 0
WARNING: [Synth 8-3295] tying undriven pin inst:sl_iport0[32] to constant 0
WARNING: [Synth 8-3295] tying undriven pin inst:sl_iport0[31] to constant 0
WARNING: [Synth 8-3295] tying undriven pin inst:sl_iport0[30] to constant 0
WARNING: [Synth 8-3295] tying undriven pin inst:sl_iport0[29] to constant 0
WARNING: [Synth 8-3295] tying undriven pin inst:sl_iport0[28] to constant 0
WARNING: [Synth 8-3295] tying undriven pin inst:sl_iport0[27] to constant 0
WARNING: [Synth 8-3295] tying undriven pin inst:sl_iport0[26] to constant 0
WARNING: [Synth 8-3295] tying undriven pin inst:sl_iport0[25] to constant 0
WARNING: [Synth 8-3295] tying undriven pin inst:sl_iport0[24] to constant 0
WARNING: [Synth 8-3295] tying undriven pin inst:sl_iport0[23] to constant 0
WARNING: [Synth 8-3295] tying undriven pin inst:sl_iport0[22] to constant 0
WARNING: [Synth 8-3295] tying undriven pin inst:sl_iport0[21] to constant 0
WARNING: [Synth 8-3295] tying undriven pin inst:sl_iport0[20] to constant 0
WARNING: [Synth 8-3295] tying undriven pin inst:sl_iport0[19] to constant 0
WARNING: [Synth 8-3295] tying undriven pin inst:sl_iport0[18] to constant 0
WARNING: [Synth 8-3295] tying undriven pin inst:sl_iport0[17] to constant 0
WARNING: [Synth 8-3295] tying undriven pin inst:sl_iport0[16] to constant 0
INFO: [Common 17-14] Message 'Synth 8-3295' appears 100 times and further instances of the messages will be disabled. Use the Tcl command set_msg_config to change the current settings.
---------------------------------------------------------------------------------
Finished IO Insertion : Time (s): cpu = 00:05:16 ; elapsed = 00:05:35 . Memory (MB): peak = 1345.785 ; gain = 1005.699
---------------------------------------------------------------------------------

Report Check Netlist: 
+------+------------------+-------+---------+-------+------------------+
|      |Item              |Errors |Warnings |Status |Description       |
+------+------------------+-------+---------+-------+------------------+
|1     |multi_driven_nets |      0|        0|Passed |Multi driven nets |
+------+------------------+-------+---------+-------+------------------+
---------------------------------------------------------------------------------
Start Renaming Generated Instances
---------------------------------------------------------------------------------
---------------------------------------------------------------------------------
Finished Renaming Generated Instances : Time (s): cpu = 00:05:16 ; elapsed = 00:05:35 . Memory (MB): peak = 1345.785 ; gain = 1005.699
---------------------------------------------------------------------------------

Report RTL Partitions: 
+-+--------------+------------+----------+
| |RTL Partition |Replication |Instances |
+-+--------------+------------+----------+
+-+--------------+------------+----------+
---------------------------------------------------------------------------------
Start Rebuilding User Hierarchy
---------------------------------------------------------------------------------
---------------------------------------------------------------------------------
Finished Rebuilding User Hierarchy : Time (s): cpu = 00:05:18 ; elapsed = 00:05:37 . Memory (MB): peak = 1345.785 ; gain = 1005.699
---------------------------------------------------------------------------------
---------------------------------------------------------------------------------
Start Renaming Generated Ports
---------------------------------------------------------------------------------
---------------------------------------------------------------------------------
Finished Renaming Generated Ports : Time (s): cpu = 00:05:18 ; elapsed = 00:05:37 . Memory (MB): peak = 1345.785 ; gain = 1005.699
---------------------------------------------------------------------------------
---------------------------------------------------------------------------------
Start Handling Custom Attributes
---------------------------------------------------------------------------------
---------------------------------------------------------------------------------
Finished Handling Custom Attributes : Time (s): cpu = 00:05:18 ; elapsed = 00:05:38 . Memory (MB): peak = 1345.785 ; gain = 1005.699
---------------------------------------------------------------------------------
---------------------------------------------------------------------------------
Start Renaming Generated Nets
---------------------------------------------------------------------------------
---------------------------------------------------------------------------------
Finished Renaming Generated Nets : Time (s): cpu = 00:05:19 ; elapsed = 00:05:38 . Memory (MB): peak = 1345.785 ; gain = 1005.699
---------------------------------------------------------------------------------
---------------------------------------------------------------------------------
Start ROM, RAM, DSP and Shift Register Reporting
---------------------------------------------------------------------------------

Static Shift Register Report:
+-------------------+----------------------------------------------------------------------------------------------------------------------------------------+--------+-------+--------------+--------------------+-------------------+--------+---------+
|Module Name        | RTL Name                                                                                                                               | Length | Width | Reset Signal | Pull out first Reg | Pull out last Reg | SRL16E | SRLC32E | 
+-------------------+----------------------------------------------------------------------------------------------------------------------------------------+--------+-------+--------------+--------------------+-------------------+--------+---------+
|ila_v6_2_6_ila     | ila_core_inst/u_ila_regs/adv_rb_drdy4_reg                                                                                              | 5      | 2     | NO           | NO                 | YES               | 2      | 0       | 
|ila_v6_2_6_ila     | ila_core_inst/shifted_data_in_reg[8][220]                                                                                              | 9      | 483   | NO           | NO                 | YES               | 483    | 0       | 
|ila_v6_2_6_ila     | ila_core_inst/xsdb_memory_read_inst/multiple_read_latency.read_enable_out_reg[3]                                                       | 4      | 2     | NO           | NO                 | YES               | 2      | 0       | 
|ila_v6_2_6_ila     | ila_core_inst/xsdb_memory_read_inst/multiple_enable_latency.enable_out_reg[3]                                                          | 4      | 2     | NO           | NO                 | YES               | 2      | 0       | 
|blk_mem_gen_v8_4_1 | inst_blk_mem_gen/gnbram.gnative_mem_map_bmg.native_mem_map_blk_mem_gen/valid.cstr/ramloop[1].ram.r/SAFETY_CKT_GEN.RSTA_SHFT_REG_reg[4] | 4      | 1     | NO           | NO                 | YES               | 1      | 0       | 
+-------------------+----------------------------------------------------------------------------------------------------------------------------------------+--------+-------+--------------+--------------------+-------------------+--------+---------+


Dynamic Shift Register Report:
+------------+----------------+--------+------------+--------+---------+--------+--------+--------+
|Module Name | RTL Name       | Length | Data Width | SRL16E | SRLC32E | Mux F7 | Mux F8 | Mux F9 | 
+------------+----------------+--------+------------+--------+---------+--------+--------+--------+
|dsrl        | memory_reg[3]  | 4      | 20         | 20     | 0       | 0      | 0      | 0      | 
|dsrl__1     | memory_reg[3]  | 4      | 2          | 2      | 0       | 0      | 0      | 0      | 
|dsrl__2     | memory_reg[31] | 32     | 34         | 0      | 34      | 0      | 0      | 0      | 
|dsrl__3     | memory_reg[31] | 32     | 13         | 0      | 13      | 0      | 0      | 0      | 
+------------+----------------+--------+------------+--------+---------+--------+--------+--------+

---------------------------------------------------------------------------------
Finished ROM, RAM, DSP and Shift Register Reporting
---------------------------------------------------------------------------------
---------------------------------------------------------------------------------
Start Writing Synthesis Report
---------------------------------------------------------------------------------

Report BlackBoxes: 
+-+--------------+----------+
| |BlackBox name |Instances |
+-+--------------+----------+
+-+--------------+----------+

Report Cell Usage: 
+------+-----------+------+
|      |Cell       |Count |
+------+-----------+------+
|1     |BIBUF      |   130|
|2     |BUFG       |     1|
|3     |CARRY4     |   417|
|4     |CFGLUT5    |   665|
|5     |LUT1       |   350|
|6     |LUT2       |   293|
|7     |LUT3       |   880|
|8     |LUT4       |  1238|
|9     |LUT5       |   546|
|10    |LUT6       |  3387|
|11    |MUXCY_L    |     3|
|12    |MUXF7      |   250|
|13    |MUXF8      |    42|
|14    |PS7        |     1|
|15    |RAMB18E1   |     2|
|16    |RAMB36E1   |    13|
|17    |RAMB36E1_1 |     2|
|18    |SRL16      |     1|
|19    |SRL16E     |   526|
|20    |SRLC16E    |     4|
|21    |SRLC32E    |    83|
|22    |XORCY      |     4|
|23    |FDCE       |   640|
|24    |FDPE       |    16|
|25    |FDR        |     9|
|26    |FDRE       |  9762|
|27    |FDSE       |    83|
+------+-----------+------+

Report Instance Areas: 
+------+----------------------------------------------------------------------------+-------------------------------------------------------------------+------+
|      |Instance                                                                    |Module                                                             |Cells |
+------+----------------------------------------------------------------------------+-------------------------------------------------------------------+------+
|1     |top                                                                         |                                                                   | 19348|
|2     |  system_bd_i                                                               |system_bd                                                          | 19348|
|3     |    ila_0                                                                   |system_bd_ila_0_0                                                  |  7068|
|4     |      inst                                                                  |ila_v6_2_6_ila                                                     |  7068|
|5     |        ila_core_inst                                                       |ila_v6_2_6_ila_core                                                |  7061|
|6     |          ila_trace_memory_inst                                             |ila_v6_2_6_ila_trace_memory                                        |     7|
|7     |            \SUBCORE_RAM_BLK_MEM_1.trace_block_memory                       |blk_mem_gen_v8_3_6                                                 |     7|
|8     |              inst_blk_mem_gen                                              |blk_mem_gen_v8_3_6_synth                                           |     7|
|9     |                \gnbram.gnativebmg.native_blk_mem_gen                       |blk_mem_gen_v8_3_6_blk_mem_gen_top                                 |     7|
|10    |                  \valid.cstr                                               |blk_mem_gen_v8_3_6_blk_mem_gen_generic_cstr                        |     7|
|11    |                    \ramloop[0].ram.r                                       |blk_mem_gen_v8_3_6_blk_mem_gen_prim_width                          |     1|
|12    |                      \prim_noinit.ram                                      |blk_mem_gen_v8_3_6_blk_mem_gen_prim_wrapper                        |     1|
|13    |                    \ramloop[1].ram.r                                       |blk_mem_gen_v8_3_6_blk_mem_gen_prim_width__parameterized0          |     1|
|14    |                      \prim_noinit.ram                                      |blk_mem_gen_v8_3_6_blk_mem_gen_prim_wrapper__parameterized0        |     1|
|15    |                    \ramloop[2].ram.r                                       |blk_mem_gen_v8_3_6_blk_mem_gen_prim_width__parameterized1          |     1|
|16    |                      \prim_noinit.ram                                      |blk_mem_gen_v8_3_6_blk_mem_gen_prim_wrapper__parameterized1        |     1|
|17    |                    \ramloop[3].ram.r                                       |blk_mem_gen_v8_3_6_blk_mem_gen_prim_width__parameterized2          |     1|
|18    |                      \prim_noinit.ram                                      |blk_mem_gen_v8_3_6_blk_mem_gen_prim_wrapper__parameterized2        |     1|
|19    |                    \ramloop[4].ram.r                                       |blk_mem_gen_v8_3_6_blk_mem_gen_prim_width__parameterized3          |     1|
|20    |                      \prim_noinit.ram                                      |blk_mem_gen_v8_3_6_blk_mem_gen_prim_wrapper__parameterized3        |     1|
|21    |                    \ramloop[5].ram.r                                       |blk_mem_gen_v8_3_6_blk_mem_gen_prim_width__parameterized4          |     1|
|22    |                      \prim_noinit.ram                                      |blk_mem_gen_v8_3_6_blk_mem_gen_prim_wrapper__parameterized4        |     1|
|23    |                    \ramloop[6].ram.r                                       |blk_mem_gen_v8_3_6_blk_mem_gen_prim_width__parameterized5          |     1|
|24    |                      \prim_noinit.ram                                      |blk_mem_gen_v8_3_6_blk_mem_gen_prim_wrapper__parameterized5        |     1|
|25    |          u_ila_cap_ctrl                                                    |ila_v6_2_6_ila_cap_ctrl_legacy_253                                 |   277|
|26    |            U_CDONE                                                         |ltlib_v1_0_0_cfglut6__parameterized0_539                           |     5|
|27    |            U_NS0                                                           |ltlib_v1_0_0_cfglut7_540                                           |     6|
|28    |            U_NS1                                                           |ltlib_v1_0_0_cfglut7_541                                           |     6|
|29    |            u_cap_addrgen                                                   |ila_v6_2_6_ila_cap_addrgen_542                                     |   255|
|30    |              U_CMPRESET                                                    |ltlib_v1_0_0_cfglut6_543                                           |     3|
|31    |              u_cap_sample_counter                                          |ila_v6_2_6_ila_cap_sample_counter_544                              |    61|
|32    |                U_SCE                                                       |ltlib_v1_0_0_cfglut4_559                                           |     1|
|33    |                U_SCMPCE                                                    |ltlib_v1_0_0_cfglut5_560                                           |     1|
|34    |                U_SCRST                                                     |ltlib_v1_0_0_cfglut6_561                                           |     5|
|35    |                u_scnt_cmp                                                  |ltlib_v1_0_0_match_nodelay_562                                     |    22|
|36    |                  \allx_typeA_match_detection.ltlib_v1_0_0_allx_typeA_inst  |ltlib_v1_0_0_allx_typeA_nodelay_563                                |    22|
|37    |                    DUT                                                     |ltlib_v1_0_0_all_typeA__parameterized3_564                         |    12|
|38    |                      \I_WHOLE_SLICE.G_SLICE_IDX[0].U_ALL_SRL_SLICE         |ltlib_v1_0_0_all_typeA_slice__parameterized1_565                   |     5|
|39    |                      \I_WHOLE_SLICE.G_SLICE_IDX[1].U_ALL_SRL_SLICE         |ltlib_v1_0_0_all_typeA_slice__parameterized2_566                   |     5|
|40    |              u_cap_window_counter                                          |ila_v6_2_6_ila_cap_window_counter_545                              |    60|
|41    |                U_WCE                                                       |ltlib_v1_0_0_cfglut4_546                                           |     1|
|42    |                U_WHCMPCE                                                   |ltlib_v1_0_0_cfglut5_547                                           |     1|
|43    |                U_WLCMPCE                                                   |ltlib_v1_0_0_cfglut5_548                                           |     1|
|44    |                u_wcnt_hcmp                                                 |ltlib_v1_0_0_match_nodelay_549                                     |    12|
|45    |                  \allx_typeA_match_detection.ltlib_v1_0_0_allx_typeA_inst  |ltlib_v1_0_0_allx_typeA_nodelay_555                                |    12|
|46    |                    DUT                                                     |ltlib_v1_0_0_all_typeA__parameterized3_556                         |    12|
|47    |                      \I_WHOLE_SLICE.G_SLICE_IDX[0].U_ALL_SRL_SLICE         |ltlib_v1_0_0_all_typeA_slice__parameterized1_557                   |     5|
|48    |                      \I_WHOLE_SLICE.G_SLICE_IDX[1].U_ALL_SRL_SLICE         |ltlib_v1_0_0_all_typeA_slice__parameterized2_558                   |     5|
|49    |                u_wcnt_lcmp                                                 |ltlib_v1_0_0_match_nodelay_550                                     |    22|
|50    |                  \allx_typeA_match_detection.ltlib_v1_0_0_allx_typeA_inst  |ltlib_v1_0_0_allx_typeA_nodelay_551                                |    22|
|51    |                    DUT                                                     |ltlib_v1_0_0_all_typeA__parameterized3_552                         |    12|
|52    |                      \I_WHOLE_SLICE.G_SLICE_IDX[0].U_ALL_SRL_SLICE         |ltlib_v1_0_0_all_typeA_slice__parameterized1_553                   |     5|
|53    |                      \I_WHOLE_SLICE.G_SLICE_IDX[1].U_ALL_SRL_SLICE         |ltlib_v1_0_0_all_typeA_slice__parameterized2_554                   |     5|
|54    |          u_ila_regs                                                        |ila_v6_2_6_ila_register                                            |  4879|
|55    |            U_XSDB_SLAVE                                                    |xsdbs_v1_0_2_xsdbs                                                 |   302|
|56    |            reg_890                                                         |xsdbs_v1_0_2_reg__parameterized130                                 |    16|
|57    |              \I_EN_STAT_EQ1.U_STAT                                         |xsdbs_v1_0_2_reg_stat_538                                          |    16|
|58    |            \MU_SRL[0].mu_srl_reg                                           |xsdbs_v1_0_2_reg_p2s_452                                           |    74|
|59    |            \MU_SRL[10].mu_srl_reg                                          |xsdbs_v1_0_2_reg_p2s__parameterized9_453                           |    74|
|60    |            \MU_SRL[11].mu_srl_reg                                          |xsdbs_v1_0_2_reg_p2s__parameterized10_454                          |   106|
|61    |            \MU_SRL[12].mu_srl_reg                                          |xsdbs_v1_0_2_reg_p2s__parameterized11_455                          |    74|
|62    |            \MU_SRL[13].mu_srl_reg                                          |xsdbs_v1_0_2_reg_p2s__parameterized12_456                          |    74|
|63    |            \MU_SRL[14].mu_srl_reg                                          |xsdbs_v1_0_2_reg_p2s__parameterized13_457                          |    74|
|64    |            \MU_SRL[15].mu_srl_reg                                          |xsdbs_v1_0_2_reg_p2s__parameterized14_458                          |    90|
|65    |            \MU_SRL[16].mu_srl_reg                                          |xsdbs_v1_0_2_reg_p2s__parameterized15_459                          |    74|
|66    |            \MU_SRL[17].mu_srl_reg                                          |xsdbs_v1_0_2_reg_p2s__parameterized16_460                          |    74|
|67    |            \MU_SRL[18].mu_srl_reg                                          |xsdbs_v1_0_2_reg_p2s__parameterized17_461                          |    74|
|68    |            \MU_SRL[19].mu_srl_reg                                          |xsdbs_v1_0_2_reg_p2s__parameterized18_462                          |   122|
|69    |            \MU_SRL[1].mu_srl_reg                                           |xsdbs_v1_0_2_reg_p2s__parameterized0_463                           |    74|
|70    |            \MU_SRL[20].mu_srl_reg                                          |xsdbs_v1_0_2_reg_p2s__parameterized19_464                          |    74|
|71    |            \MU_SRL[21].mu_srl_reg                                          |xsdbs_v1_0_2_reg_p2s__parameterized20_465                          |    74|
|72    |            \MU_SRL[22].mu_srl_reg                                          |xsdbs_v1_0_2_reg_p2s__parameterized21_466                          |    74|
|73    |            \MU_SRL[23].mu_srl_reg                                          |xsdbs_v1_0_2_reg_p2s__parameterized22_467                          |    90|
|74    |            \MU_SRL[24].mu_srl_reg                                          |xsdbs_v1_0_2_reg_p2s__parameterized23_468                          |    74|
|75    |            \MU_SRL[25].mu_srl_reg                                          |xsdbs_v1_0_2_reg_p2s__parameterized24_469                          |    74|
|76    |            \MU_SRL[26].mu_srl_reg                                          |xsdbs_v1_0_2_reg_p2s__parameterized25_470                          |    74|
|77    |            \MU_SRL[27].mu_srl_reg                                          |xsdbs_v1_0_2_reg_p2s__parameterized26_471                          |   106|
|78    |            \MU_SRL[28].mu_srl_reg                                          |xsdbs_v1_0_2_reg_p2s__parameterized27_472                          |    74|
|79    |            \MU_SRL[29].mu_srl_reg                                          |xsdbs_v1_0_2_reg_p2s__parameterized28_473                          |    74|
|80    |            \MU_SRL[2].mu_srl_reg                                           |xsdbs_v1_0_2_reg_p2s__parameterized1_474                           |    74|
|81    |            \MU_SRL[30].mu_srl_reg                                          |xsdbs_v1_0_2_reg_p2s__parameterized29_475                          |    74|
|82    |            \MU_SRL[31].mu_srl_reg                                          |xsdbs_v1_0_2_reg_p2s__parameterized30_476                          |    90|
|83    |            \MU_SRL[32].mu_srl_reg                                          |xsdbs_v1_0_2_reg_p2s__parameterized31_477                          |    74|
|84    |            \MU_SRL[33].mu_srl_reg                                          |xsdbs_v1_0_2_reg_p2s__parameterized32_478                          |    74|
|85    |            \MU_SRL[34].mu_srl_reg                                          |xsdbs_v1_0_2_reg_p2s__parameterized33_479                          |    74|
|86    |            \MU_SRL[35].mu_srl_reg                                          |xsdbs_v1_0_2_reg_p2s__parameterized34_480                          |   106|
|87    |            \MU_SRL[36].mu_srl_reg                                          |xsdbs_v1_0_2_reg_p2s__parameterized35_481                          |    74|
|88    |            \MU_SRL[37].mu_srl_reg                                          |xsdbs_v1_0_2_reg_p2s__parameterized36_482                          |    74|
|89    |            \MU_SRL[38].mu_srl_reg                                          |xsdbs_v1_0_2_reg_p2s__parameterized37_483                          |    74|
|90    |            \MU_SRL[39].mu_srl_reg                                          |xsdbs_v1_0_2_reg_p2s__parameterized38_484                          |    90|
|91    |            \MU_SRL[3].mu_srl_reg                                           |xsdbs_v1_0_2_reg_p2s__parameterized2_485                           |   122|
|92    |            \MU_SRL[40].mu_srl_reg                                          |xsdbs_v1_0_2_reg_p2s__parameterized39_486                          |    74|
|93    |            \MU_SRL[41].mu_srl_reg                                          |xsdbs_v1_0_2_reg_p2s__parameterized40_487                          |    74|
|94    |            \MU_SRL[42].mu_srl_reg                                          |xsdbs_v1_0_2_reg_p2s__parameterized41_488                          |    74|
|95    |            \MU_SRL[43].mu_srl_reg                                          |xsdbs_v1_0_2_reg_p2s__parameterized42_489                          |   106|
|96    |            \MU_SRL[4].mu_srl_reg                                           |xsdbs_v1_0_2_reg_p2s__parameterized3_490                           |    74|
|97    |            \MU_SRL[5].mu_srl_reg                                           |xsdbs_v1_0_2_reg_p2s__parameterized4_491                           |    74|
|98    |            \MU_SRL[6].mu_srl_reg                                           |xsdbs_v1_0_2_reg_p2s__parameterized5_492                           |    74|
|99    |            \MU_SRL[7].mu_srl_reg                                           |xsdbs_v1_0_2_reg_p2s__parameterized6_493                           |    90|
|100   |            \MU_SRL[8].mu_srl_reg                                           |xsdbs_v1_0_2_reg_p2s__parameterized7_494                           |    74|
|101   |            \MU_SRL[9].mu_srl_reg                                           |xsdbs_v1_0_2_reg_p2s__parameterized8_495                           |    74|
|102   |            \TC_SRL[0].tc_srl_reg                                           |xsdbs_v1_0_2_reg_p2s__parameterized43_496                          |    76|
|103   |            reg_15                                                          |xsdbs_v1_0_2_reg__parameterized112_497                             |    50|
|104   |              \I_EN_CTL_EQ1.U_CTL                                           |xsdbs_v1_0_2_reg_ctl_537                                           |    50|
|105   |            reg_16                                                          |xsdbs_v1_0_2_reg__parameterized113_498                             |    17|
|106   |              \I_EN_CTL_EQ1.U_CTL                                           |xsdbs_v1_0_2_reg_ctl_536                                           |    17|
|107   |            reg_17                                                          |xsdbs_v1_0_2_reg__parameterized114_499                             |    18|
|108   |              \I_EN_CTL_EQ1.U_CTL                                           |xsdbs_v1_0_2_reg_ctl_535                                           |    18|
|109   |            reg_18                                                          |xsdbs_v1_0_2_reg__parameterized115_500                             |    34|
|110   |              \I_EN_CTL_EQ1.U_CTL                                           |xsdbs_v1_0_2_reg_ctl_534                                           |    34|
|111   |            reg_19                                                          |xsdbs_v1_0_2_reg__parameterized116_501                             |    18|
|112   |              \I_EN_CTL_EQ1.U_CTL                                           |xsdbs_v1_0_2_reg_ctl_533                                           |    18|
|113   |            reg_1a                                                          |xsdbs_v1_0_2_reg__parameterized117_502                             |    20|
|114   |              \I_EN_CTL_EQ1.U_CTL                                           |xsdbs_v1_0_2_reg_ctl__parameterized1_532                           |    20|
|115   |            reg_6                                                           |xsdbs_v1_0_2_reg__parameterized97_503                              |    33|
|116   |              \I_EN_CTL_EQ1.U_CTL                                           |xsdbs_v1_0_2_reg_ctl_531                                           |    33|
|117   |            reg_7                                                           |xsdbs_v1_0_2_reg__parameterized98_504                              |    29|
|118   |              \I_EN_CTL_EQ1.U_CTL                                           |xsdbs_v1_0_2_reg_ctl__parameterized0_530                           |    29|
|119   |            reg_8                                                           |xsdbs_v1_0_2_reg__parameterized99_505                              |     5|
|120   |              \I_EN_STAT_EQ1.U_STAT                                         |xsdbs_v1_0_2_reg_stat_529                                          |     5|
|121   |            reg_80                                                          |xsdbs_v1_0_2_reg__parameterized118_506                             |    17|
|122   |              \I_EN_CTL_EQ1.U_CTL                                           |xsdbs_v1_0_2_reg_ctl__parameterized1_528                           |    17|
|123   |            reg_81                                                          |xsdbs_v1_0_2_reg__parameterized119_507                             |    17|
|124   |              \I_EN_CTL_EQ1.U_CTL                                           |xsdbs_v1_0_2_reg_ctl_527                                           |    17|
|125   |            reg_82                                                          |xsdbs_v1_0_2_reg__parameterized120_508                             |    17|
|126   |              \I_EN_CTL_EQ1.U_CTL                                           |xsdbs_v1_0_2_reg_ctl__parameterized1_526                           |    17|
|127   |            reg_83                                                          |xsdbs_v1_0_2_reg__parameterized121_509                             |    34|
|128   |              \I_EN_CTL_EQ1.U_CTL                                           |xsdbs_v1_0_2_reg_ctl_525                                           |    34|
|129   |            reg_84                                                          |xsdbs_v1_0_2_reg__parameterized122_510                             |    65|
|130   |              \I_EN_CTL_EQ1.U_CTL                                           |xsdbs_v1_0_2_reg_ctl_524                                           |    65|
|131   |            reg_85                                                          |xsdbs_v1_0_2_reg__parameterized123_511                             |    19|
|132   |              \I_EN_CTL_EQ1.U_CTL                                           |xsdbs_v1_0_2_reg_ctl_523                                           |    19|
|133   |            reg_887                                                         |xsdbs_v1_0_2_reg__parameterized125_512                             |     4|
|134   |              \I_EN_STAT_EQ1.U_STAT                                         |xsdbs_v1_0_2_reg_stat_522                                          |     4|
|135   |            reg_88d                                                         |xsdbs_v1_0_2_reg__parameterized127_513                             |     8|
|136   |              \I_EN_STAT_EQ1.U_STAT                                         |xsdbs_v1_0_2_reg_stat_521                                          |     8|
|137   |            reg_9                                                           |xsdbs_v1_0_2_reg__parameterized100_514                             |    20|
|138   |              \I_EN_STAT_EQ1.U_STAT                                         |xsdbs_v1_0_2_reg_stat_520                                          |    20|
|139   |            reg_srl_fff                                                     |xsdbs_v1_0_2_reg_p2s__parameterized44_515                          |    96|
|140   |            reg_stream_ffd                                                  |xsdbs_v1_0_2_reg_stream_516                                        |    20|
|141   |              \I_EN_CTL_EQ1.U_CTL                                           |xsdbs_v1_0_2_reg_ctl_519                                           |    20|
|142   |            reg_stream_ffe                                                  |xsdbs_v1_0_2_reg_stream__parameterized0_517                        |    38|
|143   |              \I_EN_STAT_EQ1.U_STAT                                         |xsdbs_v1_0_2_reg_stat_518                                          |    38|
|144   |          u_ila_reset_ctrl                                                  |ila_v6_2_6_ila_reset_ctrl_254                                      |    46|
|145   |            arm_detection_inst                                              |ltlib_v1_0_0_rising_edge_detection_446                             |     5|
|146   |            \asyncrounous_transfer.arm_in_transfer_inst                     |ltlib_v1_0_0_async_edge_xfer_447                                   |     7|
|147   |            \asyncrounous_transfer.arm_out_transfer_inst                    |ltlib_v1_0_0_async_edge_xfer_448                                   |     6|
|148   |            \asyncrounous_transfer.halt_in_transfer_inst                    |ltlib_v1_0_0_async_edge_xfer_449                                   |     7|
|149   |            \asyncrounous_transfer.halt_out_transfer_inst                   |ltlib_v1_0_0_async_edge_xfer_450                                   |     6|
|150   |            halt_detection_inst                                             |ltlib_v1_0_0_rising_edge_detection_451                             |     6|
|151   |          u_trig                                                            |ila_v6_2_6_ila_trigger                                             |   978|
|152   |            \N_DDR_TC.N_DDR_TC_INST[0].U_TC                                 |ltlib_v1_0_0_match                                                 |    79|
|153   |              \allx_typeA_match_detection.ltlib_v1_0_0_allx_typeA_inst      |ltlib_v1_0_0_allx_typeA                                            |    77|
|154   |                DUT                                                         |ltlib_v1_0_0_all_typeA_439                                         |    33|
|155   |                  \I_WHOLE_SLICE.G_SLICE_IDX[0].U_ALL_SRL_SLICE             |ltlib_v1_0_0_all_typeA_slice_440                                   |     5|
|156   |                  \I_WHOLE_SLICE.G_SLICE_IDX[1].U_ALL_SRL_SLICE             |ltlib_v1_0_0_all_typeA_slice_441                                   |     5|
|157   |                  \I_WHOLE_SLICE.G_SLICE_IDX[2].U_ALL_SRL_SLICE             |ltlib_v1_0_0_all_typeA_slice_442                                   |     5|
|158   |                  \I_WHOLE_SLICE.G_SLICE_IDX[3].U_ALL_SRL_SLICE             |ltlib_v1_0_0_all_typeA_slice_443                                   |     5|
|159   |                  \I_WHOLE_SLICE.G_SLICE_IDX[4].U_ALL_SRL_SLICE             |ltlib_v1_0_0_all_typeA_slice_444                                   |     5|
|160   |                  \I_WHOLE_SLICE.G_SLICE_IDX[5].U_ALL_SRL_SLICE             |ltlib_v1_0_0_all_typeA_slice__parameterized0_445                   |     6|
|161   |            U_TM                                                            |ila_v6_2_6_ila_trig_match                                          |   898|
|162   |              \N_DDR_MODE.G_NMU[0].U_M                                      |ltlib_v1_0_0_match__parameterized0_255                             |    11|
|163   |                \allx_typeA_match_detection.ltlib_v1_0_0_allx_typeA_inst    |ltlib_v1_0_0_allx_typeA__parameterized0_436                        |    10|
|164   |                  DUT                                                       |ltlib_v1_0_0_all_typeA__parameterized0_437                         |     8|
|165   |                    \I_WHOLE_SLICE.G_SLICE_IDX[0].U_ALL_SRL_SLICE           |ltlib_v1_0_0_all_typeA_slice__parameterized0_438                   |     6|
|166   |              \N_DDR_MODE.G_NMU[10].U_M                                     |ltlib_v1_0_0_match__parameterized3_256                             |    88|
|167   |                \allx_typeA_match_detection.ltlib_v1_0_0_allx_typeA_inst    |ltlib_v1_0_0_allx_typeA__parameterized3_430                        |    87|
|168   |                  DUT                                                       |ltlib_v1_0_0_all_typeA__parameterized2_431                         |    23|
|169   |                    \I_WHOLE_SLICE.G_SLICE_IDX[0].U_ALL_SRL_SLICE           |ltlib_v1_0_0_all_typeA_slice_432                                   |     5|
|170   |                    \I_WHOLE_SLICE.G_SLICE_IDX[1].U_ALL_SRL_SLICE           |ltlib_v1_0_0_all_typeA_slice_433                                   |     5|
|171   |                    \I_WHOLE_SLICE.G_SLICE_IDX[2].U_ALL_SRL_SLICE           |ltlib_v1_0_0_all_typeA_slice_434                                   |     5|
|172   |                    \I_WHOLE_SLICE.G_SLICE_IDX[3].U_ALL_SRL_SLICE           |ltlib_v1_0_0_all_typeA_slice__parameterized0_435                   |     6|
|173   |              \N_DDR_MODE.G_NMU[11].U_M                                     |ltlib_v1_0_0_match__parameterized0_257                             |    11|
|174   |                \allx_typeA_match_detection.ltlib_v1_0_0_allx_typeA_inst    |ltlib_v1_0_0_allx_typeA__parameterized0_427                        |    10|
|175   |                  DUT                                                       |ltlib_v1_0_0_all_typeA__parameterized0_428                         |     8|
|176   |                    \I_WHOLE_SLICE.G_SLICE_IDX[0].U_ALL_SRL_SLICE           |ltlib_v1_0_0_all_typeA_slice__parameterized0_429                   |     6|
|177   |              \N_DDR_MODE.G_NMU[12].U_M                                     |ltlib_v1_0_0_match__parameterized0_258                             |    11|
|178   |                \allx_typeA_match_detection.ltlib_v1_0_0_allx_typeA_inst    |ltlib_v1_0_0_allx_typeA__parameterized0_424                        |    10|
|179   |                  DUT                                                       |ltlib_v1_0_0_all_typeA__parameterized0_425                         |     8|
|180   |                    \I_WHOLE_SLICE.G_SLICE_IDX[0].U_ALL_SRL_SLICE           |ltlib_v1_0_0_all_typeA_slice__parameterized0_426                   |     6|
|181   |              \N_DDR_MODE.G_NMU[13].U_M                                     |ltlib_v1_0_0_match__parameterized2_259                             |    13|
|182   |                \allx_typeA_match_detection.ltlib_v1_0_0_allx_typeA_inst    |ltlib_v1_0_0_allx_typeA__parameterized2_421                        |    12|
|183   |                  DUT                                                       |ltlib_v1_0_0_all_typeA__parameterized0_422                         |     8|
|184   |                    \I_WHOLE_SLICE.G_SLICE_IDX[0].U_ALL_SRL_SLICE           |ltlib_v1_0_0_all_typeA_slice__parameterized0_423                   |     6|
|185   |              \N_DDR_MODE.G_NMU[14].U_M                                     |ltlib_v1_0_0_match__parameterized3_260                             |    88|
|186   |                \allx_typeA_match_detection.ltlib_v1_0_0_allx_typeA_inst    |ltlib_v1_0_0_allx_typeA__parameterized3_415                        |    87|
|187   |                  DUT                                                       |ltlib_v1_0_0_all_typeA__parameterized2_416                         |    23|
|188   |                    \I_WHOLE_SLICE.G_SLICE_IDX[0].U_ALL_SRL_SLICE           |ltlib_v1_0_0_all_typeA_slice_417                                   |     5|
|189   |                    \I_WHOLE_SLICE.G_SLICE_IDX[1].U_ALL_SRL_SLICE           |ltlib_v1_0_0_all_typeA_slice_418                                   |     5|
|190   |                    \I_WHOLE_SLICE.G_SLICE_IDX[2].U_ALL_SRL_SLICE           |ltlib_v1_0_0_all_typeA_slice_419                                   |     5|
|191   |                    \I_WHOLE_SLICE.G_SLICE_IDX[3].U_ALL_SRL_SLICE           |ltlib_v1_0_0_all_typeA_slice__parameterized0_420                   |     6|
|192   |              \N_DDR_MODE.G_NMU[15].U_M                                     |ltlib_v1_0_0_match__parameterized4_261                             |    17|
|193   |                \allx_typeA_match_detection.ltlib_v1_0_0_allx_typeA_inst    |ltlib_v1_0_0_allx_typeA__parameterized4_412                        |    16|
|194   |                  DUT                                                       |ltlib_v1_0_0_all_typeA__parameterized0_413                         |     8|
|195   |                    \I_WHOLE_SLICE.G_SLICE_IDX[0].U_ALL_SRL_SLICE           |ltlib_v1_0_0_all_typeA_slice__parameterized0_414                   |     6|
|196   |              \N_DDR_MODE.G_NMU[16].U_M                                     |ltlib_v1_0_0_match__parameterized0_262                             |    11|
|197   |                \allx_typeA_match_detection.ltlib_v1_0_0_allx_typeA_inst    |ltlib_v1_0_0_allx_typeA__parameterized0_409                        |    10|
|198   |                  DUT                                                       |ltlib_v1_0_0_all_typeA__parameterized0_410                         |     8|
|199   |                    \I_WHOLE_SLICE.G_SLICE_IDX[0].U_ALL_SRL_SLICE           |ltlib_v1_0_0_all_typeA_slice__parameterized0_411                   |     6|
|200   |              \N_DDR_MODE.G_NMU[17].U_M                                     |ltlib_v1_0_0_match__parameterized5_263                             |    15|
|201   |                \allx_typeA_match_detection.ltlib_v1_0_0_allx_typeA_inst    |ltlib_v1_0_0_allx_typeA__parameterized5_406                        |    14|
|202   |                  DUT                                                       |ltlib_v1_0_0_all_typeA__parameterized0_407                         |     8|
|203   |                    \I_WHOLE_SLICE.G_SLICE_IDX[0].U_ALL_SRL_SLICE           |ltlib_v1_0_0_all_typeA_slice__parameterized0_408                   |     6|
|204   |              \N_DDR_MODE.G_NMU[18].U_M                                     |ltlib_v1_0_0_match__parameterized5_264                             |    15|
|205   |                \allx_typeA_match_detection.ltlib_v1_0_0_allx_typeA_inst    |ltlib_v1_0_0_allx_typeA__parameterized5_403                        |    14|
|206   |                  DUT                                                       |ltlib_v1_0_0_all_typeA__parameterized0_404                         |     8|
|207   |                    \I_WHOLE_SLICE.G_SLICE_IDX[0].U_ALL_SRL_SLICE           |ltlib_v1_0_0_all_typeA_slice__parameterized0_405                   |     6|
|208   |              \N_DDR_MODE.G_NMU[19].U_M                                     |ltlib_v1_0_0_match__parameterized6_265                             |    38|
|209   |                \allx_typeA_match_detection.ltlib_v1_0_0_allx_typeA_inst    |ltlib_v1_0_0_allx_typeA__parameterized6_399                        |    37|
|210   |                  DUT                                                       |ltlib_v1_0_0_all_typeA__parameterized1_400                         |    13|
|211   |                    \I_WHOLE_SLICE.G_SLICE_IDX[0].U_ALL_SRL_SLICE           |ltlib_v1_0_0_all_typeA_slice_401                                   |     5|
|212   |                    \I_WHOLE_SLICE.G_SLICE_IDX[1].U_ALL_SRL_SLICE           |ltlib_v1_0_0_all_typeA_slice__parameterized0_402                   |     6|
|213   |              \N_DDR_MODE.G_NMU[1].U_M                                      |ltlib_v1_0_0_match__parameterized1                                 |    40|
|214   |                \allx_typeA_match_detection.ltlib_v1_0_0_allx_typeA_inst    |ltlib_v1_0_0_allx_typeA__parameterized1_395                        |    39|
|215   |                  DUT                                                       |ltlib_v1_0_0_all_typeA__parameterized1_396                         |    13|
|216   |                    \I_WHOLE_SLICE.G_SLICE_IDX[0].U_ALL_SRL_SLICE           |ltlib_v1_0_0_all_typeA_slice_397                                   |     5|
|217   |                    \I_WHOLE_SLICE.G_SLICE_IDX[1].U_ALL_SRL_SLICE           |ltlib_v1_0_0_all_typeA_slice__parameterized0_398                   |     6|
|218   |              \N_DDR_MODE.G_NMU[20].U_M                                     |ltlib_v1_0_0_match__parameterized6_266                             |    38|
|219   |                \allx_typeA_match_detection.ltlib_v1_0_0_allx_typeA_inst    |ltlib_v1_0_0_allx_typeA__parameterized6_391                        |    37|
|220   |                  DUT                                                       |ltlib_v1_0_0_all_typeA__parameterized1_392                         |    13|
|221   |                    \I_WHOLE_SLICE.G_SLICE_IDX[0].U_ALL_SRL_SLICE           |ltlib_v1_0_0_all_typeA_slice_393                                   |     5|
|222   |                    \I_WHOLE_SLICE.G_SLICE_IDX[1].U_ALL_SRL_SLICE           |ltlib_v1_0_0_all_typeA_slice__parameterized0_394                   |     6|
|223   |              \N_DDR_MODE.G_NMU[21].U_M                                     |ltlib_v1_0_0_match__parameterized7                                 |    25|
|224   |                \allx_typeA_match_detection.ltlib_v1_0_0_allx_typeA_inst    |ltlib_v1_0_0_allx_typeA__parameterized7_388                        |    24|
|225   |                  DUT                                                       |ltlib_v1_0_0_all_typeA__parameterized0_389                         |     8|
|226   |                    \I_WHOLE_SLICE.G_SLICE_IDX[0].U_ALL_SRL_SLICE           |ltlib_v1_0_0_all_typeA_slice__parameterized0_390                   |     6|
|227   |              \N_DDR_MODE.G_NMU[22].U_M                                     |ltlib_v1_0_0_match__parameterized0_267                             |    11|
|228   |                \allx_typeA_match_detection.ltlib_v1_0_0_allx_typeA_inst    |ltlib_v1_0_0_allx_typeA__parameterized0_385                        |    10|
|229   |                  DUT                                                       |ltlib_v1_0_0_all_typeA__parameterized0_386                         |     8|
|230   |                    \I_WHOLE_SLICE.G_SLICE_IDX[0].U_ALL_SRL_SLICE           |ltlib_v1_0_0_all_typeA_slice__parameterized0_387                   |     6|
|231   |              \N_DDR_MODE.G_NMU[23].U_M                                     |ltlib_v1_0_0_match__parameterized5_268                             |    15|
|232   |                \allx_typeA_match_detection.ltlib_v1_0_0_allx_typeA_inst    |ltlib_v1_0_0_allx_typeA__parameterized5_382                        |    14|
|233   |                  DUT                                                       |ltlib_v1_0_0_all_typeA__parameterized0_383                         |     8|
|234   |                    \I_WHOLE_SLICE.G_SLICE_IDX[0].U_ALL_SRL_SLICE           |ltlib_v1_0_0_all_typeA_slice__parameterized0_384                   |     6|
|235   |              \N_DDR_MODE.G_NMU[24].U_M                                     |ltlib_v1_0_0_match__parameterized2_269                             |    13|
|236   |                \allx_typeA_match_detection.ltlib_v1_0_0_allx_typeA_inst    |ltlib_v1_0_0_allx_typeA__parameterized2_379                        |    12|
|237   |                  DUT                                                       |ltlib_v1_0_0_all_typeA__parameterized0_380                         |     8|
|238   |                    \I_WHOLE_SLICE.G_SLICE_IDX[0].U_ALL_SRL_SLICE           |ltlib_v1_0_0_all_typeA_slice__parameterized0_381                   |     6|
|239   |              \N_DDR_MODE.G_NMU[25].U_M                                     |ltlib_v1_0_0_match__parameterized6_270                             |    38|
|240   |                \allx_typeA_match_detection.ltlib_v1_0_0_allx_typeA_inst    |ltlib_v1_0_0_allx_typeA__parameterized6_375                        |    37|
|241   |                  DUT                                                       |ltlib_v1_0_0_all_typeA__parameterized1_376                         |    13|
|242   |                    \I_WHOLE_SLICE.G_SLICE_IDX[0].U_ALL_SRL_SLICE           |ltlib_v1_0_0_all_typeA_slice_377                                   |     5|
|243   |                    \I_WHOLE_SLICE.G_SLICE_IDX[1].U_ALL_SRL_SLICE           |ltlib_v1_0_0_all_typeA_slice__parameterized0_378                   |     6|
|244   |              \N_DDR_MODE.G_NMU[26].U_M                                     |ltlib_v1_0_0_match__parameterized0_271                             |    11|
|245   |                \allx_typeA_match_detection.ltlib_v1_0_0_allx_typeA_inst    |ltlib_v1_0_0_allx_typeA__parameterized0_372                        |    10|
|246   |                  DUT                                                       |ltlib_v1_0_0_all_typeA__parameterized0_373                         |     8|
|247   |                    \I_WHOLE_SLICE.G_SLICE_IDX[0].U_ALL_SRL_SLICE           |ltlib_v1_0_0_all_typeA_slice__parameterized0_374                   |     6|
|248   |              \N_DDR_MODE.G_NMU[27].U_M                                     |ltlib_v1_0_0_match__parameterized7_272                             |    25|
|249   |                \allx_typeA_match_detection.ltlib_v1_0_0_allx_typeA_inst    |ltlib_v1_0_0_allx_typeA__parameterized7                            |    24|
|250   |                  DUT                                                       |ltlib_v1_0_0_all_typeA__parameterized0_370                         |     8|
|251   |                    \I_WHOLE_SLICE.G_SLICE_IDX[0].U_ALL_SRL_SLICE           |ltlib_v1_0_0_all_typeA_slice__parameterized0_371                   |     6|
|252   |              \N_DDR_MODE.G_NMU[28].U_M                                     |ltlib_v1_0_0_match__parameterized5_273                             |    15|
|253   |                \allx_typeA_match_detection.ltlib_v1_0_0_allx_typeA_inst    |ltlib_v1_0_0_allx_typeA__parameterized5_367                        |    14|
|254   |                  DUT                                                       |ltlib_v1_0_0_all_typeA__parameterized0_368                         |     8|
|255   |                    \I_WHOLE_SLICE.G_SLICE_IDX[0].U_ALL_SRL_SLICE           |ltlib_v1_0_0_all_typeA_slice__parameterized0_369                   |     6|
|256   |              \N_DDR_MODE.G_NMU[29].U_M                                     |ltlib_v1_0_0_match__parameterized2_274                             |    13|
|257   |                \allx_typeA_match_detection.ltlib_v1_0_0_allx_typeA_inst    |ltlib_v1_0_0_allx_typeA__parameterized2_364                        |    12|
|258   |                  DUT                                                       |ltlib_v1_0_0_all_typeA__parameterized0_365                         |     8|
|259   |                    \I_WHOLE_SLICE.G_SLICE_IDX[0].U_ALL_SRL_SLICE           |ltlib_v1_0_0_all_typeA_slice__parameterized0_366                   |     6|
|260   |              \N_DDR_MODE.G_NMU[2].U_M                                      |ltlib_v1_0_0_match__parameterized2_275                             |    13|
|261   |                \allx_typeA_match_detection.ltlib_v1_0_0_allx_typeA_inst    |ltlib_v1_0_0_allx_typeA__parameterized2_361                        |    12|
|262   |                  DUT                                                       |ltlib_v1_0_0_all_typeA__parameterized0_362                         |     8|
|263   |                    \I_WHOLE_SLICE.G_SLICE_IDX[0].U_ALL_SRL_SLICE           |ltlib_v1_0_0_all_typeA_slice__parameterized0_363                   |     6|
|264   |              \N_DDR_MODE.G_NMU[30].U_M                                     |ltlib_v1_0_0_match__parameterized0_276                             |    11|
|265   |                \allx_typeA_match_detection.ltlib_v1_0_0_allx_typeA_inst    |ltlib_v1_0_0_allx_typeA__parameterized0_358                        |    10|
|266   |                  DUT                                                       |ltlib_v1_0_0_all_typeA__parameterized0_359                         |     8|
|267   |                    \I_WHOLE_SLICE.G_SLICE_IDX[0].U_ALL_SRL_SLICE           |ltlib_v1_0_0_all_typeA_slice__parameterized0_360                   |     6|
|268   |              \N_DDR_MODE.G_NMU[31].U_M                                     |ltlib_v1_0_0_match__parameterized4_277                             |    17|
|269   |                \allx_typeA_match_detection.ltlib_v1_0_0_allx_typeA_inst    |ltlib_v1_0_0_allx_typeA__parameterized4_355                        |    16|
|270   |                  DUT                                                       |ltlib_v1_0_0_all_typeA__parameterized0_356                         |     8|
|271   |                    \I_WHOLE_SLICE.G_SLICE_IDX[0].U_ALL_SRL_SLICE           |ltlib_v1_0_0_all_typeA_slice__parameterized0_357                   |     6|
|272   |              \N_DDR_MODE.G_NMU[32].U_M                                     |ltlib_v1_0_0_match__parameterized4_278                             |    17|
|273   |                \allx_typeA_match_detection.ltlib_v1_0_0_allx_typeA_inst    |ltlib_v1_0_0_allx_typeA__parameterized4_352                        |    16|
|274   |                  DUT                                                       |ltlib_v1_0_0_all_typeA__parameterized0_353                         |     8|
|275   |                    \I_WHOLE_SLICE.G_SLICE_IDX[0].U_ALL_SRL_SLICE           |ltlib_v1_0_0_all_typeA_slice__parameterized0_354                   |     6|
|276   |              \N_DDR_MODE.G_NMU[33].U_M                                     |ltlib_v1_0_0_match__parameterized4_279                             |    17|
|277   |                \allx_typeA_match_detection.ltlib_v1_0_0_allx_typeA_inst    |ltlib_v1_0_0_allx_typeA__parameterized4_349                        |    16|
|278   |                  DUT                                                       |ltlib_v1_0_0_all_typeA__parameterized0_350                         |     8|
|279   |                    \I_WHOLE_SLICE.G_SLICE_IDX[0].U_ALL_SRL_SLICE           |ltlib_v1_0_0_all_typeA_slice__parameterized0_351                   |     6|
|280   |              \N_DDR_MODE.G_NMU[34].U_M                                     |ltlib_v1_0_0_match__parameterized4_280                             |    17|
|281   |                \allx_typeA_match_detection.ltlib_v1_0_0_allx_typeA_inst    |ltlib_v1_0_0_allx_typeA__parameterized4_346                        |    16|
|282   |                  DUT                                                       |ltlib_v1_0_0_all_typeA__parameterized0_347                         |     8|
|283   |                    \I_WHOLE_SLICE.G_SLICE_IDX[0].U_ALL_SRL_SLICE           |ltlib_v1_0_0_all_typeA_slice__parameterized0_348                   |     6|
|284   |              \N_DDR_MODE.G_NMU[35].U_M                                     |ltlib_v1_0_0_match__parameterized0_281                             |    11|
|285   |                \allx_typeA_match_detection.ltlib_v1_0_0_allx_typeA_inst    |ltlib_v1_0_0_allx_typeA__parameterized0_343                        |    10|
|286   |                  DUT                                                       |ltlib_v1_0_0_all_typeA__parameterized0_344                         |     8|
|287   |                    \I_WHOLE_SLICE.G_SLICE_IDX[0].U_ALL_SRL_SLICE           |ltlib_v1_0_0_all_typeA_slice__parameterized0_345                   |     6|
|288   |              \N_DDR_MODE.G_NMU[36].U_M                                     |ltlib_v1_0_0_match__parameterized4_282                             |    17|
|289   |                \allx_typeA_match_detection.ltlib_v1_0_0_allx_typeA_inst    |ltlib_v1_0_0_allx_typeA__parameterized4_340                        |    16|
|290   |                  DUT                                                       |ltlib_v1_0_0_all_typeA__parameterized0_341                         |     8|
|291   |                    \I_WHOLE_SLICE.G_SLICE_IDX[0].U_ALL_SRL_SLICE           |ltlib_v1_0_0_all_typeA_slice__parameterized0_342                   |     6|
|292   |              \N_DDR_MODE.G_NMU[37].U_M                                     |ltlib_v1_0_0_match__parameterized4_283                             |    17|
|293   |                \allx_typeA_match_detection.ltlib_v1_0_0_allx_typeA_inst    |ltlib_v1_0_0_allx_typeA__parameterized4_337                        |    16|
|294   |                  DUT                                                       |ltlib_v1_0_0_all_typeA__parameterized0_338                         |     8|
|295   |                    \I_WHOLE_SLICE.G_SLICE_IDX[0].U_ALL_SRL_SLICE           |ltlib_v1_0_0_all_typeA_slice__parameterized0_339                   |     6|
|296   |              \N_DDR_MODE.G_NMU[38].U_M                                     |ltlib_v1_0_0_match__parameterized6_284                             |    38|
|297   |                \allx_typeA_match_detection.ltlib_v1_0_0_allx_typeA_inst    |ltlib_v1_0_0_allx_typeA__parameterized6_333                        |    37|
|298   |                  DUT                                                       |ltlib_v1_0_0_all_typeA__parameterized1_334                         |    13|
|299   |                    \I_WHOLE_SLICE.G_SLICE_IDX[0].U_ALL_SRL_SLICE           |ltlib_v1_0_0_all_typeA_slice_335                                   |     5|
|300   |                    \I_WHOLE_SLICE.G_SLICE_IDX[1].U_ALL_SRL_SLICE           |ltlib_v1_0_0_all_typeA_slice__parameterized0_336                   |     6|
|301   |              \N_DDR_MODE.G_NMU[39].U_M                                     |ltlib_v1_0_0_match__parameterized0_285                             |    11|
|302   |                \allx_typeA_match_detection.ltlib_v1_0_0_allx_typeA_inst    |ltlib_v1_0_0_allx_typeA__parameterized0_330                        |    10|
|303   |                  DUT                                                       |ltlib_v1_0_0_all_typeA__parameterized0_331                         |     8|
|304   |                    \I_WHOLE_SLICE.G_SLICE_IDX[0].U_ALL_SRL_SLICE           |ltlib_v1_0_0_all_typeA_slice__parameterized0_332                   |     6|
|305   |              \N_DDR_MODE.G_NMU[3].U_M                                      |ltlib_v1_0_0_match__parameterized0_286                             |    11|
|306   |                \allx_typeA_match_detection.ltlib_v1_0_0_allx_typeA_inst    |ltlib_v1_0_0_allx_typeA__parameterized0_327                        |    10|
|307   |                  DUT                                                       |ltlib_v1_0_0_all_typeA__parameterized0_328                         |     8|
|308   |                    \I_WHOLE_SLICE.G_SLICE_IDX[0].U_ALL_SRL_SLICE           |ltlib_v1_0_0_all_typeA_slice__parameterized0_329                   |     6|
|309   |              \N_DDR_MODE.G_NMU[40].U_M                                     |ltlib_v1_0_0_match__parameterized0_287                             |    11|
|310   |                \allx_typeA_match_detection.ltlib_v1_0_0_allx_typeA_inst    |ltlib_v1_0_0_allx_typeA__parameterized0_324                        |    10|
|311   |                  DUT                                                       |ltlib_v1_0_0_all_typeA__parameterized0_325                         |     8|
|312   |                    \I_WHOLE_SLICE.G_SLICE_IDX[0].U_ALL_SRL_SLICE           |ltlib_v1_0_0_all_typeA_slice__parameterized0_326                   |     6|
|313   |              \N_DDR_MODE.G_NMU[41].U_M                                     |ltlib_v1_0_0_match__parameterized0_288                             |    11|
|314   |                \allx_typeA_match_detection.ltlib_v1_0_0_allx_typeA_inst    |ltlib_v1_0_0_allx_typeA__parameterized0_321                        |    10|
|315   |                  DUT                                                       |ltlib_v1_0_0_all_typeA__parameterized0_322                         |     8|
|316   |                    \I_WHOLE_SLICE.G_SLICE_IDX[0].U_ALL_SRL_SLICE           |ltlib_v1_0_0_all_typeA_slice__parameterized0_323                   |     6|
|317   |              \N_DDR_MODE.G_NMU[42].U_M                                     |ltlib_v1_0_0_match__parameterized0_289                             |    11|
|318   |                \allx_typeA_match_detection.ltlib_v1_0_0_allx_typeA_inst    |ltlib_v1_0_0_allx_typeA__parameterized0_318                        |    10|
|319   |                  DUT                                                       |ltlib_v1_0_0_all_typeA__parameterized0_319                         |     8|
|320   |                    \I_WHOLE_SLICE.G_SLICE_IDX[0].U_ALL_SRL_SLICE           |ltlib_v1_0_0_all_typeA_slice__parameterized0_320                   |     6|
|321   |              \N_DDR_MODE.G_NMU[43].U_M                                     |ltlib_v1_0_0_match__parameterized0_290                             |    11|
|322   |                \allx_typeA_match_detection.ltlib_v1_0_0_allx_typeA_inst    |ltlib_v1_0_0_allx_typeA__parameterized0_315                        |    10|
|323   |                  DUT                                                       |ltlib_v1_0_0_all_typeA__parameterized0_316                         |     8|
|324   |                    \I_WHOLE_SLICE.G_SLICE_IDX[0].U_ALL_SRL_SLICE           |ltlib_v1_0_0_all_typeA_slice__parameterized0_317                   |     6|
|325   |              \N_DDR_MODE.G_NMU[4].U_M                                      |ltlib_v1_0_0_match__parameterized0_291                             |    11|
|326   |                \allx_typeA_match_detection.ltlib_v1_0_0_allx_typeA_inst    |ltlib_v1_0_0_allx_typeA__parameterized0_312                        |    10|
|327   |                  DUT                                                       |ltlib_v1_0_0_all_typeA__parameterized0_313                         |     8|
|328   |                    \I_WHOLE_SLICE.G_SLICE_IDX[0].U_ALL_SRL_SLICE           |ltlib_v1_0_0_all_typeA_slice__parameterized0_314                   |     6|
|329   |              \N_DDR_MODE.G_NMU[5].U_M                                      |ltlib_v1_0_0_match__parameterized1_292                             |    40|
|330   |                \allx_typeA_match_detection.ltlib_v1_0_0_allx_typeA_inst    |ltlib_v1_0_0_allx_typeA__parameterized1                            |    39|
|331   |                  DUT                                                       |ltlib_v1_0_0_all_typeA__parameterized1_309                         |    13|
|332   |                    \I_WHOLE_SLICE.G_SLICE_IDX[0].U_ALL_SRL_SLICE           |ltlib_v1_0_0_all_typeA_slice_310                                   |     5|
|333   |                    \I_WHOLE_SLICE.G_SLICE_IDX[1].U_ALL_SRL_SLICE           |ltlib_v1_0_0_all_typeA_slice__parameterized0_311                   |     6|
|334   |              \N_DDR_MODE.G_NMU[6].U_M                                      |ltlib_v1_0_0_match__parameterized0_293                             |    11|
|335   |                \allx_typeA_match_detection.ltlib_v1_0_0_allx_typeA_inst    |ltlib_v1_0_0_allx_typeA__parameterized0_306                        |    10|
|336   |                  DUT                                                       |ltlib_v1_0_0_all_typeA__parameterized0_307                         |     8|
|337   |                    \I_WHOLE_SLICE.G_SLICE_IDX[0].U_ALL_SRL_SLICE           |ltlib_v1_0_0_all_typeA_slice__parameterized0_308                   |     6|
|338   |              \N_DDR_MODE.G_NMU[7].U_M                                      |ltlib_v1_0_0_match__parameterized0_294                             |    11|
|339   |                \allx_typeA_match_detection.ltlib_v1_0_0_allx_typeA_inst    |ltlib_v1_0_0_allx_typeA__parameterized0_303                        |    10|
|340   |                  DUT                                                       |ltlib_v1_0_0_all_typeA__parameterized0_304                         |     8|
|341   |                    \I_WHOLE_SLICE.G_SLICE_IDX[0].U_ALL_SRL_SLICE           |ltlib_v1_0_0_all_typeA_slice__parameterized0_305                   |     6|
|342   |              \N_DDR_MODE.G_NMU[8].U_M                                      |ltlib_v1_0_0_match__parameterized0_295                             |    11|
|343   |                \allx_typeA_match_detection.ltlib_v1_0_0_allx_typeA_inst    |ltlib_v1_0_0_allx_typeA__parameterized0_300                        |    10|
|344   |                  DUT                                                       |ltlib_v1_0_0_all_typeA__parameterized0_301                         |     8|
|345   |                    \I_WHOLE_SLICE.G_SLICE_IDX[0].U_ALL_SRL_SLICE           |ltlib_v1_0_0_all_typeA_slice__parameterized0_302                   |     6|
|346   |              \N_DDR_MODE.G_NMU[9].U_M                                      |ltlib_v1_0_0_match__parameterized0_296                             |    11|
|347   |                \allx_typeA_match_detection.ltlib_v1_0_0_allx_typeA_inst    |ltlib_v1_0_0_allx_typeA__parameterized0_297                        |    10|
|348   |                  DUT                                                       |ltlib_v1_0_0_all_typeA__parameterized0_298                         |     8|
|349   |                    \I_WHOLE_SLICE.G_SLICE_IDX[0].U_ALL_SRL_SLICE           |ltlib_v1_0_0_all_typeA_slice__parameterized0_299                   |     6|
|350   |          xsdb_memory_read_inst                                             |ltlib_v1_0_0_generic_memrd                                         |   362|
|351   |    ila_1                                                                   |system_bd_ila_1_0                                                  |  7376|
|352   |      inst                                                                  |ila_v6_2_6_ila__parameterized0                                     |  7376|
|353   |        ila_core_inst                                                       |ila_v6_2_6_ila_core__parameterized0                                |  7369|
|354   |          ila_trace_memory_inst                                             |ila_v6_2_6_ila_trace_memory__parameterized0                        |     8|
|355   |            \SUBCORE_RAM_BLK_MEM_1.trace_block_memory                       |blk_mem_gen_v8_3_6__parameterized0                                 |     8|
|356   |              inst_blk_mem_gen                                              |blk_mem_gen_v8_3_6_synth__parameterized0                           |     8|
|357   |                \gnbram.gnativebmg.native_blk_mem_gen                       |blk_mem_gen_v8_3_6_blk_mem_gen_top__parameterized0                 |     8|
|358   |                  \valid.cstr                                               |blk_mem_gen_v8_3_6_blk_mem_gen_generic_cstr__parameterized0        |     8|
|359   |                    \ramloop[0].ram.r                                       |blk_mem_gen_v8_3_6_blk_mem_gen_prim_width__parameterized6          |     1|
|360   |                      \prim_noinit.ram                                      |blk_mem_gen_v8_3_6_blk_mem_gen_prim_wrapper__parameterized6        |     1|
|361   |                    \ramloop[1].ram.r                                       |blk_mem_gen_v8_3_6_blk_mem_gen_prim_width__parameterized7          |     1|
|362   |                      \prim_noinit.ram                                      |blk_mem_gen_v8_3_6_blk_mem_gen_prim_wrapper__parameterized7        |     1|
|363   |                    \ramloop[2].ram.r                                       |blk_mem_gen_v8_3_6_blk_mem_gen_prim_width__parameterized8          |     1|
|364   |                      \prim_noinit.ram                                      |blk_mem_gen_v8_3_6_blk_mem_gen_prim_wrapper__parameterized8        |     1|
|365   |                    \ramloop[3].ram.r                                       |blk_mem_gen_v8_3_6_blk_mem_gen_prim_width__parameterized9          |     1|
|366   |                      \prim_noinit.ram                                      |blk_mem_gen_v8_3_6_blk_mem_gen_prim_wrapper__parameterized9        |     1|
|367   |                    \ramloop[4].ram.r                                       |blk_mem_gen_v8_3_6_blk_mem_gen_prim_width__parameterized10         |     1|
|368   |                      \prim_noinit.ram                                      |blk_mem_gen_v8_3_6_blk_mem_gen_prim_wrapper__parameterized10       |     1|
|369   |                    \ramloop[5].ram.r                                       |blk_mem_gen_v8_3_6_blk_mem_gen_prim_width__parameterized11         |     1|
|370   |                      \prim_noinit.ram                                      |blk_mem_gen_v8_3_6_blk_mem_gen_prim_wrapper__parameterized11       |     1|
|371   |                    \ramloop[6].ram.r                                       |blk_mem_gen_v8_3_6_blk_mem_gen_prim_width__parameterized12         |     1|
|372   |                      \prim_noinit.ram                                      |blk_mem_gen_v8_3_6_blk_mem_gen_prim_wrapper__parameterized12       |     1|
|373   |                    \ramloop[7].ram.r                                       |blk_mem_gen_v8_3_6_blk_mem_gen_prim_width__parameterized13         |     1|
|374   |                      \prim_noinit.ram                                      |blk_mem_gen_v8_3_6_blk_mem_gen_prim_wrapper__parameterized13       |     1|
|375   |          u_ila_cap_ctrl                                                    |ila_v6_2_6_ila_cap_ctrl_legacy                                     |   277|
|376   |            U_CDONE                                                         |ltlib_v1_0_0_cfglut6__parameterized0                               |     5|
|377   |            U_NS0                                                           |ltlib_v1_0_0_cfglut7                                               |     6|
|378   |            U_NS1                                                           |ltlib_v1_0_0_cfglut7_238                                           |     6|
|379   |            u_cap_addrgen                                                   |ila_v6_2_6_ila_cap_addrgen                                         |   255|
|380   |              U_CMPRESET                                                    |ltlib_v1_0_0_cfglut6                                               |     3|
|381   |              u_cap_sample_counter                                          |ila_v6_2_6_ila_cap_sample_counter                                  |    61|
|382   |                U_SCE                                                       |ltlib_v1_0_0_cfglut4_245                                           |     1|
|383   |                U_SCMPCE                                                    |ltlib_v1_0_0_cfglut5_246                                           |     1|
|384   |                U_SCRST                                                     |ltlib_v1_0_0_cfglut6_247                                           |     5|
|385   |                u_scnt_cmp                                                  |ltlib_v1_0_0_match_nodelay_248                                     |    22|
|386   |                  \allx_typeA_match_detection.ltlib_v1_0_0_allx_typeA_inst  |ltlib_v1_0_0_allx_typeA_nodelay_249                                |    22|
|387   |                    DUT                                                     |ltlib_v1_0_0_all_typeA__parameterized3_250                         |    12|
|388   |                      \I_WHOLE_SLICE.G_SLICE_IDX[0].U_ALL_SRL_SLICE         |ltlib_v1_0_0_all_typeA_slice__parameterized1_251                   |     5|
|389   |                      \I_WHOLE_SLICE.G_SLICE_IDX[1].U_ALL_SRL_SLICE         |ltlib_v1_0_0_all_typeA_slice__parameterized2_252                   |     5|
|390   |              u_cap_window_counter                                          |ila_v6_2_6_ila_cap_window_counter                                  |    60|
|391   |                U_WCE                                                       |ltlib_v1_0_0_cfglut4                                               |     1|
|392   |                U_WHCMPCE                                                   |ltlib_v1_0_0_cfglut5                                               |     1|
|393   |                U_WLCMPCE                                                   |ltlib_v1_0_0_cfglut5_239                                           |     1|
|394   |                u_wcnt_hcmp                                                 |ltlib_v1_0_0_match_nodelay                                         |    12|
|395   |                  \allx_typeA_match_detection.ltlib_v1_0_0_allx_typeA_inst  |ltlib_v1_0_0_allx_typeA_nodelay_241                                |    12|
|396   |                    DUT                                                     |ltlib_v1_0_0_all_typeA__parameterized3_242                         |    12|
|397   |                      \I_WHOLE_SLICE.G_SLICE_IDX[0].U_ALL_SRL_SLICE         |ltlib_v1_0_0_all_typeA_slice__parameterized1_243                   |     5|
|398   |                      \I_WHOLE_SLICE.G_SLICE_IDX[1].U_ALL_SRL_SLICE         |ltlib_v1_0_0_all_typeA_slice__parameterized2_244                   |     5|
|399   |                u_wcnt_lcmp                                                 |ltlib_v1_0_0_match_nodelay_240                                     |    22|
|400   |                  \allx_typeA_match_detection.ltlib_v1_0_0_allx_typeA_inst  |ltlib_v1_0_0_allx_typeA_nodelay                                    |    22|
|401   |                    DUT                                                     |ltlib_v1_0_0_all_typeA__parameterized3                             |    12|
|402   |                      \I_WHOLE_SLICE.G_SLICE_IDX[0].U_ALL_SRL_SLICE         |ltlib_v1_0_0_all_typeA_slice__parameterized1                       |     5|
|403   |                      \I_WHOLE_SLICE.G_SLICE_IDX[1].U_ALL_SRL_SLICE         |ltlib_v1_0_0_all_typeA_slice__parameterized2                       |     5|
|404   |          u_ila_regs                                                        |ila_v6_2_6_ila_register__parameterized0                            |  4903|
|405   |            U_XSDB_SLAVE                                                    |xsdbs_v1_0_2_xsdbs__1                                              |   302|
|406   |            reg_890                                                         |xsdbs_v1_0_2_reg__parameterized130__1                              |    16|
|407   |              \I_EN_STAT_EQ1.U_STAT                                         |xsdbs_v1_0_2_reg_stat_237                                          |    16|
|408   |            \MU_SRL[0].mu_srl_reg                                           |xsdbs_v1_0_2_reg_p2s                                               |    74|
|409   |            \MU_SRL[10].mu_srl_reg                                          |xsdbs_v1_0_2_reg_p2s__parameterized9                               |    74|
|410   |            \MU_SRL[11].mu_srl_reg                                          |xsdbs_v1_0_2_reg_p2s__parameterized10                              |   106|
|411   |            \MU_SRL[12].mu_srl_reg                                          |xsdbs_v1_0_2_reg_p2s__parameterized11                              |    74|
|412   |            \MU_SRL[13].mu_srl_reg                                          |xsdbs_v1_0_2_reg_p2s__parameterized12                              |    74|
|413   |            \MU_SRL[14].mu_srl_reg                                          |xsdbs_v1_0_2_reg_p2s__parameterized13                              |    74|
|414   |            \MU_SRL[15].mu_srl_reg                                          |xsdbs_v1_0_2_reg_p2s__parameterized14                              |    90|
|415   |            \MU_SRL[16].mu_srl_reg                                          |xsdbs_v1_0_2_reg_p2s__parameterized15                              |    74|
|416   |            \MU_SRL[17].mu_srl_reg                                          |xsdbs_v1_0_2_reg_p2s__parameterized16                              |    74|
|417   |            \MU_SRL[18].mu_srl_reg                                          |xsdbs_v1_0_2_reg_p2s__parameterized17                              |    74|
|418   |            \MU_SRL[19].mu_srl_reg                                          |xsdbs_v1_0_2_reg_p2s__parameterized18                              |   106|
|419   |            \MU_SRL[1].mu_srl_reg                                           |xsdbs_v1_0_2_reg_p2s__parameterized0                               |    74|
|420   |            \MU_SRL[20].mu_srl_reg                                          |xsdbs_v1_0_2_reg_p2s__parameterized19                              |    74|
|421   |            \MU_SRL[21].mu_srl_reg                                          |xsdbs_v1_0_2_reg_p2s__parameterized20                              |    74|
|422   |            \MU_SRL[22].mu_srl_reg                                          |xsdbs_v1_0_2_reg_p2s__parameterized21                              |    74|
|423   |            \MU_SRL[23].mu_srl_reg                                          |xsdbs_v1_0_2_reg_p2s__parameterized22                              |    90|
|424   |            \MU_SRL[24].mu_srl_reg                                          |xsdbs_v1_0_2_reg_p2s__parameterized23                              |    74|
|425   |            \MU_SRL[25].mu_srl_reg                                          |xsdbs_v1_0_2_reg_p2s__parameterized24                              |    74|
|426   |            \MU_SRL[26].mu_srl_reg                                          |xsdbs_v1_0_2_reg_p2s__parameterized25                              |    74|
|427   |            \MU_SRL[27].mu_srl_reg                                          |xsdbs_v1_0_2_reg_p2s__parameterized26                              |   138|
|428   |            \MU_SRL[28].mu_srl_reg                                          |xsdbs_v1_0_2_reg_p2s__parameterized27                              |    74|
|429   |            \MU_SRL[29].mu_srl_reg                                          |xsdbs_v1_0_2_reg_p2s__parameterized28                              |    74|
|430   |            \MU_SRL[2].mu_srl_reg                                           |xsdbs_v1_0_2_reg_p2s__parameterized1                               |    74|
|431   |            \MU_SRL[30].mu_srl_reg                                          |xsdbs_v1_0_2_reg_p2s__parameterized29                              |    74|
|432   |            \MU_SRL[31].mu_srl_reg                                          |xsdbs_v1_0_2_reg_p2s__parameterized30                              |    90|
|433   |            \MU_SRL[32].mu_srl_reg                                          |xsdbs_v1_0_2_reg_p2s__parameterized31                              |    74|
|434   |            \MU_SRL[33].mu_srl_reg                                          |xsdbs_v1_0_2_reg_p2s__parameterized32                              |    74|
|435   |            \MU_SRL[34].mu_srl_reg                                          |xsdbs_v1_0_2_reg_p2s__parameterized33                              |    74|
|436   |            \MU_SRL[35].mu_srl_reg                                          |xsdbs_v1_0_2_reg_p2s__parameterized34                              |    90|
|437   |            \MU_SRL[36].mu_srl_reg                                          |xsdbs_v1_0_2_reg_p2s__parameterized35                              |    74|
|438   |            \MU_SRL[37].mu_srl_reg                                          |xsdbs_v1_0_2_reg_p2s__parameterized36                              |    74|
|439   |            \MU_SRL[38].mu_srl_reg                                          |xsdbs_v1_0_2_reg_p2s__parameterized37                              |    74|
|440   |            \MU_SRL[39].mu_srl_reg                                          |xsdbs_v1_0_2_reg_p2s__parameterized38                              |    90|
|441   |            \MU_SRL[3].mu_srl_reg                                           |xsdbs_v1_0_2_reg_p2s__parameterized2                               |   106|
|442   |            \MU_SRL[40].mu_srl_reg                                          |xsdbs_v1_0_2_reg_p2s__parameterized39                              |    74|
|443   |            \MU_SRL[41].mu_srl_reg                                          |xsdbs_v1_0_2_reg_p2s__parameterized40                              |    74|
|444   |            \MU_SRL[42].mu_srl_reg                                          |xsdbs_v1_0_2_reg_p2s__parameterized41                              |    74|
|445   |            \MU_SRL[43].mu_srl_reg                                          |xsdbs_v1_0_2_reg_p2s__parameterized42                              |    90|
|446   |            \MU_SRL[44].mu_srl_reg                                          |xsdbs_v1_0_2_reg_p2s__parameterized45                              |    90|
|447   |            \MU_SRL[4].mu_srl_reg                                           |xsdbs_v1_0_2_reg_p2s__parameterized3                               |    74|
|448   |            \MU_SRL[5].mu_srl_reg                                           |xsdbs_v1_0_2_reg_p2s__parameterized4                               |    74|
|449   |            \MU_SRL[6].mu_srl_reg                                           |xsdbs_v1_0_2_reg_p2s__parameterized5                               |    74|
|450   |            \MU_SRL[7].mu_srl_reg                                           |xsdbs_v1_0_2_reg_p2s__parameterized6                               |    90|
|451   |            \MU_SRL[8].mu_srl_reg                                           |xsdbs_v1_0_2_reg_p2s__parameterized7                               |    74|
|452   |            \MU_SRL[9].mu_srl_reg                                           |xsdbs_v1_0_2_reg_p2s__parameterized8                               |    74|
|453   |            \TC_SRL[0].tc_srl_reg                                           |xsdbs_v1_0_2_reg_p2s__parameterized43                              |    76|
|454   |            reg_15                                                          |xsdbs_v1_0_2_reg__parameterized112                                 |    24|
|455   |              \I_EN_CTL_EQ1.U_CTL                                           |xsdbs_v1_0_2_reg_ctl_236                                           |    24|
|456   |            reg_16                                                          |xsdbs_v1_0_2_reg__parameterized113                                 |    17|
|457   |              \I_EN_CTL_EQ1.U_CTL                                           |xsdbs_v1_0_2_reg_ctl_235                                           |    17|
|458   |            reg_17                                                          |xsdbs_v1_0_2_reg__parameterized114                                 |    35|
|459   |              \I_EN_CTL_EQ1.U_CTL                                           |xsdbs_v1_0_2_reg_ctl_234                                           |    35|
|460   |            reg_18                                                          |xsdbs_v1_0_2_reg__parameterized115                                 |    22|
|461   |              \I_EN_CTL_EQ1.U_CTL                                           |xsdbs_v1_0_2_reg_ctl_233                                           |    22|
|462   |            reg_19                                                          |xsdbs_v1_0_2_reg__parameterized116                                 |    17|
|463   |              \I_EN_CTL_EQ1.U_CTL                                           |xsdbs_v1_0_2_reg_ctl_232                                           |    17|
|464   |            reg_1a                                                          |xsdbs_v1_0_2_reg__parameterized117                                 |    36|
|465   |              \I_EN_CTL_EQ1.U_CTL                                           |xsdbs_v1_0_2_reg_ctl__parameterized1_231                           |    36|
|466   |            reg_6                                                           |xsdbs_v1_0_2_reg__parameterized97                                  |    38|
|467   |              \I_EN_CTL_EQ1.U_CTL                                           |xsdbs_v1_0_2_reg_ctl_230                                           |    38|
|468   |            reg_7                                                           |xsdbs_v1_0_2_reg__parameterized98                                  |    27|
|469   |              \I_EN_CTL_EQ1.U_CTL                                           |xsdbs_v1_0_2_reg_ctl__parameterized0                               |    27|
|470   |            reg_8                                                           |xsdbs_v1_0_2_reg__parameterized99                                  |     8|
|471   |              \I_EN_STAT_EQ1.U_STAT                                         |xsdbs_v1_0_2_reg_stat_229                                          |     8|
|472   |            reg_80                                                          |xsdbs_v1_0_2_reg__parameterized118                                 |    17|
|473   |              \I_EN_CTL_EQ1.U_CTL                                           |xsdbs_v1_0_2_reg_ctl__parameterized1_228                           |    17|
|474   |            reg_81                                                          |xsdbs_v1_0_2_reg__parameterized119                                 |    17|
|475   |              \I_EN_CTL_EQ1.U_CTL                                           |xsdbs_v1_0_2_reg_ctl_227                                           |    17|
|476   |            reg_82                                                          |xsdbs_v1_0_2_reg__parameterized120                                 |    17|
|477   |              \I_EN_CTL_EQ1.U_CTL                                           |xsdbs_v1_0_2_reg_ctl__parameterized1                               |    17|
|478   |            reg_83                                                          |xsdbs_v1_0_2_reg__parameterized121                                 |    53|
|479   |              \I_EN_CTL_EQ1.U_CTL                                           |xsdbs_v1_0_2_reg_ctl_226                                           |    53|
|480   |            reg_84                                                          |xsdbs_v1_0_2_reg__parameterized122                                 |    35|
|481   |              \I_EN_CTL_EQ1.U_CTL                                           |xsdbs_v1_0_2_reg_ctl_225                                           |    35|
|482   |            reg_85                                                          |xsdbs_v1_0_2_reg__parameterized123                                 |    19|
|483   |              \I_EN_CTL_EQ1.U_CTL                                           |xsdbs_v1_0_2_reg_ctl_224                                           |    19|
|484   |            reg_887                                                         |xsdbs_v1_0_2_reg__parameterized125                                 |     3|
|485   |              \I_EN_STAT_EQ1.U_STAT                                         |xsdbs_v1_0_2_reg_stat_223                                          |     3|
|486   |            reg_88d                                                         |xsdbs_v1_0_2_reg__parameterized127                                 |     6|
|487   |              \I_EN_STAT_EQ1.U_STAT                                         |xsdbs_v1_0_2_reg_stat_222                                          |     6|
|488   |            reg_9                                                           |xsdbs_v1_0_2_reg__parameterized100                                 |    18|
|489   |              \I_EN_STAT_EQ1.U_STAT                                         |xsdbs_v1_0_2_reg_stat_221                                          |    18|
|490   |            reg_srl_fff                                                     |xsdbs_v1_0_2_reg_p2s__parameterized44                              |    96|
|491   |            reg_stream_ffd                                                  |xsdbs_v1_0_2_reg_stream                                            |    29|
|492   |              \I_EN_CTL_EQ1.U_CTL                                           |xsdbs_v1_0_2_reg_ctl                                               |    29|
|493   |            reg_stream_ffe                                                  |xsdbs_v1_0_2_reg_stream__parameterized0                            |    29|
|494   |              \I_EN_STAT_EQ1.U_STAT                                         |xsdbs_v1_0_2_reg_stat                                              |    29|
|495   |          u_ila_reset_ctrl                                                  |ila_v6_2_6_ila_reset_ctrl                                          |    46|
|496   |            arm_detection_inst                                              |ltlib_v1_0_0_rising_edge_detection                                 |     5|
|497   |            \asyncrounous_transfer.arm_in_transfer_inst                     |ltlib_v1_0_0_async_edge_xfer                                       |     7|
|498   |            \asyncrounous_transfer.arm_out_transfer_inst                    |ltlib_v1_0_0_async_edge_xfer_217                                   |     6|
|499   |            \asyncrounous_transfer.halt_in_transfer_inst                    |ltlib_v1_0_0_async_edge_xfer_218                                   |     7|
|500   |            \asyncrounous_transfer.halt_out_transfer_inst                   |ltlib_v1_0_0_async_edge_xfer_219                                   |     6|
|501   |            halt_detection_inst                                             |ltlib_v1_0_0_rising_edge_detection_220                             |     6|
|502   |          u_trig                                                            |ila_v6_2_6_ila_trigger__parameterized0                             |  1095|
|503   |            \N_DDR_TC.N_DDR_TC_INST[0].U_TC                                 |ltlib_v1_0_0_match__parameterized8                                 |    80|
|504   |              \allx_typeA_match_detection.ltlib_v1_0_0_allx_typeA_inst      |ltlib_v1_0_0_allx_typeA__parameterized8                            |    78|
|505   |                DUT                                                         |ltlib_v1_0_0_all_typeA                                             |    33|
|506   |                  \I_WHOLE_SLICE.G_SLICE_IDX[0].U_ALL_SRL_SLICE             |ltlib_v1_0_0_all_typeA_slice_211                                   |     5|
|507   |                  \I_WHOLE_SLICE.G_SLICE_IDX[1].U_ALL_SRL_SLICE             |ltlib_v1_0_0_all_typeA_slice_212                                   |     5|
|508   |                  \I_WHOLE_SLICE.G_SLICE_IDX[2].U_ALL_SRL_SLICE             |ltlib_v1_0_0_all_typeA_slice_213                                   |     5|
|509   |                  \I_WHOLE_SLICE.G_SLICE_IDX[3].U_ALL_SRL_SLICE             |ltlib_v1_0_0_all_typeA_slice_214                                   |     5|
|510   |                  \I_WHOLE_SLICE.G_SLICE_IDX[4].U_ALL_SRL_SLICE             |ltlib_v1_0_0_all_typeA_slice_215                                   |     5|
|511   |                  \I_WHOLE_SLICE.G_SLICE_IDX[5].U_ALL_SRL_SLICE             |ltlib_v1_0_0_all_typeA_slice__parameterized0_216                   |     6|
|512   |            U_TM                                                            |ila_v6_2_6_ila_trig_match__parameterized0                          |  1014|
|513   |              \N_DDR_MODE.G_NMU[0].U_M                                      |ltlib_v1_0_0_match__parameterized0                                 |    11|
|514   |                \allx_typeA_match_detection.ltlib_v1_0_0_allx_typeA_inst    |ltlib_v1_0_0_allx_typeA__parameterized0_208                        |    10|
|515   |                  DUT                                                       |ltlib_v1_0_0_all_typeA__parameterized0_209                         |     8|
|516   |                    \I_WHOLE_SLICE.G_SLICE_IDX[0].U_ALL_SRL_SLICE           |ltlib_v1_0_0_all_typeA_slice__parameterized0_210                   |     6|
|517   |              \N_DDR_MODE.G_NMU[10].U_M                                     |ltlib_v1_0_0_match__parameterized3                                 |    88|
|518   |                \allx_typeA_match_detection.ltlib_v1_0_0_allx_typeA_inst    |ltlib_v1_0_0_allx_typeA__parameterized3_202                        |    87|
|519   |                  DUT                                                       |ltlib_v1_0_0_all_typeA__parameterized2_203                         |    23|
|520   |                    \I_WHOLE_SLICE.G_SLICE_IDX[0].U_ALL_SRL_SLICE           |ltlib_v1_0_0_all_typeA_slice_204                                   |     5|
|521   |                    \I_WHOLE_SLICE.G_SLICE_IDX[1].U_ALL_SRL_SLICE           |ltlib_v1_0_0_all_typeA_slice_205                                   |     5|
|522   |                    \I_WHOLE_SLICE.G_SLICE_IDX[2].U_ALL_SRL_SLICE           |ltlib_v1_0_0_all_typeA_slice_206                                   |     5|
|523   |                    \I_WHOLE_SLICE.G_SLICE_IDX[3].U_ALL_SRL_SLICE           |ltlib_v1_0_0_all_typeA_slice__parameterized0_207                   |     6|
|524   |              \N_DDR_MODE.G_NMU[11].U_M                                     |ltlib_v1_0_0_match__parameterized0_31                              |    11|
|525   |                \allx_typeA_match_detection.ltlib_v1_0_0_allx_typeA_inst    |ltlib_v1_0_0_allx_typeA__parameterized0_199                        |    10|
|526   |                  DUT                                                       |ltlib_v1_0_0_all_typeA__parameterized0_200                         |     8|
|527   |                    \I_WHOLE_SLICE.G_SLICE_IDX[0].U_ALL_SRL_SLICE           |ltlib_v1_0_0_all_typeA_slice__parameterized0_201                   |     6|
|528   |              \N_DDR_MODE.G_NMU[12].U_M                                     |ltlib_v1_0_0_match__parameterized0_32                              |    11|
|529   |                \allx_typeA_match_detection.ltlib_v1_0_0_allx_typeA_inst    |ltlib_v1_0_0_allx_typeA__parameterized0_196                        |    10|
|530   |                  DUT                                                       |ltlib_v1_0_0_all_typeA__parameterized0_197                         |     8|
|531   |                    \I_WHOLE_SLICE.G_SLICE_IDX[0].U_ALL_SRL_SLICE           |ltlib_v1_0_0_all_typeA_slice__parameterized0_198                   |     6|
|532   |              \N_DDR_MODE.G_NMU[13].U_M                                     |ltlib_v1_0_0_match__parameterized2                                 |    13|
|533   |                \allx_typeA_match_detection.ltlib_v1_0_0_allx_typeA_inst    |ltlib_v1_0_0_allx_typeA__parameterized2_193                        |    12|
|534   |                  DUT                                                       |ltlib_v1_0_0_all_typeA__parameterized0_194                         |     8|
|535   |                    \I_WHOLE_SLICE.G_SLICE_IDX[0].U_ALL_SRL_SLICE           |ltlib_v1_0_0_all_typeA_slice__parameterized0_195                   |     6|
|536   |              \N_DDR_MODE.G_NMU[14].U_M                                     |ltlib_v1_0_0_match__parameterized3_33                              |    88|
|537   |                \allx_typeA_match_detection.ltlib_v1_0_0_allx_typeA_inst    |ltlib_v1_0_0_allx_typeA__parameterized3_187                        |    87|
|538   |                  DUT                                                       |ltlib_v1_0_0_all_typeA__parameterized2_188                         |    23|
|539   |                    \I_WHOLE_SLICE.G_SLICE_IDX[0].U_ALL_SRL_SLICE           |ltlib_v1_0_0_all_typeA_slice_189                                   |     5|
|540   |                    \I_WHOLE_SLICE.G_SLICE_IDX[1].U_ALL_SRL_SLICE           |ltlib_v1_0_0_all_typeA_slice_190                                   |     5|
|541   |                    \I_WHOLE_SLICE.G_SLICE_IDX[2].U_ALL_SRL_SLICE           |ltlib_v1_0_0_all_typeA_slice_191                                   |     5|
|542   |                    \I_WHOLE_SLICE.G_SLICE_IDX[3].U_ALL_SRL_SLICE           |ltlib_v1_0_0_all_typeA_slice__parameterized0_192                   |     6|
|543   |              \N_DDR_MODE.G_NMU[15].U_M                                     |ltlib_v1_0_0_match__parameterized4                                 |    17|
|544   |                \allx_typeA_match_detection.ltlib_v1_0_0_allx_typeA_inst    |ltlib_v1_0_0_allx_typeA__parameterized4_184                        |    16|
|545   |                  DUT                                                       |ltlib_v1_0_0_all_typeA__parameterized0_185                         |     8|
|546   |                    \I_WHOLE_SLICE.G_SLICE_IDX[0].U_ALL_SRL_SLICE           |ltlib_v1_0_0_all_typeA_slice__parameterized0_186                   |     6|
|547   |              \N_DDR_MODE.G_NMU[16].U_M                                     |ltlib_v1_0_0_match__parameterized0_34                              |    11|
|548   |                \allx_typeA_match_detection.ltlib_v1_0_0_allx_typeA_inst    |ltlib_v1_0_0_allx_typeA__parameterized0_181                        |    10|
|549   |                  DUT                                                       |ltlib_v1_0_0_all_typeA__parameterized0_182                         |     8|
|550   |                    \I_WHOLE_SLICE.G_SLICE_IDX[0].U_ALL_SRL_SLICE           |ltlib_v1_0_0_all_typeA_slice__parameterized0_183                   |     6|
|551   |              \N_DDR_MODE.G_NMU[17].U_M                                     |ltlib_v1_0_0_match__parameterized5                                 |    15|
|552   |                \allx_typeA_match_detection.ltlib_v1_0_0_allx_typeA_inst    |ltlib_v1_0_0_allx_typeA__parameterized5_178                        |    14|
|553   |                  DUT                                                       |ltlib_v1_0_0_all_typeA__parameterized0_179                         |     8|
|554   |                    \I_WHOLE_SLICE.G_SLICE_IDX[0].U_ALL_SRL_SLICE           |ltlib_v1_0_0_all_typeA_slice__parameterized0_180                   |     6|
|555   |              \N_DDR_MODE.G_NMU[18].U_M                                     |ltlib_v1_0_0_match__parameterized5_35                              |    15|
|556   |                \allx_typeA_match_detection.ltlib_v1_0_0_allx_typeA_inst    |ltlib_v1_0_0_allx_typeA__parameterized5_175                        |    14|
|557   |                  DUT                                                       |ltlib_v1_0_0_all_typeA__parameterized0_176                         |     8|
|558   |                    \I_WHOLE_SLICE.G_SLICE_IDX[0].U_ALL_SRL_SLICE           |ltlib_v1_0_0_all_typeA_slice__parameterized0_177                   |     6|
|559   |              \N_DDR_MODE.G_NMU[19].U_M                                     |ltlib_v1_0_0_match__parameterized6                                 |    38|
|560   |                \allx_typeA_match_detection.ltlib_v1_0_0_allx_typeA_inst    |ltlib_v1_0_0_allx_typeA__parameterized6_171                        |    37|
|561   |                  DUT                                                       |ltlib_v1_0_0_all_typeA__parameterized1_172                         |    13|
|562   |                    \I_WHOLE_SLICE.G_SLICE_IDX[0].U_ALL_SRL_SLICE           |ltlib_v1_0_0_all_typeA_slice_173                                   |     5|
|563   |                    \I_WHOLE_SLICE.G_SLICE_IDX[1].U_ALL_SRL_SLICE           |ltlib_v1_0_0_all_typeA_slice__parameterized0_174                   |     6|
|564   |              \N_DDR_MODE.G_NMU[1].U_M                                      |ltlib_v1_0_0_match__parameterized3_36                              |    88|
|565   |                \allx_typeA_match_detection.ltlib_v1_0_0_allx_typeA_inst    |ltlib_v1_0_0_allx_typeA__parameterized3_165                        |    87|
|566   |                  DUT                                                       |ltlib_v1_0_0_all_typeA__parameterized2_166                         |    23|
|567   |                    \I_WHOLE_SLICE.G_SLICE_IDX[0].U_ALL_SRL_SLICE           |ltlib_v1_0_0_all_typeA_slice_167                                   |     5|
|568   |                    \I_WHOLE_SLICE.G_SLICE_IDX[1].U_ALL_SRL_SLICE           |ltlib_v1_0_0_all_typeA_slice_168                                   |     5|
|569   |                    \I_WHOLE_SLICE.G_SLICE_IDX[2].U_ALL_SRL_SLICE           |ltlib_v1_0_0_all_typeA_slice_169                                   |     5|
|570   |                    \I_WHOLE_SLICE.G_SLICE_IDX[3].U_ALL_SRL_SLICE           |ltlib_v1_0_0_all_typeA_slice__parameterized0_170                   |     6|
|571   |              \N_DDR_MODE.G_NMU[20].U_M                                     |ltlib_v1_0_0_match__parameterized6_37                              |    38|
|572   |                \allx_typeA_match_detection.ltlib_v1_0_0_allx_typeA_inst    |ltlib_v1_0_0_allx_typeA__parameterized6_161                        |    37|
|573   |                  DUT                                                       |ltlib_v1_0_0_all_typeA__parameterized1_162                         |    13|
|574   |                    \I_WHOLE_SLICE.G_SLICE_IDX[0].U_ALL_SRL_SLICE           |ltlib_v1_0_0_all_typeA_slice_163                                   |     5|
|575   |                    \I_WHOLE_SLICE.G_SLICE_IDX[1].U_ALL_SRL_SLICE           |ltlib_v1_0_0_all_typeA_slice__parameterized0_164                   |     6|
|576   |              \N_DDR_MODE.G_NMU[21].U_M                                     |ltlib_v1_0_0_match__parameterized4_38                              |    17|
|577   |                \allx_typeA_match_detection.ltlib_v1_0_0_allx_typeA_inst    |ltlib_v1_0_0_allx_typeA__parameterized4_158                        |    16|
|578   |                  DUT                                                       |ltlib_v1_0_0_all_typeA__parameterized0_159                         |     8|
|579   |                    \I_WHOLE_SLICE.G_SLICE_IDX[0].U_ALL_SRL_SLICE           |ltlib_v1_0_0_all_typeA_slice__parameterized0_160                   |     6|
|580   |              \N_DDR_MODE.G_NMU[22].U_M                                     |ltlib_v1_0_0_match__parameterized0_39                              |    11|
|581   |                \allx_typeA_match_detection.ltlib_v1_0_0_allx_typeA_inst    |ltlib_v1_0_0_allx_typeA__parameterized0_155                        |    10|
|582   |                  DUT                                                       |ltlib_v1_0_0_all_typeA__parameterized0_156                         |     8|
|583   |                    \I_WHOLE_SLICE.G_SLICE_IDX[0].U_ALL_SRL_SLICE           |ltlib_v1_0_0_all_typeA_slice__parameterized0_157                   |     6|
|584   |              \N_DDR_MODE.G_NMU[23].U_M                                     |ltlib_v1_0_0_match__parameterized5_40                              |    15|
|585   |                \allx_typeA_match_detection.ltlib_v1_0_0_allx_typeA_inst    |ltlib_v1_0_0_allx_typeA__parameterized5_152                        |    14|
|586   |                  DUT                                                       |ltlib_v1_0_0_all_typeA__parameterized0_153                         |     8|
|587   |                    \I_WHOLE_SLICE.G_SLICE_IDX[0].U_ALL_SRL_SLICE           |ltlib_v1_0_0_all_typeA_slice__parameterized0_154                   |     6|
|588   |              \N_DDR_MODE.G_NMU[24].U_M                                     |ltlib_v1_0_0_match__parameterized2_41                              |    13|
|589   |                \allx_typeA_match_detection.ltlib_v1_0_0_allx_typeA_inst    |ltlib_v1_0_0_allx_typeA__parameterized2_149                        |    12|
|590   |                  DUT                                                       |ltlib_v1_0_0_all_typeA__parameterized0_150                         |     8|
|591   |                    \I_WHOLE_SLICE.G_SLICE_IDX[0].U_ALL_SRL_SLICE           |ltlib_v1_0_0_all_typeA_slice__parameterized0_151                   |     6|
|592   |              \N_DDR_MODE.G_NMU[25].U_M                                     |ltlib_v1_0_0_match__parameterized6_42                              |    38|
|593   |                \allx_typeA_match_detection.ltlib_v1_0_0_allx_typeA_inst    |ltlib_v1_0_0_allx_typeA__parameterized6_145                        |    37|
|594   |                  DUT                                                       |ltlib_v1_0_0_all_typeA__parameterized1_146                         |    13|
|595   |                    \I_WHOLE_SLICE.G_SLICE_IDX[0].U_ALL_SRL_SLICE           |ltlib_v1_0_0_all_typeA_slice_147                                   |     5|
|596   |                    \I_WHOLE_SLICE.G_SLICE_IDX[1].U_ALL_SRL_SLICE           |ltlib_v1_0_0_all_typeA_slice__parameterized0_148                   |     6|
|597   |              \N_DDR_MODE.G_NMU[26].U_M                                     |ltlib_v1_0_0_match__parameterized2_43                              |    13|
|598   |                \allx_typeA_match_detection.ltlib_v1_0_0_allx_typeA_inst    |ltlib_v1_0_0_allx_typeA__parameterized2_142                        |    12|
|599   |                  DUT                                                       |ltlib_v1_0_0_all_typeA__parameterized0_143                         |     8|
|600   |                    \I_WHOLE_SLICE.G_SLICE_IDX[0].U_ALL_SRL_SLICE           |ltlib_v1_0_0_all_typeA_slice__parameterized0_144                   |     6|
|601   |              \N_DDR_MODE.G_NMU[27].U_M                                     |ltlib_v1_0_0_match__parameterized4_44                              |    17|
|602   |                \allx_typeA_match_detection.ltlib_v1_0_0_allx_typeA_inst    |ltlib_v1_0_0_allx_typeA__parameterized4_139                        |    16|
|603   |                  DUT                                                       |ltlib_v1_0_0_all_typeA__parameterized0_140                         |     8|
|604   |                    \I_WHOLE_SLICE.G_SLICE_IDX[0].U_ALL_SRL_SLICE           |ltlib_v1_0_0_all_typeA_slice__parameterized0_141                   |     6|
|605   |              \N_DDR_MODE.G_NMU[28].U_M                                     |ltlib_v1_0_0_match__parameterized5_45                              |    15|
|606   |                \allx_typeA_match_detection.ltlib_v1_0_0_allx_typeA_inst    |ltlib_v1_0_0_allx_typeA__parameterized5                            |    14|
|607   |                  DUT                                                       |ltlib_v1_0_0_all_typeA__parameterized0_137                         |     8|
|608   |                    \I_WHOLE_SLICE.G_SLICE_IDX[0].U_ALL_SRL_SLICE           |ltlib_v1_0_0_all_typeA_slice__parameterized0_138                   |     6|
|609   |              \N_DDR_MODE.G_NMU[29].U_M                                     |ltlib_v1_0_0_match__parameterized2_46                              |    13|
|610   |                \allx_typeA_match_detection.ltlib_v1_0_0_allx_typeA_inst    |ltlib_v1_0_0_allx_typeA__parameterized2_134                        |    12|
|611   |                  DUT                                                       |ltlib_v1_0_0_all_typeA__parameterized0_135                         |     8|
|612   |                    \I_WHOLE_SLICE.G_SLICE_IDX[0].U_ALL_SRL_SLICE           |ltlib_v1_0_0_all_typeA_slice__parameterized0_136                   |     6|
|613   |              \N_DDR_MODE.G_NMU[2].U_M                                      |ltlib_v1_0_0_match__parameterized2_47                              |    13|
|614   |                \allx_typeA_match_detection.ltlib_v1_0_0_allx_typeA_inst    |ltlib_v1_0_0_allx_typeA__parameterized2_131                        |    12|
|615   |                  DUT                                                       |ltlib_v1_0_0_all_typeA__parameterized0_132                         |     8|
|616   |                    \I_WHOLE_SLICE.G_SLICE_IDX[0].U_ALL_SRL_SLICE           |ltlib_v1_0_0_all_typeA_slice__parameterized0_133                   |     6|
|617   |              \N_DDR_MODE.G_NMU[30].U_M                                     |ltlib_v1_0_0_match__parameterized2_48                              |    13|
|618   |                \allx_typeA_match_detection.ltlib_v1_0_0_allx_typeA_inst    |ltlib_v1_0_0_allx_typeA__parameterized2                            |    12|
|619   |                  DUT                                                       |ltlib_v1_0_0_all_typeA__parameterized0_129                         |     8|
|620   |                    \I_WHOLE_SLICE.G_SLICE_IDX[0].U_ALL_SRL_SLICE           |ltlib_v1_0_0_all_typeA_slice__parameterized0_130                   |     6|
|621   |              \N_DDR_MODE.G_NMU[31].U_M                                     |ltlib_v1_0_0_match__parameterized4_49                              |    17|
|622   |                \allx_typeA_match_detection.ltlib_v1_0_0_allx_typeA_inst    |ltlib_v1_0_0_allx_typeA__parameterized4_126                        |    16|
|623   |                  DUT                                                       |ltlib_v1_0_0_all_typeA__parameterized0_127                         |     8|
|624   |                    \I_WHOLE_SLICE.G_SLICE_IDX[0].U_ALL_SRL_SLICE           |ltlib_v1_0_0_all_typeA_slice__parameterized0_128                   |     6|
|625   |              \N_DDR_MODE.G_NMU[32].U_M                                     |ltlib_v1_0_0_match__parameterized4_50                              |    17|
|626   |                \allx_typeA_match_detection.ltlib_v1_0_0_allx_typeA_inst    |ltlib_v1_0_0_allx_typeA__parameterized4_123                        |    16|
|627   |                  DUT                                                       |ltlib_v1_0_0_all_typeA__parameterized0_124                         |     8|
|628   |                    \I_WHOLE_SLICE.G_SLICE_IDX[0].U_ALL_SRL_SLICE           |ltlib_v1_0_0_all_typeA_slice__parameterized0_125                   |     6|
|629   |              \N_DDR_MODE.G_NMU[33].U_M                                     |ltlib_v1_0_0_match__parameterized4_51                              |    17|
|630   |                \allx_typeA_match_detection.ltlib_v1_0_0_allx_typeA_inst    |ltlib_v1_0_0_allx_typeA__parameterized4_120                        |    16|
|631   |                  DUT                                                       |ltlib_v1_0_0_all_typeA__parameterized0_121                         |     8|
|632   |                    \I_WHOLE_SLICE.G_SLICE_IDX[0].U_ALL_SRL_SLICE           |ltlib_v1_0_0_all_typeA_slice__parameterized0_122                   |     6|
|633   |              \N_DDR_MODE.G_NMU[34].U_M                                     |ltlib_v1_0_0_match__parameterized4_52                              |    17|
|634   |                \allx_typeA_match_detection.ltlib_v1_0_0_allx_typeA_inst    |ltlib_v1_0_0_allx_typeA__parameterized4_117                        |    16|
|635   |                  DUT                                                       |ltlib_v1_0_0_all_typeA__parameterized0_118                         |     8|
|636   |                    \I_WHOLE_SLICE.G_SLICE_IDX[0].U_ALL_SRL_SLICE           |ltlib_v1_0_0_all_typeA_slice__parameterized0_119                   |     6|
|637   |              \N_DDR_MODE.G_NMU[35].U_M                                     |ltlib_v1_0_0_match__parameterized0_53                              |    11|
|638   |                \allx_typeA_match_detection.ltlib_v1_0_0_allx_typeA_inst    |ltlib_v1_0_0_allx_typeA__parameterized0_114                        |    10|
|639   |                  DUT                                                       |ltlib_v1_0_0_all_typeA__parameterized0_115                         |     8|
|640   |                    \I_WHOLE_SLICE.G_SLICE_IDX[0].U_ALL_SRL_SLICE           |ltlib_v1_0_0_all_typeA_slice__parameterized0_116                   |     6|
|641   |              \N_DDR_MODE.G_NMU[36].U_M                                     |ltlib_v1_0_0_match__parameterized0_54                              |    11|
|642   |                \allx_typeA_match_detection.ltlib_v1_0_0_allx_typeA_inst    |ltlib_v1_0_0_allx_typeA__parameterized0_111                        |    10|
|643   |                  DUT                                                       |ltlib_v1_0_0_all_typeA__parameterized0_112                         |     8|
|644   |                    \I_WHOLE_SLICE.G_SLICE_IDX[0].U_ALL_SRL_SLICE           |ltlib_v1_0_0_all_typeA_slice__parameterized0_113                   |     6|
|645   |              \N_DDR_MODE.G_NMU[37].U_M                                     |ltlib_v1_0_0_match__parameterized4_55                              |    17|
|646   |                \allx_typeA_match_detection.ltlib_v1_0_0_allx_typeA_inst    |ltlib_v1_0_0_allx_typeA__parameterized4                            |    16|
|647   |                  DUT                                                       |ltlib_v1_0_0_all_typeA__parameterized0_109                         |     8|
|648   |                    \I_WHOLE_SLICE.G_SLICE_IDX[0].U_ALL_SRL_SLICE           |ltlib_v1_0_0_all_typeA_slice__parameterized0_110                   |     6|
|649   |              \N_DDR_MODE.G_NMU[38].U_M                                     |ltlib_v1_0_0_match__parameterized6_56                              |    38|
|650   |                \allx_typeA_match_detection.ltlib_v1_0_0_allx_typeA_inst    |ltlib_v1_0_0_allx_typeA__parameterized6_105                        |    37|
|651   |                  DUT                                                       |ltlib_v1_0_0_all_typeA__parameterized1_106                         |    13|
|652   |                    \I_WHOLE_SLICE.G_SLICE_IDX[0].U_ALL_SRL_SLICE           |ltlib_v1_0_0_all_typeA_slice_107                                   |     5|
|653   |                    \I_WHOLE_SLICE.G_SLICE_IDX[1].U_ALL_SRL_SLICE           |ltlib_v1_0_0_all_typeA_slice__parameterized0_108                   |     6|
|654   |              \N_DDR_MODE.G_NMU[39].U_M                                     |ltlib_v1_0_0_match__parameterized0_57                              |    11|
|655   |                \allx_typeA_match_detection.ltlib_v1_0_0_allx_typeA_inst    |ltlib_v1_0_0_allx_typeA__parameterized0_102                        |    10|
|656   |                  DUT                                                       |ltlib_v1_0_0_all_typeA__parameterized0_103                         |     8|
|657   |                    \I_WHOLE_SLICE.G_SLICE_IDX[0].U_ALL_SRL_SLICE           |ltlib_v1_0_0_all_typeA_slice__parameterized0_104                   |     6|
|658   |              \N_DDR_MODE.G_NMU[3].U_M                                      |ltlib_v1_0_0_match__parameterized0_58                              |    11|
|659   |                \allx_typeA_match_detection.ltlib_v1_0_0_allx_typeA_inst    |ltlib_v1_0_0_allx_typeA__parameterized0_99                         |    10|
|660   |                  DUT                                                       |ltlib_v1_0_0_all_typeA__parameterized0_100                         |     8|
|661   |                    \I_WHOLE_SLICE.G_SLICE_IDX[0].U_ALL_SRL_SLICE           |ltlib_v1_0_0_all_typeA_slice__parameterized0_101                   |     6|
|662   |              \N_DDR_MODE.G_NMU[40].U_M                                     |ltlib_v1_0_0_match__parameterized0_59                              |    11|
|663   |                \allx_typeA_match_detection.ltlib_v1_0_0_allx_typeA_inst    |ltlib_v1_0_0_allx_typeA__parameterized0_96                         |    10|
|664   |                  DUT                                                       |ltlib_v1_0_0_all_typeA__parameterized0_97                          |     8|
|665   |                    \I_WHOLE_SLICE.G_SLICE_IDX[0].U_ALL_SRL_SLICE           |ltlib_v1_0_0_all_typeA_slice__parameterized0_98                    |     6|
|666   |              \N_DDR_MODE.G_NMU[41].U_M                                     |ltlib_v1_0_0_match__parameterized0_60                              |    11|
|667   |                \allx_typeA_match_detection.ltlib_v1_0_0_allx_typeA_inst    |ltlib_v1_0_0_allx_typeA__parameterized0_93                         |    10|
|668   |                  DUT                                                       |ltlib_v1_0_0_all_typeA__parameterized0_94                          |     8|
|669   |                    \I_WHOLE_SLICE.G_SLICE_IDX[0].U_ALL_SRL_SLICE           |ltlib_v1_0_0_all_typeA_slice__parameterized0_95                    |     6|
|670   |              \N_DDR_MODE.G_NMU[42].U_M                                     |ltlib_v1_0_0_match__parameterized0_61                              |    11|
|671   |                \allx_typeA_match_detection.ltlib_v1_0_0_allx_typeA_inst    |ltlib_v1_0_0_allx_typeA__parameterized0_90                         |    10|
|672   |                  DUT                                                       |ltlib_v1_0_0_all_typeA__parameterized0_91                          |     8|
|673   |                    \I_WHOLE_SLICE.G_SLICE_IDX[0].U_ALL_SRL_SLICE           |ltlib_v1_0_0_all_typeA_slice__parameterized0_92                    |     6|
|674   |              \N_DDR_MODE.G_NMU[43].U_M                                     |ltlib_v1_0_0_match__parameterized0_62                              |    11|
|675   |                \allx_typeA_match_detection.ltlib_v1_0_0_allx_typeA_inst    |ltlib_v1_0_0_allx_typeA__parameterized0_87                         |    10|
|676   |                  DUT                                                       |ltlib_v1_0_0_all_typeA__parameterized0_88                          |     8|
|677   |                    \I_WHOLE_SLICE.G_SLICE_IDX[0].U_ALL_SRL_SLICE           |ltlib_v1_0_0_all_typeA_slice__parameterized0_89                    |     6|
|678   |              \N_DDR_MODE.G_NMU[44].U_M                                     |ltlib_v1_0_0_match__parameterized6_63                              |    38|
|679   |                \allx_typeA_match_detection.ltlib_v1_0_0_allx_typeA_inst    |ltlib_v1_0_0_allx_typeA__parameterized6                            |    37|
|680   |                  DUT                                                       |ltlib_v1_0_0_all_typeA__parameterized1                             |    13|
|681   |                    \I_WHOLE_SLICE.G_SLICE_IDX[0].U_ALL_SRL_SLICE           |ltlib_v1_0_0_all_typeA_slice_85                                    |     5|
|682   |                    \I_WHOLE_SLICE.G_SLICE_IDX[1].U_ALL_SRL_SLICE           |ltlib_v1_0_0_all_typeA_slice__parameterized0_86                    |     6|
|683   |              \N_DDR_MODE.G_NMU[4].U_M                                      |ltlib_v1_0_0_match__parameterized0_64                              |    11|
|684   |                \allx_typeA_match_detection.ltlib_v1_0_0_allx_typeA_inst    |ltlib_v1_0_0_allx_typeA__parameterized0_82                         |    10|
|685   |                  DUT                                                       |ltlib_v1_0_0_all_typeA__parameterized0_83                          |     8|
|686   |                    \I_WHOLE_SLICE.G_SLICE_IDX[0].U_ALL_SRL_SLICE           |ltlib_v1_0_0_all_typeA_slice__parameterized0_84                    |     6|
|687   |              \N_DDR_MODE.G_NMU[5].U_M                                      |ltlib_v1_0_0_match__parameterized3_65                              |    88|
|688   |                \allx_typeA_match_detection.ltlib_v1_0_0_allx_typeA_inst    |ltlib_v1_0_0_allx_typeA__parameterized3                            |    87|
|689   |                  DUT                                                       |ltlib_v1_0_0_all_typeA__parameterized2                             |    23|
|690   |                    \I_WHOLE_SLICE.G_SLICE_IDX[0].U_ALL_SRL_SLICE           |ltlib_v1_0_0_all_typeA_slice                                       |     5|
|691   |                    \I_WHOLE_SLICE.G_SLICE_IDX[1].U_ALL_SRL_SLICE           |ltlib_v1_0_0_all_typeA_slice_79                                    |     5|
|692   |                    \I_WHOLE_SLICE.G_SLICE_IDX[2].U_ALL_SRL_SLICE           |ltlib_v1_0_0_all_typeA_slice_80                                    |     5|
|693   |                    \I_WHOLE_SLICE.G_SLICE_IDX[3].U_ALL_SRL_SLICE           |ltlib_v1_0_0_all_typeA_slice__parameterized0_81                    |     6|
|694   |              \N_DDR_MODE.G_NMU[6].U_M                                      |ltlib_v1_0_0_match__parameterized0_66                              |    11|
|695   |                \allx_typeA_match_detection.ltlib_v1_0_0_allx_typeA_inst    |ltlib_v1_0_0_allx_typeA__parameterized0_76                         |    10|
|696   |                  DUT                                                       |ltlib_v1_0_0_all_typeA__parameterized0_77                          |     8|
|697   |                    \I_WHOLE_SLICE.G_SLICE_IDX[0].U_ALL_SRL_SLICE           |ltlib_v1_0_0_all_typeA_slice__parameterized0_78                    |     6|
|698   |              \N_DDR_MODE.G_NMU[7].U_M                                      |ltlib_v1_0_0_match__parameterized0_67                              |    11|
|699   |                \allx_typeA_match_detection.ltlib_v1_0_0_allx_typeA_inst    |ltlib_v1_0_0_allx_typeA__parameterized0_73                         |    10|
|700   |                  DUT                                                       |ltlib_v1_0_0_all_typeA__parameterized0_74                          |     8|
|701   |                    \I_WHOLE_SLICE.G_SLICE_IDX[0].U_ALL_SRL_SLICE           |ltlib_v1_0_0_all_typeA_slice__parameterized0_75                    |     6|
|702   |              \N_DDR_MODE.G_NMU[8].U_M                                      |ltlib_v1_0_0_match__parameterized0_68                              |    11|
|703   |                \allx_typeA_match_detection.ltlib_v1_0_0_allx_typeA_inst    |ltlib_v1_0_0_allx_typeA__parameterized0_70                         |    10|
|704   |                  DUT                                                       |ltlib_v1_0_0_all_typeA__parameterized0_71                          |     8|
|705   |                    \I_WHOLE_SLICE.G_SLICE_IDX[0].U_ALL_SRL_SLICE           |ltlib_v1_0_0_all_typeA_slice__parameterized0_72                    |     6|
|706   |              \N_DDR_MODE.G_NMU[9].U_M                                      |ltlib_v1_0_0_match__parameterized0_69                              |    11|
|707   |                \allx_typeA_match_detection.ltlib_v1_0_0_allx_typeA_inst    |ltlib_v1_0_0_allx_typeA__parameterized0                            |    10|
|708   |                  DUT                                                       |ltlib_v1_0_0_all_typeA__parameterized0                             |     8|
|709   |                    \I_WHOLE_SLICE.G_SLICE_IDX[0].U_ALL_SRL_SLICE           |ltlib_v1_0_0_all_typeA_slice__parameterized0                       |     6|
|710   |          xsdb_memory_read_inst                                             |ltlib_v1_0_0_generic_memrd__parameterized0                         |   447|
|711   |    rst_ps7_0_50M                                                           |system_bd_rst_ps7_0_50M_1                                          |    66|
|712   |      U0                                                                    |proc_sys_reset                                                     |    66|
|713   |        EXT_LPF                                                             |lpf                                                                |    23|
|714   |          \ACTIVE_LOW_AUX.ACT_LO_AUX                                        |cdc_sync                                                           |     6|
|715   |          \ACTIVE_LOW_EXT.ACT_LO_EXT                                        |cdc_sync_30                                                        |     6|
|716   |        SEQ                                                                 |sequence_psr                                                       |    38|
|717   |          SEQ_COUNTER                                                       |upcnt_n                                                            |    13|
|718   |    reram_axi_ip_0                                                          |system_bd_reram_axi_ip_0_0                                         |  1301|
|719   |      inst                                                                  |reram_axi_ip_v1_0                                                  |  1301|
|720   |        reram_axi_ip_v1_0_S00_AXI_inst                                      |reram_axi_ip_v1_0_S00_AXI                                          |  1301|
|721   |          u_core                                                            |reram_core                                                         |  1167|
|722   |            \GEN_CELLS[0].u_cell                                            |reram_cell                                                         |    64|
|723   |            \GEN_CELLS[10].u_cell                                           |reram_cell_15                                                      |    71|
|724   |            \GEN_CELLS[11].u_cell                                           |reram_cell_16                                                      |    74|
|725   |            \GEN_CELLS[12].u_cell                                           |reram_cell_17                                                      |    71|
|726   |            \GEN_CELLS[13].u_cell                                           |reram_cell_18                                                      |    74|
|727   |            \GEN_CELLS[14].u_cell                                           |reram_cell_19                                                      |    72|
|728   |            \GEN_CELLS[15].u_cell                                           |reram_cell_20                                                      |    75|
|729   |            \GEN_CELLS[1].u_cell                                            |reram_cell_21                                                      |    73|
|730   |            \GEN_CELLS[2].u_cell                                            |reram_cell_22                                                      |    71|
|731   |            \GEN_CELLS[3].u_cell                                            |reram_cell_23                                                      |    72|
|732   |            \GEN_CELLS[4].u_cell                                            |reram_cell_24                                                      |    70|
|733   |            \GEN_CELLS[5].u_cell                                            |reram_cell_25                                                      |    83|
|734   |            \GEN_CELLS[6].u_cell                                            |reram_cell_26                                                      |    73|
|735   |            \GEN_CELLS[7].u_cell                                            |reram_cell_27                                                      |    73|
|736   |            \GEN_CELLS[8].u_cell                                            |reram_cell_28                                                      |    70|
|737   |            \GEN_CELLS[9].u_cell                                            |reram_cell_29                                                      |    73|
|738   |    ps7_0_axi_periph                                                        |system_bd_ps7_0_axi_periph_0                                       |  2754|
|739   |      xbar                                                                  |system_bd_xbar_0                                                   |  1527|
|740   |        inst                                                                |axi_crossbar_v2_1_17_axi_crossbar                                  |  1527|
|741   |          \gen_samd.crossbar_samd                                           |axi_crossbar_v2_1_17_crossbar                                      |  1514|
|742   |            addr_arbiter_ar                                                 |axi_crossbar_v2_1_17_addr_arbiter                                  |    95|
|743   |            addr_arbiter_aw                                                 |axi_crossbar_v2_1_17_addr_arbiter_5                                |   104|
|744   |            \gen_decerr_slave.decerr_slave_inst                             |axi_crossbar_v2_1_17_decerr_slave                                  |    62|
|745   |            \gen_master_slots[0].reg_slice_mi                               |axi_register_slice_v2_1_16_axi_register_slice__parameterized1      |   171|
|746   |              \b.b_pipe                                                     |axi_register_slice_v2_1_16_axic_register_slice__parameterized9_13  |    19|
|747   |              \r.r_pipe                                                     |axi_register_slice_v2_1_16_axic_register_slice__parameterized10_14 |   152|
|748   |            \gen_master_slots[1].reg_slice_mi                               |axi_register_slice_v2_1_16_axi_register_slice__parameterized1_6    |   198|
|749   |              \b.b_pipe                                                     |axi_register_slice_v2_1_16_axic_register_slice__parameterized9_11  |    39|
|750   |              \r.r_pipe                                                     |axi_register_slice_v2_1_16_axic_register_slice__parameterized10_12 |   159|
|751   |            \gen_master_slots[2].reg_slice_mi                               |axi_register_slice_v2_1_16_axi_register_slice__parameterized1_7    |    72|
|752   |              \b.b_pipe                                                     |axi_register_slice_v2_1_16_axic_register_slice__parameterized9     |    27|
|753   |              \r.r_pipe                                                     |axi_register_slice_v2_1_16_axic_register_slice__parameterized10    |    45|
|754   |            \gen_slave_slots[0].gen_si_read.si_transactor_ar                |axi_crossbar_v2_1_17_si_transactor                                 |   394|
|755   |              \gen_multi_thread.arbiter_resp_inst                           |axi_crossbar_v2_1_17_arbiter_resp_10                               |   121|
|756   |            \gen_slave_slots[0].gen_si_write.si_transactor_aw               |axi_crossbar_v2_1_17_si_transactor__parameterized0                 |   346|
|757   |              \gen_multi_thread.arbiter_resp_inst                           |axi_crossbar_v2_1_17_arbiter_resp                                  |    43|
|758   |            \gen_slave_slots[0].gen_si_write.splitter_aw_si                 |axi_crossbar_v2_1_17_splitter                                      |     6|
|759   |            \gen_slave_slots[0].gen_si_write.wdata_router_w                 |axi_crossbar_v2_1_17_wdata_router                                  |    38|
|760   |              wrouter_aw_fifo                                               |axi_data_fifo_v2_1_15_axic_reg_srl_fifo                            |    38|
|761   |                \gen_srls[0].gen_rep[0].srl_nx1                             |axi_data_fifo_v2_1_15_ndeep_srl__parameterized0                    |     1|
|762   |                \gen_srls[0].gen_rep[1].srl_nx1                             |axi_data_fifo_v2_1_15_ndeep_srl__parameterized0_9                  |     6|
|763   |            splitter_aw_mi                                                  |axi_crossbar_v2_1_17_splitter_8                                    |     5|
|764   |      m01_couplers                                                          |m01_couplers_imp_13OOAMB                                           |  1227|
|765   |        auto_pc                                                             |system_bd_auto_pc_0                                                |  1227|
|766   |          inst                                                              |axi_protocol_converter_v2_1_16_axi_protocol_converter              |  1227|
|767   |            \gen_axilite.gen_b2s_conv.axilite_b2s                           |axi_protocol_converter_v2_1_16_b2s                                 |  1227|
|768   |              \RD.ar_channel_0                                              |axi_protocol_converter_v2_1_16_b2s_ar_channel                      |   203|
|769   |                ar_cmd_fsm_0                                                |axi_protocol_converter_v2_1_16_b2s_rd_cmd_fsm                      |    35|
|770   |                cmd_translator_0                                            |axi_protocol_converter_v2_1_16_b2s_cmd_translator_2                |   156|
|771   |                  incr_cmd_0                                                |axi_protocol_converter_v2_1_16_b2s_incr_cmd_3                      |    69|
|772   |                  wrap_cmd_0                                                |axi_protocol_converter_v2_1_16_b2s_wrap_cmd_4                      |    82|
|773   |              \RD.r_channel_0                                               |axi_protocol_converter_v2_1_16_b2s_r_channel                       |   125|
|774   |                rd_data_fifo_0                                              |axi_protocol_converter_v2_1_16_b2s_simple_fifo__parameterized1     |    73|
|775   |                transaction_fifo_0                                          |axi_protocol_converter_v2_1_16_b2s_simple_fifo__parameterized2     |    38|
|776   |              SI_REG                                                        |axi_register_slice_v2_1_16_axi_register_slice                      |   615|
|777   |                \ar.ar_pipe                                                 |axi_register_slice_v2_1_16_axic_register_slice                     |   210|
|778   |                \aw.aw_pipe                                                 |axi_register_slice_v2_1_16_axic_register_slice_1                   |   210|
|779   |                \b.b_pipe                                                   |axi_register_slice_v2_1_16_axic_register_slice__parameterized1     |    48|
|780   |                \r.r_pipe                                                   |axi_register_slice_v2_1_16_axic_register_slice__parameterized2     |   147|
|781   |              \WR.aw_channel_0                                              |axi_protocol_converter_v2_1_16_b2s_aw_channel                      |   213|
|782   |                aw_cmd_fsm_0                                                |axi_protocol_converter_v2_1_16_b2s_wr_cmd_fsm                      |    36|
|783   |                cmd_translator_0                                            |axi_protocol_converter_v2_1_16_b2s_cmd_translator                  |   157|
|784   |                  incr_cmd_0                                                |axi_protocol_converter_v2_1_16_b2s_incr_cmd                        |    71|
|785   |                  wrap_cmd_0                                                |axi_protocol_converter_v2_1_16_b2s_wrap_cmd                        |    82|
|786   |              \WR.b_channel_0                                               |axi_protocol_converter_v2_1_16_b2s_b_channel                       |    69|
|787   |                bid_fifo_0                                                  |axi_protocol_converter_v2_1_16_b2s_simple_fifo                     |    38|
|788   |                bresp_fifo_0                                                |axi_protocol_converter_v2_1_16_b2s_simple_fifo__parameterized0     |     7|
|789   |      s00_couplers                                                          |s00_couplers_imp_1HHWGQV                                           |     0|
|790   |        auto_pc                                                             |system_bd_auto_pc_1                                                |     0|
|791   |    processing_system7_0                                                    |system_bd_processing_system7_0_2                                   |   244|
|792   |      inst                                                                  |processing_system7_v5_5_processing_system7                         |   244|
|793   |    axi_bram_ctrl_0_bram                                                    |system_bd_axi_bram_ctrl_0_bram_1                                   |    13|
|794   |      U0                                                                    |blk_mem_gen_v8_4_1                                                 |    13|
|795   |        inst_blk_mem_gen                                                    |blk_mem_gen_v8_4_1_synth                                           |    13|
|796   |          \gnbram.gnative_mem_map_bmg.native_mem_map_blk_mem_gen            |blk_mem_gen_v8_4_1_blk_mem_gen_top                                 |    13|
|797   |            \valid.cstr                                                     |blk_mem_gen_v8_4_1_blk_mem_gen_generic_cstr                        |    13|
|798   |              \ramloop[0].ram.r                                             |blk_mem_gen_v8_4_1_blk_mem_gen_prim_width                          |     1|
|799   |                \prim_noinit.ram                                            |blk_mem_gen_v8_4_1_blk_mem_gen_prim_wrapper                        |     1|
|800   |              \ramloop[1].ram.r                                             |blk_mem_gen_v8_4_1_blk_mem_gen_prim_width__parameterized0          |    12|
|801   |                \prim_noinit.ram                                            |blk_mem_gen_v8_4_1_blk_mem_gen_prim_wrapper__parameterized0        |     3|
|802   |    axi_bram_ctrl_0                                                         |system_bd_axi_bram_ctrl_0_0                                        |   526|
|803   |      U0                                                                    |axi_bram_ctrl                                                      |   526|
|804   |        \gext_inst.abcv4_0_ext_inst                                         |axi_bram_ctrl_top                                                  |   526|
|805   |          \GEN_AXI4.I_FULL_AXI                                              |full_axi                                                           |   526|
|806   |            \GEN_ARB.I_SNG_PORT                                             |sng_port_arb                                                       |    28|
|807   |            I_RD_CHNL                                                       |rd_chnl                                                            |   308|
|808   |              I_WRAP_BRST                                                   |wrap_brst_0                                                        |    50|
|809   |            I_WR_CHNL                                                       |wr_chnl                                                            |   172|
|810   |              BID_FIFO                                                      |SRL_FIFO                                                           |    50|
|811   |              I_WRAP_BRST                                                   |wrap_brst                                                          |    36|
+------+----------------------------------------------------------------------------+-------------------------------------------------------------------+------+
---------------------------------------------------------------------------------
Finished Writing Synthesis Report : Time (s): cpu = 00:05:19 ; elapsed = 00:05:38 . Memory (MB): peak = 1345.785 ; gain = 1005.699
---------------------------------------------------------------------------------
Synthesis finished with 0 errors, 3 critical warnings and 161 warnings.
Synthesis Optimization Runtime : Time (s): cpu = 00:01:19 ; elapsed = 00:05:17 . Memory (MB): peak = 1345.785 ; gain = 1005.699
Synthesis Optimization Complete : Time (s): cpu = 00:05:19 ; elapsed = 00:05:38 . Memory (MB): peak = 1345.785 ; gain = 1005.699
INFO: [Project 1-571] Translating synthesized netlist
INFO: [Netlist 29-17] Analyzing 1408 Unisim elements for replacement
INFO: [Netlist 29-28] Unisim Transformation completed in 0 CPU seconds
INFO: [Project 1-570] Preparing netlist for logic optimization
INFO: [Chipscope 16-324] Core: system_bd_i/ila_0 UUID: dea33753-5a74-5df2-940b-25e394985e07 
INFO: [Chipscope 16-324] Core: system_bd_i/ila_1 UUID: 8fa4163b-5345-5aa0-adbb-695486904c7b 
INFO: [Opt 31-138] Pushed 0 inverter(s) to 0 load pin(s).
INFO: [Project 1-111] Unisim Transformation Summary:
  A total of 676 instances were transformed.
  (MUXCY,XORCY) => CARRY4: 1 instances
  CFGLUT5 => CFGLUT5 (SRLC32E, SRL16E): 568 instances
  CFGLUT5 => SRLC32E: 97 instances
  FDR => FDRE: 9 instances
  SRL16 => SRL16E: 1 instances

INFO: [Common 17-83] Releasing license: Synthesis
955 Infos, 245 Warnings, 3 Critical Warnings and 0 Errors encountered.
synth_design completed successfully
synth_design: Time (s): cpu = 00:05:25 ; elapsed = 00:05:48 . Memory (MB): peak = 1345.785 ; gain = 1008.875
INFO: [Common 17-1381] The checkpoint 'C:/Users/hrish/Downloads/ReRAM_Thesis/Project Folder/ReRAM_AXI_Project/ReRAM_AXI_Project.runs/synth_1/system_bd_wrapper.dcp' has been generated.
INFO: [runtcl-4] Executing : report_utilization -file system_bd_wrapper_utilization_synth.rpt -pb system_bd_wrapper_utilization_synth.pb
report_utilization: Time (s): cpu = 00:00:00 ; elapsed = 00:00:00.136 . Memory (MB): peak = 1345.785 ; gain = 0.000
INFO: [Common 17-206] Exiting Vivado at Sun Oct 12 14:38:24 2025...
