Copyright 1986-2018 Xilinx, Inc. All Rights Reserved.
-----------------------------------------------------------------------------------------------------------------------------------------------------------------------------------------------------------------------
| Tool Version : Vivado v.2018.1 (win64) Build 2188600 Wed Apr  4 18:40:38 MDT 2018
| Date         : Fri Oct 31 00:58:43 2025
| Host         : LOREFARM running 64-bit major release  (build 9200)
| Command      : report_timing_summary -max_paths 10 -file ReRamSpm_wrapper_timing_summary_routed.rpt -pb ReRamSpm_wrapper_timing_summary_routed.pb -rpx ReRamSpm_wrapper_timing_summary_routed.rpx -warn_on_violation
| Design       : ReRamSpm_wrapper
| Device       : 7z020-clg400
| Speed File   : -1  PRODUCTION 1.11 2014-09-11
-----------------------------------------------------------------------------------------------------------------------------------------------------------------------------------------------------------------------

Timing Summary Report

------------------------------------------------------------------------------------------------
| Timer Settings
| --------------
------------------------------------------------------------------------------------------------

  Enable Multi Corner Analysis               :  Yes
  Enable Pessimism Removal                   :  Yes
  Pessimism Removal Resolution               :  Nearest Common Node
  Enable Input Delay Default Clock           :  No
  Enable Preset / Clear Arcs                 :  No
  Disable Flight Delays                      :  No
  Ignore I/O Paths                           :  No
  Timing Early Launch at Borrowing Latches   :  false

  Corner  Analyze    Analyze    
  Name    Max Paths  Min Paths  
  ------  ---------  ---------  
  Slow    Yes        Yes        
  Fast    Yes        Yes        



check_timing report

Table of Contents
-----------------
1. checking no_clock
2. checking constant_clock
3. checking pulse_width_clock
4. checking unconstrained_internal_endpoints
5. checking no_input_delay
6. checking no_output_delay
7. checking multiple_clock
8. checking generated_clocks
9. checking loops
10. checking partial_input_delay
11. checking partial_output_delay
12. checking latch_loops

1. checking no_clock
--------------------
 There are 0 register/latch pins with no clock.


2. checking constant_clock
--------------------------
 There are 0 register/latch pins with constant_clock.


3. checking pulse_width_clock
-----------------------------
 There are 0 register/latch pins which need pulse_width check


4. checking unconstrained_internal_endpoints
--------------------------------------------
 There are 0 pins that are not constrained for maximum delay.

 There are 0 pins that are not constrained for maximum delay due to constant clock.


5. checking no_input_delay
--------------------------
 There are 0 input ports with no input delay specified.

 There are 0 input ports with no input delay but user has a false path constraint.


6. checking no_output_delay
---------------------------
 There are 0 ports with no output delay specified.

 There are 0 ports with no output delay but user has a false path constraint

 There are 0 ports with no output delay but with a timing clock defined on it or propagating through it


7. checking multiple_clock
--------------------------
 There are 0 register/latch pins with multiple clocks.


8. checking generated_clocks
----------------------------
 There are 0 generated clocks that are not connected to a clock source.


9. checking loops
-----------------
 There are 0 combinational loops in the design.


10. checking partial_input_delay
--------------------------------
 There are 0 input ports with partial input delay specified.


11. checking partial_output_delay
---------------------------------
 There are 0 ports with partial output delay specified.


12. checking latch_loops
------------------------
 There are 0 combinational latch loops in the design through latch input



------------------------------------------------------------------------------------------------
| Design Timing Summary
| ---------------------
------------------------------------------------------------------------------------------------

    WNS(ns)      TNS(ns)  TNS Failing Endpoints  TNS Total Endpoints      WHS(ns)      THS(ns)  THS Failing Endpoints  THS Total Endpoints     WPWS(ns)     TPWS(ns)  TPWS Failing Endpoints  TPWS Total Endpoints  
    -------      -------  ---------------------  -------------------      -------      -------  ---------------------  -------------------     --------     --------  ----------------------  --------------------  
    -61.160    -2253.328                    137                56286        0.003        0.000                      0                56286        9.020        0.000                       0                 26024  


Timing constraints are not met.


------------------------------------------------------------------------------------------------
| Clock Summary
| -------------
------------------------------------------------------------------------------------------------

Clock       Waveform(ns)       Period(ns)      Frequency(MHz)
-----       ------------       ----------      --------------
clk_fpga_0  {0.000 10.000}     20.000          50.000          


------------------------------------------------------------------------------------------------
| Intra Clock Table
| -----------------
------------------------------------------------------------------------------------------------

Clock             WNS(ns)      TNS(ns)  TNS Failing Endpoints  TNS Total Endpoints      WHS(ns)      THS(ns)  THS Failing Endpoints  THS Total Endpoints     WPWS(ns)     TPWS(ns)  TPWS Failing Endpoints  TPWS Total Endpoints  
-----             -------      -------  ---------------------  -------------------      -------      -------  ---------------------  -------------------     --------     --------  ----------------------  --------------------  
clk_fpga_0        -61.160    -2253.328                    137                30966        0.003        0.000                      0                30966        9.020        0.000                       0                 26024  


------------------------------------------------------------------------------------------------
| Inter Clock Table
| -----------------
------------------------------------------------------------------------------------------------

From Clock    To Clock          WNS(ns)      TNS(ns)  TNS Failing Endpoints  TNS Total Endpoints      WHS(ns)      THS(ns)  THS Failing Endpoints  THS Total Endpoints  
----------    --------          -------      -------  ---------------------  -------------------      -------      -------  ---------------------  -------------------  


------------------------------------------------------------------------------------------------
| Other Path Groups Table
| -----------------------
------------------------------------------------------------------------------------------------

Path Group         From Clock         To Clock               WNS(ns)      TNS(ns)  TNS Failing Endpoints  TNS Total Endpoints      WHS(ns)      THS(ns)  THS Failing Endpoints  THS Total Endpoints  
----------         ----------         --------               -------      -------  ---------------------  -------------------      -------      -------  ---------------------  -------------------  
**async_default**  clk_fpga_0         clk_fpga_0              10.101        0.000                      0                25320        3.107        0.000                      0                25320  


------------------------------------------------------------------------------------------------
| Timing Details
| --------------
------------------------------------------------------------------------------------------------


---------------------------------------------------------------------------------------------------
From Clock:  clk_fpga_0
  To Clock:  clk_fpga_0

Setup :          137  Failing Endpoints,  Worst Slack      -61.160ns,  Total Violation    -2253.328ns
Hold  :            0  Failing Endpoints,  Worst Slack        0.003ns,  Total Violation        0.000ns
PW    :            0  Failing Endpoints,  Worst Slack        9.020ns,  Total Violation        0.000ns
---------------------------------------------------------------------------------------------------


Max Delay Paths
--------------------------------------------------------------------------------------
Slack (VIOLATED) :        -61.160ns  (required time - arrival time)
  Source:                 ReRamSpm_i/reram_axilite_wrapper_0/inst/u_core/word_arrays[1].word_array_inst/cell_instances[0].cell_inst/write_counter_reg[1]/C
                            (rising edge-triggered cell FDCE clocked by clk_fpga_0  {rise@0.000ns fall@10.000ns period=20.000ns})
  Destination:            ReRamSpm_i/reram_axilite_wrapper_0/inst/axi_rdata_reg_reg[14]/D
                            (rising edge-triggered cell FDRE clocked by clk_fpga_0  {rise@0.000ns fall@10.000ns period=20.000ns})
  Path Group:             clk_fpga_0
  Path Type:              Setup (Max at Slow Process Corner)
  Requirement:            20.000ns  (clk_fpga_0 rise@20.000ns - clk_fpga_0 rise@0.000ns)
  Data Path Delay:        80.723ns  (logic 24.179ns (29.953%)  route 56.544ns (70.047%))
  Logic Levels:           96  (CARRY4=31 LUT3=16 LUT4=16 LUT5=16 LUT6=17)
  Clock Path Skew:        -0.164ns (DCD - SCD + CPR)
    Destination Clock Delay (DCD):    2.730ns = ( 22.730 - 20.000 ) 
    Source Clock Delay      (SCD):    3.009ns
    Clock Pessimism Removal (CPR):    0.115ns
  Clock Uncertainty:      0.302ns  ((TSJ^2 + TIJ^2)^1/2 + DJ) / 2 + PE
    Total System Jitter     (TSJ):    0.071ns
    Total Input Jitter      (TIJ):    0.600ns
    Discrete Jitter          (DJ):    0.000ns
    Phase Error              (PE):    0.000ns

    Location             Delay type                Incr(ns)  Path(ns)    Netlist Resource(s)
  -------------------------------------------------------------------    -------------------
                         (clock clk_fpga_0 rise edge)
                                                      0.000     0.000 r  
    PS7_X0Y0             PS7                          0.000     0.000 r  ReRamSpm_i/processing_system7_0/inst/PS7_i/FCLKCLK[0]
                         net (fo=1, routed)           1.193     1.193    ReRamSpm_i/processing_system7_0/inst/FCLK_CLK_unbuffered[0]
    BUFGCTRL_X0Y16       BUFG (Prop_bufg_I_O)         0.101     1.294 r  ReRamSpm_i/processing_system7_0/inst/buffer_fclk_clk_0.FCLK_CLK_0_BUFG/O
                         net (fo=26024, routed)       1.715     3.009    ReRamSpm_i/reram_axilite_wrapper_0/inst/u_core/word_arrays[1].word_array_inst/cell_instances[0].cell_inst/S_AXI_ACLK
    SLICE_X60Y50         FDCE                                         r  ReRamSpm_i/reram_axilite_wrapper_0/inst/u_core/word_arrays[1].word_array_inst/cell_instances[0].cell_inst/write_counter_reg[1]/C
  -------------------------------------------------------------------    -------------------
    SLICE_X60Y50         FDCE (Prop_fdce_C_Q)         0.456     3.465 r  ReRamSpm_i/reram_axilite_wrapper_0/inst/u_core/word_arrays[1].word_array_inst/cell_instances[0].cell_inst/write_counter_reg[1]/Q
                         net (fo=11, routed)          1.029     4.494    ReRamSpm_i/reram_axilite_wrapper_0/inst/u_core/word_arrays[1].word_array_inst/cell_instances[0].cell_inst/write_cycles[1]
    SLICE_X62Y50         LUT4 (Prop_lut4_I0_O)        0.124     4.618 r  ReRamSpm_i/reram_axilite_wrapper_0/inst/u_core/word_arrays[1].word_array_inst/cell_instances[0].cell_inst/axi_rdata_reg[15]_i_1548/O
                         net (fo=1, routed)           0.000     4.618    ReRamSpm_i/reram_axilite_wrapper_0/inst/u_core/word_arrays[1].word_array_inst/cell_instances[0].cell_inst_n_5
    SLICE_X62Y50         CARRY4 (Prop_carry4_S[0]_CO[3])
                                                      0.513     5.131 r  ReRamSpm_i/reram_axilite_wrapper_0/inst/u_core/word_arrays[1].word_array_inst/axi_rdata_reg_reg[15]_i_1452/CO[3]
                         net (fo=24, routed)          0.784     5.915    ReRamSpm_i/reram_axilite_wrapper_0/inst/u_core/word_arrays[1].word_array_inst/cell_instances[1].cell_inst/CO[0]
    SLICE_X61Y51         LUT3 (Prop_lut3_I1_O)        0.124     6.039 f  ReRamSpm_i/reram_axilite_wrapper_0/inst/u_core/word_arrays[1].word_array_inst/cell_instances[1].cell_inst/axi_rdata_reg[15]_i_1575/O
                         net (fo=1, routed)           0.839     6.878    ReRamSpm_i/reram_axilite_wrapper_0/inst/u_core/word_arrays[1].word_array_inst/cell_instances[1].cell_inst/axi_rdata_reg[15]_i_1575_n_0
    SLICE_X62Y51         LUT6 (Prop_lut6_I1_O)        0.124     7.002 r  ReRamSpm_i/reram_axilite_wrapper_0/inst/u_core/word_arrays[1].word_array_inst/cell_instances[1].cell_inst/axi_rdata_reg[15]_i_1535/O
                         net (fo=1, routed)           0.336     7.338    ReRamSpm_i/reram_axilite_wrapper_0/inst/u_core/word_arrays[1].word_array_inst/cell_instances[1].cell_inst_n_14
    SLICE_X64Y51         CARRY4 (Prop_carry4_DI[1]_CO[3])
                                                      0.507     7.845 r  ReRamSpm_i/reram_axilite_wrapper_0/inst/u_core/word_arrays[1].word_array_inst/axi_rdata_reg_reg[15]_i_1451/CO[3]
                         net (fo=8, routed)           1.012     8.857    ReRamSpm_i/reram_axilite_wrapper_0/inst/u_core/word_arrays[1].word_array_inst/cell_instances[1].cell_inst/write_counter_reg[7]_3[0]
    SLICE_X64Y50         LUT5 (Prop_lut5_I1_O)        0.124     8.981 r  ReRamSpm_i/reram_axilite_wrapper_0/inst/u_core/word_arrays[1].word_array_inst/cell_instances[1].cell_inst/axi_rdata_reg[8]_i_96/O
                         net (fo=5, routed)           0.857     9.838    ReRamSpm_i/reram_axilite_wrapper_0/inst/u_core/word_arrays[1].word_array_inst/cell_instances[1].cell_inst/axi_rdata_reg_reg[8]
    SLICE_X64Y49         LUT4 (Prop_lut4_I2_O)        0.124     9.962 r  ReRamSpm_i/reram_axilite_wrapper_0/inst/u_core/word_arrays[1].word_array_inst/cell_instances[1].cell_inst/axi_rdata_reg[15]_i_1450/O
                         net (fo=1, routed)           0.000     9.962    ReRamSpm_i/reram_axilite_wrapper_0/inst/u_core/word_arrays[1].word_array_inst/cell_instances[1].cell_inst_n_23
    SLICE_X64Y49         CARRY4 (Prop_carry4_S[0]_CO[3])
                                                      0.532    10.494 r  ReRamSpm_i/reram_axilite_wrapper_0/inst/u_core/word_arrays[1].word_array_inst/axi_rdata_reg_reg[15]_i_1347/CO[3]
                         net (fo=24, routed)          1.005    11.499    ReRamSpm_i/reram_axilite_wrapper_0/inst/u_core/word_arrays[1].word_array_inst/cell_instances[3].cell_inst/CO[0]
    SLICE_X65Y50         LUT3 (Prop_lut3_I1_O)        0.124    11.623 f  ReRamSpm_i/reram_axilite_wrapper_0/inst/u_core/word_arrays[1].word_array_inst/cell_instances[3].cell_inst/axi_rdata_reg[15]_i_1528/O
                         net (fo=1, routed)           0.486    12.109    ReRamSpm_i/reram_axilite_wrapper_0/inst/u_core/word_arrays[1].word_array_inst/cell_instances[3].cell_inst/axi_rdata_reg[15]_i_1528_n_0
    SLICE_X65Y49         LUT6 (Prop_lut6_I1_O)        0.124    12.233 r  ReRamSpm_i/reram_axilite_wrapper_0/inst/u_core/word_arrays[1].word_array_inst/cell_instances[3].cell_inst/axi_rdata_reg[15]_i_1438/O
                         net (fo=1, routed)           0.473    12.705    ReRamSpm_i/reram_axilite_wrapper_0/inst/u_core/word_arrays[1].word_array_inst/cell_instances[3].cell_inst_n_15
    SLICE_X65Y48         CARRY4 (Prop_carry4_DI[0]_CO[3])
                                                      0.526    13.231 r  ReRamSpm_i/reram_axilite_wrapper_0/inst/u_core/word_arrays[1].word_array_inst/axi_rdata_reg_reg[15]_i_1346/CO[3]
                         net (fo=8, routed)           1.000    14.231    ReRamSpm_i/reram_axilite_wrapper_0/inst/u_core/word_arrays[1].word_array_inst/cell_instances[3].cell_inst/write_counter_reg[7]_2[0]
    SLICE_X64Y48         LUT5 (Prop_lut5_I1_O)        0.124    14.355 r  ReRamSpm_i/reram_axilite_wrapper_0/inst/u_core/word_arrays[1].word_array_inst/cell_instances[3].cell_inst/axi_rdata_reg[9]_i_124/O
                         net (fo=5, routed)           0.758    15.114    ReRamSpm_i/reram_axilite_wrapper_0/inst/u_core/word_arrays[1].word_array_inst/cell_instances[3].cell_inst/axi_rdata_reg_reg[9]_1
    SLICE_X61Y48         LUT4 (Prop_lut4_I0_O)        0.124    15.238 r  ReRamSpm_i/reram_axilite_wrapper_0/inst/u_core/word_arrays[1].word_array_inst/cell_instances[3].cell_inst/axi_rdata_reg[15]_i_1345/O
                         net (fo=1, routed)           0.000    15.238    ReRamSpm_i/reram_axilite_wrapper_0/inst/u_core/word_arrays[1].word_array_inst/cell_instances[3].cell_inst_n_23
    SLICE_X61Y48         CARRY4 (Prop_carry4_S[0]_CO[3])
                                                      0.532    15.770 r  ReRamSpm_i/reram_axilite_wrapper_0/inst/u_core/word_arrays[1].word_array_inst/axi_rdata_reg_reg[15]_i_1239/CO[3]
                         net (fo=24, routed)          0.727    16.497    ReRamSpm_i/reram_axilite_wrapper_0/inst/u_core/word_arrays[1].word_array_inst/cell_instances[5].cell_inst/CO[0]
    SLICE_X60Y47         LUT3 (Prop_lut3_I1_O)        0.124    16.621 f  ReRamSpm_i/reram_axilite_wrapper_0/inst/u_core/word_arrays[1].word_array_inst/cell_instances[5].cell_inst/axi_rdata_reg[15]_i_1430/O
                         net (fo=1, routed)           0.667    17.288    ReRamSpm_i/reram_axilite_wrapper_0/inst/u_core/word_arrays[1].word_array_inst/cell_instances[5].cell_inst/axi_rdata_reg[15]_i_1430_n_0
    SLICE_X60Y47         LUT6 (Prop_lut6_I1_O)        0.124    17.412 r  ReRamSpm_i/reram_axilite_wrapper_0/inst/u_core/word_arrays[1].word_array_inst/cell_instances[5].cell_inst/axi_rdata_reg[15]_i_1333/O
                         net (fo=1, routed)           0.520    17.932    ReRamSpm_i/reram_axilite_wrapper_0/inst/u_core/word_arrays[1].word_array_inst/cell_instances[5].cell_inst_n_15
    SLICE_X60Y48         CARRY4 (Prop_carry4_DI[0]_CO[3])
                                                      0.526    18.458 r  ReRamSpm_i/reram_axilite_wrapper_0/inst/u_core/word_arrays[1].word_array_inst/axi_rdata_reg_reg[15]_i_1238/CO[3]
                         net (fo=8, routed)           1.161    19.619    ReRamSpm_i/reram_axilite_wrapper_0/inst/u_core/word_arrays[1].word_array_inst/cell_instances[5].cell_inst/write_counter_reg[7]_2[0]
    SLICE_X59Y47         LUT5 (Prop_lut5_I1_O)        0.124    19.743 r  ReRamSpm_i/reram_axilite_wrapper_0/inst/u_core/word_arrays[1].word_array_inst/cell_instances[5].cell_inst/axi_rdata_reg[10]_i_120/O
                         net (fo=5, routed)           0.449    20.192    ReRamSpm_i/reram_axilite_wrapper_0/inst/u_core/word_arrays[1].word_array_inst/cell_instances[5].cell_inst/axi_rdata_reg_reg[10]
    SLICE_X58Y46         LUT4 (Prop_lut4_I2_O)        0.124    20.316 r  ReRamSpm_i/reram_axilite_wrapper_0/inst/u_core/word_arrays[1].word_array_inst/cell_instances[5].cell_inst/axi_rdata_reg[15]_i_1236/O
                         net (fo=1, routed)           0.000    20.316    ReRamSpm_i/reram_axilite_wrapper_0/inst/u_core/word_arrays[1].word_array_inst/cell_instances[5].cell_inst_n_22
    SLICE_X58Y46         CARRY4 (Prop_carry4_S[1]_CO[3])
                                                      0.533    20.849 r  ReRamSpm_i/reram_axilite_wrapper_0/inst/u_core/word_arrays[1].word_array_inst/axi_rdata_reg_reg[15]_i_1131/CO[3]
                         net (fo=24, routed)          0.881    21.730    ReRamSpm_i/reram_axilite_wrapper_0/inst/u_core/word_arrays[1].word_array_inst/cell_instances[7].cell_inst/CO[0]
    SLICE_X58Y45         LUT3 (Prop_lut3_I1_O)        0.124    21.854 f  ReRamSpm_i/reram_axilite_wrapper_0/inst/u_core/word_arrays[1].word_array_inst/cell_instances[7].cell_inst/axi_rdata_reg[15]_i_1325/O
                         net (fo=1, routed)           0.496    22.350    ReRamSpm_i/reram_axilite_wrapper_0/inst/u_core/word_arrays[1].word_array_inst/cell_instances[7].cell_inst/axi_rdata_reg[15]_i_1325_n_0
    SLICE_X58Y45         LUT6 (Prop_lut6_I1_O)        0.124    22.474 r  ReRamSpm_i/reram_axilite_wrapper_0/inst/u_core/word_arrays[1].word_array_inst/cell_instances[7].cell_inst/axi_rdata_reg[15]_i_1225/O
                         net (fo=1, routed)           0.332    22.806    ReRamSpm_i/reram_axilite_wrapper_0/inst/u_core/word_arrays[1].word_array_inst/cell_instances[7].cell_inst_n_15
    SLICE_X59Y46         CARRY4 (Prop_carry4_DI[0]_CO[3])
                                                      0.526    23.332 r  ReRamSpm_i/reram_axilite_wrapper_0/inst/u_core/word_arrays[1].word_array_inst/axi_rdata_reg_reg[15]_i_1130/CO[3]
                         net (fo=8, routed)           0.844    24.176    ReRamSpm_i/reram_axilite_wrapper_0/inst/u_core/word_arrays[1].word_array_inst/cell_instances[7].cell_inst/write_counter_reg[7]_2[0]
    SLICE_X57Y45         LUT5 (Prop_lut5_I1_O)        0.124    24.300 r  ReRamSpm_i/reram_axilite_wrapper_0/inst/u_core/word_arrays[1].word_array_inst/cell_instances[7].cell_inst/axi_rdata_reg[11]_i_84/O
                         net (fo=5, routed)           0.756    25.056    ReRamSpm_i/reram_axilite_wrapper_0/inst/u_core/word_arrays[1].word_array_inst/cell_instances[7].cell_inst/axi_rdata_reg_reg[11]
    SLICE_X55Y43         LUT4 (Prop_lut4_I0_O)        0.124    25.180 r  ReRamSpm_i/reram_axilite_wrapper_0/inst/u_core/word_arrays[1].word_array_inst/cell_instances[7].cell_inst/axi_rdata_reg[15]_i_1128/O
                         net (fo=1, routed)           0.000    25.180    ReRamSpm_i/reram_axilite_wrapper_0/inst/u_core/word_arrays[1].word_array_inst/cell_instances[7].cell_inst_n_22
    SLICE_X55Y43         CARRY4 (Prop_carry4_S[1]_CO[3])
                                                      0.550    25.730 r  ReRamSpm_i/reram_axilite_wrapper_0/inst/u_core/word_arrays[1].word_array_inst/axi_rdata_reg_reg[15]_i_1023/CO[3]
                         net (fo=24, routed)          1.050    26.780    ReRamSpm_i/reram_axilite_wrapper_0/inst/u_core/word_arrays[1].word_array_inst/cell_instances[9].cell_inst/CO[0]
    SLICE_X57Y42         LUT3 (Prop_lut3_I1_O)        0.124    26.904 f  ReRamSpm_i/reram_axilite_wrapper_0/inst/u_core/word_arrays[1].word_array_inst/cell_instances[9].cell_inst/axi_rdata_reg[15]_i_1216/O
                         net (fo=1, routed)           0.433    27.337    ReRamSpm_i/reram_axilite_wrapper_0/inst/u_core/word_arrays[1].word_array_inst/cell_instances[9].cell_inst/axi_rdata_reg[15]_i_1216_n_0
    SLICE_X57Y42         LUT6 (Prop_lut6_I1_O)        0.124    27.461 r  ReRamSpm_i/reram_axilite_wrapper_0/inst/u_core/word_arrays[1].word_array_inst/cell_instances[9].cell_inst/axi_rdata_reg[15]_i_1116/O
                         net (fo=1, routed)           0.471    27.932    ReRamSpm_i/reram_axilite_wrapper_0/inst/u_core/word_arrays[1].word_array_inst/cell_instances[9].cell_inst_n_14
    SLICE_X57Y43         CARRY4 (Prop_carry4_DI[1]_CO[3])
                                                      0.507    28.439 r  ReRamSpm_i/reram_axilite_wrapper_0/inst/u_core/word_arrays[1].word_array_inst/axi_rdata_reg_reg[15]_i_1022/CO[3]
                         net (fo=8, routed)           1.131    29.570    ReRamSpm_i/reram_axilite_wrapper_0/inst/u_core/word_arrays[1].word_array_inst/cell_instances[9].cell_inst/write_counter_reg[7]_2[0]
    SLICE_X58Y43         LUT5 (Prop_lut5_I1_O)        0.124    29.694 r  ReRamSpm_i/reram_axilite_wrapper_0/inst/u_core/word_arrays[1].word_array_inst/cell_instances[9].cell_inst/axi_rdata_reg[13]_i_80/O
                         net (fo=5, routed)           0.611    30.306    ReRamSpm_i/reram_axilite_wrapper_0/inst/u_core/word_arrays[1].word_array_inst/cell_instances[9].cell_inst/axi_rdata_reg_reg[13]
    SLICE_X56Y44         LUT4 (Prop_lut4_I0_O)        0.124    30.430 r  ReRamSpm_i/reram_axilite_wrapper_0/inst/u_core/word_arrays[1].word_array_inst/cell_instances[9].cell_inst/axi_rdata_reg[15]_i_1019/O
                         net (fo=1, routed)           0.000    30.430    ReRamSpm_i/reram_axilite_wrapper_0/inst/u_core/word_arrays[1].word_array_inst/cell_instances[9].cell_inst_n_21
    SLICE_X56Y44         CARRY4 (Prop_carry4_S[2]_CO[3])
                                                      0.398    30.828 r  ReRamSpm_i/reram_axilite_wrapper_0/inst/u_core/word_arrays[1].word_array_inst/axi_rdata_reg_reg[15]_i_931/CO[3]
                         net (fo=24, routed)          0.878    31.706    ReRamSpm_i/reram_axilite_wrapper_0/inst/u_core/word_arrays[1].word_array_inst/cell_instances[11].cell_inst/CO[0]
    SLICE_X58Y42         LUT3 (Prop_lut3_I1_O)        0.124    31.830 f  ReRamSpm_i/reram_axilite_wrapper_0/inst/u_core/word_arrays[1].word_array_inst/cell_instances[11].cell_inst/axi_rdata_reg[15]_i_1107/O
                         net (fo=1, routed)           0.464    32.294    ReRamSpm_i/reram_axilite_wrapper_0/inst/u_core/word_arrays[1].word_array_inst/cell_instances[11].cell_inst/axi_rdata_reg[15]_i_1107_n_0
    SLICE_X58Y43         LUT6 (Prop_lut6_I1_O)        0.124    32.418 r  ReRamSpm_i/reram_axilite_wrapper_0/inst/u_core/word_arrays[1].word_array_inst/cell_instances[11].cell_inst/axi_rdata_reg[15]_i_1007/O
                         net (fo=1, routed)           0.473    32.891    ReRamSpm_i/reram_axilite_wrapper_0/inst/u_core/word_arrays[1].word_array_inst/cell_instances[11].cell_inst_n_13
    SLICE_X58Y44         CARRY4 (Prop_carry4_DI[2]_CO[3])
                                                      0.404    33.295 r  ReRamSpm_i/reram_axilite_wrapper_0/inst/u_core/word_arrays[1].word_array_inst/axi_rdata_reg_reg[15]_i_930/CO[3]
                         net (fo=8, routed)           0.951    34.246    ReRamSpm_i/reram_axilite_wrapper_0/inst/u_core/word_arrays[1].word_array_inst/cell_instances[11].cell_inst/write_counter_reg[7]_2[0]
    SLICE_X58Y45         LUT5 (Prop_lut5_I1_O)        0.124    34.370 r  ReRamSpm_i/reram_axilite_wrapper_0/inst/u_core/word_arrays[1].word_array_inst/cell_instances[11].cell_inst/axi_rdata_reg[11]_i_76/O
                         net (fo=5, routed)           0.676    35.046    ReRamSpm_i/reram_axilite_wrapper_0/inst/u_core/word_arrays[1].word_array_inst/cell_instances[11].cell_inst/axi_rdata_reg_reg[11]
    SLICE_X60Y45         LUT4 (Prop_lut4_I0_O)        0.124    35.170 r  ReRamSpm_i/reram_axilite_wrapper_0/inst/u_core/word_arrays[1].word_array_inst/cell_instances[11].cell_inst/axi_rdata_reg[15]_i_928/O
                         net (fo=1, routed)           0.000    35.170    ReRamSpm_i/reram_axilite_wrapper_0/inst/u_core/word_arrays[1].word_array_inst/cell_instances[11].cell_inst_n_22
    SLICE_X60Y45         CARRY4 (Prop_carry4_S[1]_CO[3])
                                                      0.550    35.720 r  ReRamSpm_i/reram_axilite_wrapper_0/inst/u_core/word_arrays[1].word_array_inst/axi_rdata_reg_reg[15]_i_839/CO[3]
                         net (fo=20, routed)          0.892    36.613    ReRamSpm_i/reram_axilite_wrapper_0/inst/u_core/word_arrays[1].word_array_inst/cell_instances[13].cell_inst/CO[0]
    SLICE_X62Y45         LUT3 (Prop_lut3_I1_O)        0.124    36.737 f  ReRamSpm_i/reram_axilite_wrapper_0/inst/u_core/word_arrays[1].word_array_inst/cell_instances[13].cell_inst/axi_rdata_reg[15]_i_1003/O
                         net (fo=2, routed)           0.650    37.387    ReRamSpm_i/reram_axilite_wrapper_0/inst/u_core/word_arrays[1].word_array_inst/cell_instances[13].cell_inst/axi_rdata_reg[15]_i_1003_n_0
    SLICE_X62Y45         LUT6 (Prop_lut6_I5_O)        0.124    37.511 r  ReRamSpm_i/reram_axilite_wrapper_0/inst/u_core/word_arrays[1].word_array_inst/cell_instances[13].cell_inst/axi_rdata_reg[15]_i_915/O
                         net (fo=1, routed)           0.465    37.976    ReRamSpm_i/reram_axilite_wrapper_0/inst/u_core/word_arrays[1].word_array_inst/cell_instances[13].cell_inst_n_13
    SLICE_X61Y46         CARRY4 (Prop_carry4_DI[2]_CO[3])
                                                      0.398    38.374 r  ReRamSpm_i/reram_axilite_wrapper_0/inst/u_core/word_arrays[1].word_array_inst/axi_rdata_reg_reg[15]_i_838/CO[3]
                         net (fo=8, routed)           0.943    39.317    ReRamSpm_i/reram_axilite_wrapper_0/inst/u_core/word_arrays[1].word_array_inst/cell_instances[13].cell_inst/write_counter_reg[7]_3[0]
    SLICE_X62Y47         LUT5 (Prop_lut5_I1_O)        0.124    39.441 r  ReRamSpm_i/reram_axilite_wrapper_0/inst/u_core/word_arrays[1].word_array_inst/cell_instances[13].cell_inst/axi_rdata_reg[9]_i_104/O
                         net (fo=5, routed)           0.777    40.218    ReRamSpm_i/reram_axilite_wrapper_0/inst/u_core/word_arrays[1].word_array_inst/cell_instances[13].cell_inst/axi_rdata_reg_reg[9]_1
    SLICE_X62Y46         LUT4 (Prop_lut4_I0_O)        0.124    40.342 r  ReRamSpm_i/reram_axilite_wrapper_0/inst/u_core/word_arrays[1].word_array_inst/cell_instances[13].cell_inst/axi_rdata_reg[15]_i_837/O
                         net (fo=1, routed)           0.000    40.342    ReRamSpm_i/reram_axilite_wrapper_0/inst/u_core/word_arrays[1].word_array_inst/cell_instances[13].cell_inst_n_23
    SLICE_X62Y46         CARRY4 (Prop_carry4_S[0]_CO[3])
                                                      0.513    40.855 r  ReRamSpm_i/reram_axilite_wrapper_0/inst/u_core/word_arrays[1].word_array_inst/axi_rdata_reg_reg[15]_i_747/CO[3]
                         net (fo=20, routed)          0.864    41.719    ReRamSpm_i/reram_axilite_wrapper_0/inst/u_core/word_arrays[1].word_array_inst/cell_instances[15].cell_inst/CO[0]
    SLICE_X65Y46         LUT3 (Prop_lut3_I1_O)        0.124    41.843 f  ReRamSpm_i/reram_axilite_wrapper_0/inst/u_core/word_arrays[1].word_array_inst/cell_instances[15].cell_inst/axi_rdata_reg[15]_i_912/O
                         net (fo=2, routed)           0.414    42.257    ReRamSpm_i/reram_axilite_wrapper_0/inst/u_core/word_arrays[1].word_array_inst/cell_instances[15].cell_inst/axi_rdata_reg[15]_i_912_n_0
    SLICE_X65Y46         LUT6 (Prop_lut6_I5_O)        0.124    42.381 r  ReRamSpm_i/reram_axilite_wrapper_0/inst/u_core/word_arrays[1].word_array_inst/cell_instances[15].cell_inst/axi_rdata_reg[15]_i_824/O
                         net (fo=1, routed)           0.613    42.994    ReRamSpm_i/reram_axilite_wrapper_0/inst/u_core/word_arrays[1].word_array_inst/cell_instances[15].cell_inst_n_14
    SLICE_X64Y46         CARRY4 (Prop_carry4_DI[1]_CO[3])
                                                      0.507    43.501 r  ReRamSpm_i/reram_axilite_wrapper_0/inst/u_core/word_arrays[1].word_array_inst/axi_rdata_reg_reg[15]_i_746/CO[3]
                         net (fo=8, routed)           0.812    44.313    ReRamSpm_i/reram_axilite_wrapper_0/inst/u_core/word_arrays[1].word_array_inst/cell_instances[15].cell_inst/write_counter_reg[7]_3[0]
    SLICE_X65Y46         LUT5 (Prop_lut5_I1_O)        0.124    44.437 r  ReRamSpm_i/reram_axilite_wrapper_0/inst/u_core/word_arrays[1].word_array_inst/cell_instances[15].cell_inst/axi_rdata_reg[11]_i_68/O
                         net (fo=5, routed)           0.747    45.184    ReRamSpm_i/reram_axilite_wrapper_0/inst/u_core/word_arrays[1].word_array_inst/cell_instances[15].cell_inst/axi_rdata_reg_reg[11]
    SLICE_X67Y46         LUT4 (Prop_lut4_I0_O)        0.124    45.308 r  ReRamSpm_i/reram_axilite_wrapper_0/inst/u_core/word_arrays[1].word_array_inst/cell_instances[15].cell_inst/axi_rdata_reg[15]_i_744/O
                         net (fo=1, routed)           0.000    45.308    ReRamSpm_i/reram_axilite_wrapper_0/inst/u_core/word_arrays[1].word_array_inst/cell_instances[15].cell_inst_n_22
    SLICE_X67Y46         CARRY4 (Prop_carry4_S[1]_CO[3])
                                                      0.550    45.858 r  ReRamSpm_i/reram_axilite_wrapper_0/inst/u_core/word_arrays[1].word_array_inst/axi_rdata_reg_reg[15]_i_655/CO[3]
                         net (fo=20, routed)          0.861    46.719    ReRamSpm_i/reram_axilite_wrapper_0/inst/u_core/word_arrays[1].word_array_inst/cell_instances[17].cell_inst/CO[0]
    SLICE_X68Y46         LUT3 (Prop_lut3_I1_O)        0.124    46.843 f  ReRamSpm_i/reram_axilite_wrapper_0/inst/u_core/word_arrays[1].word_array_inst/cell_instances[17].cell_inst/axi_rdata_reg[15]_i_820/O
                         net (fo=2, routed)           0.342    47.185    ReRamSpm_i/reram_axilite_wrapper_0/inst/u_core/word_arrays[1].word_array_inst/cell_instances[17].cell_inst/axi_rdata_reg[15]_i_820_n_0
    SLICE_X66Y47         LUT6 (Prop_lut6_I5_O)        0.124    47.309 r  ReRamSpm_i/reram_axilite_wrapper_0/inst/u_core/word_arrays[1].word_array_inst/cell_instances[17].cell_inst/axi_rdata_reg[15]_i_732/O
                         net (fo=1, routed)           0.615    47.924    ReRamSpm_i/reram_axilite_wrapper_0/inst/u_core/word_arrays[1].word_array_inst/cell_instances[17].cell_inst_n_14
    SLICE_X67Y47         CARRY4 (Prop_carry4_DI[1]_CO[3])
                                                      0.507    48.431 r  ReRamSpm_i/reram_axilite_wrapper_0/inst/u_core/word_arrays[1].word_array_inst/axi_rdata_reg_reg[15]_i_654/CO[3]
                         net (fo=8, routed)           0.792    49.222    ReRamSpm_i/reram_axilite_wrapper_0/inst/u_core/word_arrays[1].word_array_inst/cell_instances[17].cell_inst/write_counter_reg[7]_3[0]
    SLICE_X65Y45         LUT5 (Prop_lut5_I1_O)        0.124    49.346 r  ReRamSpm_i/reram_axilite_wrapper_0/inst/u_core/word_arrays[1].word_array_inst/cell_instances[17].cell_inst/axi_rdata_reg[11]_i_64/O
                         net (fo=5, routed)           0.741    50.087    ReRamSpm_i/reram_axilite_wrapper_0/inst/u_core/word_arrays[1].word_array_inst/cell_instances[17].cell_inst/axi_rdata_reg_reg[11]
    SLICE_X63Y45         LUT4 (Prop_lut4_I0_O)        0.124    50.211 r  ReRamSpm_i/reram_axilite_wrapper_0/inst/u_core/word_arrays[1].word_array_inst/cell_instances[17].cell_inst/axi_rdata_reg[15]_i_652/O
                         net (fo=1, routed)           0.000    50.211    ReRamSpm_i/reram_axilite_wrapper_0/inst/u_core/word_arrays[1].word_array_inst/cell_instances[17].cell_inst_n_22
    SLICE_X63Y45         CARRY4 (Prop_carry4_S[1]_CO[3])
                                                      0.550    50.761 r  ReRamSpm_i/reram_axilite_wrapper_0/inst/u_core/word_arrays[1].word_array_inst/axi_rdata_reg_reg[15]_i_563/CO[3]
                         net (fo=20, routed)          0.729    51.490    ReRamSpm_i/reram_axilite_wrapper_0/inst/u_core/word_arrays[1].word_array_inst/cell_instances[19].cell_inst/CO[0]
    SLICE_X65Y44         LUT3 (Prop_lut3_I1_O)        0.124    51.614 f  ReRamSpm_i/reram_axilite_wrapper_0/inst/u_core/word_arrays[1].word_array_inst/cell_instances[19].cell_inst/axi_rdata_reg[15]_i_728/O
                         net (fo=2, routed)           0.501    52.115    ReRamSpm_i/reram_axilite_wrapper_0/inst/u_core/word_arrays[1].word_array_inst/cell_instances[19].cell_inst/axi_rdata_reg[15]_i_728_n_0
    SLICE_X63Y44         LUT6 (Prop_lut6_I5_O)        0.124    52.239 r  ReRamSpm_i/reram_axilite_wrapper_0/inst/u_core/word_arrays[1].word_array_inst/cell_instances[19].cell_inst/axi_rdata_reg[15]_i_640/O
                         net (fo=1, routed)           0.494    52.733    ReRamSpm_i/reram_axilite_wrapper_0/inst/u_core/word_arrays[1].word_array_inst/cell_instances[19].cell_inst_n_14
    SLICE_X64Y44         CARRY4 (Prop_carry4_DI[1]_CO[3])
                                                      0.507    53.240 r  ReRamSpm_i/reram_axilite_wrapper_0/inst/u_core/word_arrays[1].word_array_inst/axi_rdata_reg_reg[15]_i_562/CO[3]
                         net (fo=8, routed)           0.879    54.119    ReRamSpm_i/reram_axilite_wrapper_0/inst/u_core/word_arrays[1].word_array_inst/cell_instances[19].cell_inst/write_counter_reg[7]_3[0]
    SLICE_X63Y44         LUT5 (Prop_lut5_I1_O)        0.124    54.243 r  ReRamSpm_i/reram_axilite_wrapper_0/inst/u_core/word_arrays[1].word_array_inst/cell_instances[19].cell_inst/axi_rdata_reg[9]_i_92/O
                         net (fo=5, routed)           0.768    55.011    ReRamSpm_i/reram_axilite_wrapper_0/inst/u_core/word_arrays[1].word_array_inst/cell_instances[19].cell_inst/axi_rdata_reg_reg[9]_1
    SLICE_X62Y43         LUT4 (Prop_lut4_I0_O)        0.124    55.135 r  ReRamSpm_i/reram_axilite_wrapper_0/inst/u_core/word_arrays[1].word_array_inst/cell_instances[19].cell_inst/axi_rdata_reg[15]_i_561/O
                         net (fo=1, routed)           0.000    55.135    ReRamSpm_i/reram_axilite_wrapper_0/inst/u_core/word_arrays[1].word_array_inst/cell_instances[19].cell_inst_n_23
    SLICE_X62Y43         CARRY4 (Prop_carry4_S[0]_CO[3])
                                                      0.513    55.648 r  ReRamSpm_i/reram_axilite_wrapper_0/inst/u_core/word_arrays[1].word_array_inst/axi_rdata_reg_reg[15]_i_471/CO[3]
                         net (fo=20, routed)          0.906    56.554    ReRamSpm_i/reram_axilite_wrapper_0/inst/u_core/word_arrays[1].word_array_inst/cell_instances[21].cell_inst/CO[0]
    SLICE_X65Y43         LUT3 (Prop_lut3_I1_O)        0.124    56.678 f  ReRamSpm_i/reram_axilite_wrapper_0/inst/u_core/word_arrays[1].word_array_inst/cell_instances[21].cell_inst/axi_rdata_reg[15]_i_635/O
                         net (fo=2, routed)           0.726    57.404    ReRamSpm_i/reram_axilite_wrapper_0/inst/u_core/word_arrays[1].word_array_inst/cell_instances[21].cell_inst/axi_rdata_reg[15]_i_635_n_0
    SLICE_X64Y43         LUT6 (Prop_lut6_I5_O)        0.124    57.528 r  ReRamSpm_i/reram_axilite_wrapper_0/inst/u_core/word_arrays[1].word_array_inst/cell_instances[21].cell_inst/axi_rdata_reg[15]_i_547/O
                         net (fo=1, routed)           0.528    58.056    ReRamSpm_i/reram_axilite_wrapper_0/inst/u_core/word_arrays[1].word_array_inst/cell_instances[21].cell_inst_n_13
    SLICE_X63Y43         CARRY4 (Prop_carry4_DI[2]_CO[3])
                                                      0.398    58.454 r  ReRamSpm_i/reram_axilite_wrapper_0/inst/u_core/word_arrays[1].word_array_inst/axi_rdata_reg_reg[15]_i_470/CO[3]
                         net (fo=8, routed)           0.846    59.299    ReRamSpm_i/reram_axilite_wrapper_0/inst/u_core/word_arrays[1].word_array_inst/cell_instances[21].cell_inst/write_counter_reg[7]_3[0]
    SLICE_X61Y43         LUT5 (Prop_lut5_I1_O)        0.124    59.423 r  ReRamSpm_i/reram_axilite_wrapper_0/inst/u_core/word_arrays[1].word_array_inst/cell_instances[21].cell_inst/axi_rdata_reg[9]_i_88/O
                         net (fo=5, routed)           0.823    60.246    ReRamSpm_i/reram_axilite_wrapper_0/inst/u_core/word_arrays[1].word_array_inst/cell_instances[21].cell_inst/axi_rdata_reg_reg[9]_1
    SLICE_X62Y42         LUT4 (Prop_lut4_I0_O)        0.124    60.370 r  ReRamSpm_i/reram_axilite_wrapper_0/inst/u_core/word_arrays[1].word_array_inst/cell_instances[21].cell_inst/axi_rdata_reg[15]_i_469/O
                         net (fo=1, routed)           0.000    60.370    ReRamSpm_i/reram_axilite_wrapper_0/inst/u_core/word_arrays[1].word_array_inst/cell_instances[21].cell_inst_n_23
    SLICE_X62Y42         CARRY4 (Prop_carry4_S[0]_CO[3])
                                                      0.513    60.883 r  ReRamSpm_i/reram_axilite_wrapper_0/inst/u_core/word_arrays[1].word_array_inst/axi_rdata_reg_reg[15]_i_379/CO[3]
                         net (fo=20, routed)          1.033    61.916    ReRamSpm_i/reram_axilite_wrapper_0/inst/u_core/word_arrays[1].word_array_inst/cell_instances[23].cell_inst/CO[0]
    SLICE_X65Y42         LUT3 (Prop_lut3_I1_O)        0.124    62.040 f  ReRamSpm_i/reram_axilite_wrapper_0/inst/u_core/word_arrays[1].word_array_inst/cell_instances[23].cell_inst/axi_rdata_reg[15]_i_544/O
                         net (fo=2, routed)           0.414    62.454    ReRamSpm_i/reram_axilite_wrapper_0/inst/u_core/word_arrays[1].word_array_inst/cell_instances[23].cell_inst/axi_rdata_reg[15]_i_544_n_0
    SLICE_X65Y42         LUT6 (Prop_lut6_I5_O)        0.124    62.578 r  ReRamSpm_i/reram_axilite_wrapper_0/inst/u_core/word_arrays[1].word_array_inst/cell_instances[23].cell_inst/axi_rdata_reg[15]_i_456/O
                         net (fo=1, routed)           0.613    63.191    ReRamSpm_i/reram_axilite_wrapper_0/inst/u_core/word_arrays[1].word_array_inst/cell_instances[23].cell_inst_n_14
    SLICE_X64Y42         CARRY4 (Prop_carry4_DI[1]_CO[3])
                                                      0.507    63.698 r  ReRamSpm_i/reram_axilite_wrapper_0/inst/u_core/word_arrays[1].word_array_inst/axi_rdata_reg_reg[15]_i_378/CO[3]
                         net (fo=8, routed)           0.988    64.686    ReRamSpm_i/reram_axilite_wrapper_0/inst/u_core/word_arrays[1].word_array_inst/cell_instances[23].cell_inst/write_counter_reg[7]_3[0]
    SLICE_X64Y41         LUT5 (Prop_lut5_I1_O)        0.124    64.810 r  ReRamSpm_i/reram_axilite_wrapper_0/inst/u_core/word_arrays[1].word_array_inst/cell_instances[23].cell_inst/axi_rdata_reg[11]_i_52/O
                         net (fo=5, routed)           0.620    65.430    ReRamSpm_i/reram_axilite_wrapper_0/inst/u_core/word_arrays[1].word_array_inst/cell_instances[23].cell_inst/axi_rdata_reg_reg[11]
    SLICE_X62Y41         LUT4 (Prop_lut4_I0_O)        0.124    65.554 r  ReRamSpm_i/reram_axilite_wrapper_0/inst/u_core/word_arrays[1].word_array_inst/cell_instances[23].cell_inst/axi_rdata_reg[15]_i_376/O
                         net (fo=1, routed)           0.000    65.554    ReRamSpm_i/reram_axilite_wrapper_0/inst/u_core/word_arrays[1].word_array_inst/cell_instances[23].cell_inst_n_22
    SLICE_X62Y41         CARRY4 (Prop_carry4_S[1]_CO[3])
                                                      0.533    66.087 r  ReRamSpm_i/reram_axilite_wrapper_0/inst/u_core/word_arrays[1].word_array_inst/axi_rdata_reg_reg[15]_i_287/CO[3]
                         net (fo=20, routed)          0.733    66.820    ReRamSpm_i/reram_axilite_wrapper_0/inst/u_core/word_arrays[1].word_array_inst/cell_instances[25].cell_inst/CO[0]
    SLICE_X61Y40         LUT3 (Prop_lut3_I1_O)        0.124    66.944 f  ReRamSpm_i/reram_axilite_wrapper_0/inst/u_core/word_arrays[1].word_array_inst/cell_instances[25].cell_inst/axi_rdata_reg[15]_i_452/O
                         net (fo=2, routed)           0.569    67.513    ReRamSpm_i/reram_axilite_wrapper_0/inst/u_core/word_arrays[1].word_array_inst/cell_instances[25].cell_inst/axi_rdata_reg[15]_i_452_n_0
    SLICE_X60Y41         LUT6 (Prop_lut6_I5_O)        0.124    67.637 r  ReRamSpm_i/reram_axilite_wrapper_0/inst/u_core/word_arrays[1].word_array_inst/cell_instances[25].cell_inst/axi_rdata_reg[15]_i_364/O
                         net (fo=1, routed)           0.569    68.206    ReRamSpm_i/reram_axilite_wrapper_0/inst/u_core/word_arrays[1].word_array_inst/cell_instances[25].cell_inst_n_14
    SLICE_X61Y41         CARRY4 (Prop_carry4_DI[1]_CO[3])
                                                      0.507    68.713 r  ReRamSpm_i/reram_axilite_wrapper_0/inst/u_core/word_arrays[1].word_array_inst/axi_rdata_reg_reg[15]_i_286/CO[3]
                         net (fo=8, routed)           0.867    69.580    ReRamSpm_i/reram_axilite_wrapper_0/inst/u_core/word_arrays[1].word_array_inst/cell_instances[25].cell_inst/write_counter_reg[7]_3[0]
    SLICE_X63Y41         LUT5 (Prop_lut5_I1_O)        0.124    69.704 r  ReRamSpm_i/reram_axilite_wrapper_0/inst/u_core/word_arrays[1].word_array_inst/cell_instances[25].cell_inst/axi_rdata_reg[8]_i_48/O
                         net (fo=4, routed)           0.556    70.259    ReRamSpm_i/reram_axilite_wrapper_0/inst/u_core/word_arrays[1].word_array_inst/cell_instances[25].cell_inst/axi_rdata_reg_reg[8]
    SLICE_X63Y40         LUT4 (Prop_lut4_I2_O)        0.124    70.383 r  ReRamSpm_i/reram_axilite_wrapper_0/inst/u_core/word_arrays[1].word_array_inst/cell_instances[25].cell_inst/axi_rdata_reg[15]_i_285/O
                         net (fo=1, routed)           0.000    70.383    ReRamSpm_i/reram_axilite_wrapper_0/inst/u_core/word_arrays[1].word_array_inst/cell_instances[25].cell_inst_n_23
    SLICE_X63Y40         CARRY4 (Prop_carry4_S[0]_CO[3])
                                                      0.532    70.915 r  ReRamSpm_i/reram_axilite_wrapper_0/inst/u_core/word_arrays[1].word_array_inst/axi_rdata_reg_reg[15]_i_195/CO[3]
                         net (fo=20, routed)          0.941    71.856    ReRamSpm_i/reram_axilite_wrapper_0/inst/u_core/word_arrays[1].word_array_inst/cell_instances[27].cell_inst/CO[0]
    SLICE_X66Y40         LUT3 (Prop_lut3_I1_O)        0.124    71.980 f  ReRamSpm_i/reram_axilite_wrapper_0/inst/u_core/word_arrays[1].word_array_inst/cell_instances[27].cell_inst/axi_rdata_reg[15]_i_361/O
                         net (fo=2, routed)           0.618    72.599    ReRamSpm_i/reram_axilite_wrapper_0/inst/u_core/word_arrays[1].word_array_inst/cell_instances[27].cell_inst/axi_rdata_reg[15]_i_361_n_0
    SLICE_X66Y40         LUT6 (Prop_lut6_I5_O)        0.124    72.723 r  ReRamSpm_i/reram_axilite_wrapper_0/inst/u_core/word_arrays[1].word_array_inst/cell_instances[27].cell_inst/axi_rdata_reg[15]_i_273/O
                         net (fo=1, routed)           0.514    73.236    ReRamSpm_i/reram_axilite_wrapper_0/inst/u_core/word_arrays[1].word_array_inst/cell_instances[27].cell_inst_n_15
    SLICE_X65Y40         CARRY4 (Prop_carry4_DI[0]_CO[3])
                                                      0.526    73.762 r  ReRamSpm_i/reram_axilite_wrapper_0/inst/u_core/word_arrays[1].word_array_inst/axi_rdata_reg_reg[15]_i_194/CO[3]
                         net (fo=8, routed)           0.937    74.699    ReRamSpm_i/reram_axilite_wrapper_0/inst/u_core/word_arrays[1].word_array_inst/cell_instances[27].cell_inst/write_counter_reg[7]_3[0]
    SLICE_X66Y39         LUT5 (Prop_lut5_I1_O)        0.124    74.823 r  ReRamSpm_i/reram_axilite_wrapper_0/inst/u_core/word_arrays[1].word_array_inst/cell_instances[27].cell_inst/axi_rdata_reg[11]_i_44/O
                         net (fo=5, routed)           0.599    75.423    ReRamSpm_i/reram_axilite_wrapper_0/inst/u_core/word_arrays[1].word_array_inst/cell_instances[27].cell_inst/axi_rdata_reg_reg[11]
    SLICE_X65Y39         LUT4 (Prop_lut4_I0_O)        0.124    75.547 r  ReRamSpm_i/reram_axilite_wrapper_0/inst/u_core/word_arrays[1].word_array_inst/cell_instances[27].cell_inst/axi_rdata_reg[15]_i_192/O
                         net (fo=1, routed)           0.000    75.547    ReRamSpm_i/reram_axilite_wrapper_0/inst/u_core/word_arrays[1].word_array_inst/cell_instances[27].cell_inst_n_22
    SLICE_X65Y39         CARRY4 (Prop_carry4_S[1]_CO[3])
                                                      0.550    76.097 r  ReRamSpm_i/reram_axilite_wrapper_0/inst/u_core/word_arrays[1].word_array_inst/axi_rdata_reg_reg[15]_i_103/CO[3]
                         net (fo=20, routed)          0.889    76.986    ReRamSpm_i/reram_axilite_wrapper_0/inst/u_core/word_arrays[1].word_array_inst/cell_instances[29].cell_inst/CO[0]
    SLICE_X66Y39         LUT3 (Prop_lut3_I1_O)        0.124    77.110 f  ReRamSpm_i/reram_axilite_wrapper_0/inst/u_core/word_arrays[1].word_array_inst/cell_instances[29].cell_inst/axi_rdata_reg[15]_i_267/O
                         net (fo=2, routed)           0.428    77.538    ReRamSpm_i/reram_axilite_wrapper_0/inst/u_core/word_arrays[1].word_array_inst/cell_instances[29].cell_inst/axi_rdata_reg[15]_i_267_n_0
    SLICE_X66Y38         LUT6 (Prop_lut6_I5_O)        0.124    77.662 r  ReRamSpm_i/reram_axilite_wrapper_0/inst/u_core/word_arrays[1].word_array_inst/cell_instances[29].cell_inst/axi_rdata_reg[15]_i_179/O
                         net (fo=1, routed)           0.514    78.176    ReRamSpm_i/reram_axilite_wrapper_0/inst/u_core/word_arrays[1].word_array_inst/cell_instances[29].cell_inst_n_13
    SLICE_X65Y38         CARRY4 (Prop_carry4_DI[2]_CO[3])
                                                      0.398    78.574 r  ReRamSpm_i/reram_axilite_wrapper_0/inst/u_core/word_arrays[1].word_array_inst/axi_rdata_reg_reg[15]_i_102/CO[3]
                         net (fo=8, routed)           0.967    79.541    ReRamSpm_i/reram_axilite_wrapper_0/inst/u_core/word_arrays[1].word_array_inst/cell_instances[29].cell_inst/write_counter_reg[7]_3[0]
    SLICE_X66Y38         LUT5 (Prop_lut5_I1_O)        0.124    79.665 r  ReRamSpm_i/reram_axilite_wrapper_0/inst/u_core/word_arrays[1].word_array_inst/cell_instances[29].cell_inst/axi_rdata_reg[11]_i_35/O
                         net (fo=3, routed)           0.580    80.245    ReRamSpm_i/reram_axilite_wrapper_0/inst/u_core/word_arrays[1].word_array_inst/cell_instances[29].cell_inst/axi_rdata_reg_reg[11]
    SLICE_X64Y38         LUT4 (Prop_lut4_I0_O)        0.124    80.369 r  ReRamSpm_i/reram_axilite_wrapper_0/inst/u_core/word_arrays[1].word_array_inst/cell_instances[29].cell_inst/axi_rdata_reg[15]_i_100/O
                         net (fo=1, routed)           0.000    80.369    ReRamSpm_i/reram_axilite_wrapper_0/inst/u_core/word_arrays[1].word_array_inst/cell_instances[29].cell_inst_n_22
    SLICE_X64Y38         CARRY4 (Prop_carry4_S[1]_CO[3])
                                                      0.550    80.919 r  ReRamSpm_i/reram_axilite_wrapper_0/inst/u_core/word_arrays[1].word_array_inst/axi_rdata_reg_reg[15]_i_38/CO[3]
                         net (fo=8, routed)           0.954    81.873    ReRamSpm_i/reram_axilite_wrapper_0/inst/u_core/word_arrays[1].word_array_inst/cell_instances[31].cell_inst/CO[0]
    SLICE_X64Y37         LUT3 (Prop_lut3_I1_O)        0.124    81.997 r  ReRamSpm_i/reram_axilite_wrapper_0/inst/u_core/word_arrays[1].word_array_inst/cell_instances[31].cell_inst/axi_rdata_reg[14]_i_17/O
                         net (fo=1, routed)           0.590    82.587    ReRamSpm_i/reram_axilite_wrapper_0/inst/u_core/word_arrays[13].word_array_inst/cell_instances[31].cell_inst/write_counter_reg[7]_0[6]
    SLICE_X64Y34         LUT6 (Prop_lut6_I5_O)        0.124    82.711 r  ReRamSpm_i/reram_axilite_wrapper_0/inst/u_core/word_arrays[13].word_array_inst/cell_instances[31].cell_inst/axi_rdata_reg[14]_i_6/O
                         net (fo=1, routed)           0.340    83.052    ReRamSpm_i/reram_axilite_wrapper_0/inst/u_core/word_arrays[14].word_array_inst/cell_instances[12].cell_inst/axi_araddr_reg[3]
    SLICE_X65Y34         LUT6 (Prop_lut6_I3_O)        0.124    83.176 r  ReRamSpm_i/reram_axilite_wrapper_0/inst/u_core/word_arrays[14].word_array_inst/cell_instances[12].cell_inst/axi_rdata_reg[14]_i_2/O
                         net (fo=1, routed)           0.433    83.609    ReRamSpm_i/reram_axilite_wrapper_0/inst/u_core/word_arrays[3].word_array_inst/cell_instances[14].cell_inst/axi_araddr_reg[4]_0
    SLICE_X65Y34         LUT5 (Prop_lut5_I0_O)        0.124    83.733 r  ReRamSpm_i/reram_axilite_wrapper_0/inst/u_core/word_arrays[3].word_array_inst/cell_instances[14].cell_inst/axi_rdata_reg[14]_i_1/O
                         net (fo=1, routed)           0.000    83.733    ReRamSpm_i/reram_axilite_wrapper_0/inst/axi_rdata_reg1_in[14]
    SLICE_X65Y34         FDRE                                         r  ReRamSpm_i/reram_axilite_wrapper_0/inst/axi_rdata_reg_reg[14]/D
  -------------------------------------------------------------------    -------------------

                         (clock clk_fpga_0 rise edge)
                                                     20.000    20.000 r  
    PS7_X0Y0             PS7                          0.000    20.000 r  ReRamSpm_i/processing_system7_0/inst/PS7_i/FCLKCLK[0]
                         net (fo=1, routed)           1.088    21.088    ReRamSpm_i/processing_system7_0/inst/FCLK_CLK_unbuffered[0]
    BUFGCTRL_X0Y16       BUFG (Prop_bufg_I_O)         0.091    21.179 r  ReRamSpm_i/processing_system7_0/inst/buffer_fclk_clk_0.FCLK_CLK_0_BUFG/O
                         net (fo=26024, routed)       1.551    22.730    ReRamSpm_i/reram_axilite_wrapper_0/inst/S_AXI_ACLK
    SLICE_X65Y34         FDRE                                         r  ReRamSpm_i/reram_axilite_wrapper_0/inst/axi_rdata_reg_reg[14]/C
                         clock pessimism              0.115    22.845    
                         clock uncertainty           -0.302    22.543    
    SLICE_X65Y34         FDRE (Setup_fdre_C_D)        0.029    22.572    ReRamSpm_i/reram_axilite_wrapper_0/inst/axi_rdata_reg_reg[14]
  -------------------------------------------------------------------
                         required time                         22.572    
                         arrival time                         -83.732    
  -------------------------------------------------------------------
                         slack                                -61.160    

Slack (VIOLATED) :        -61.130ns  (required time - arrival time)
  Source:                 ReRamSpm_i/reram_axilite_wrapper_0/inst/u_core/word_arrays[10].word_array_inst/cell_instances[0].cell_inst/write_counter_reg[5]/C
                            (rising edge-triggered cell FDCE clocked by clk_fpga_0  {rise@0.000ns fall@10.000ns period=20.000ns})
  Destination:            ReRamSpm_i/reram_axilite_wrapper_0/inst/axi_rdata_reg_reg[21]/D
                            (rising edge-triggered cell FDRE clocked by clk_fpga_0  {rise@0.000ns fall@10.000ns period=20.000ns})
  Path Group:             clk_fpga_0
  Path Type:              Setup (Max at Slow Process Corner)
  Requirement:            20.000ns  (clk_fpga_0 rise@20.000ns - clk_fpga_0 rise@0.000ns)
  Data Path Delay:        80.716ns  (logic 23.083ns (28.598%)  route 57.633ns (71.402%))
  Logic Levels:           96  (CARRY4=31 LUT3=16 LUT4=16 LUT5=16 LUT6=17)
  Clock Path Skew:        -0.143ns (DCD - SCD + CPR)
    Destination Clock Delay (DCD):    2.775ns = ( 22.775 - 20.000 ) 
    Source Clock Delay      (SCD):    3.033ns
    Clock Pessimism Removal (CPR):    0.115ns
  Clock Uncertainty:      0.302ns  ((TSJ^2 + TIJ^2)^1/2 + DJ) / 2 + PE
    Total System Jitter     (TSJ):    0.071ns
    Total Input Jitter      (TIJ):    0.600ns
    Discrete Jitter          (DJ):    0.000ns
    Phase Error              (PE):    0.000ns

    Location             Delay type                Incr(ns)  Path(ns)    Netlist Resource(s)
  -------------------------------------------------------------------    -------------------
                         (clock clk_fpga_0 rise edge)
                                                      0.000     0.000 r  
    PS7_X0Y0             PS7                          0.000     0.000 r  ReRamSpm_i/processing_system7_0/inst/PS7_i/FCLKCLK[0]
                         net (fo=1, routed)           1.193     1.193    ReRamSpm_i/processing_system7_0/inst/FCLK_CLK_unbuffered[0]
    BUFGCTRL_X0Y16       BUFG (Prop_bufg_I_O)         0.101     1.294 r  ReRamSpm_i/processing_system7_0/inst/buffer_fclk_clk_0.FCLK_CLK_0_BUFG/O
                         net (fo=26024, routed)       1.739     3.033    ReRamSpm_i/reram_axilite_wrapper_0/inst/u_core/word_arrays[10].word_array_inst/cell_instances[0].cell_inst/S_AXI_ACLK
    SLICE_X89Y45         FDCE                                         r  ReRamSpm_i/reram_axilite_wrapper_0/inst/u_core/word_arrays[10].word_array_inst/cell_instances[0].cell_inst/write_counter_reg[5]/C
  -------------------------------------------------------------------    -------------------
    SLICE_X89Y45         FDCE (Prop_fdce_C_Q)         0.456     3.489 r  ReRamSpm_i/reram_axilite_wrapper_0/inst/u_core/word_arrays[10].word_array_inst/cell_instances[0].cell_inst/write_counter_reg[5]/Q
                         net (fo=9, routed)           1.057     4.546    ReRamSpm_i/reram_axilite_wrapper_0/inst/u_core/word_arrays[10].word_array_inst/cell_instances[0].cell_inst/write_cycles[5]
    SLICE_X88Y44         LUT4 (Prop_lut4_I0_O)        0.124     4.670 r  ReRamSpm_i/reram_axilite_wrapper_0/inst/u_core/word_arrays[10].word_array_inst/cell_instances[0].cell_inst/axi_rdata_reg[23]_i_1483/O
                         net (fo=1, routed)           0.000     4.670    ReRamSpm_i/reram_axilite_wrapper_0/inst/u_core/word_arrays[10].word_array_inst/cell_instances[0].cell_inst_n_3
    SLICE_X88Y44         CARRY4 (Prop_carry4_S[2]_CO[3])
                                                      0.398     5.068 r  ReRamSpm_i/reram_axilite_wrapper_0/inst/u_core/word_arrays[10].word_array_inst/axi_rdata_reg_reg[23]_i_1385/CO[3]
                         net (fo=24, routed)          0.861     5.930    ReRamSpm_i/reram_axilite_wrapper_0/inst/u_core/word_arrays[10].word_array_inst/cell_instances[1].cell_inst/CO[0]
    SLICE_X84Y44         LUT3 (Prop_lut3_I1_O)        0.124     6.054 f  ReRamSpm_i/reram_axilite_wrapper_0/inst/u_core/word_arrays[10].word_array_inst/cell_instances[1].cell_inst/axi_rdata_reg[23]_i_1543/O
                         net (fo=1, routed)           0.622     6.676    ReRamSpm_i/reram_axilite_wrapper_0/inst/u_core/word_arrays[10].word_array_inst/cell_instances[1].cell_inst/axi_rdata_reg[23]_i_1543_n_0
    SLICE_X84Y44         LUT6 (Prop_lut6_I1_O)        0.124     6.800 r  ReRamSpm_i/reram_axilite_wrapper_0/inst/u_core/word_arrays[10].word_array_inst/cell_instances[1].cell_inst/axi_rdata_reg[23]_i_1471/O
                         net (fo=1, routed)           0.634     7.434    ReRamSpm_i/reram_axilite_wrapper_0/inst/u_core/word_arrays[10].word_array_inst/cell_instances[1].cell_inst_n_13
    SLICE_X87Y44         CARRY4 (Prop_carry4_DI[2]_CO[3])
                                                      0.398     7.832 r  ReRamSpm_i/reram_axilite_wrapper_0/inst/u_core/word_arrays[10].word_array_inst/axi_rdata_reg_reg[23]_i_1384/CO[3]
                         net (fo=8, routed)           1.070     8.902    ReRamSpm_i/reram_axilite_wrapper_0/inst/u_core/word_arrays[10].word_array_inst/cell_instances[1].cell_inst/write_counter_reg[7]_3[0]
    SLICE_X85Y44         LUT5 (Prop_lut5_I1_O)        0.124     9.026 r  ReRamSpm_i/reram_axilite_wrapper_0/inst/u_core/word_arrays[10].word_array_inst/cell_instances[1].cell_inst/axi_rdata_reg[23]_i_1279/O
                         net (fo=5, routed)           0.734     9.760    ReRamSpm_i/reram_axilite_wrapper_0/inst/u_core/word_arrays[10].word_array_inst/cell_instances[1].cell_inst/axi_rdata_reg_reg[23]
    SLICE_X86Y46         LUT4 (Prop_lut4_I0_O)        0.124     9.884 r  ReRamSpm_i/reram_axilite_wrapper_0/inst/u_core/word_arrays[10].word_array_inst/cell_instances[1].cell_inst/axi_rdata_reg[23]_i_1380/O
                         net (fo=1, routed)           0.000     9.884    ReRamSpm_i/reram_axilite_wrapper_0/inst/u_core/word_arrays[10].word_array_inst/cell_instances[1].cell_inst_n_20
    SLICE_X86Y46         CARRY4 (Prop_carry4_S[3]_CO[3])
                                                      0.376    10.260 r  ReRamSpm_i/reram_axilite_wrapper_0/inst/u_core/word_arrays[10].word_array_inst/axi_rdata_reg_reg[23]_i_1278/CO[3]
                         net (fo=24, routed)          1.013    11.272    ReRamSpm_i/reram_axilite_wrapper_0/inst/u_core/word_arrays[10].word_array_inst/cell_instances[3].cell_inst/CO[0]
    SLICE_X86Y49         LUT3 (Prop_lut3_I1_O)        0.124    11.396 f  ReRamSpm_i/reram_axilite_wrapper_0/inst/u_core/word_arrays[10].word_array_inst/cell_instances[3].cell_inst/axi_rdata_reg[23]_i_1462/O
                         net (fo=1, routed)           0.416    11.813    ReRamSpm_i/reram_axilite_wrapper_0/inst/u_core/word_arrays[10].word_array_inst/cell_instances[3].cell_inst/axi_rdata_reg[23]_i_1462_n_0
    SLICE_X86Y48         LUT6 (Prop_lut6_I1_O)        0.124    11.937 r  ReRamSpm_i/reram_axilite_wrapper_0/inst/u_core/word_arrays[10].word_array_inst/cell_instances[3].cell_inst/axi_rdata_reg[23]_i_1368/O
                         net (fo=1, routed)           0.379    12.316    ReRamSpm_i/reram_axilite_wrapper_0/inst/u_core/word_arrays[10].word_array_inst/cell_instances[3].cell_inst_n_12
    SLICE_X86Y47         CARRY4 (Prop_carry4_DI[3]_CO[3])
                                                      0.396    12.712 r  ReRamSpm_i/reram_axilite_wrapper_0/inst/u_core/word_arrays[10].word_array_inst/axi_rdata_reg_reg[23]_i_1277/CO[3]
                         net (fo=8, routed)           0.932    13.644    ReRamSpm_i/reram_axilite_wrapper_0/inst/u_core/word_arrays[10].word_array_inst/cell_instances[3].cell_inst/write_counter_reg[7]_2[0]
    SLICE_X88Y47         LUT5 (Prop_lut5_I1_O)        0.124    13.768 r  ReRamSpm_i/reram_axilite_wrapper_0/inst/u_core/word_arrays[10].word_array_inst/cell_instances[3].cell_inst/axi_rdata_reg[17]_i_107/O
                         net (fo=5, routed)           0.839    14.608    ReRamSpm_i/reram_axilite_wrapper_0/inst/u_core/word_arrays[10].word_array_inst/cell_instances[3].cell_inst/axi_rdata_reg_reg[17]_1
    SLICE_X89Y49         LUT4 (Prop_lut4_I0_O)        0.124    14.732 r  ReRamSpm_i/reram_axilite_wrapper_0/inst/u_core/word_arrays[10].word_array_inst/cell_instances[3].cell_inst/axi_rdata_reg[23]_i_1276/O
                         net (fo=1, routed)           0.000    14.732    ReRamSpm_i/reram_axilite_wrapper_0/inst/u_core/word_arrays[10].word_array_inst/cell_instances[3].cell_inst_n_23
    SLICE_X89Y49         CARRY4 (Prop_carry4_S[0]_CO[3])
                                                      0.532    15.264 r  ReRamSpm_i/reram_axilite_wrapper_0/inst/u_core/word_arrays[10].word_array_inst/axi_rdata_reg_reg[23]_i_1170/CO[3]
                         net (fo=24, routed)          1.003    16.267    ReRamSpm_i/reram_axilite_wrapper_0/inst/u_core/word_arrays[10].word_array_inst/cell_instances[5].cell_inst/CO[0]
    SLICE_X87Y49         LUT3 (Prop_lut3_I1_O)        0.124    16.391 f  ReRamSpm_i/reram_axilite_wrapper_0/inst/u_core/word_arrays[10].word_array_inst/cell_instances[5].cell_inst/axi_rdata_reg[23]_i_1362/O
                         net (fo=1, routed)           0.154    16.545    ReRamSpm_i/reram_axilite_wrapper_0/inst/u_core/word_arrays[10].word_array_inst/cell_instances[5].cell_inst/axi_rdata_reg[23]_i_1362_n_0
    SLICE_X87Y49         LUT6 (Prop_lut6_I1_O)        0.124    16.669 r  ReRamSpm_i/reram_axilite_wrapper_0/inst/u_core/word_arrays[10].word_array_inst/cell_instances[5].cell_inst/axi_rdata_reg[23]_i_1263/O
                         net (fo=1, routed)           0.772    17.441    ReRamSpm_i/reram_axilite_wrapper_0/inst/u_core/word_arrays[10].word_array_inst/cell_instances[5].cell_inst_n_14
    SLICE_X89Y50         CARRY4 (Prop_carry4_DI[1]_CO[3])
                                                      0.507    17.948 r  ReRamSpm_i/reram_axilite_wrapper_0/inst/u_core/word_arrays[10].word_array_inst/axi_rdata_reg_reg[23]_i_1169/CO[3]
                         net (fo=8, routed)           0.974    18.922    ReRamSpm_i/reram_axilite_wrapper_0/inst/u_core/word_arrays[10].word_array_inst/cell_instances[5].cell_inst/write_counter_reg[7]_2[0]
    SLICE_X87Y50         LUT5 (Prop_lut5_I1_O)        0.124    19.046 r  ReRamSpm_i/reram_axilite_wrapper_0/inst/u_core/word_arrays[10].word_array_inst/cell_instances[5].cell_inst/axi_rdata_reg[19]_i_103/O
                         net (fo=5, routed)           0.644    19.690    ReRamSpm_i/reram_axilite_wrapper_0/inst/u_core/word_arrays[10].word_array_inst/cell_instances[5].cell_inst/axi_rdata_reg_reg[19]
    SLICE_X87Y51         LUT4 (Prop_lut4_I0_O)        0.124    19.814 r  ReRamSpm_i/reram_axilite_wrapper_0/inst/u_core/word_arrays[10].word_array_inst/cell_instances[5].cell_inst/axi_rdata_reg[23]_i_1167/O
                         net (fo=1, routed)           0.000    19.814    ReRamSpm_i/reram_axilite_wrapper_0/inst/u_core/word_arrays[10].word_array_inst/cell_instances[5].cell_inst_n_22
    SLICE_X87Y51         CARRY4 (Prop_carry4_S[1]_CO[3])
                                                      0.550    20.364 r  ReRamSpm_i/reram_axilite_wrapper_0/inst/u_core/word_arrays[10].word_array_inst/axi_rdata_reg_reg[23]_i_1062/CO[3]
                         net (fo=24, routed)          0.767    21.131    ReRamSpm_i/reram_axilite_wrapper_0/inst/u_core/word_arrays[10].word_array_inst/cell_instances[7].cell_inst/CO[0]
    SLICE_X86Y51         LUT3 (Prop_lut3_I1_O)        0.124    21.255 f  ReRamSpm_i/reram_axilite_wrapper_0/inst/u_core/word_arrays[10].word_array_inst/cell_instances[7].cell_inst/axi_rdata_reg[23]_i_1255/O
                         net (fo=1, routed)           0.286    21.541    ReRamSpm_i/reram_axilite_wrapper_0/inst/u_core/word_arrays[10].word_array_inst/cell_instances[7].cell_inst/axi_rdata_reg[23]_i_1255_n_0
    SLICE_X86Y51         LUT6 (Prop_lut6_I1_O)        0.124    21.665 r  ReRamSpm_i/reram_axilite_wrapper_0/inst/u_core/word_arrays[10].word_array_inst/cell_instances[7].cell_inst/axi_rdata_reg[23]_i_1155/O
                         net (fo=1, routed)           0.807    22.473    ReRamSpm_i/reram_axilite_wrapper_0/inst/u_core/word_arrays[10].word_array_inst/cell_instances[7].cell_inst_n_14
    SLICE_X87Y53         CARRY4 (Prop_carry4_DI[1]_CO[3])
                                                      0.507    22.980 r  ReRamSpm_i/reram_axilite_wrapper_0/inst/u_core/word_arrays[10].word_array_inst/axi_rdata_reg_reg[23]_i_1061/CO[3]
                         net (fo=8, routed)           0.993    23.973    ReRamSpm_i/reram_axilite_wrapper_0/inst/u_core/word_arrays[10].word_array_inst/cell_instances[7].cell_inst/write_counter_reg[7]_2[0]
    SLICE_X87Y54         LUT5 (Prop_lut5_I1_O)        0.124    24.097 r  ReRamSpm_i/reram_axilite_wrapper_0/inst/u_core/word_arrays[10].word_array_inst/cell_instances[7].cell_inst/axi_rdata_reg[16]_i_99/O
                         net (fo=5, routed)           0.767    24.864    ReRamSpm_i/reram_axilite_wrapper_0/inst/u_core/word_arrays[10].word_array_inst/cell_instances[7].cell_inst/axi_rdata_reg_reg[16]
    SLICE_X88Y52         LUT4 (Prop_lut4_I2_O)        0.124    24.988 r  ReRamSpm_i/reram_axilite_wrapper_0/inst/u_core/word_arrays[10].word_array_inst/cell_instances[7].cell_inst/axi_rdata_reg[23]_i_1060/O
                         net (fo=1, routed)           0.000    24.988    ReRamSpm_i/reram_axilite_wrapper_0/inst/u_core/word_arrays[10].word_array_inst/cell_instances[7].cell_inst_n_23
    SLICE_X88Y52         CARRY4 (Prop_carry4_S[0]_CO[3])
                                                      0.532    25.520 r  ReRamSpm_i/reram_axilite_wrapper_0/inst/u_core/word_arrays[10].word_array_inst/axi_rdata_reg_reg[23]_i_962/CO[3]
                         net (fo=24, routed)          1.017    26.536    ReRamSpm_i/reram_axilite_wrapper_0/inst/u_core/word_arrays[10].word_array_inst/cell_instances[9].cell_inst/CO[0]
    SLICE_X88Y54         LUT3 (Prop_lut3_I1_O)        0.124    26.660 f  ReRamSpm_i/reram_axilite_wrapper_0/inst/u_core/word_arrays[10].word_array_inst/cell_instances[9].cell_inst/axi_rdata_reg[23]_i_1145/O
                         net (fo=1, routed)           0.303    26.963    ReRamSpm_i/reram_axilite_wrapper_0/inst/u_core/word_arrays[10].word_array_inst/cell_instances[9].cell_inst/axi_rdata_reg[23]_i_1145_n_0
    SLICE_X88Y53         LUT6 (Prop_lut6_I1_O)        0.124    27.087 r  ReRamSpm_i/reram_axilite_wrapper_0/inst/u_core/word_arrays[10].word_array_inst/cell_instances[9].cell_inst/axi_rdata_reg[23]_i_1045/O
                         net (fo=1, routed)           0.520    27.608    ReRamSpm_i/reram_axilite_wrapper_0/inst/u_core/word_arrays[10].word_array_inst/cell_instances[9].cell_inst_n_12
    SLICE_X89Y53         CARRY4 (Prop_carry4_DI[3]_CO[3])
                                                      0.385    27.993 r  ReRamSpm_i/reram_axilite_wrapper_0/inst/u_core/word_arrays[10].word_array_inst/axi_rdata_reg_reg[23]_i_961/CO[3]
                         net (fo=8, routed)           1.007    29.000    ReRamSpm_i/reram_axilite_wrapper_0/inst/u_core/word_arrays[10].word_array_inst/cell_instances[9].cell_inst/write_counter_reg[7]_2[0]
    SLICE_X90Y52         LUT5 (Prop_lut5_I1_O)        0.124    29.124 r  ReRamSpm_i/reram_axilite_wrapper_0/inst/u_core/word_arrays[10].word_array_inst/cell_instances[9].cell_inst/axi_rdata_reg[17]_i_95/O
                         net (fo=5, routed)           0.707    29.831    ReRamSpm_i/reram_axilite_wrapper_0/inst/u_core/word_arrays[10].word_array_inst/cell_instances[9].cell_inst/axi_rdata_reg_reg[17]_1
    SLICE_X92Y51         LUT4 (Prop_lut4_I0_O)        0.124    29.955 r  ReRamSpm_i/reram_axilite_wrapper_0/inst/u_core/word_arrays[10].word_array_inst/cell_instances[9].cell_inst/axi_rdata_reg[23]_i_960/O
                         net (fo=1, routed)           0.000    29.955    ReRamSpm_i/reram_axilite_wrapper_0/inst/u_core/word_arrays[10].word_array_inst/cell_instances[9].cell_inst_n_23
    SLICE_X92Y51         CARRY4 (Prop_carry4_S[0]_CO[3])
                                                      0.513    30.468 r  ReRamSpm_i/reram_axilite_wrapper_0/inst/u_core/word_arrays[10].word_array_inst/axi_rdata_reg_reg[23]_i_870/CO[3]
                         net (fo=24, routed)          1.168    31.636    ReRamSpm_i/reram_axilite_wrapper_0/inst/u_core/word_arrays[10].word_array_inst/cell_instances[11].cell_inst/CO[0]
    SLICE_X92Y48         LUT3 (Prop_lut3_I1_O)        0.124    31.760 f  ReRamSpm_i/reram_axilite_wrapper_0/inst/u_core/word_arrays[10].word_array_inst/cell_instances[11].cell_inst/axi_rdata_reg[23]_i_1037/O
                         net (fo=1, routed)           0.315    32.076    ReRamSpm_i/reram_axilite_wrapper_0/inst/u_core/word_arrays[10].word_array_inst/cell_instances[11].cell_inst/axi_rdata_reg[23]_i_1037_n_0
    SLICE_X92Y50         LUT6 (Prop_lut6_I1_O)        0.124    32.200 r  ReRamSpm_i/reram_axilite_wrapper_0/inst/u_core/word_arrays[10].word_array_inst/cell_instances[11].cell_inst/axi_rdata_reg[23]_i_945/O
                         net (fo=1, routed)           0.339    32.539    ReRamSpm_i/reram_axilite_wrapper_0/inst/u_core/word_arrays[10].word_array_inst/cell_instances[11].cell_inst_n_12
    SLICE_X91Y50         CARRY4 (Prop_carry4_DI[3]_CO[3])
                                                      0.385    32.924 r  ReRamSpm_i/reram_axilite_wrapper_0/inst/u_core/word_arrays[10].word_array_inst/axi_rdata_reg_reg[23]_i_869/CO[3]
                         net (fo=8, routed)           0.929    33.853    ReRamSpm_i/reram_axilite_wrapper_0/inst/u_core/word_arrays[10].word_array_inst/cell_instances[11].cell_inst/write_counter_reg[7]_2[0]
    SLICE_X91Y51         LUT5 (Prop_lut5_I1_O)        0.124    33.977 r  ReRamSpm_i/reram_axilite_wrapper_0/inst/u_core/word_arrays[10].word_array_inst/cell_instances[11].cell_inst/axi_rdata_reg[19]_i_91/O
                         net (fo=5, routed)           0.769    34.746    ReRamSpm_i/reram_axilite_wrapper_0/inst/u_core/word_arrays[10].word_array_inst/cell_instances[11].cell_inst/axi_rdata_reg_reg[19]
    SLICE_X90Y53         LUT4 (Prop_lut4_I0_O)        0.124    34.870 r  ReRamSpm_i/reram_axilite_wrapper_0/inst/u_core/word_arrays[10].word_array_inst/cell_instances[11].cell_inst/axi_rdata_reg[23]_i_867/O
                         net (fo=1, routed)           0.000    34.870    ReRamSpm_i/reram_axilite_wrapper_0/inst/u_core/word_arrays[10].word_array_inst/cell_instances[11].cell_inst_n_22
    SLICE_X90Y53         CARRY4 (Prop_carry4_S[1]_CO[3])
                                                      0.533    35.403 r  ReRamSpm_i/reram_axilite_wrapper_0/inst/u_core/word_arrays[10].word_array_inst/axi_rdata_reg_reg[23]_i_778/CO[3]
                         net (fo=20, routed)          1.044    36.446    ReRamSpm_i/reram_axilite_wrapper_0/inst/u_core/word_arrays[10].word_array_inst/cell_instances[13].cell_inst/CO[0]
    SLICE_X91Y53         LUT3 (Prop_lut3_I1_O)        0.124    36.570 f  ReRamSpm_i/reram_axilite_wrapper_0/inst/u_core/word_arrays[10].word_array_inst/cell_instances[13].cell_inst/axi_rdata_reg[23]_i_944/O
                         net (fo=2, routed)           0.419    36.989    ReRamSpm_i/reram_axilite_wrapper_0/inst/u_core/word_arrays[10].word_array_inst/cell_instances[13].cell_inst/axi_rdata_reg[23]_i_944_n_0
    SLICE_X91Y53         LUT6 (Prop_lut6_I5_O)        0.124    37.113 r  ReRamSpm_i/reram_axilite_wrapper_0/inst/u_core/word_arrays[10].word_array_inst/cell_instances[13].cell_inst/axi_rdata_reg[23]_i_856/O
                         net (fo=1, routed)           0.471    37.584    ReRamSpm_i/reram_axilite_wrapper_0/inst/u_core/word_arrays[10].word_array_inst/cell_instances[13].cell_inst_n_15
    SLICE_X91Y54         CARRY4 (Prop_carry4_DI[0]_CO[3])
                                                      0.526    38.110 r  ReRamSpm_i/reram_axilite_wrapper_0/inst/u_core/word_arrays[10].word_array_inst/axi_rdata_reg_reg[23]_i_777/CO[3]
                         net (fo=8, routed)           0.981    39.091    ReRamSpm_i/reram_axilite_wrapper_0/inst/u_core/word_arrays[10].word_array_inst/cell_instances[13].cell_inst/write_counter_reg[7]_3[0]
    SLICE_X90Y55         LUT5 (Prop_lut5_I1_O)        0.124    39.215 r  ReRamSpm_i/reram_axilite_wrapper_0/inst/u_core/word_arrays[10].word_array_inst/cell_instances[13].cell_inst/axi_rdata_reg[19]_i_87/O
                         net (fo=5, routed)           0.833    40.048    ReRamSpm_i/reram_axilite_wrapper_0/inst/u_core/word_arrays[10].word_array_inst/cell_instances[13].cell_inst/axi_rdata_reg_reg[19]
    SLICE_X89Y56         LUT4 (Prop_lut4_I0_O)        0.124    40.172 r  ReRamSpm_i/reram_axilite_wrapper_0/inst/u_core/word_arrays[10].word_array_inst/cell_instances[13].cell_inst/axi_rdata_reg[23]_i_775/O
                         net (fo=1, routed)           0.000    40.172    ReRamSpm_i/reram_axilite_wrapper_0/inst/u_core/word_arrays[10].word_array_inst/cell_instances[13].cell_inst_n_22
    SLICE_X89Y56         CARRY4 (Prop_carry4_S[1]_CO[3])
                                                      0.550    40.722 r  ReRamSpm_i/reram_axilite_wrapper_0/inst/u_core/word_arrays[10].word_array_inst/axi_rdata_reg_reg[23]_i_686/CO[3]
                         net (fo=20, routed)          0.743    41.465    ReRamSpm_i/reram_axilite_wrapper_0/inst/u_core/word_arrays[10].word_array_inst/cell_instances[15].cell_inst/CO[0]
    SLICE_X88Y57         LUT3 (Prop_lut3_I1_O)        0.124    41.589 f  ReRamSpm_i/reram_axilite_wrapper_0/inst/u_core/word_arrays[10].word_array_inst/cell_instances[15].cell_inst/axi_rdata_reg[23]_i_852/O
                         net (fo=2, routed)           0.563    42.152    ReRamSpm_i/reram_axilite_wrapper_0/inst/u_core/word_arrays[10].word_array_inst/cell_instances[15].cell_inst/axi_rdata_reg[23]_i_852_n_0
    SLICE_X89Y55         LUT6 (Prop_lut6_I5_O)        0.124    42.276 r  ReRamSpm_i/reram_axilite_wrapper_0/inst/u_core/word_arrays[10].word_array_inst/cell_instances[15].cell_inst/axi_rdata_reg[23]_i_764/O
                         net (fo=1, routed)           0.574    42.851    ReRamSpm_i/reram_axilite_wrapper_0/inst/u_core/word_arrays[10].word_array_inst/cell_instances[15].cell_inst_n_15
    SLICE_X88Y55         CARRY4 (Prop_carry4_DI[0]_CO[3])
                                                      0.526    43.377 r  ReRamSpm_i/reram_axilite_wrapper_0/inst/u_core/word_arrays[10].word_array_inst/axi_rdata_reg_reg[23]_i_685/CO[3]
                         net (fo=8, routed)           0.945    44.321    ReRamSpm_i/reram_axilite_wrapper_0/inst/u_core/word_arrays[10].word_array_inst/cell_instances[15].cell_inst/write_counter_reg[7]_3[0]
    SLICE_X88Y56         LUT5 (Prop_lut5_I1_O)        0.124    44.445 r  ReRamSpm_i/reram_axilite_wrapper_0/inst/u_core/word_arrays[10].word_array_inst/cell_instances[15].cell_inst/axi_rdata_reg[21]_i_83/O
                         net (fo=5, routed)           0.871    45.316    ReRamSpm_i/reram_axilite_wrapper_0/inst/u_core/word_arrays[10].word_array_inst/cell_instances[15].cell_inst/axi_rdata_reg_reg[21]
    SLICE_X87Y59         LUT4 (Prop_lut4_I0_O)        0.124    45.440 r  ReRamSpm_i/reram_axilite_wrapper_0/inst/u_core/word_arrays[10].word_array_inst/cell_instances[15].cell_inst/axi_rdata_reg[23]_i_682/O
                         net (fo=1, routed)           0.000    45.440    ReRamSpm_i/reram_axilite_wrapper_0/inst/u_core/word_arrays[10].word_array_inst/cell_instances[15].cell_inst_n_21
    SLICE_X87Y59         CARRY4 (Prop_carry4_S[2]_CO[3])
                                                      0.398    45.838 r  ReRamSpm_i/reram_axilite_wrapper_0/inst/u_core/word_arrays[10].word_array_inst/axi_rdata_reg_reg[23]_i_594/CO[3]
                         net (fo=20, routed)          0.817    46.655    ReRamSpm_i/reram_axilite_wrapper_0/inst/u_core/word_arrays[10].word_array_inst/cell_instances[17].cell_inst/CO[0]
    SLICE_X86Y60         LUT3 (Prop_lut3_I1_O)        0.124    46.779 f  ReRamSpm_i/reram_axilite_wrapper_0/inst/u_core/word_arrays[10].word_array_inst/cell_instances[17].cell_inst/axi_rdata_reg[23]_i_759/O
                         net (fo=2, routed)           0.407    47.186    ReRamSpm_i/reram_axilite_wrapper_0/inst/u_core/word_arrays[10].word_array_inst/cell_instances[17].cell_inst/axi_rdata_reg[23]_i_759_n_0
    SLICE_X89Y60         LUT6 (Prop_lut6_I5_O)        0.124    47.310 r  ReRamSpm_i/reram_axilite_wrapper_0/inst/u_core/word_arrays[10].word_array_inst/cell_instances[17].cell_inst/axi_rdata_reg[23]_i_671/O
                         net (fo=1, routed)           0.706    48.016    ReRamSpm_i/reram_axilite_wrapper_0/inst/u_core/word_arrays[10].word_array_inst/cell_instances[17].cell_inst_n_14
    SLICE_X90Y60         CARRY4 (Prop_carry4_DI[1]_CO[3])
                                                      0.520    48.536 r  ReRamSpm_i/reram_axilite_wrapper_0/inst/u_core/word_arrays[10].word_array_inst/axi_rdata_reg_reg[23]_i_593/CO[3]
                         net (fo=8, routed)           0.864    49.400    ReRamSpm_i/reram_axilite_wrapper_0/inst/u_core/word_arrays[10].word_array_inst/cell_instances[17].cell_inst/write_counter_reg[7]_3[0]
    SLICE_X89Y60         LUT5 (Prop_lut5_I1_O)        0.124    49.524 r  ReRamSpm_i/reram_axilite_wrapper_0/inst/u_core/word_arrays[10].word_array_inst/cell_instances[17].cell_inst/axi_rdata_reg[21]_i_79/O
                         net (fo=5, routed)           0.935    50.459    ReRamSpm_i/reram_axilite_wrapper_0/inst/u_core/word_arrays[10].word_array_inst/cell_instances[17].cell_inst/axi_rdata_reg_reg[21]
    SLICE_X88Y63         LUT4 (Prop_lut4_I0_O)        0.124    50.583 r  ReRamSpm_i/reram_axilite_wrapper_0/inst/u_core/word_arrays[10].word_array_inst/cell_instances[17].cell_inst/axi_rdata_reg[23]_i_590/O
                         net (fo=1, routed)           0.000    50.583    ReRamSpm_i/reram_axilite_wrapper_0/inst/u_core/word_arrays[10].word_array_inst/cell_instances[17].cell_inst_n_21
    SLICE_X88Y63         CARRY4 (Prop_carry4_S[2]_CO[3])
                                                      0.398    50.981 r  ReRamSpm_i/reram_axilite_wrapper_0/inst/u_core/word_arrays[10].word_array_inst/axi_rdata_reg_reg[23]_i_502/CO[3]
                         net (fo=20, routed)          0.873    51.854    ReRamSpm_i/reram_axilite_wrapper_0/inst/u_core/word_arrays[10].word_array_inst/cell_instances[19].cell_inst/CO[0]
    SLICE_X88Y64         LUT3 (Prop_lut3_I1_O)        0.124    51.978 f  ReRamSpm_i/reram_axilite_wrapper_0/inst/u_core/word_arrays[10].word_array_inst/cell_instances[19].cell_inst/axi_rdata_reg[23]_i_668/O
                         net (fo=2, routed)           0.502    52.480    ReRamSpm_i/reram_axilite_wrapper_0/inst/u_core/word_arrays[10].word_array_inst/cell_instances[19].cell_inst/axi_rdata_reg[23]_i_668_n_0
    SLICE_X88Y64         LUT6 (Prop_lut6_I5_O)        0.124    52.604 r  ReRamSpm_i/reram_axilite_wrapper_0/inst/u_core/word_arrays[10].word_array_inst/cell_instances[19].cell_inst/axi_rdata_reg[23]_i_580/O
                         net (fo=1, routed)           0.330    52.934    ReRamSpm_i/reram_axilite_wrapper_0/inst/u_core/word_arrays[10].word_array_inst/cell_instances[19].cell_inst_n_15
    SLICE_X89Y63         CARRY4 (Prop_carry4_DI[0]_CO[3])
                                                      0.526    53.460 r  ReRamSpm_i/reram_axilite_wrapper_0/inst/u_core/word_arrays[10].word_array_inst/axi_rdata_reg_reg[23]_i_501/CO[3]
                         net (fo=8, routed)           0.785    54.245    ReRamSpm_i/reram_axilite_wrapper_0/inst/u_core/word_arrays[10].word_array_inst/cell_instances[19].cell_inst/write_counter_reg[7]_3[0]
    SLICE_X90Y63         LUT5 (Prop_lut5_I1_O)        0.124    54.369 r  ReRamSpm_i/reram_axilite_wrapper_0/inst/u_core/word_arrays[10].word_array_inst/cell_instances[19].cell_inst/axi_rdata_reg[19]_i_75/O
                         net (fo=5, routed)           0.769    55.138    ReRamSpm_i/reram_axilite_wrapper_0/inst/u_core/word_arrays[10].word_array_inst/cell_instances[19].cell_inst/axi_rdata_reg_reg[19]
    SLICE_X89Y64         LUT4 (Prop_lut4_I0_O)        0.124    55.262 r  ReRamSpm_i/reram_axilite_wrapper_0/inst/u_core/word_arrays[10].word_array_inst/cell_instances[19].cell_inst/axi_rdata_reg[23]_i_499/O
                         net (fo=1, routed)           0.000    55.262    ReRamSpm_i/reram_axilite_wrapper_0/inst/u_core/word_arrays[10].word_array_inst/cell_instances[19].cell_inst_n_22
    SLICE_X89Y64         CARRY4 (Prop_carry4_S[1]_CO[3])
                                                      0.550    55.812 r  ReRamSpm_i/reram_axilite_wrapper_0/inst/u_core/word_arrays[10].word_array_inst/axi_rdata_reg_reg[23]_i_410/CO[3]
                         net (fo=20, routed)          0.988    56.800    ReRamSpm_i/reram_axilite_wrapper_0/inst/u_core/word_arrays[10].word_array_inst/cell_instances[21].cell_inst/CO[0]
    SLICE_X88Y66         LUT3 (Prop_lut3_I1_O)        0.124    56.924 f  ReRamSpm_i/reram_axilite_wrapper_0/inst/u_core/word_arrays[10].word_array_inst/cell_instances[21].cell_inst/axi_rdata_reg[23]_i_575/O
                         net (fo=2, routed)           0.634    57.558    ReRamSpm_i/reram_axilite_wrapper_0/inst/u_core/word_arrays[10].word_array_inst/cell_instances[21].cell_inst/axi_rdata_reg[23]_i_575_n_0
    SLICE_X88Y66         LUT6 (Prop_lut6_I5_O)        0.124    57.682 r  ReRamSpm_i/reram_axilite_wrapper_0/inst/u_core/word_arrays[10].word_array_inst/cell_instances[21].cell_inst/axi_rdata_reg[23]_i_487/O
                         net (fo=1, routed)           0.331    58.013    ReRamSpm_i/reram_axilite_wrapper_0/inst/u_core/word_arrays[10].word_array_inst/cell_instances[21].cell_inst_n_14
    SLICE_X88Y65         CARRY4 (Prop_carry4_DI[1]_CO[3])
                                                      0.507    58.520 r  ReRamSpm_i/reram_axilite_wrapper_0/inst/u_core/word_arrays[10].word_array_inst/axi_rdata_reg_reg[23]_i_409/CO[3]
                         net (fo=8, routed)           0.992    59.512    ReRamSpm_i/reram_axilite_wrapper_0/inst/u_core/word_arrays[10].word_array_inst/cell_instances[21].cell_inst/write_counter_reg[7]_3[0]
    SLICE_X89Y65         LUT5 (Prop_lut5_I1_O)        0.124    59.636 r  ReRamSpm_i/reram_axilite_wrapper_0/inst/u_core/word_arrays[10].word_array_inst/cell_instances[21].cell_inst/axi_rdata_reg[23]_i_319/O
                         net (fo=5, routed)           0.942    60.578    ReRamSpm_i/reram_axilite_wrapper_0/inst/u_core/word_arrays[10].word_array_inst/cell_instances[21].cell_inst/axi_rdata_reg_reg[23]
    SLICE_X90Y66         LUT4 (Prop_lut4_I0_O)        0.124    60.702 r  ReRamSpm_i/reram_axilite_wrapper_0/inst/u_core/word_arrays[10].word_array_inst/cell_instances[21].cell_inst/axi_rdata_reg[23]_i_405/O
                         net (fo=1, routed)           0.000    60.702    ReRamSpm_i/reram_axilite_wrapper_0/inst/u_core/word_arrays[10].word_array_inst/cell_instances[21].cell_inst_n_20
    SLICE_X90Y66         CARRY4 (Prop_carry4_S[3]_CO[3])
                                                      0.376    61.078 r  ReRamSpm_i/reram_axilite_wrapper_0/inst/u_core/word_arrays[10].word_array_inst/axi_rdata_reg_reg[23]_i_318/CO[3]
                         net (fo=20, routed)          0.758    61.837    ReRamSpm_i/reram_axilite_wrapper_0/inst/u_core/word_arrays[10].word_array_inst/cell_instances[23].cell_inst/CO[0]
    SLICE_X90Y67         LUT3 (Prop_lut3_I1_O)        0.124    61.961 f  ReRamSpm_i/reram_axilite_wrapper_0/inst/u_core/word_arrays[10].word_array_inst/cell_instances[23].cell_inst/axi_rdata_reg[23]_i_484/O
                         net (fo=2, routed)           0.504    62.465    ReRamSpm_i/reram_axilite_wrapper_0/inst/u_core/word_arrays[10].word_array_inst/cell_instances[23].cell_inst/axi_rdata_reg[23]_i_484_n_0
    SLICE_X90Y67         LUT6 (Prop_lut6_I5_O)        0.124    62.589 r  ReRamSpm_i/reram_axilite_wrapper_0/inst/u_core/word_arrays[10].word_array_inst/cell_instances[23].cell_inst/axi_rdata_reg[23]_i_396/O
                         net (fo=1, routed)           0.568    63.157    ReRamSpm_i/reram_axilite_wrapper_0/inst/u_core/word_arrays[10].word_array_inst/cell_instances[23].cell_inst_n_15
    SLICE_X91Y67         CARRY4 (Prop_carry4_DI[0]_CO[3])
                                                      0.526    63.683 r  ReRamSpm_i/reram_axilite_wrapper_0/inst/u_core/word_arrays[10].word_array_inst/axi_rdata_reg_reg[23]_i_317/CO[3]
                         net (fo=8, routed)           0.866    64.549    ReRamSpm_i/reram_axilite_wrapper_0/inst/u_core/word_arrays[10].word_array_inst/cell_instances[23].cell_inst/write_counter_reg[7]_3[0]
    SLICE_X91Y68         LUT5 (Prop_lut5_I1_O)        0.124    64.673 r  ReRamSpm_i/reram_axilite_wrapper_0/inst/u_core/word_arrays[10].word_array_inst/cell_instances[23].cell_inst/axi_rdata_reg[18]_i_67/O
                         net (fo=4, routed)           0.686    65.359    ReRamSpm_i/reram_axilite_wrapper_0/inst/u_core/word_arrays[10].word_array_inst/cell_instances[23].cell_inst/axi_rdata_reg_reg[18]
    SLICE_X90Y69         LUT4 (Prop_lut4_I2_O)        0.124    65.483 r  ReRamSpm_i/reram_axilite_wrapper_0/inst/u_core/word_arrays[10].word_array_inst/cell_instances[23].cell_inst/axi_rdata_reg[23]_i_315/O
                         net (fo=1, routed)           0.000    65.483    ReRamSpm_i/reram_axilite_wrapper_0/inst/u_core/word_arrays[10].word_array_inst/cell_instances[23].cell_inst_n_22
    SLICE_X90Y69         CARRY4 (Prop_carry4_S[1]_CO[3])
                                                      0.533    66.016 r  ReRamSpm_i/reram_axilite_wrapper_0/inst/u_core/word_arrays[10].word_array_inst/axi_rdata_reg_reg[23]_i_226/CO[3]
                         net (fo=20, routed)          0.758    66.774    ReRamSpm_i/reram_axilite_wrapper_0/inst/u_core/word_arrays[10].word_array_inst/cell_instances[25].cell_inst/CO[0]
    SLICE_X90Y68         LUT3 (Prop_lut3_I1_O)        0.124    66.898 f  ReRamSpm_i/reram_axilite_wrapper_0/inst/u_core/word_arrays[10].word_array_inst/cell_instances[25].cell_inst/axi_rdata_reg[23]_i_392/O
                         net (fo=2, routed)           0.466    67.365    ReRamSpm_i/reram_axilite_wrapper_0/inst/u_core/word_arrays[10].word_array_inst/cell_instances[25].cell_inst/axi_rdata_reg[23]_i_392_n_0
    SLICE_X91Y69         LUT6 (Prop_lut6_I5_O)        0.124    67.489 r  ReRamSpm_i/reram_axilite_wrapper_0/inst/u_core/word_arrays[10].word_array_inst/cell_instances[25].cell_inst/axi_rdata_reg[23]_i_304/O
                         net (fo=1, routed)           0.330    67.819    ReRamSpm_i/reram_axilite_wrapper_0/inst/u_core/word_arrays[10].word_array_inst/cell_instances[25].cell_inst_n_15
    SLICE_X91Y70         CARRY4 (Prop_carry4_DI[0]_CO[3])
                                                      0.526    68.345 r  ReRamSpm_i/reram_axilite_wrapper_0/inst/u_core/word_arrays[10].word_array_inst/axi_rdata_reg_reg[23]_i_225/CO[3]
                         net (fo=8, routed)           1.171    69.516    ReRamSpm_i/reram_axilite_wrapper_0/inst/u_core/word_arrays[10].word_array_inst/cell_instances[25].cell_inst/write_counter_reg[7]_3[0]
    SLICE_X90Y70         LUT5 (Prop_lut5_I1_O)        0.124    69.640 r  ReRamSpm_i/reram_axilite_wrapper_0/inst/u_core/word_arrays[10].word_array_inst/cell_instances[25].cell_inst/axi_rdata_reg[23]_i_143/O
                         net (fo=5, routed)           0.769    70.408    ReRamSpm_i/reram_axilite_wrapper_0/inst/u_core/word_arrays[10].word_array_inst/cell_instances[25].cell_inst/axi_rdata_reg_reg[23]
    SLICE_X89Y70         LUT4 (Prop_lut4_I0_O)        0.124    70.532 r  ReRamSpm_i/reram_axilite_wrapper_0/inst/u_core/word_arrays[10].word_array_inst/cell_instances[25].cell_inst/axi_rdata_reg[23]_i_221/O
                         net (fo=1, routed)           0.000    70.532    ReRamSpm_i/reram_axilite_wrapper_0/inst/u_core/word_arrays[10].word_array_inst/cell_instances[25].cell_inst_n_20
    SLICE_X89Y70         CARRY4 (Prop_carry4_S[3]_CO[3])
                                                      0.401    70.933 r  ReRamSpm_i/reram_axilite_wrapper_0/inst/u_core/word_arrays[10].word_array_inst/axi_rdata_reg_reg[23]_i_142/CO[3]
                         net (fo=20, routed)          1.038    71.971    ReRamSpm_i/reram_axilite_wrapper_0/inst/u_core/word_arrays[10].word_array_inst/cell_instances[27].cell_inst/CO[0]
    SLICE_X89Y73         LUT3 (Prop_lut3_I1_O)        0.124    72.095 f  ReRamSpm_i/reram_axilite_wrapper_0/inst/u_core/word_arrays[10].word_array_inst/cell_instances[27].cell_inst/axi_rdata_reg[23]_i_297/O
                         net (fo=2, routed)           0.363    72.457    ReRamSpm_i/reram_axilite_wrapper_0/inst/u_core/word_arrays[10].word_array_inst/cell_instances[27].cell_inst/axi_rdata_reg[23]_i_297_n_0
    SLICE_X88Y73         LUT6 (Prop_lut6_I5_O)        0.124    72.581 r  ReRamSpm_i/reram_axilite_wrapper_0/inst/u_core/word_arrays[10].word_array_inst/cell_instances[27].cell_inst/axi_rdata_reg[23]_i_209/O
                         net (fo=1, routed)           0.561    73.142    ReRamSpm_i/reram_axilite_wrapper_0/inst/u_core/word_arrays[10].word_array_inst/cell_instances[27].cell_inst_n_12
    SLICE_X90Y73         CARRY4 (Prop_carry4_DI[3]_CO[3])
                                                      0.396    73.538 r  ReRamSpm_i/reram_axilite_wrapper_0/inst/u_core/word_arrays[10].word_array_inst/axi_rdata_reg_reg[23]_i_141/CO[3]
                         net (fo=8, routed)           0.929    74.467    ReRamSpm_i/reram_axilite_wrapper_0/inst/u_core/word_arrays[10].word_array_inst/cell_instances[27].cell_inst/write_counter_reg[7]_3[0]
    SLICE_X89Y74         LUT5 (Prop_lut5_I1_O)        0.124    74.591 r  ReRamSpm_i/reram_axilite_wrapper_0/inst/u_core/word_arrays[10].word_array_inst/cell_instances[27].cell_inst/axi_rdata_reg[17]_i_43/O
                         net (fo=5, routed)           0.909    75.500    ReRamSpm_i/reram_axilite_wrapper_0/inst/u_core/word_arrays[10].word_array_inst/cell_instances[27].cell_inst/axi_rdata_reg_reg[17]_1
    SLICE_X90Y74         LUT4 (Prop_lut4_I0_O)        0.124    75.624 r  ReRamSpm_i/reram_axilite_wrapper_0/inst/u_core/word_arrays[10].word_array_inst/cell_instances[27].cell_inst/axi_rdata_reg[23]_i_140/O
                         net (fo=1, routed)           0.000    75.624    ReRamSpm_i/reram_axilite_wrapper_0/inst/u_core/word_arrays[10].word_array_inst/cell_instances[27].cell_inst_n_23
    SLICE_X90Y74         CARRY4 (Prop_carry4_S[0]_CO[3])
                                                      0.513    76.137 r  ReRamSpm_i/reram_axilite_wrapper_0/inst/u_core/word_arrays[10].word_array_inst/axi_rdata_reg_reg[23]_i_66/CO[3]
                         net (fo=20, routed)          0.914    77.050    ReRamSpm_i/reram_axilite_wrapper_0/inst/u_core/word_arrays[10].word_array_inst/cell_instances[29].cell_inst/CO[0]
    SLICE_X90Y75         LUT3 (Prop_lut3_I1_O)        0.124    77.174 f  ReRamSpm_i/reram_axilite_wrapper_0/inst/u_core/word_arrays[10].word_array_inst/cell_instances[29].cell_inst/axi_rdata_reg[23]_i_205/O
                         net (fo=2, routed)           0.330    77.504    ReRamSpm_i/reram_axilite_wrapper_0/inst/u_core/word_arrays[10].word_array_inst/cell_instances[29].cell_inst/axi_rdata_reg[23]_i_205_n_0
    SLICE_X91Y74         LUT6 (Prop_lut6_I5_O)        0.124    77.628 r  ReRamSpm_i/reram_axilite_wrapper_0/inst/u_core/word_arrays[10].word_array_inst/cell_instances[29].cell_inst/axi_rdata_reg[23]_i_125/O
                         net (fo=1, routed)           0.542    78.170    ReRamSpm_i/reram_axilite_wrapper_0/inst/u_core/word_arrays[10].word_array_inst/cell_instances[29].cell_inst_n_12
    SLICE_X91Y75         CARRY4 (Prop_carry4_DI[3]_CO[3])
                                                      0.385    78.555 r  ReRamSpm_i/reram_axilite_wrapper_0/inst/u_core/word_arrays[10].word_array_inst/axi_rdata_reg_reg[23]_i_65/CO[3]
                         net (fo=8, routed)           0.967    79.522    ReRamSpm_i/reram_axilite_wrapper_0/inst/u_core/word_arrays[10].word_array_inst/cell_instances[29].cell_inst/write_counter_reg[7]_3[0]
    SLICE_X90Y76         LUT5 (Prop_lut5_I1_O)        0.124    79.646 r  ReRamSpm_i/reram_axilite_wrapper_0/inst/u_core/word_arrays[10].word_array_inst/cell_instances[29].cell_inst/axi_rdata_reg[21]_i_23/O
                         net (fo=3, routed)           0.723    80.369    ReRamSpm_i/reram_axilite_wrapper_0/inst/u_core/word_arrays[10].word_array_inst/cell_instances[29].cell_inst/axi_rdata_reg_reg[21]
    SLICE_X91Y77         LUT4 (Prop_lut4_I0_O)        0.124    80.493 r  ReRamSpm_i/reram_axilite_wrapper_0/inst/u_core/word_arrays[10].word_array_inst/cell_instances[29].cell_inst/axi_rdata_reg[23]_i_62/O
                         net (fo=1, routed)           0.000    80.493    ReRamSpm_i/reram_axilite_wrapper_0/inst/u_core/word_arrays[10].word_array_inst/cell_instances[29].cell_inst_n_21
    SLICE_X91Y77         CARRY4 (Prop_carry4_S[2]_CO[3])
                                                      0.398    80.891 r  ReRamSpm_i/reram_axilite_wrapper_0/inst/u_core/word_arrays[10].word_array_inst/axi_rdata_reg_reg[23]_i_24/CO[3]
                         net (fo=8, routed)           0.935    81.826    ReRamSpm_i/reram_axilite_wrapper_0/inst/u_core/word_arrays[10].word_array_inst/cell_instances[31].cell_inst/CO[0]
    SLICE_X91Y78         LUT3 (Prop_lut3_I1_O)        0.124    81.950 r  ReRamSpm_i/reram_axilite_wrapper_0/inst/u_core/word_arrays[10].word_array_inst/cell_instances[31].cell_inst/axi_rdata_reg[21]_i_13/O
                         net (fo=1, routed)           0.825    82.775    ReRamSpm_i/reram_axilite_wrapper_0/inst/u_core/word_arrays[14].word_array_inst/cell_instances[31].cell_inst/write_counter_reg[7]_0[21]
    SLICE_X93Y83         LUT6 (Prop_lut6_I1_O)        0.124    82.899 r  ReRamSpm_i/reram_axilite_wrapper_0/inst/u_core/word_arrays[14].word_array_inst/cell_instances[31].cell_inst/axi_rdata_reg[21]_i_6/O
                         net (fo=1, routed)           0.301    83.200    ReRamSpm_i/reram_axilite_wrapper_0/inst/u_core/word_arrays[14].word_array_inst/cell_instances[31].cell_inst/axi_rdata_reg[21]_i_6_n_0
    SLICE_X93Y82         LUT6 (Prop_lut6_I3_O)        0.124    83.324 r  ReRamSpm_i/reram_axilite_wrapper_0/inst/u_core/word_arrays[14].word_array_inst/cell_instances[31].cell_inst/axi_rdata_reg[21]_i_2/O
                         net (fo=1, routed)           0.301    83.625    ReRamSpm_i/reram_axilite_wrapper_0/inst/u_core/word_arrays[3].word_array_inst/cell_instances[21].cell_inst/axi_araddr_reg[4]_0
    SLICE_X93Y81         LUT5 (Prop_lut5_I0_O)        0.124    83.749 r  ReRamSpm_i/reram_axilite_wrapper_0/inst/u_core/word_arrays[3].word_array_inst/cell_instances[21].cell_inst/axi_rdata_reg[21]_i_1/O
                         net (fo=1, routed)           0.000    83.749    ReRamSpm_i/reram_axilite_wrapper_0/inst/axi_rdata_reg1_in[21]
    SLICE_X93Y81         FDRE                                         r  ReRamSpm_i/reram_axilite_wrapper_0/inst/axi_rdata_reg_reg[21]/D
  -------------------------------------------------------------------    -------------------

                         (clock clk_fpga_0 rise edge)
                                                     20.000    20.000 r  
    PS7_X0Y0             PS7                          0.000    20.000 r  ReRamSpm_i/processing_system7_0/inst/PS7_i/FCLKCLK[0]
                         net (fo=1, routed)           1.088    21.088    ReRamSpm_i/processing_system7_0/inst/FCLK_CLK_unbuffered[0]
    BUFGCTRL_X0Y16       BUFG (Prop_bufg_I_O)         0.091    21.179 r  ReRamSpm_i/processing_system7_0/inst/buffer_fclk_clk_0.FCLK_CLK_0_BUFG/O
                         net (fo=26024, routed)       1.596    22.775    ReRamSpm_i/reram_axilite_wrapper_0/inst/S_AXI_ACLK
    SLICE_X93Y81         FDRE                                         r  ReRamSpm_i/reram_axilite_wrapper_0/inst/axi_rdata_reg_reg[21]/C
                         clock pessimism              0.115    22.890    
                         clock uncertainty           -0.302    22.588    
    SLICE_X93Y81         FDRE (Setup_fdre_C_D)        0.031    22.619    ReRamSpm_i/reram_axilite_wrapper_0/inst/axi_rdata_reg_reg[21]
  -------------------------------------------------------------------
                         required time                         22.619    
                         arrival time                         -83.749    
  -------------------------------------------------------------------
                         slack                                -61.130    

Slack (VIOLATED) :        -61.118ns  (required time - arrival time)
  Source:                 ReRamSpm_i/reram_axilite_wrapper_0/inst/u_core/word_arrays[1].word_array_inst/cell_instances[0].cell_inst/write_counter_reg[1]/C
                            (rising edge-triggered cell FDCE clocked by clk_fpga_0  {rise@0.000ns fall@10.000ns period=20.000ns})
  Destination:            ReRamSpm_i/reram_axilite_wrapper_0/inst/axi_rdata_reg_reg[15]/D
                            (rising edge-triggered cell FDRE clocked by clk_fpga_0  {rise@0.000ns fall@10.000ns period=20.000ns})
  Path Group:             clk_fpga_0
  Path Type:              Setup (Max at Slow Process Corner)
  Requirement:            20.000ns  (clk_fpga_0 rise@20.000ns - clk_fpga_0 rise@0.000ns)
  Data Path Delay:        80.682ns  (logic 24.179ns (29.968%)  route 56.503ns (70.032%))
  Logic Levels:           96  (CARRY4=31 LUT3=16 LUT4=16 LUT5=16 LUT6=17)
  Clock Path Skew:        -0.163ns (DCD - SCD + CPR)
    Destination Clock Delay (DCD):    2.731ns = ( 22.731 - 20.000 ) 
    Source Clock Delay      (SCD):    3.009ns
    Clock Pessimism Removal (CPR):    0.115ns
  Clock Uncertainty:      0.302ns  ((TSJ^2 + TIJ^2)^1/2 + DJ) / 2 + PE
    Total System Jitter     (TSJ):    0.071ns
    Total Input Jitter      (TIJ):    0.600ns
    Discrete Jitter          (DJ):    0.000ns
    Phase Error              (PE):    0.000ns

    Location             Delay type                Incr(ns)  Path(ns)    Netlist Resource(s)
  -------------------------------------------------------------------    -------------------
                         (clock clk_fpga_0 rise edge)
                                                      0.000     0.000 r  
    PS7_X0Y0             PS7                          0.000     0.000 r  ReRamSpm_i/processing_system7_0/inst/PS7_i/FCLKCLK[0]
                         net (fo=1, routed)           1.193     1.193    ReRamSpm_i/processing_system7_0/inst/FCLK_CLK_unbuffered[0]
    BUFGCTRL_X0Y16       BUFG (Prop_bufg_I_O)         0.101     1.294 r  ReRamSpm_i/processing_system7_0/inst/buffer_fclk_clk_0.FCLK_CLK_0_BUFG/O
                         net (fo=26024, routed)       1.715     3.009    ReRamSpm_i/reram_axilite_wrapper_0/inst/u_core/word_arrays[1].word_array_inst/cell_instances[0].cell_inst/S_AXI_ACLK
    SLICE_X60Y50         FDCE                                         r  ReRamSpm_i/reram_axilite_wrapper_0/inst/u_core/word_arrays[1].word_array_inst/cell_instances[0].cell_inst/write_counter_reg[1]/C
  -------------------------------------------------------------------    -------------------
    SLICE_X60Y50         FDCE (Prop_fdce_C_Q)         0.456     3.465 r  ReRamSpm_i/reram_axilite_wrapper_0/inst/u_core/word_arrays[1].word_array_inst/cell_instances[0].cell_inst/write_counter_reg[1]/Q
                         net (fo=11, routed)          1.029     4.494    ReRamSpm_i/reram_axilite_wrapper_0/inst/u_core/word_arrays[1].word_array_inst/cell_instances[0].cell_inst/write_cycles[1]
    SLICE_X62Y50         LUT4 (Prop_lut4_I0_O)        0.124     4.618 r  ReRamSpm_i/reram_axilite_wrapper_0/inst/u_core/word_arrays[1].word_array_inst/cell_instances[0].cell_inst/axi_rdata_reg[15]_i_1548/O
                         net (fo=1, routed)           0.000     4.618    ReRamSpm_i/reram_axilite_wrapper_0/inst/u_core/word_arrays[1].word_array_inst/cell_instances[0].cell_inst_n_5
    SLICE_X62Y50         CARRY4 (Prop_carry4_S[0]_CO[3])
                                                      0.513     5.131 r  ReRamSpm_i/reram_axilite_wrapper_0/inst/u_core/word_arrays[1].word_array_inst/axi_rdata_reg_reg[15]_i_1452/CO[3]
                         net (fo=24, routed)          0.784     5.915    ReRamSpm_i/reram_axilite_wrapper_0/inst/u_core/word_arrays[1].word_array_inst/cell_instances[1].cell_inst/CO[0]
    SLICE_X61Y51         LUT3 (Prop_lut3_I1_O)        0.124     6.039 f  ReRamSpm_i/reram_axilite_wrapper_0/inst/u_core/word_arrays[1].word_array_inst/cell_instances[1].cell_inst/axi_rdata_reg[15]_i_1575/O
                         net (fo=1, routed)           0.839     6.878    ReRamSpm_i/reram_axilite_wrapper_0/inst/u_core/word_arrays[1].word_array_inst/cell_instances[1].cell_inst/axi_rdata_reg[15]_i_1575_n_0
    SLICE_X62Y51         LUT6 (Prop_lut6_I1_O)        0.124     7.002 r  ReRamSpm_i/reram_axilite_wrapper_0/inst/u_core/word_arrays[1].word_array_inst/cell_instances[1].cell_inst/axi_rdata_reg[15]_i_1535/O
                         net (fo=1, routed)           0.336     7.338    ReRamSpm_i/reram_axilite_wrapper_0/inst/u_core/word_arrays[1].word_array_inst/cell_instances[1].cell_inst_n_14
    SLICE_X64Y51         CARRY4 (Prop_carry4_DI[1]_CO[3])
                                                      0.507     7.845 r  ReRamSpm_i/reram_axilite_wrapper_0/inst/u_core/word_arrays[1].word_array_inst/axi_rdata_reg_reg[15]_i_1451/CO[3]
                         net (fo=8, routed)           1.012     8.857    ReRamSpm_i/reram_axilite_wrapper_0/inst/u_core/word_arrays[1].word_array_inst/cell_instances[1].cell_inst/write_counter_reg[7]_3[0]
    SLICE_X64Y50         LUT5 (Prop_lut5_I1_O)        0.124     8.981 r  ReRamSpm_i/reram_axilite_wrapper_0/inst/u_core/word_arrays[1].word_array_inst/cell_instances[1].cell_inst/axi_rdata_reg[8]_i_96/O
                         net (fo=5, routed)           0.857     9.838    ReRamSpm_i/reram_axilite_wrapper_0/inst/u_core/word_arrays[1].word_array_inst/cell_instances[1].cell_inst/axi_rdata_reg_reg[8]
    SLICE_X64Y49         LUT4 (Prop_lut4_I2_O)        0.124     9.962 r  ReRamSpm_i/reram_axilite_wrapper_0/inst/u_core/word_arrays[1].word_array_inst/cell_instances[1].cell_inst/axi_rdata_reg[15]_i_1450/O
                         net (fo=1, routed)           0.000     9.962    ReRamSpm_i/reram_axilite_wrapper_0/inst/u_core/word_arrays[1].word_array_inst/cell_instances[1].cell_inst_n_23
    SLICE_X64Y49         CARRY4 (Prop_carry4_S[0]_CO[3])
                                                      0.532    10.494 r  ReRamSpm_i/reram_axilite_wrapper_0/inst/u_core/word_arrays[1].word_array_inst/axi_rdata_reg_reg[15]_i_1347/CO[3]
                         net (fo=24, routed)          1.005    11.499    ReRamSpm_i/reram_axilite_wrapper_0/inst/u_core/word_arrays[1].word_array_inst/cell_instances[3].cell_inst/CO[0]
    SLICE_X65Y50         LUT3 (Prop_lut3_I1_O)        0.124    11.623 f  ReRamSpm_i/reram_axilite_wrapper_0/inst/u_core/word_arrays[1].word_array_inst/cell_instances[3].cell_inst/axi_rdata_reg[15]_i_1528/O
                         net (fo=1, routed)           0.486    12.109    ReRamSpm_i/reram_axilite_wrapper_0/inst/u_core/word_arrays[1].word_array_inst/cell_instances[3].cell_inst/axi_rdata_reg[15]_i_1528_n_0
    SLICE_X65Y49         LUT6 (Prop_lut6_I1_O)        0.124    12.233 r  ReRamSpm_i/reram_axilite_wrapper_0/inst/u_core/word_arrays[1].word_array_inst/cell_instances[3].cell_inst/axi_rdata_reg[15]_i_1438/O
                         net (fo=1, routed)           0.473    12.705    ReRamSpm_i/reram_axilite_wrapper_0/inst/u_core/word_arrays[1].word_array_inst/cell_instances[3].cell_inst_n_15
    SLICE_X65Y48         CARRY4 (Prop_carry4_DI[0]_CO[3])
                                                      0.526    13.231 r  ReRamSpm_i/reram_axilite_wrapper_0/inst/u_core/word_arrays[1].word_array_inst/axi_rdata_reg_reg[15]_i_1346/CO[3]
                         net (fo=8, routed)           1.000    14.231    ReRamSpm_i/reram_axilite_wrapper_0/inst/u_core/word_arrays[1].word_array_inst/cell_instances[3].cell_inst/write_counter_reg[7]_2[0]
    SLICE_X64Y48         LUT5 (Prop_lut5_I1_O)        0.124    14.355 r  ReRamSpm_i/reram_axilite_wrapper_0/inst/u_core/word_arrays[1].word_array_inst/cell_instances[3].cell_inst/axi_rdata_reg[9]_i_124/O
                         net (fo=5, routed)           0.758    15.114    ReRamSpm_i/reram_axilite_wrapper_0/inst/u_core/word_arrays[1].word_array_inst/cell_instances[3].cell_inst/axi_rdata_reg_reg[9]_1
    SLICE_X61Y48         LUT4 (Prop_lut4_I0_O)        0.124    15.238 r  ReRamSpm_i/reram_axilite_wrapper_0/inst/u_core/word_arrays[1].word_array_inst/cell_instances[3].cell_inst/axi_rdata_reg[15]_i_1345/O
                         net (fo=1, routed)           0.000    15.238    ReRamSpm_i/reram_axilite_wrapper_0/inst/u_core/word_arrays[1].word_array_inst/cell_instances[3].cell_inst_n_23
    SLICE_X61Y48         CARRY4 (Prop_carry4_S[0]_CO[3])
                                                      0.532    15.770 r  ReRamSpm_i/reram_axilite_wrapper_0/inst/u_core/word_arrays[1].word_array_inst/axi_rdata_reg_reg[15]_i_1239/CO[3]
                         net (fo=24, routed)          0.727    16.497    ReRamSpm_i/reram_axilite_wrapper_0/inst/u_core/word_arrays[1].word_array_inst/cell_instances[5].cell_inst/CO[0]
    SLICE_X60Y47         LUT3 (Prop_lut3_I1_O)        0.124    16.621 f  ReRamSpm_i/reram_axilite_wrapper_0/inst/u_core/word_arrays[1].word_array_inst/cell_instances[5].cell_inst/axi_rdata_reg[15]_i_1430/O
                         net (fo=1, routed)           0.667    17.288    ReRamSpm_i/reram_axilite_wrapper_0/inst/u_core/word_arrays[1].word_array_inst/cell_instances[5].cell_inst/axi_rdata_reg[15]_i_1430_n_0
    SLICE_X60Y47         LUT6 (Prop_lut6_I1_O)        0.124    17.412 r  ReRamSpm_i/reram_axilite_wrapper_0/inst/u_core/word_arrays[1].word_array_inst/cell_instances[5].cell_inst/axi_rdata_reg[15]_i_1333/O
                         net (fo=1, routed)           0.520    17.932    ReRamSpm_i/reram_axilite_wrapper_0/inst/u_core/word_arrays[1].word_array_inst/cell_instances[5].cell_inst_n_15
    SLICE_X60Y48         CARRY4 (Prop_carry4_DI[0]_CO[3])
                                                      0.526    18.458 r  ReRamSpm_i/reram_axilite_wrapper_0/inst/u_core/word_arrays[1].word_array_inst/axi_rdata_reg_reg[15]_i_1238/CO[3]
                         net (fo=8, routed)           1.161    19.619    ReRamSpm_i/reram_axilite_wrapper_0/inst/u_core/word_arrays[1].word_array_inst/cell_instances[5].cell_inst/write_counter_reg[7]_2[0]
    SLICE_X59Y47         LUT5 (Prop_lut5_I1_O)        0.124    19.743 r  ReRamSpm_i/reram_axilite_wrapper_0/inst/u_core/word_arrays[1].word_array_inst/cell_instances[5].cell_inst/axi_rdata_reg[10]_i_120/O
                         net (fo=5, routed)           0.449    20.192    ReRamSpm_i/reram_axilite_wrapper_0/inst/u_core/word_arrays[1].word_array_inst/cell_instances[5].cell_inst/axi_rdata_reg_reg[10]
    SLICE_X58Y46         LUT4 (Prop_lut4_I2_O)        0.124    20.316 r  ReRamSpm_i/reram_axilite_wrapper_0/inst/u_core/word_arrays[1].word_array_inst/cell_instances[5].cell_inst/axi_rdata_reg[15]_i_1236/O
                         net (fo=1, routed)           0.000    20.316    ReRamSpm_i/reram_axilite_wrapper_0/inst/u_core/word_arrays[1].word_array_inst/cell_instances[5].cell_inst_n_22
    SLICE_X58Y46         CARRY4 (Prop_carry4_S[1]_CO[3])
                                                      0.533    20.849 r  ReRamSpm_i/reram_axilite_wrapper_0/inst/u_core/word_arrays[1].word_array_inst/axi_rdata_reg_reg[15]_i_1131/CO[3]
                         net (fo=24, routed)          0.881    21.730    ReRamSpm_i/reram_axilite_wrapper_0/inst/u_core/word_arrays[1].word_array_inst/cell_instances[7].cell_inst/CO[0]
    SLICE_X58Y45         LUT3 (Prop_lut3_I1_O)        0.124    21.854 f  ReRamSpm_i/reram_axilite_wrapper_0/inst/u_core/word_arrays[1].word_array_inst/cell_instances[7].cell_inst/axi_rdata_reg[15]_i_1325/O
                         net (fo=1, routed)           0.496    22.350    ReRamSpm_i/reram_axilite_wrapper_0/inst/u_core/word_arrays[1].word_array_inst/cell_instances[7].cell_inst/axi_rdata_reg[15]_i_1325_n_0
    SLICE_X58Y45         LUT6 (Prop_lut6_I1_O)        0.124    22.474 r  ReRamSpm_i/reram_axilite_wrapper_0/inst/u_core/word_arrays[1].word_array_inst/cell_instances[7].cell_inst/axi_rdata_reg[15]_i_1225/O
                         net (fo=1, routed)           0.332    22.806    ReRamSpm_i/reram_axilite_wrapper_0/inst/u_core/word_arrays[1].word_array_inst/cell_instances[7].cell_inst_n_15
    SLICE_X59Y46         CARRY4 (Prop_carry4_DI[0]_CO[3])
                                                      0.526    23.332 r  ReRamSpm_i/reram_axilite_wrapper_0/inst/u_core/word_arrays[1].word_array_inst/axi_rdata_reg_reg[15]_i_1130/CO[3]
                         net (fo=8, routed)           0.844    24.176    ReRamSpm_i/reram_axilite_wrapper_0/inst/u_core/word_arrays[1].word_array_inst/cell_instances[7].cell_inst/write_counter_reg[7]_2[0]
    SLICE_X57Y45         LUT5 (Prop_lut5_I1_O)        0.124    24.300 r  ReRamSpm_i/reram_axilite_wrapper_0/inst/u_core/word_arrays[1].word_array_inst/cell_instances[7].cell_inst/axi_rdata_reg[11]_i_84/O
                         net (fo=5, routed)           0.756    25.056    ReRamSpm_i/reram_axilite_wrapper_0/inst/u_core/word_arrays[1].word_array_inst/cell_instances[7].cell_inst/axi_rdata_reg_reg[11]
    SLICE_X55Y43         LUT4 (Prop_lut4_I0_O)        0.124    25.180 r  ReRamSpm_i/reram_axilite_wrapper_0/inst/u_core/word_arrays[1].word_array_inst/cell_instances[7].cell_inst/axi_rdata_reg[15]_i_1128/O
                         net (fo=1, routed)           0.000    25.180    ReRamSpm_i/reram_axilite_wrapper_0/inst/u_core/word_arrays[1].word_array_inst/cell_instances[7].cell_inst_n_22
    SLICE_X55Y43         CARRY4 (Prop_carry4_S[1]_CO[3])
                                                      0.550    25.730 r  ReRamSpm_i/reram_axilite_wrapper_0/inst/u_core/word_arrays[1].word_array_inst/axi_rdata_reg_reg[15]_i_1023/CO[3]
                         net (fo=24, routed)          1.050    26.780    ReRamSpm_i/reram_axilite_wrapper_0/inst/u_core/word_arrays[1].word_array_inst/cell_instances[9].cell_inst/CO[0]
    SLICE_X57Y42         LUT3 (Prop_lut3_I1_O)        0.124    26.904 f  ReRamSpm_i/reram_axilite_wrapper_0/inst/u_core/word_arrays[1].word_array_inst/cell_instances[9].cell_inst/axi_rdata_reg[15]_i_1216/O
                         net (fo=1, routed)           0.433    27.337    ReRamSpm_i/reram_axilite_wrapper_0/inst/u_core/word_arrays[1].word_array_inst/cell_instances[9].cell_inst/axi_rdata_reg[15]_i_1216_n_0
    SLICE_X57Y42         LUT6 (Prop_lut6_I1_O)        0.124    27.461 r  ReRamSpm_i/reram_axilite_wrapper_0/inst/u_core/word_arrays[1].word_array_inst/cell_instances[9].cell_inst/axi_rdata_reg[15]_i_1116/O
                         net (fo=1, routed)           0.471    27.932    ReRamSpm_i/reram_axilite_wrapper_0/inst/u_core/word_arrays[1].word_array_inst/cell_instances[9].cell_inst_n_14
    SLICE_X57Y43         CARRY4 (Prop_carry4_DI[1]_CO[3])
                                                      0.507    28.439 r  ReRamSpm_i/reram_axilite_wrapper_0/inst/u_core/word_arrays[1].word_array_inst/axi_rdata_reg_reg[15]_i_1022/CO[3]
                         net (fo=8, routed)           1.131    29.570    ReRamSpm_i/reram_axilite_wrapper_0/inst/u_core/word_arrays[1].word_array_inst/cell_instances[9].cell_inst/write_counter_reg[7]_2[0]
    SLICE_X58Y43         LUT5 (Prop_lut5_I1_O)        0.124    29.694 r  ReRamSpm_i/reram_axilite_wrapper_0/inst/u_core/word_arrays[1].word_array_inst/cell_instances[9].cell_inst/axi_rdata_reg[13]_i_80/O
                         net (fo=5, routed)           0.611    30.306    ReRamSpm_i/reram_axilite_wrapper_0/inst/u_core/word_arrays[1].word_array_inst/cell_instances[9].cell_inst/axi_rdata_reg_reg[13]
    SLICE_X56Y44         LUT4 (Prop_lut4_I0_O)        0.124    30.430 r  ReRamSpm_i/reram_axilite_wrapper_0/inst/u_core/word_arrays[1].word_array_inst/cell_instances[9].cell_inst/axi_rdata_reg[15]_i_1019/O
                         net (fo=1, routed)           0.000    30.430    ReRamSpm_i/reram_axilite_wrapper_0/inst/u_core/word_arrays[1].word_array_inst/cell_instances[9].cell_inst_n_21
    SLICE_X56Y44         CARRY4 (Prop_carry4_S[2]_CO[3])
                                                      0.398    30.828 r  ReRamSpm_i/reram_axilite_wrapper_0/inst/u_core/word_arrays[1].word_array_inst/axi_rdata_reg_reg[15]_i_931/CO[3]
                         net (fo=24, routed)          0.878    31.706    ReRamSpm_i/reram_axilite_wrapper_0/inst/u_core/word_arrays[1].word_array_inst/cell_instances[11].cell_inst/CO[0]
    SLICE_X58Y42         LUT3 (Prop_lut3_I1_O)        0.124    31.830 f  ReRamSpm_i/reram_axilite_wrapper_0/inst/u_core/word_arrays[1].word_array_inst/cell_instances[11].cell_inst/axi_rdata_reg[15]_i_1107/O
                         net (fo=1, routed)           0.464    32.294    ReRamSpm_i/reram_axilite_wrapper_0/inst/u_core/word_arrays[1].word_array_inst/cell_instances[11].cell_inst/axi_rdata_reg[15]_i_1107_n_0
    SLICE_X58Y43         LUT6 (Prop_lut6_I1_O)        0.124    32.418 r  ReRamSpm_i/reram_axilite_wrapper_0/inst/u_core/word_arrays[1].word_array_inst/cell_instances[11].cell_inst/axi_rdata_reg[15]_i_1007/O
                         net (fo=1, routed)           0.473    32.891    ReRamSpm_i/reram_axilite_wrapper_0/inst/u_core/word_arrays[1].word_array_inst/cell_instances[11].cell_inst_n_13
    SLICE_X58Y44         CARRY4 (Prop_carry4_DI[2]_CO[3])
                                                      0.404    33.295 r  ReRamSpm_i/reram_axilite_wrapper_0/inst/u_core/word_arrays[1].word_array_inst/axi_rdata_reg_reg[15]_i_930/CO[3]
                         net (fo=8, routed)           0.951    34.246    ReRamSpm_i/reram_axilite_wrapper_0/inst/u_core/word_arrays[1].word_array_inst/cell_instances[11].cell_inst/write_counter_reg[7]_2[0]
    SLICE_X58Y45         LUT5 (Prop_lut5_I1_O)        0.124    34.370 r  ReRamSpm_i/reram_axilite_wrapper_0/inst/u_core/word_arrays[1].word_array_inst/cell_instances[11].cell_inst/axi_rdata_reg[11]_i_76/O
                         net (fo=5, routed)           0.676    35.046    ReRamSpm_i/reram_axilite_wrapper_0/inst/u_core/word_arrays[1].word_array_inst/cell_instances[11].cell_inst/axi_rdata_reg_reg[11]
    SLICE_X60Y45         LUT4 (Prop_lut4_I0_O)        0.124    35.170 r  ReRamSpm_i/reram_axilite_wrapper_0/inst/u_core/word_arrays[1].word_array_inst/cell_instances[11].cell_inst/axi_rdata_reg[15]_i_928/O
                         net (fo=1, routed)           0.000    35.170    ReRamSpm_i/reram_axilite_wrapper_0/inst/u_core/word_arrays[1].word_array_inst/cell_instances[11].cell_inst_n_22
    SLICE_X60Y45         CARRY4 (Prop_carry4_S[1]_CO[3])
                                                      0.550    35.720 r  ReRamSpm_i/reram_axilite_wrapper_0/inst/u_core/word_arrays[1].word_array_inst/axi_rdata_reg_reg[15]_i_839/CO[3]
                         net (fo=20, routed)          0.892    36.613    ReRamSpm_i/reram_axilite_wrapper_0/inst/u_core/word_arrays[1].word_array_inst/cell_instances[13].cell_inst/CO[0]
    SLICE_X62Y45         LUT3 (Prop_lut3_I1_O)        0.124    36.737 f  ReRamSpm_i/reram_axilite_wrapper_0/inst/u_core/word_arrays[1].word_array_inst/cell_instances[13].cell_inst/axi_rdata_reg[15]_i_1003/O
                         net (fo=2, routed)           0.650    37.387    ReRamSpm_i/reram_axilite_wrapper_0/inst/u_core/word_arrays[1].word_array_inst/cell_instances[13].cell_inst/axi_rdata_reg[15]_i_1003_n_0
    SLICE_X62Y45         LUT6 (Prop_lut6_I5_O)        0.124    37.511 r  ReRamSpm_i/reram_axilite_wrapper_0/inst/u_core/word_arrays[1].word_array_inst/cell_instances[13].cell_inst/axi_rdata_reg[15]_i_915/O
                         net (fo=1, routed)           0.465    37.976    ReRamSpm_i/reram_axilite_wrapper_0/inst/u_core/word_arrays[1].word_array_inst/cell_instances[13].cell_inst_n_13
    SLICE_X61Y46         CARRY4 (Prop_carry4_DI[2]_CO[3])
                                                      0.398    38.374 r  ReRamSpm_i/reram_axilite_wrapper_0/inst/u_core/word_arrays[1].word_array_inst/axi_rdata_reg_reg[15]_i_838/CO[3]
                         net (fo=8, routed)           0.943    39.317    ReRamSpm_i/reram_axilite_wrapper_0/inst/u_core/word_arrays[1].word_array_inst/cell_instances[13].cell_inst/write_counter_reg[7]_3[0]
    SLICE_X62Y47         LUT5 (Prop_lut5_I1_O)        0.124    39.441 r  ReRamSpm_i/reram_axilite_wrapper_0/inst/u_core/word_arrays[1].word_array_inst/cell_instances[13].cell_inst/axi_rdata_reg[9]_i_104/O
                         net (fo=5, routed)           0.777    40.218    ReRamSpm_i/reram_axilite_wrapper_0/inst/u_core/word_arrays[1].word_array_inst/cell_instances[13].cell_inst/axi_rdata_reg_reg[9]_1
    SLICE_X62Y46         LUT4 (Prop_lut4_I0_O)        0.124    40.342 r  ReRamSpm_i/reram_axilite_wrapper_0/inst/u_core/word_arrays[1].word_array_inst/cell_instances[13].cell_inst/axi_rdata_reg[15]_i_837/O
                         net (fo=1, routed)           0.000    40.342    ReRamSpm_i/reram_axilite_wrapper_0/inst/u_core/word_arrays[1].word_array_inst/cell_instances[13].cell_inst_n_23
    SLICE_X62Y46         CARRY4 (Prop_carry4_S[0]_CO[3])
                                                      0.513    40.855 r  ReRamSpm_i/reram_axilite_wrapper_0/inst/u_core/word_arrays[1].word_array_inst/axi_rdata_reg_reg[15]_i_747/CO[3]
                         net (fo=20, routed)          0.864    41.719    ReRamSpm_i/reram_axilite_wrapper_0/inst/u_core/word_arrays[1].word_array_inst/cell_instances[15].cell_inst/CO[0]
    SLICE_X65Y46         LUT3 (Prop_lut3_I1_O)        0.124    41.843 f  ReRamSpm_i/reram_axilite_wrapper_0/inst/u_core/word_arrays[1].word_array_inst/cell_instances[15].cell_inst/axi_rdata_reg[15]_i_912/O
                         net (fo=2, routed)           0.414    42.257    ReRamSpm_i/reram_axilite_wrapper_0/inst/u_core/word_arrays[1].word_array_inst/cell_instances[15].cell_inst/axi_rdata_reg[15]_i_912_n_0
    SLICE_X65Y46         LUT6 (Prop_lut6_I5_O)        0.124    42.381 r  ReRamSpm_i/reram_axilite_wrapper_0/inst/u_core/word_arrays[1].word_array_inst/cell_instances[15].cell_inst/axi_rdata_reg[15]_i_824/O
                         net (fo=1, routed)           0.613    42.994    ReRamSpm_i/reram_axilite_wrapper_0/inst/u_core/word_arrays[1].word_array_inst/cell_instances[15].cell_inst_n_14
    SLICE_X64Y46         CARRY4 (Prop_carry4_DI[1]_CO[3])
                                                      0.507    43.501 r  ReRamSpm_i/reram_axilite_wrapper_0/inst/u_core/word_arrays[1].word_array_inst/axi_rdata_reg_reg[15]_i_746/CO[3]
                         net (fo=8, routed)           0.812    44.313    ReRamSpm_i/reram_axilite_wrapper_0/inst/u_core/word_arrays[1].word_array_inst/cell_instances[15].cell_inst/write_counter_reg[7]_3[0]
    SLICE_X65Y46         LUT5 (Prop_lut5_I1_O)        0.124    44.437 r  ReRamSpm_i/reram_axilite_wrapper_0/inst/u_core/word_arrays[1].word_array_inst/cell_instances[15].cell_inst/axi_rdata_reg[11]_i_68/O
                         net (fo=5, routed)           0.747    45.184    ReRamSpm_i/reram_axilite_wrapper_0/inst/u_core/word_arrays[1].word_array_inst/cell_instances[15].cell_inst/axi_rdata_reg_reg[11]
    SLICE_X67Y46         LUT4 (Prop_lut4_I0_O)        0.124    45.308 r  ReRamSpm_i/reram_axilite_wrapper_0/inst/u_core/word_arrays[1].word_array_inst/cell_instances[15].cell_inst/axi_rdata_reg[15]_i_744/O
                         net (fo=1, routed)           0.000    45.308    ReRamSpm_i/reram_axilite_wrapper_0/inst/u_core/word_arrays[1].word_array_inst/cell_instances[15].cell_inst_n_22
    SLICE_X67Y46         CARRY4 (Prop_carry4_S[1]_CO[3])
                                                      0.550    45.858 r  ReRamSpm_i/reram_axilite_wrapper_0/inst/u_core/word_arrays[1].word_array_inst/axi_rdata_reg_reg[15]_i_655/CO[3]
                         net (fo=20, routed)          0.861    46.719    ReRamSpm_i/reram_axilite_wrapper_0/inst/u_core/word_arrays[1].word_array_inst/cell_instances[17].cell_inst/CO[0]
    SLICE_X68Y46         LUT3 (Prop_lut3_I1_O)        0.124    46.843 f  ReRamSpm_i/reram_axilite_wrapper_0/inst/u_core/word_arrays[1].word_array_inst/cell_instances[17].cell_inst/axi_rdata_reg[15]_i_820/O
                         net (fo=2, routed)           0.342    47.185    ReRamSpm_i/reram_axilite_wrapper_0/inst/u_core/word_arrays[1].word_array_inst/cell_instances[17].cell_inst/axi_rdata_reg[15]_i_820_n_0
    SLICE_X66Y47         LUT6 (Prop_lut6_I5_O)        0.124    47.309 r  ReRamSpm_i/reram_axilite_wrapper_0/inst/u_core/word_arrays[1].word_array_inst/cell_instances[17].cell_inst/axi_rdata_reg[15]_i_732/O
                         net (fo=1, routed)           0.615    47.924    ReRamSpm_i/reram_axilite_wrapper_0/inst/u_core/word_arrays[1].word_array_inst/cell_instances[17].cell_inst_n_14
    SLICE_X67Y47         CARRY4 (Prop_carry4_DI[1]_CO[3])
                                                      0.507    48.431 r  ReRamSpm_i/reram_axilite_wrapper_0/inst/u_core/word_arrays[1].word_array_inst/axi_rdata_reg_reg[15]_i_654/CO[3]
                         net (fo=8, routed)           0.792    49.222    ReRamSpm_i/reram_axilite_wrapper_0/inst/u_core/word_arrays[1].word_array_inst/cell_instances[17].cell_inst/write_counter_reg[7]_3[0]
    SLICE_X65Y45         LUT5 (Prop_lut5_I1_O)        0.124    49.346 r  ReRamSpm_i/reram_axilite_wrapper_0/inst/u_core/word_arrays[1].word_array_inst/cell_instances[17].cell_inst/axi_rdata_reg[11]_i_64/O
                         net (fo=5, routed)           0.741    50.087    ReRamSpm_i/reram_axilite_wrapper_0/inst/u_core/word_arrays[1].word_array_inst/cell_instances[17].cell_inst/axi_rdata_reg_reg[11]
    SLICE_X63Y45         LUT4 (Prop_lut4_I0_O)        0.124    50.211 r  ReRamSpm_i/reram_axilite_wrapper_0/inst/u_core/word_arrays[1].word_array_inst/cell_instances[17].cell_inst/axi_rdata_reg[15]_i_652/O
                         net (fo=1, routed)           0.000    50.211    ReRamSpm_i/reram_axilite_wrapper_0/inst/u_core/word_arrays[1].word_array_inst/cell_instances[17].cell_inst_n_22
    SLICE_X63Y45         CARRY4 (Prop_carry4_S[1]_CO[3])
                                                      0.550    50.761 r  ReRamSpm_i/reram_axilite_wrapper_0/inst/u_core/word_arrays[1].word_array_inst/axi_rdata_reg_reg[15]_i_563/CO[3]
                         net (fo=20, routed)          0.729    51.490    ReRamSpm_i/reram_axilite_wrapper_0/inst/u_core/word_arrays[1].word_array_inst/cell_instances[19].cell_inst/CO[0]
    SLICE_X65Y44         LUT3 (Prop_lut3_I1_O)        0.124    51.614 f  ReRamSpm_i/reram_axilite_wrapper_0/inst/u_core/word_arrays[1].word_array_inst/cell_instances[19].cell_inst/axi_rdata_reg[15]_i_728/O
                         net (fo=2, routed)           0.501    52.115    ReRamSpm_i/reram_axilite_wrapper_0/inst/u_core/word_arrays[1].word_array_inst/cell_instances[19].cell_inst/axi_rdata_reg[15]_i_728_n_0
    SLICE_X63Y44         LUT6 (Prop_lut6_I5_O)        0.124    52.239 r  ReRamSpm_i/reram_axilite_wrapper_0/inst/u_core/word_arrays[1].word_array_inst/cell_instances[19].cell_inst/axi_rdata_reg[15]_i_640/O
                         net (fo=1, routed)           0.494    52.733    ReRamSpm_i/reram_axilite_wrapper_0/inst/u_core/word_arrays[1].word_array_inst/cell_instances[19].cell_inst_n_14
    SLICE_X64Y44         CARRY4 (Prop_carry4_DI[1]_CO[3])
                                                      0.507    53.240 r  ReRamSpm_i/reram_axilite_wrapper_0/inst/u_core/word_arrays[1].word_array_inst/axi_rdata_reg_reg[15]_i_562/CO[3]
                         net (fo=8, routed)           0.879    54.119    ReRamSpm_i/reram_axilite_wrapper_0/inst/u_core/word_arrays[1].word_array_inst/cell_instances[19].cell_inst/write_counter_reg[7]_3[0]
    SLICE_X63Y44         LUT5 (Prop_lut5_I1_O)        0.124    54.243 r  ReRamSpm_i/reram_axilite_wrapper_0/inst/u_core/word_arrays[1].word_array_inst/cell_instances[19].cell_inst/axi_rdata_reg[9]_i_92/O
                         net (fo=5, routed)           0.768    55.011    ReRamSpm_i/reram_axilite_wrapper_0/inst/u_core/word_arrays[1].word_array_inst/cell_instances[19].cell_inst/axi_rdata_reg_reg[9]_1
    SLICE_X62Y43         LUT4 (Prop_lut4_I0_O)        0.124    55.135 r  ReRamSpm_i/reram_axilite_wrapper_0/inst/u_core/word_arrays[1].word_array_inst/cell_instances[19].cell_inst/axi_rdata_reg[15]_i_561/O
                         net (fo=1, routed)           0.000    55.135    ReRamSpm_i/reram_axilite_wrapper_0/inst/u_core/word_arrays[1].word_array_inst/cell_instances[19].cell_inst_n_23
    SLICE_X62Y43         CARRY4 (Prop_carry4_S[0]_CO[3])
                                                      0.513    55.648 r  ReRamSpm_i/reram_axilite_wrapper_0/inst/u_core/word_arrays[1].word_array_inst/axi_rdata_reg_reg[15]_i_471/CO[3]
                         net (fo=20, routed)          0.906    56.554    ReRamSpm_i/reram_axilite_wrapper_0/inst/u_core/word_arrays[1].word_array_inst/cell_instances[21].cell_inst/CO[0]
    SLICE_X65Y43         LUT3 (Prop_lut3_I1_O)        0.124    56.678 f  ReRamSpm_i/reram_axilite_wrapper_0/inst/u_core/word_arrays[1].word_array_inst/cell_instances[21].cell_inst/axi_rdata_reg[15]_i_635/O
                         net (fo=2, routed)           0.726    57.404    ReRamSpm_i/reram_axilite_wrapper_0/inst/u_core/word_arrays[1].word_array_inst/cell_instances[21].cell_inst/axi_rdata_reg[15]_i_635_n_0
    SLICE_X64Y43         LUT6 (Prop_lut6_I5_O)        0.124    57.528 r  ReRamSpm_i/reram_axilite_wrapper_0/inst/u_core/word_arrays[1].word_array_inst/cell_instances[21].cell_inst/axi_rdata_reg[15]_i_547/O
                         net (fo=1, routed)           0.528    58.056    ReRamSpm_i/reram_axilite_wrapper_0/inst/u_core/word_arrays[1].word_array_inst/cell_instances[21].cell_inst_n_13
    SLICE_X63Y43         CARRY4 (Prop_carry4_DI[2]_CO[3])
                                                      0.398    58.454 r  ReRamSpm_i/reram_axilite_wrapper_0/inst/u_core/word_arrays[1].word_array_inst/axi_rdata_reg_reg[15]_i_470/CO[3]
                         net (fo=8, routed)           0.846    59.299    ReRamSpm_i/reram_axilite_wrapper_0/inst/u_core/word_arrays[1].word_array_inst/cell_instances[21].cell_inst/write_counter_reg[7]_3[0]
    SLICE_X61Y43         LUT5 (Prop_lut5_I1_O)        0.124    59.423 r  ReRamSpm_i/reram_axilite_wrapper_0/inst/u_core/word_arrays[1].word_array_inst/cell_instances[21].cell_inst/axi_rdata_reg[9]_i_88/O
                         net (fo=5, routed)           0.823    60.246    ReRamSpm_i/reram_axilite_wrapper_0/inst/u_core/word_arrays[1].word_array_inst/cell_instances[21].cell_inst/axi_rdata_reg_reg[9]_1
    SLICE_X62Y42         LUT4 (Prop_lut4_I0_O)        0.124    60.370 r  ReRamSpm_i/reram_axilite_wrapper_0/inst/u_core/word_arrays[1].word_array_inst/cell_instances[21].cell_inst/axi_rdata_reg[15]_i_469/O
                         net (fo=1, routed)           0.000    60.370    ReRamSpm_i/reram_axilite_wrapper_0/inst/u_core/word_arrays[1].word_array_inst/cell_instances[21].cell_inst_n_23
    SLICE_X62Y42         CARRY4 (Prop_carry4_S[0]_CO[3])
                                                      0.513    60.883 r  ReRamSpm_i/reram_axilite_wrapper_0/inst/u_core/word_arrays[1].word_array_inst/axi_rdata_reg_reg[15]_i_379/CO[3]
                         net (fo=20, routed)          1.033    61.916    ReRamSpm_i/reram_axilite_wrapper_0/inst/u_core/word_arrays[1].word_array_inst/cell_instances[23].cell_inst/CO[0]
    SLICE_X65Y42         LUT3 (Prop_lut3_I1_O)        0.124    62.040 f  ReRamSpm_i/reram_axilite_wrapper_0/inst/u_core/word_arrays[1].word_array_inst/cell_instances[23].cell_inst/axi_rdata_reg[15]_i_544/O
                         net (fo=2, routed)           0.414    62.454    ReRamSpm_i/reram_axilite_wrapper_0/inst/u_core/word_arrays[1].word_array_inst/cell_instances[23].cell_inst/axi_rdata_reg[15]_i_544_n_0
    SLICE_X65Y42         LUT6 (Prop_lut6_I5_O)        0.124    62.578 r  ReRamSpm_i/reram_axilite_wrapper_0/inst/u_core/word_arrays[1].word_array_inst/cell_instances[23].cell_inst/axi_rdata_reg[15]_i_456/O
                         net (fo=1, routed)           0.613    63.191    ReRamSpm_i/reram_axilite_wrapper_0/inst/u_core/word_arrays[1].word_array_inst/cell_instances[23].cell_inst_n_14
    SLICE_X64Y42         CARRY4 (Prop_carry4_DI[1]_CO[3])
                                                      0.507    63.698 r  ReRamSpm_i/reram_axilite_wrapper_0/inst/u_core/word_arrays[1].word_array_inst/axi_rdata_reg_reg[15]_i_378/CO[3]
                         net (fo=8, routed)           0.988    64.686    ReRamSpm_i/reram_axilite_wrapper_0/inst/u_core/word_arrays[1].word_array_inst/cell_instances[23].cell_inst/write_counter_reg[7]_3[0]
    SLICE_X64Y41         LUT5 (Prop_lut5_I1_O)        0.124    64.810 r  ReRamSpm_i/reram_axilite_wrapper_0/inst/u_core/word_arrays[1].word_array_inst/cell_instances[23].cell_inst/axi_rdata_reg[11]_i_52/O
                         net (fo=5, routed)           0.620    65.430    ReRamSpm_i/reram_axilite_wrapper_0/inst/u_core/word_arrays[1].word_array_inst/cell_instances[23].cell_inst/axi_rdata_reg_reg[11]
    SLICE_X62Y41         LUT4 (Prop_lut4_I0_O)        0.124    65.554 r  ReRamSpm_i/reram_axilite_wrapper_0/inst/u_core/word_arrays[1].word_array_inst/cell_instances[23].cell_inst/axi_rdata_reg[15]_i_376/O
                         net (fo=1, routed)           0.000    65.554    ReRamSpm_i/reram_axilite_wrapper_0/inst/u_core/word_arrays[1].word_array_inst/cell_instances[23].cell_inst_n_22
    SLICE_X62Y41         CARRY4 (Prop_carry4_S[1]_CO[3])
                                                      0.533    66.087 r  ReRamSpm_i/reram_axilite_wrapper_0/inst/u_core/word_arrays[1].word_array_inst/axi_rdata_reg_reg[15]_i_287/CO[3]
                         net (fo=20, routed)          0.733    66.820    ReRamSpm_i/reram_axilite_wrapper_0/inst/u_core/word_arrays[1].word_array_inst/cell_instances[25].cell_inst/CO[0]
    SLICE_X61Y40         LUT3 (Prop_lut3_I1_O)        0.124    66.944 f  ReRamSpm_i/reram_axilite_wrapper_0/inst/u_core/word_arrays[1].word_array_inst/cell_instances[25].cell_inst/axi_rdata_reg[15]_i_452/O
                         net (fo=2, routed)           0.569    67.513    ReRamSpm_i/reram_axilite_wrapper_0/inst/u_core/word_arrays[1].word_array_inst/cell_instances[25].cell_inst/axi_rdata_reg[15]_i_452_n_0
    SLICE_X60Y41         LUT6 (Prop_lut6_I5_O)        0.124    67.637 r  ReRamSpm_i/reram_axilite_wrapper_0/inst/u_core/word_arrays[1].word_array_inst/cell_instances[25].cell_inst/axi_rdata_reg[15]_i_364/O
                         net (fo=1, routed)           0.569    68.206    ReRamSpm_i/reram_axilite_wrapper_0/inst/u_core/word_arrays[1].word_array_inst/cell_instances[25].cell_inst_n_14
    SLICE_X61Y41         CARRY4 (Prop_carry4_DI[1]_CO[3])
                                                      0.507    68.713 r  ReRamSpm_i/reram_axilite_wrapper_0/inst/u_core/word_arrays[1].word_array_inst/axi_rdata_reg_reg[15]_i_286/CO[3]
                         net (fo=8, routed)           0.867    69.580    ReRamSpm_i/reram_axilite_wrapper_0/inst/u_core/word_arrays[1].word_array_inst/cell_instances[25].cell_inst/write_counter_reg[7]_3[0]
    SLICE_X63Y41         LUT5 (Prop_lut5_I1_O)        0.124    69.704 r  ReRamSpm_i/reram_axilite_wrapper_0/inst/u_core/word_arrays[1].word_array_inst/cell_instances[25].cell_inst/axi_rdata_reg[8]_i_48/O
                         net (fo=4, routed)           0.556    70.259    ReRamSpm_i/reram_axilite_wrapper_0/inst/u_core/word_arrays[1].word_array_inst/cell_instances[25].cell_inst/axi_rdata_reg_reg[8]
    SLICE_X63Y40         LUT4 (Prop_lut4_I2_O)        0.124    70.383 r  ReRamSpm_i/reram_axilite_wrapper_0/inst/u_core/word_arrays[1].word_array_inst/cell_instances[25].cell_inst/axi_rdata_reg[15]_i_285/O
                         net (fo=1, routed)           0.000    70.383    ReRamSpm_i/reram_axilite_wrapper_0/inst/u_core/word_arrays[1].word_array_inst/cell_instances[25].cell_inst_n_23
    SLICE_X63Y40         CARRY4 (Prop_carry4_S[0]_CO[3])
                                                      0.532    70.915 r  ReRamSpm_i/reram_axilite_wrapper_0/inst/u_core/word_arrays[1].word_array_inst/axi_rdata_reg_reg[15]_i_195/CO[3]
                         net (fo=20, routed)          0.941    71.856    ReRamSpm_i/reram_axilite_wrapper_0/inst/u_core/word_arrays[1].word_array_inst/cell_instances[27].cell_inst/CO[0]
    SLICE_X66Y40         LUT3 (Prop_lut3_I1_O)        0.124    71.980 f  ReRamSpm_i/reram_axilite_wrapper_0/inst/u_core/word_arrays[1].word_array_inst/cell_instances[27].cell_inst/axi_rdata_reg[15]_i_361/O
                         net (fo=2, routed)           0.618    72.599    ReRamSpm_i/reram_axilite_wrapper_0/inst/u_core/word_arrays[1].word_array_inst/cell_instances[27].cell_inst/axi_rdata_reg[15]_i_361_n_0
    SLICE_X66Y40         LUT6 (Prop_lut6_I5_O)        0.124    72.723 r  ReRamSpm_i/reram_axilite_wrapper_0/inst/u_core/word_arrays[1].word_array_inst/cell_instances[27].cell_inst/axi_rdata_reg[15]_i_273/O
                         net (fo=1, routed)           0.514    73.236    ReRamSpm_i/reram_axilite_wrapper_0/inst/u_core/word_arrays[1].word_array_inst/cell_instances[27].cell_inst_n_15
    SLICE_X65Y40         CARRY4 (Prop_carry4_DI[0]_CO[3])
                                                      0.526    73.762 r  ReRamSpm_i/reram_axilite_wrapper_0/inst/u_core/word_arrays[1].word_array_inst/axi_rdata_reg_reg[15]_i_194/CO[3]
                         net (fo=8, routed)           0.937    74.699    ReRamSpm_i/reram_axilite_wrapper_0/inst/u_core/word_arrays[1].word_array_inst/cell_instances[27].cell_inst/write_counter_reg[7]_3[0]
    SLICE_X66Y39         LUT5 (Prop_lut5_I1_O)        0.124    74.823 r  ReRamSpm_i/reram_axilite_wrapper_0/inst/u_core/word_arrays[1].word_array_inst/cell_instances[27].cell_inst/axi_rdata_reg[11]_i_44/O
                         net (fo=5, routed)           0.599    75.423    ReRamSpm_i/reram_axilite_wrapper_0/inst/u_core/word_arrays[1].word_array_inst/cell_instances[27].cell_inst/axi_rdata_reg_reg[11]
    SLICE_X65Y39         LUT4 (Prop_lut4_I0_O)        0.124    75.547 r  ReRamSpm_i/reram_axilite_wrapper_0/inst/u_core/word_arrays[1].word_array_inst/cell_instances[27].cell_inst/axi_rdata_reg[15]_i_192/O
                         net (fo=1, routed)           0.000    75.547    ReRamSpm_i/reram_axilite_wrapper_0/inst/u_core/word_arrays[1].word_array_inst/cell_instances[27].cell_inst_n_22
    SLICE_X65Y39         CARRY4 (Prop_carry4_S[1]_CO[3])
                                                      0.550    76.097 r  ReRamSpm_i/reram_axilite_wrapper_0/inst/u_core/word_arrays[1].word_array_inst/axi_rdata_reg_reg[15]_i_103/CO[3]
                         net (fo=20, routed)          0.889    76.986    ReRamSpm_i/reram_axilite_wrapper_0/inst/u_core/word_arrays[1].word_array_inst/cell_instances[29].cell_inst/CO[0]
    SLICE_X66Y39         LUT3 (Prop_lut3_I1_O)        0.124    77.110 f  ReRamSpm_i/reram_axilite_wrapper_0/inst/u_core/word_arrays[1].word_array_inst/cell_instances[29].cell_inst/axi_rdata_reg[15]_i_267/O
                         net (fo=2, routed)           0.428    77.538    ReRamSpm_i/reram_axilite_wrapper_0/inst/u_core/word_arrays[1].word_array_inst/cell_instances[29].cell_inst/axi_rdata_reg[15]_i_267_n_0
    SLICE_X66Y38         LUT6 (Prop_lut6_I5_O)        0.124    77.662 r  ReRamSpm_i/reram_axilite_wrapper_0/inst/u_core/word_arrays[1].word_array_inst/cell_instances[29].cell_inst/axi_rdata_reg[15]_i_179/O
                         net (fo=1, routed)           0.514    78.176    ReRamSpm_i/reram_axilite_wrapper_0/inst/u_core/word_arrays[1].word_array_inst/cell_instances[29].cell_inst_n_13
    SLICE_X65Y38         CARRY4 (Prop_carry4_DI[2]_CO[3])
                                                      0.398    78.574 r  ReRamSpm_i/reram_axilite_wrapper_0/inst/u_core/word_arrays[1].word_array_inst/axi_rdata_reg_reg[15]_i_102/CO[3]
                         net (fo=8, routed)           0.967    79.541    ReRamSpm_i/reram_axilite_wrapper_0/inst/u_core/word_arrays[1].word_array_inst/cell_instances[29].cell_inst/write_counter_reg[7]_3[0]
    SLICE_X66Y38         LUT5 (Prop_lut5_I1_O)        0.124    79.665 r  ReRamSpm_i/reram_axilite_wrapper_0/inst/u_core/word_arrays[1].word_array_inst/cell_instances[29].cell_inst/axi_rdata_reg[11]_i_35/O
                         net (fo=3, routed)           0.580    80.245    ReRamSpm_i/reram_axilite_wrapper_0/inst/u_core/word_arrays[1].word_array_inst/cell_instances[29].cell_inst/axi_rdata_reg_reg[11]
    SLICE_X64Y38         LUT4 (Prop_lut4_I0_O)        0.124    80.369 r  ReRamSpm_i/reram_axilite_wrapper_0/inst/u_core/word_arrays[1].word_array_inst/cell_instances[29].cell_inst/axi_rdata_reg[15]_i_100/O
                         net (fo=1, routed)           0.000    80.369    ReRamSpm_i/reram_axilite_wrapper_0/inst/u_core/word_arrays[1].word_array_inst/cell_instances[29].cell_inst_n_22
    SLICE_X64Y38         CARRY4 (Prop_carry4_S[1]_CO[3])
                                                      0.550    80.919 r  ReRamSpm_i/reram_axilite_wrapper_0/inst/u_core/word_arrays[1].word_array_inst/axi_rdata_reg_reg[15]_i_38/CO[3]
                         net (fo=8, routed)           0.679    81.599    ReRamSpm_i/reram_axilite_wrapper_0/inst/u_core/word_arrays[1].word_array_inst/cell_instances[31].cell_inst/CO[0]
    SLICE_X64Y37         LUT3 (Prop_lut3_I1_O)        0.124    81.723 r  ReRamSpm_i/reram_axilite_wrapper_0/inst/u_core/word_arrays[1].word_array_inst/cell_instances[31].cell_inst/axi_rdata_reg[15]_i_17/O
                         net (fo=1, routed)           0.579    82.302    ReRamSpm_i/reram_axilite_wrapper_0/inst/u_core/word_arrays[13].word_array_inst/cell_instances[31].cell_inst/write_counter_reg[7]_0[7]
    SLICE_X64Y35         LUT6 (Prop_lut6_I5_O)        0.124    82.426 r  ReRamSpm_i/reram_axilite_wrapper_0/inst/u_core/word_arrays[13].word_array_inst/cell_instances[31].cell_inst/axi_rdata_reg[15]_i_6/O
                         net (fo=1, routed)           0.433    82.859    ReRamSpm_i/reram_axilite_wrapper_0/inst/u_core/word_arrays[15].word_array_inst/cell_instances[12].cell_inst/axi_araddr_reg[3]
    SLICE_X64Y35         LUT6 (Prop_lut6_I3_O)        0.124    82.983 r  ReRamSpm_i/reram_axilite_wrapper_0/inst/u_core/word_arrays[15].word_array_inst/cell_instances[12].cell_inst/axi_rdata_reg[15]_i_2/O
                         net (fo=1, routed)           0.584    83.567    ReRamSpm_i/reram_axilite_wrapper_0/inst/u_core/word_arrays[3].word_array_inst/cell_instances[15].cell_inst/axi_araddr_reg[4]_0
    SLICE_X64Y35         LUT5 (Prop_lut5_I0_O)        0.124    83.691 r  ReRamSpm_i/reram_axilite_wrapper_0/inst/u_core/word_arrays[3].word_array_inst/cell_instances[15].cell_inst/axi_rdata_reg[15]_i_1/O
                         net (fo=1, routed)           0.000    83.691    ReRamSpm_i/reram_axilite_wrapper_0/inst/axi_rdata_reg1_in[15]
    SLICE_X64Y35         FDRE                                         r  ReRamSpm_i/reram_axilite_wrapper_0/inst/axi_rdata_reg_reg[15]/D
  -------------------------------------------------------------------    -------------------

                         (clock clk_fpga_0 rise edge)
                                                     20.000    20.000 r  
    PS7_X0Y0             PS7                          0.000    20.000 r  ReRamSpm_i/processing_system7_0/inst/PS7_i/FCLKCLK[0]
                         net (fo=1, routed)           1.088    21.088    ReRamSpm_i/processing_system7_0/inst/FCLK_CLK_unbuffered[0]
    BUFGCTRL_X0Y16       BUFG (Prop_bufg_I_O)         0.091    21.179 r  ReRamSpm_i/processing_system7_0/inst/buffer_fclk_clk_0.FCLK_CLK_0_BUFG/O
                         net (fo=26024, routed)       1.552    22.732    ReRamSpm_i/reram_axilite_wrapper_0/inst/S_AXI_ACLK
    SLICE_X64Y35         FDRE                                         r  ReRamSpm_i/reram_axilite_wrapper_0/inst/axi_rdata_reg_reg[15]/C
                         clock pessimism              0.115    22.846    
                         clock uncertainty           -0.302    22.544    
    SLICE_X64Y35         FDRE (Setup_fdre_C_D)        0.029    22.573    ReRamSpm_i/reram_axilite_wrapper_0/inst/axi_rdata_reg_reg[15]
  -------------------------------------------------------------------
                         required time                         22.573    
                         arrival time                         -83.691    
  -------------------------------------------------------------------
                         slack                                -61.118    

Slack (VIOLATED) :        -61.052ns  (required time - arrival time)
  Source:                 ReRamSpm_i/reram_axilite_wrapper_0/inst/u_core/word_arrays[10].word_array_inst/cell_instances[0].cell_inst/write_counter_reg[5]/C
                            (rising edge-triggered cell FDCE clocked by clk_fpga_0  {rise@0.000ns fall@10.000ns period=20.000ns})
  Destination:            ReRamSpm_i/reram_axilite_wrapper_0/inst/axi_rdata_reg_reg[23]/D
                            (rising edge-triggered cell FDRE clocked by clk_fpga_0  {rise@0.000ns fall@10.000ns period=20.000ns})
  Path Group:             clk_fpga_0
  Path Type:              Setup (Max at Slow Process Corner)
  Requirement:            20.000ns  (clk_fpga_0 rise@20.000ns - clk_fpga_0 rise@0.000ns)
  Data Path Delay:        80.575ns  (logic 23.083ns (28.648%)  route 57.492ns (71.352%))
  Logic Levels:           96  (CARRY4=31 LUT3=16 LUT4=16 LUT5=16 LUT6=17)
  Clock Path Skew:        -0.204ns (DCD - SCD + CPR)
    Destination Clock Delay (DCD):    2.714ns = ( 22.714 - 20.000 ) 
    Source Clock Delay      (SCD):    3.033ns
    Clock Pessimism Removal (CPR):    0.115ns
  Clock Uncertainty:      0.302ns  ((TSJ^2 + TIJ^2)^1/2 + DJ) / 2 + PE
    Total System Jitter     (TSJ):    0.071ns
    Total Input Jitter      (TIJ):    0.600ns
    Discrete Jitter          (DJ):    0.000ns
    Phase Error              (PE):    0.000ns

    Location             Delay type                Incr(ns)  Path(ns)    Netlist Resource(s)
  -------------------------------------------------------------------    -------------------
                         (clock clk_fpga_0 rise edge)
                                                      0.000     0.000 r  
    PS7_X0Y0             PS7                          0.000     0.000 r  ReRamSpm_i/processing_system7_0/inst/PS7_i/FCLKCLK[0]
                         net (fo=1, routed)           1.193     1.193    ReRamSpm_i/processing_system7_0/inst/FCLK_CLK_unbuffered[0]
    BUFGCTRL_X0Y16       BUFG (Prop_bufg_I_O)         0.101     1.294 r  ReRamSpm_i/processing_system7_0/inst/buffer_fclk_clk_0.FCLK_CLK_0_BUFG/O
                         net (fo=26024, routed)       1.739     3.033    ReRamSpm_i/reram_axilite_wrapper_0/inst/u_core/word_arrays[10].word_array_inst/cell_instances[0].cell_inst/S_AXI_ACLK
    SLICE_X89Y45         FDCE                                         r  ReRamSpm_i/reram_axilite_wrapper_0/inst/u_core/word_arrays[10].word_array_inst/cell_instances[0].cell_inst/write_counter_reg[5]/C
  -------------------------------------------------------------------    -------------------
    SLICE_X89Y45         FDCE (Prop_fdce_C_Q)         0.456     3.489 r  ReRamSpm_i/reram_axilite_wrapper_0/inst/u_core/word_arrays[10].word_array_inst/cell_instances[0].cell_inst/write_counter_reg[5]/Q
                         net (fo=9, routed)           1.057     4.546    ReRamSpm_i/reram_axilite_wrapper_0/inst/u_core/word_arrays[10].word_array_inst/cell_instances[0].cell_inst/write_cycles[5]
    SLICE_X88Y44         LUT4 (Prop_lut4_I0_O)        0.124     4.670 r  ReRamSpm_i/reram_axilite_wrapper_0/inst/u_core/word_arrays[10].word_array_inst/cell_instances[0].cell_inst/axi_rdata_reg[23]_i_1483/O
                         net (fo=1, routed)           0.000     4.670    ReRamSpm_i/reram_axilite_wrapper_0/inst/u_core/word_arrays[10].word_array_inst/cell_instances[0].cell_inst_n_3
    SLICE_X88Y44         CARRY4 (Prop_carry4_S[2]_CO[3])
                                                      0.398     5.068 r  ReRamSpm_i/reram_axilite_wrapper_0/inst/u_core/word_arrays[10].word_array_inst/axi_rdata_reg_reg[23]_i_1385/CO[3]
                         net (fo=24, routed)          0.861     5.930    ReRamSpm_i/reram_axilite_wrapper_0/inst/u_core/word_arrays[10].word_array_inst/cell_instances[1].cell_inst/CO[0]
    SLICE_X84Y44         LUT3 (Prop_lut3_I1_O)        0.124     6.054 f  ReRamSpm_i/reram_axilite_wrapper_0/inst/u_core/word_arrays[10].word_array_inst/cell_instances[1].cell_inst/axi_rdata_reg[23]_i_1543/O
                         net (fo=1, routed)           0.622     6.676    ReRamSpm_i/reram_axilite_wrapper_0/inst/u_core/word_arrays[10].word_array_inst/cell_instances[1].cell_inst/axi_rdata_reg[23]_i_1543_n_0
    SLICE_X84Y44         LUT6 (Prop_lut6_I1_O)        0.124     6.800 r  ReRamSpm_i/reram_axilite_wrapper_0/inst/u_core/word_arrays[10].word_array_inst/cell_instances[1].cell_inst/axi_rdata_reg[23]_i_1471/O
                         net (fo=1, routed)           0.634     7.434    ReRamSpm_i/reram_axilite_wrapper_0/inst/u_core/word_arrays[10].word_array_inst/cell_instances[1].cell_inst_n_13
    SLICE_X87Y44         CARRY4 (Prop_carry4_DI[2]_CO[3])
                                                      0.398     7.832 r  ReRamSpm_i/reram_axilite_wrapper_0/inst/u_core/word_arrays[10].word_array_inst/axi_rdata_reg_reg[23]_i_1384/CO[3]
                         net (fo=8, routed)           1.070     8.902    ReRamSpm_i/reram_axilite_wrapper_0/inst/u_core/word_arrays[10].word_array_inst/cell_instances[1].cell_inst/write_counter_reg[7]_3[0]
    SLICE_X85Y44         LUT5 (Prop_lut5_I1_O)        0.124     9.026 r  ReRamSpm_i/reram_axilite_wrapper_0/inst/u_core/word_arrays[10].word_array_inst/cell_instances[1].cell_inst/axi_rdata_reg[23]_i_1279/O
                         net (fo=5, routed)           0.734     9.760    ReRamSpm_i/reram_axilite_wrapper_0/inst/u_core/word_arrays[10].word_array_inst/cell_instances[1].cell_inst/axi_rdata_reg_reg[23]
    SLICE_X86Y46         LUT4 (Prop_lut4_I0_O)        0.124     9.884 r  ReRamSpm_i/reram_axilite_wrapper_0/inst/u_core/word_arrays[10].word_array_inst/cell_instances[1].cell_inst/axi_rdata_reg[23]_i_1380/O
                         net (fo=1, routed)           0.000     9.884    ReRamSpm_i/reram_axilite_wrapper_0/inst/u_core/word_arrays[10].word_array_inst/cell_instances[1].cell_inst_n_20
    SLICE_X86Y46         CARRY4 (Prop_carry4_S[3]_CO[3])
                                                      0.376    10.260 r  ReRamSpm_i/reram_axilite_wrapper_0/inst/u_core/word_arrays[10].word_array_inst/axi_rdata_reg_reg[23]_i_1278/CO[3]
                         net (fo=24, routed)          1.013    11.272    ReRamSpm_i/reram_axilite_wrapper_0/inst/u_core/word_arrays[10].word_array_inst/cell_instances[3].cell_inst/CO[0]
    SLICE_X86Y49         LUT3 (Prop_lut3_I1_O)        0.124    11.396 f  ReRamSpm_i/reram_axilite_wrapper_0/inst/u_core/word_arrays[10].word_array_inst/cell_instances[3].cell_inst/axi_rdata_reg[23]_i_1462/O
                         net (fo=1, routed)           0.416    11.813    ReRamSpm_i/reram_axilite_wrapper_0/inst/u_core/word_arrays[10].word_array_inst/cell_instances[3].cell_inst/axi_rdata_reg[23]_i_1462_n_0
    SLICE_X86Y48         LUT6 (Prop_lut6_I1_O)        0.124    11.937 r  ReRamSpm_i/reram_axilite_wrapper_0/inst/u_core/word_arrays[10].word_array_inst/cell_instances[3].cell_inst/axi_rdata_reg[23]_i_1368/O
                         net (fo=1, routed)           0.379    12.316    ReRamSpm_i/reram_axilite_wrapper_0/inst/u_core/word_arrays[10].word_array_inst/cell_instances[3].cell_inst_n_12
    SLICE_X86Y47         CARRY4 (Prop_carry4_DI[3]_CO[3])
                                                      0.396    12.712 r  ReRamSpm_i/reram_axilite_wrapper_0/inst/u_core/word_arrays[10].word_array_inst/axi_rdata_reg_reg[23]_i_1277/CO[3]
                         net (fo=8, routed)           0.932    13.644    ReRamSpm_i/reram_axilite_wrapper_0/inst/u_core/word_arrays[10].word_array_inst/cell_instances[3].cell_inst/write_counter_reg[7]_2[0]
    SLICE_X88Y47         LUT5 (Prop_lut5_I1_O)        0.124    13.768 r  ReRamSpm_i/reram_axilite_wrapper_0/inst/u_core/word_arrays[10].word_array_inst/cell_instances[3].cell_inst/axi_rdata_reg[17]_i_107/O
                         net (fo=5, routed)           0.839    14.608    ReRamSpm_i/reram_axilite_wrapper_0/inst/u_core/word_arrays[10].word_array_inst/cell_instances[3].cell_inst/axi_rdata_reg_reg[17]_1
    SLICE_X89Y49         LUT4 (Prop_lut4_I0_O)        0.124    14.732 r  ReRamSpm_i/reram_axilite_wrapper_0/inst/u_core/word_arrays[10].word_array_inst/cell_instances[3].cell_inst/axi_rdata_reg[23]_i_1276/O
                         net (fo=1, routed)           0.000    14.732    ReRamSpm_i/reram_axilite_wrapper_0/inst/u_core/word_arrays[10].word_array_inst/cell_instances[3].cell_inst_n_23
    SLICE_X89Y49         CARRY4 (Prop_carry4_S[0]_CO[3])
                                                      0.532    15.264 r  ReRamSpm_i/reram_axilite_wrapper_0/inst/u_core/word_arrays[10].word_array_inst/axi_rdata_reg_reg[23]_i_1170/CO[3]
                         net (fo=24, routed)          1.003    16.267    ReRamSpm_i/reram_axilite_wrapper_0/inst/u_core/word_arrays[10].word_array_inst/cell_instances[5].cell_inst/CO[0]
    SLICE_X87Y49         LUT3 (Prop_lut3_I1_O)        0.124    16.391 f  ReRamSpm_i/reram_axilite_wrapper_0/inst/u_core/word_arrays[10].word_array_inst/cell_instances[5].cell_inst/axi_rdata_reg[23]_i_1362/O
                         net (fo=1, routed)           0.154    16.545    ReRamSpm_i/reram_axilite_wrapper_0/inst/u_core/word_arrays[10].word_array_inst/cell_instances[5].cell_inst/axi_rdata_reg[23]_i_1362_n_0
    SLICE_X87Y49         LUT6 (Prop_lut6_I1_O)        0.124    16.669 r  ReRamSpm_i/reram_axilite_wrapper_0/inst/u_core/word_arrays[10].word_array_inst/cell_instances[5].cell_inst/axi_rdata_reg[23]_i_1263/O
                         net (fo=1, routed)           0.772    17.441    ReRamSpm_i/reram_axilite_wrapper_0/inst/u_core/word_arrays[10].word_array_inst/cell_instances[5].cell_inst_n_14
    SLICE_X89Y50         CARRY4 (Prop_carry4_DI[1]_CO[3])
                                                      0.507    17.948 r  ReRamSpm_i/reram_axilite_wrapper_0/inst/u_core/word_arrays[10].word_array_inst/axi_rdata_reg_reg[23]_i_1169/CO[3]
                         net (fo=8, routed)           0.974    18.922    ReRamSpm_i/reram_axilite_wrapper_0/inst/u_core/word_arrays[10].word_array_inst/cell_instances[5].cell_inst/write_counter_reg[7]_2[0]
    SLICE_X87Y50         LUT5 (Prop_lut5_I1_O)        0.124    19.046 r  ReRamSpm_i/reram_axilite_wrapper_0/inst/u_core/word_arrays[10].word_array_inst/cell_instances[5].cell_inst/axi_rdata_reg[19]_i_103/O
                         net (fo=5, routed)           0.644    19.690    ReRamSpm_i/reram_axilite_wrapper_0/inst/u_core/word_arrays[10].word_array_inst/cell_instances[5].cell_inst/axi_rdata_reg_reg[19]
    SLICE_X87Y51         LUT4 (Prop_lut4_I0_O)        0.124    19.814 r  ReRamSpm_i/reram_axilite_wrapper_0/inst/u_core/word_arrays[10].word_array_inst/cell_instances[5].cell_inst/axi_rdata_reg[23]_i_1167/O
                         net (fo=1, routed)           0.000    19.814    ReRamSpm_i/reram_axilite_wrapper_0/inst/u_core/word_arrays[10].word_array_inst/cell_instances[5].cell_inst_n_22
    SLICE_X87Y51         CARRY4 (Prop_carry4_S[1]_CO[3])
                                                      0.550    20.364 r  ReRamSpm_i/reram_axilite_wrapper_0/inst/u_core/word_arrays[10].word_array_inst/axi_rdata_reg_reg[23]_i_1062/CO[3]
                         net (fo=24, routed)          0.767    21.131    ReRamSpm_i/reram_axilite_wrapper_0/inst/u_core/word_arrays[10].word_array_inst/cell_instances[7].cell_inst/CO[0]
    SLICE_X86Y51         LUT3 (Prop_lut3_I1_O)        0.124    21.255 f  ReRamSpm_i/reram_axilite_wrapper_0/inst/u_core/word_arrays[10].word_array_inst/cell_instances[7].cell_inst/axi_rdata_reg[23]_i_1255/O
                         net (fo=1, routed)           0.286    21.541    ReRamSpm_i/reram_axilite_wrapper_0/inst/u_core/word_arrays[10].word_array_inst/cell_instances[7].cell_inst/axi_rdata_reg[23]_i_1255_n_0
    SLICE_X86Y51         LUT6 (Prop_lut6_I1_O)        0.124    21.665 r  ReRamSpm_i/reram_axilite_wrapper_0/inst/u_core/word_arrays[10].word_array_inst/cell_instances[7].cell_inst/axi_rdata_reg[23]_i_1155/O
                         net (fo=1, routed)           0.807    22.473    ReRamSpm_i/reram_axilite_wrapper_0/inst/u_core/word_arrays[10].word_array_inst/cell_instances[7].cell_inst_n_14
    SLICE_X87Y53         CARRY4 (Prop_carry4_DI[1]_CO[3])
                                                      0.507    22.980 r  ReRamSpm_i/reram_axilite_wrapper_0/inst/u_core/word_arrays[10].word_array_inst/axi_rdata_reg_reg[23]_i_1061/CO[3]
                         net (fo=8, routed)           0.993    23.973    ReRamSpm_i/reram_axilite_wrapper_0/inst/u_core/word_arrays[10].word_array_inst/cell_instances[7].cell_inst/write_counter_reg[7]_2[0]
    SLICE_X87Y54         LUT5 (Prop_lut5_I1_O)        0.124    24.097 r  ReRamSpm_i/reram_axilite_wrapper_0/inst/u_core/word_arrays[10].word_array_inst/cell_instances[7].cell_inst/axi_rdata_reg[16]_i_99/O
                         net (fo=5, routed)           0.767    24.864    ReRamSpm_i/reram_axilite_wrapper_0/inst/u_core/word_arrays[10].word_array_inst/cell_instances[7].cell_inst/axi_rdata_reg_reg[16]
    SLICE_X88Y52         LUT4 (Prop_lut4_I2_O)        0.124    24.988 r  ReRamSpm_i/reram_axilite_wrapper_0/inst/u_core/word_arrays[10].word_array_inst/cell_instances[7].cell_inst/axi_rdata_reg[23]_i_1060/O
                         net (fo=1, routed)           0.000    24.988    ReRamSpm_i/reram_axilite_wrapper_0/inst/u_core/word_arrays[10].word_array_inst/cell_instances[7].cell_inst_n_23
    SLICE_X88Y52         CARRY4 (Prop_carry4_S[0]_CO[3])
                                                      0.532    25.520 r  ReRamSpm_i/reram_axilite_wrapper_0/inst/u_core/word_arrays[10].word_array_inst/axi_rdata_reg_reg[23]_i_962/CO[3]
                         net (fo=24, routed)          1.017    26.536    ReRamSpm_i/reram_axilite_wrapper_0/inst/u_core/word_arrays[10].word_array_inst/cell_instances[9].cell_inst/CO[0]
    SLICE_X88Y54         LUT3 (Prop_lut3_I1_O)        0.124    26.660 f  ReRamSpm_i/reram_axilite_wrapper_0/inst/u_core/word_arrays[10].word_array_inst/cell_instances[9].cell_inst/axi_rdata_reg[23]_i_1145/O
                         net (fo=1, routed)           0.303    26.963    ReRamSpm_i/reram_axilite_wrapper_0/inst/u_core/word_arrays[10].word_array_inst/cell_instances[9].cell_inst/axi_rdata_reg[23]_i_1145_n_0
    SLICE_X88Y53         LUT6 (Prop_lut6_I1_O)        0.124    27.087 r  ReRamSpm_i/reram_axilite_wrapper_0/inst/u_core/word_arrays[10].word_array_inst/cell_instances[9].cell_inst/axi_rdata_reg[23]_i_1045/O
                         net (fo=1, routed)           0.520    27.608    ReRamSpm_i/reram_axilite_wrapper_0/inst/u_core/word_arrays[10].word_array_inst/cell_instances[9].cell_inst_n_12
    SLICE_X89Y53         CARRY4 (Prop_carry4_DI[3]_CO[3])
                                                      0.385    27.993 r  ReRamSpm_i/reram_axilite_wrapper_0/inst/u_core/word_arrays[10].word_array_inst/axi_rdata_reg_reg[23]_i_961/CO[3]
                         net (fo=8, routed)           1.007    29.000    ReRamSpm_i/reram_axilite_wrapper_0/inst/u_core/word_arrays[10].word_array_inst/cell_instances[9].cell_inst/write_counter_reg[7]_2[0]
    SLICE_X90Y52         LUT5 (Prop_lut5_I1_O)        0.124    29.124 r  ReRamSpm_i/reram_axilite_wrapper_0/inst/u_core/word_arrays[10].word_array_inst/cell_instances[9].cell_inst/axi_rdata_reg[17]_i_95/O
                         net (fo=5, routed)           0.707    29.831    ReRamSpm_i/reram_axilite_wrapper_0/inst/u_core/word_arrays[10].word_array_inst/cell_instances[9].cell_inst/axi_rdata_reg_reg[17]_1
    SLICE_X92Y51         LUT4 (Prop_lut4_I0_O)        0.124    29.955 r  ReRamSpm_i/reram_axilite_wrapper_0/inst/u_core/word_arrays[10].word_array_inst/cell_instances[9].cell_inst/axi_rdata_reg[23]_i_960/O
                         net (fo=1, routed)           0.000    29.955    ReRamSpm_i/reram_axilite_wrapper_0/inst/u_core/word_arrays[10].word_array_inst/cell_instances[9].cell_inst_n_23
    SLICE_X92Y51         CARRY4 (Prop_carry4_S[0]_CO[3])
                                                      0.513    30.468 r  ReRamSpm_i/reram_axilite_wrapper_0/inst/u_core/word_arrays[10].word_array_inst/axi_rdata_reg_reg[23]_i_870/CO[3]
                         net (fo=24, routed)          1.168    31.636    ReRamSpm_i/reram_axilite_wrapper_0/inst/u_core/word_arrays[10].word_array_inst/cell_instances[11].cell_inst/CO[0]
    SLICE_X92Y48         LUT3 (Prop_lut3_I1_O)        0.124    31.760 f  ReRamSpm_i/reram_axilite_wrapper_0/inst/u_core/word_arrays[10].word_array_inst/cell_instances[11].cell_inst/axi_rdata_reg[23]_i_1037/O
                         net (fo=1, routed)           0.315    32.076    ReRamSpm_i/reram_axilite_wrapper_0/inst/u_core/word_arrays[10].word_array_inst/cell_instances[11].cell_inst/axi_rdata_reg[23]_i_1037_n_0
    SLICE_X92Y50         LUT6 (Prop_lut6_I1_O)        0.124    32.200 r  ReRamSpm_i/reram_axilite_wrapper_0/inst/u_core/word_arrays[10].word_array_inst/cell_instances[11].cell_inst/axi_rdata_reg[23]_i_945/O
                         net (fo=1, routed)           0.339    32.539    ReRamSpm_i/reram_axilite_wrapper_0/inst/u_core/word_arrays[10].word_array_inst/cell_instances[11].cell_inst_n_12
    SLICE_X91Y50         CARRY4 (Prop_carry4_DI[3]_CO[3])
                                                      0.385    32.924 r  ReRamSpm_i/reram_axilite_wrapper_0/inst/u_core/word_arrays[10].word_array_inst/axi_rdata_reg_reg[23]_i_869/CO[3]
                         net (fo=8, routed)           0.929    33.853    ReRamSpm_i/reram_axilite_wrapper_0/inst/u_core/word_arrays[10].word_array_inst/cell_instances[11].cell_inst/write_counter_reg[7]_2[0]
    SLICE_X91Y51         LUT5 (Prop_lut5_I1_O)        0.124    33.977 r  ReRamSpm_i/reram_axilite_wrapper_0/inst/u_core/word_arrays[10].word_array_inst/cell_instances[11].cell_inst/axi_rdata_reg[19]_i_91/O
                         net (fo=5, routed)           0.769    34.746    ReRamSpm_i/reram_axilite_wrapper_0/inst/u_core/word_arrays[10].word_array_inst/cell_instances[11].cell_inst/axi_rdata_reg_reg[19]
    SLICE_X90Y53         LUT4 (Prop_lut4_I0_O)        0.124    34.870 r  ReRamSpm_i/reram_axilite_wrapper_0/inst/u_core/word_arrays[10].word_array_inst/cell_instances[11].cell_inst/axi_rdata_reg[23]_i_867/O
                         net (fo=1, routed)           0.000    34.870    ReRamSpm_i/reram_axilite_wrapper_0/inst/u_core/word_arrays[10].word_array_inst/cell_instances[11].cell_inst_n_22
    SLICE_X90Y53         CARRY4 (Prop_carry4_S[1]_CO[3])
                                                      0.533    35.403 r  ReRamSpm_i/reram_axilite_wrapper_0/inst/u_core/word_arrays[10].word_array_inst/axi_rdata_reg_reg[23]_i_778/CO[3]
                         net (fo=20, routed)          1.044    36.446    ReRamSpm_i/reram_axilite_wrapper_0/inst/u_core/word_arrays[10].word_array_inst/cell_instances[13].cell_inst/CO[0]
    SLICE_X91Y53         LUT3 (Prop_lut3_I1_O)        0.124    36.570 f  ReRamSpm_i/reram_axilite_wrapper_0/inst/u_core/word_arrays[10].word_array_inst/cell_instances[13].cell_inst/axi_rdata_reg[23]_i_944/O
                         net (fo=2, routed)           0.419    36.989    ReRamSpm_i/reram_axilite_wrapper_0/inst/u_core/word_arrays[10].word_array_inst/cell_instances[13].cell_inst/axi_rdata_reg[23]_i_944_n_0
    SLICE_X91Y53         LUT6 (Prop_lut6_I5_O)        0.124    37.113 r  ReRamSpm_i/reram_axilite_wrapper_0/inst/u_core/word_arrays[10].word_array_inst/cell_instances[13].cell_inst/axi_rdata_reg[23]_i_856/O
                         net (fo=1, routed)           0.471    37.584    ReRamSpm_i/reram_axilite_wrapper_0/inst/u_core/word_arrays[10].word_array_inst/cell_instances[13].cell_inst_n_15
    SLICE_X91Y54         CARRY4 (Prop_carry4_DI[0]_CO[3])
                                                      0.526    38.110 r  ReRamSpm_i/reram_axilite_wrapper_0/inst/u_core/word_arrays[10].word_array_inst/axi_rdata_reg_reg[23]_i_777/CO[3]
                         net (fo=8, routed)           0.981    39.091    ReRamSpm_i/reram_axilite_wrapper_0/inst/u_core/word_arrays[10].word_array_inst/cell_instances[13].cell_inst/write_counter_reg[7]_3[0]
    SLICE_X90Y55         LUT5 (Prop_lut5_I1_O)        0.124    39.215 r  ReRamSpm_i/reram_axilite_wrapper_0/inst/u_core/word_arrays[10].word_array_inst/cell_instances[13].cell_inst/axi_rdata_reg[19]_i_87/O
                         net (fo=5, routed)           0.833    40.048    ReRamSpm_i/reram_axilite_wrapper_0/inst/u_core/word_arrays[10].word_array_inst/cell_instances[13].cell_inst/axi_rdata_reg_reg[19]
    SLICE_X89Y56         LUT4 (Prop_lut4_I0_O)        0.124    40.172 r  ReRamSpm_i/reram_axilite_wrapper_0/inst/u_core/word_arrays[10].word_array_inst/cell_instances[13].cell_inst/axi_rdata_reg[23]_i_775/O
                         net (fo=1, routed)           0.000    40.172    ReRamSpm_i/reram_axilite_wrapper_0/inst/u_core/word_arrays[10].word_array_inst/cell_instances[13].cell_inst_n_22
    SLICE_X89Y56         CARRY4 (Prop_carry4_S[1]_CO[3])
                                                      0.550    40.722 r  ReRamSpm_i/reram_axilite_wrapper_0/inst/u_core/word_arrays[10].word_array_inst/axi_rdata_reg_reg[23]_i_686/CO[3]
                         net (fo=20, routed)          0.743    41.465    ReRamSpm_i/reram_axilite_wrapper_0/inst/u_core/word_arrays[10].word_array_inst/cell_instances[15].cell_inst/CO[0]
    SLICE_X88Y57         LUT3 (Prop_lut3_I1_O)        0.124    41.589 f  ReRamSpm_i/reram_axilite_wrapper_0/inst/u_core/word_arrays[10].word_array_inst/cell_instances[15].cell_inst/axi_rdata_reg[23]_i_852/O
                         net (fo=2, routed)           0.563    42.152    ReRamSpm_i/reram_axilite_wrapper_0/inst/u_core/word_arrays[10].word_array_inst/cell_instances[15].cell_inst/axi_rdata_reg[23]_i_852_n_0
    SLICE_X89Y55         LUT6 (Prop_lut6_I5_O)        0.124    42.276 r  ReRamSpm_i/reram_axilite_wrapper_0/inst/u_core/word_arrays[10].word_array_inst/cell_instances[15].cell_inst/axi_rdata_reg[23]_i_764/O
                         net (fo=1, routed)           0.574    42.851    ReRamSpm_i/reram_axilite_wrapper_0/inst/u_core/word_arrays[10].word_array_inst/cell_instances[15].cell_inst_n_15
    SLICE_X88Y55         CARRY4 (Prop_carry4_DI[0]_CO[3])
                                                      0.526    43.377 r  ReRamSpm_i/reram_axilite_wrapper_0/inst/u_core/word_arrays[10].word_array_inst/axi_rdata_reg_reg[23]_i_685/CO[3]
                         net (fo=8, routed)           0.945    44.321    ReRamSpm_i/reram_axilite_wrapper_0/inst/u_core/word_arrays[10].word_array_inst/cell_instances[15].cell_inst/write_counter_reg[7]_3[0]
    SLICE_X88Y56         LUT5 (Prop_lut5_I1_O)        0.124    44.445 r  ReRamSpm_i/reram_axilite_wrapper_0/inst/u_core/word_arrays[10].word_array_inst/cell_instances[15].cell_inst/axi_rdata_reg[21]_i_83/O
                         net (fo=5, routed)           0.871    45.316    ReRamSpm_i/reram_axilite_wrapper_0/inst/u_core/word_arrays[10].word_array_inst/cell_instances[15].cell_inst/axi_rdata_reg_reg[21]
    SLICE_X87Y59         LUT4 (Prop_lut4_I0_O)        0.124    45.440 r  ReRamSpm_i/reram_axilite_wrapper_0/inst/u_core/word_arrays[10].word_array_inst/cell_instances[15].cell_inst/axi_rdata_reg[23]_i_682/O
                         net (fo=1, routed)           0.000    45.440    ReRamSpm_i/reram_axilite_wrapper_0/inst/u_core/word_arrays[10].word_array_inst/cell_instances[15].cell_inst_n_21
    SLICE_X87Y59         CARRY4 (Prop_carry4_S[2]_CO[3])
                                                      0.398    45.838 r  ReRamSpm_i/reram_axilite_wrapper_0/inst/u_core/word_arrays[10].word_array_inst/axi_rdata_reg_reg[23]_i_594/CO[3]
                         net (fo=20, routed)          0.817    46.655    ReRamSpm_i/reram_axilite_wrapper_0/inst/u_core/word_arrays[10].word_array_inst/cell_instances[17].cell_inst/CO[0]
    SLICE_X86Y60         LUT3 (Prop_lut3_I1_O)        0.124    46.779 f  ReRamSpm_i/reram_axilite_wrapper_0/inst/u_core/word_arrays[10].word_array_inst/cell_instances[17].cell_inst/axi_rdata_reg[23]_i_759/O
                         net (fo=2, routed)           0.407    47.186    ReRamSpm_i/reram_axilite_wrapper_0/inst/u_core/word_arrays[10].word_array_inst/cell_instances[17].cell_inst/axi_rdata_reg[23]_i_759_n_0
    SLICE_X89Y60         LUT6 (Prop_lut6_I5_O)        0.124    47.310 r  ReRamSpm_i/reram_axilite_wrapper_0/inst/u_core/word_arrays[10].word_array_inst/cell_instances[17].cell_inst/axi_rdata_reg[23]_i_671/O
                         net (fo=1, routed)           0.706    48.016    ReRamSpm_i/reram_axilite_wrapper_0/inst/u_core/word_arrays[10].word_array_inst/cell_instances[17].cell_inst_n_14
    SLICE_X90Y60         CARRY4 (Prop_carry4_DI[1]_CO[3])
                                                      0.520    48.536 r  ReRamSpm_i/reram_axilite_wrapper_0/inst/u_core/word_arrays[10].word_array_inst/axi_rdata_reg_reg[23]_i_593/CO[3]
                         net (fo=8, routed)           0.864    49.400    ReRamSpm_i/reram_axilite_wrapper_0/inst/u_core/word_arrays[10].word_array_inst/cell_instances[17].cell_inst/write_counter_reg[7]_3[0]
    SLICE_X89Y60         LUT5 (Prop_lut5_I1_O)        0.124    49.524 r  ReRamSpm_i/reram_axilite_wrapper_0/inst/u_core/word_arrays[10].word_array_inst/cell_instances[17].cell_inst/axi_rdata_reg[21]_i_79/O
                         net (fo=5, routed)           0.935    50.459    ReRamSpm_i/reram_axilite_wrapper_0/inst/u_core/word_arrays[10].word_array_inst/cell_instances[17].cell_inst/axi_rdata_reg_reg[21]
    SLICE_X88Y63         LUT4 (Prop_lut4_I0_O)        0.124    50.583 r  ReRamSpm_i/reram_axilite_wrapper_0/inst/u_core/word_arrays[10].word_array_inst/cell_instances[17].cell_inst/axi_rdata_reg[23]_i_590/O
                         net (fo=1, routed)           0.000    50.583    ReRamSpm_i/reram_axilite_wrapper_0/inst/u_core/word_arrays[10].word_array_inst/cell_instances[17].cell_inst_n_21
    SLICE_X88Y63         CARRY4 (Prop_carry4_S[2]_CO[3])
                                                      0.398    50.981 r  ReRamSpm_i/reram_axilite_wrapper_0/inst/u_core/word_arrays[10].word_array_inst/axi_rdata_reg_reg[23]_i_502/CO[3]
                         net (fo=20, routed)          0.873    51.854    ReRamSpm_i/reram_axilite_wrapper_0/inst/u_core/word_arrays[10].word_array_inst/cell_instances[19].cell_inst/CO[0]
    SLICE_X88Y64         LUT3 (Prop_lut3_I1_O)        0.124    51.978 f  ReRamSpm_i/reram_axilite_wrapper_0/inst/u_core/word_arrays[10].word_array_inst/cell_instances[19].cell_inst/axi_rdata_reg[23]_i_668/O
                         net (fo=2, routed)           0.502    52.480    ReRamSpm_i/reram_axilite_wrapper_0/inst/u_core/word_arrays[10].word_array_inst/cell_instances[19].cell_inst/axi_rdata_reg[23]_i_668_n_0
    SLICE_X88Y64         LUT6 (Prop_lut6_I5_O)        0.124    52.604 r  ReRamSpm_i/reram_axilite_wrapper_0/inst/u_core/word_arrays[10].word_array_inst/cell_instances[19].cell_inst/axi_rdata_reg[23]_i_580/O
                         net (fo=1, routed)           0.330    52.934    ReRamSpm_i/reram_axilite_wrapper_0/inst/u_core/word_arrays[10].word_array_inst/cell_instances[19].cell_inst_n_15
    SLICE_X89Y63         CARRY4 (Prop_carry4_DI[0]_CO[3])
                                                      0.526    53.460 r  ReRamSpm_i/reram_axilite_wrapper_0/inst/u_core/word_arrays[10].word_array_inst/axi_rdata_reg_reg[23]_i_501/CO[3]
                         net (fo=8, routed)           0.785    54.245    ReRamSpm_i/reram_axilite_wrapper_0/inst/u_core/word_arrays[10].word_array_inst/cell_instances[19].cell_inst/write_counter_reg[7]_3[0]
    SLICE_X90Y63         LUT5 (Prop_lut5_I1_O)        0.124    54.369 r  ReRamSpm_i/reram_axilite_wrapper_0/inst/u_core/word_arrays[10].word_array_inst/cell_instances[19].cell_inst/axi_rdata_reg[19]_i_75/O
                         net (fo=5, routed)           0.769    55.138    ReRamSpm_i/reram_axilite_wrapper_0/inst/u_core/word_arrays[10].word_array_inst/cell_instances[19].cell_inst/axi_rdata_reg_reg[19]
    SLICE_X89Y64         LUT4 (Prop_lut4_I0_O)        0.124    55.262 r  ReRamSpm_i/reram_axilite_wrapper_0/inst/u_core/word_arrays[10].word_array_inst/cell_instances[19].cell_inst/axi_rdata_reg[23]_i_499/O
                         net (fo=1, routed)           0.000    55.262    ReRamSpm_i/reram_axilite_wrapper_0/inst/u_core/word_arrays[10].word_array_inst/cell_instances[19].cell_inst_n_22
    SLICE_X89Y64         CARRY4 (Prop_carry4_S[1]_CO[3])
                                                      0.550    55.812 r  ReRamSpm_i/reram_axilite_wrapper_0/inst/u_core/word_arrays[10].word_array_inst/axi_rdata_reg_reg[23]_i_410/CO[3]
                         net (fo=20, routed)          0.988    56.800    ReRamSpm_i/reram_axilite_wrapper_0/inst/u_core/word_arrays[10].word_array_inst/cell_instances[21].cell_inst/CO[0]
    SLICE_X88Y66         LUT3 (Prop_lut3_I1_O)        0.124    56.924 f  ReRamSpm_i/reram_axilite_wrapper_0/inst/u_core/word_arrays[10].word_array_inst/cell_instances[21].cell_inst/axi_rdata_reg[23]_i_575/O
                         net (fo=2, routed)           0.634    57.558    ReRamSpm_i/reram_axilite_wrapper_0/inst/u_core/word_arrays[10].word_array_inst/cell_instances[21].cell_inst/axi_rdata_reg[23]_i_575_n_0
    SLICE_X88Y66         LUT6 (Prop_lut6_I5_O)        0.124    57.682 r  ReRamSpm_i/reram_axilite_wrapper_0/inst/u_core/word_arrays[10].word_array_inst/cell_instances[21].cell_inst/axi_rdata_reg[23]_i_487/O
                         net (fo=1, routed)           0.331    58.013    ReRamSpm_i/reram_axilite_wrapper_0/inst/u_core/word_arrays[10].word_array_inst/cell_instances[21].cell_inst_n_14
    SLICE_X88Y65         CARRY4 (Prop_carry4_DI[1]_CO[3])
                                                      0.507    58.520 r  ReRamSpm_i/reram_axilite_wrapper_0/inst/u_core/word_arrays[10].word_array_inst/axi_rdata_reg_reg[23]_i_409/CO[3]
                         net (fo=8, routed)           0.992    59.512    ReRamSpm_i/reram_axilite_wrapper_0/inst/u_core/word_arrays[10].word_array_inst/cell_instances[21].cell_inst/write_counter_reg[7]_3[0]
    SLICE_X89Y65         LUT5 (Prop_lut5_I1_O)        0.124    59.636 r  ReRamSpm_i/reram_axilite_wrapper_0/inst/u_core/word_arrays[10].word_array_inst/cell_instances[21].cell_inst/axi_rdata_reg[23]_i_319/O
                         net (fo=5, routed)           0.942    60.578    ReRamSpm_i/reram_axilite_wrapper_0/inst/u_core/word_arrays[10].word_array_inst/cell_instances[21].cell_inst/axi_rdata_reg_reg[23]
    SLICE_X90Y66         LUT4 (Prop_lut4_I0_O)        0.124    60.702 r  ReRamSpm_i/reram_axilite_wrapper_0/inst/u_core/word_arrays[10].word_array_inst/cell_instances[21].cell_inst/axi_rdata_reg[23]_i_405/O
                         net (fo=1, routed)           0.000    60.702    ReRamSpm_i/reram_axilite_wrapper_0/inst/u_core/word_arrays[10].word_array_inst/cell_instances[21].cell_inst_n_20
    SLICE_X90Y66         CARRY4 (Prop_carry4_S[3]_CO[3])
                                                      0.376    61.078 r  ReRamSpm_i/reram_axilite_wrapper_0/inst/u_core/word_arrays[10].word_array_inst/axi_rdata_reg_reg[23]_i_318/CO[3]
                         net (fo=20, routed)          0.758    61.837    ReRamSpm_i/reram_axilite_wrapper_0/inst/u_core/word_arrays[10].word_array_inst/cell_instances[23].cell_inst/CO[0]
    SLICE_X90Y67         LUT3 (Prop_lut3_I1_O)        0.124    61.961 f  ReRamSpm_i/reram_axilite_wrapper_0/inst/u_core/word_arrays[10].word_array_inst/cell_instances[23].cell_inst/axi_rdata_reg[23]_i_484/O
                         net (fo=2, routed)           0.504    62.465    ReRamSpm_i/reram_axilite_wrapper_0/inst/u_core/word_arrays[10].word_array_inst/cell_instances[23].cell_inst/axi_rdata_reg[23]_i_484_n_0
    SLICE_X90Y67         LUT6 (Prop_lut6_I5_O)        0.124    62.589 r  ReRamSpm_i/reram_axilite_wrapper_0/inst/u_core/word_arrays[10].word_array_inst/cell_instances[23].cell_inst/axi_rdata_reg[23]_i_396/O
                         net (fo=1, routed)           0.568    63.157    ReRamSpm_i/reram_axilite_wrapper_0/inst/u_core/word_arrays[10].word_array_inst/cell_instances[23].cell_inst_n_15
    SLICE_X91Y67         CARRY4 (Prop_carry4_DI[0]_CO[3])
                                                      0.526    63.683 r  ReRamSpm_i/reram_axilite_wrapper_0/inst/u_core/word_arrays[10].word_array_inst/axi_rdata_reg_reg[23]_i_317/CO[3]
                         net (fo=8, routed)           0.866    64.549    ReRamSpm_i/reram_axilite_wrapper_0/inst/u_core/word_arrays[10].word_array_inst/cell_instances[23].cell_inst/write_counter_reg[7]_3[0]
    SLICE_X91Y68         LUT5 (Prop_lut5_I1_O)        0.124    64.673 r  ReRamSpm_i/reram_axilite_wrapper_0/inst/u_core/word_arrays[10].word_array_inst/cell_instances[23].cell_inst/axi_rdata_reg[18]_i_67/O
                         net (fo=4, routed)           0.686    65.359    ReRamSpm_i/reram_axilite_wrapper_0/inst/u_core/word_arrays[10].word_array_inst/cell_instances[23].cell_inst/axi_rdata_reg_reg[18]
    SLICE_X90Y69         LUT4 (Prop_lut4_I2_O)        0.124    65.483 r  ReRamSpm_i/reram_axilite_wrapper_0/inst/u_core/word_arrays[10].word_array_inst/cell_instances[23].cell_inst/axi_rdata_reg[23]_i_315/O
                         net (fo=1, routed)           0.000    65.483    ReRamSpm_i/reram_axilite_wrapper_0/inst/u_core/word_arrays[10].word_array_inst/cell_instances[23].cell_inst_n_22
    SLICE_X90Y69         CARRY4 (Prop_carry4_S[1]_CO[3])
                                                      0.533    66.016 r  ReRamSpm_i/reram_axilite_wrapper_0/inst/u_core/word_arrays[10].word_array_inst/axi_rdata_reg_reg[23]_i_226/CO[3]
                         net (fo=20, routed)          0.758    66.774    ReRamSpm_i/reram_axilite_wrapper_0/inst/u_core/word_arrays[10].word_array_inst/cell_instances[25].cell_inst/CO[0]
    SLICE_X90Y68         LUT3 (Prop_lut3_I1_O)        0.124    66.898 f  ReRamSpm_i/reram_axilite_wrapper_0/inst/u_core/word_arrays[10].word_array_inst/cell_instances[25].cell_inst/axi_rdata_reg[23]_i_392/O
                         net (fo=2, routed)           0.466    67.365    ReRamSpm_i/reram_axilite_wrapper_0/inst/u_core/word_arrays[10].word_array_inst/cell_instances[25].cell_inst/axi_rdata_reg[23]_i_392_n_0
    SLICE_X91Y69         LUT6 (Prop_lut6_I5_O)        0.124    67.489 r  ReRamSpm_i/reram_axilite_wrapper_0/inst/u_core/word_arrays[10].word_array_inst/cell_instances[25].cell_inst/axi_rdata_reg[23]_i_304/O
                         net (fo=1, routed)           0.330    67.819    ReRamSpm_i/reram_axilite_wrapper_0/inst/u_core/word_arrays[10].word_array_inst/cell_instances[25].cell_inst_n_15
    SLICE_X91Y70         CARRY4 (Prop_carry4_DI[0]_CO[3])
                                                      0.526    68.345 r  ReRamSpm_i/reram_axilite_wrapper_0/inst/u_core/word_arrays[10].word_array_inst/axi_rdata_reg_reg[23]_i_225/CO[3]
                         net (fo=8, routed)           1.171    69.516    ReRamSpm_i/reram_axilite_wrapper_0/inst/u_core/word_arrays[10].word_array_inst/cell_instances[25].cell_inst/write_counter_reg[7]_3[0]
    SLICE_X90Y70         LUT5 (Prop_lut5_I1_O)        0.124    69.640 r  ReRamSpm_i/reram_axilite_wrapper_0/inst/u_core/word_arrays[10].word_array_inst/cell_instances[25].cell_inst/axi_rdata_reg[23]_i_143/O
                         net (fo=5, routed)           0.769    70.408    ReRamSpm_i/reram_axilite_wrapper_0/inst/u_core/word_arrays[10].word_array_inst/cell_instances[25].cell_inst/axi_rdata_reg_reg[23]
    SLICE_X89Y70         LUT4 (Prop_lut4_I0_O)        0.124    70.532 r  ReRamSpm_i/reram_axilite_wrapper_0/inst/u_core/word_arrays[10].word_array_inst/cell_instances[25].cell_inst/axi_rdata_reg[23]_i_221/O
                         net (fo=1, routed)           0.000    70.532    ReRamSpm_i/reram_axilite_wrapper_0/inst/u_core/word_arrays[10].word_array_inst/cell_instances[25].cell_inst_n_20
    SLICE_X89Y70         CARRY4 (Prop_carry4_S[3]_CO[3])
                                                      0.401    70.933 r  ReRamSpm_i/reram_axilite_wrapper_0/inst/u_core/word_arrays[10].word_array_inst/axi_rdata_reg_reg[23]_i_142/CO[3]
                         net (fo=20, routed)          1.038    71.971    ReRamSpm_i/reram_axilite_wrapper_0/inst/u_core/word_arrays[10].word_array_inst/cell_instances[27].cell_inst/CO[0]
    SLICE_X89Y73         LUT3 (Prop_lut3_I1_O)        0.124    72.095 f  ReRamSpm_i/reram_axilite_wrapper_0/inst/u_core/word_arrays[10].word_array_inst/cell_instances[27].cell_inst/axi_rdata_reg[23]_i_297/O
                         net (fo=2, routed)           0.363    72.457    ReRamSpm_i/reram_axilite_wrapper_0/inst/u_core/word_arrays[10].word_array_inst/cell_instances[27].cell_inst/axi_rdata_reg[23]_i_297_n_0
    SLICE_X88Y73         LUT6 (Prop_lut6_I5_O)        0.124    72.581 r  ReRamSpm_i/reram_axilite_wrapper_0/inst/u_core/word_arrays[10].word_array_inst/cell_instances[27].cell_inst/axi_rdata_reg[23]_i_209/O
                         net (fo=1, routed)           0.561    73.142    ReRamSpm_i/reram_axilite_wrapper_0/inst/u_core/word_arrays[10].word_array_inst/cell_instances[27].cell_inst_n_12
    SLICE_X90Y73         CARRY4 (Prop_carry4_DI[3]_CO[3])
                                                      0.396    73.538 r  ReRamSpm_i/reram_axilite_wrapper_0/inst/u_core/word_arrays[10].word_array_inst/axi_rdata_reg_reg[23]_i_141/CO[3]
                         net (fo=8, routed)           0.929    74.467    ReRamSpm_i/reram_axilite_wrapper_0/inst/u_core/word_arrays[10].word_array_inst/cell_instances[27].cell_inst/write_counter_reg[7]_3[0]
    SLICE_X89Y74         LUT5 (Prop_lut5_I1_O)        0.124    74.591 r  ReRamSpm_i/reram_axilite_wrapper_0/inst/u_core/word_arrays[10].word_array_inst/cell_instances[27].cell_inst/axi_rdata_reg[17]_i_43/O
                         net (fo=5, routed)           0.909    75.500    ReRamSpm_i/reram_axilite_wrapper_0/inst/u_core/word_arrays[10].word_array_inst/cell_instances[27].cell_inst/axi_rdata_reg_reg[17]_1
    SLICE_X90Y74         LUT4 (Prop_lut4_I0_O)        0.124    75.624 r  ReRamSpm_i/reram_axilite_wrapper_0/inst/u_core/word_arrays[10].word_array_inst/cell_instances[27].cell_inst/axi_rdata_reg[23]_i_140/O
                         net (fo=1, routed)           0.000    75.624    ReRamSpm_i/reram_axilite_wrapper_0/inst/u_core/word_arrays[10].word_array_inst/cell_instances[27].cell_inst_n_23
    SLICE_X90Y74         CARRY4 (Prop_carry4_S[0]_CO[3])
                                                      0.513    76.137 r  ReRamSpm_i/reram_axilite_wrapper_0/inst/u_core/word_arrays[10].word_array_inst/axi_rdata_reg_reg[23]_i_66/CO[3]
                         net (fo=20, routed)          0.914    77.050    ReRamSpm_i/reram_axilite_wrapper_0/inst/u_core/word_arrays[10].word_array_inst/cell_instances[29].cell_inst/CO[0]
    SLICE_X90Y75         LUT3 (Prop_lut3_I1_O)        0.124    77.174 f  ReRamSpm_i/reram_axilite_wrapper_0/inst/u_core/word_arrays[10].word_array_inst/cell_instances[29].cell_inst/axi_rdata_reg[23]_i_205/O
                         net (fo=2, routed)           0.330    77.504    ReRamSpm_i/reram_axilite_wrapper_0/inst/u_core/word_arrays[10].word_array_inst/cell_instances[29].cell_inst/axi_rdata_reg[23]_i_205_n_0
    SLICE_X91Y74         LUT6 (Prop_lut6_I5_O)        0.124    77.628 r  ReRamSpm_i/reram_axilite_wrapper_0/inst/u_core/word_arrays[10].word_array_inst/cell_instances[29].cell_inst/axi_rdata_reg[23]_i_125/O
                         net (fo=1, routed)           0.542    78.170    ReRamSpm_i/reram_axilite_wrapper_0/inst/u_core/word_arrays[10].word_array_inst/cell_instances[29].cell_inst_n_12
    SLICE_X91Y75         CARRY4 (Prop_carry4_DI[3]_CO[3])
                                                      0.385    78.555 r  ReRamSpm_i/reram_axilite_wrapper_0/inst/u_core/word_arrays[10].word_array_inst/axi_rdata_reg_reg[23]_i_65/CO[3]
                         net (fo=8, routed)           0.967    79.522    ReRamSpm_i/reram_axilite_wrapper_0/inst/u_core/word_arrays[10].word_array_inst/cell_instances[29].cell_inst/write_counter_reg[7]_3[0]
    SLICE_X90Y76         LUT5 (Prop_lut5_I1_O)        0.124    79.646 r  ReRamSpm_i/reram_axilite_wrapper_0/inst/u_core/word_arrays[10].word_array_inst/cell_instances[29].cell_inst/axi_rdata_reg[21]_i_23/O
                         net (fo=3, routed)           0.723    80.369    ReRamSpm_i/reram_axilite_wrapper_0/inst/u_core/word_arrays[10].word_array_inst/cell_instances[29].cell_inst/axi_rdata_reg_reg[21]
    SLICE_X91Y77         LUT4 (Prop_lut4_I0_O)        0.124    80.493 r  ReRamSpm_i/reram_axilite_wrapper_0/inst/u_core/word_arrays[10].word_array_inst/cell_instances[29].cell_inst/axi_rdata_reg[23]_i_62/O
                         net (fo=1, routed)           0.000    80.493    ReRamSpm_i/reram_axilite_wrapper_0/inst/u_core/word_arrays[10].word_array_inst/cell_instances[29].cell_inst_n_21
    SLICE_X91Y77         CARRY4 (Prop_carry4_S[2]_CO[3])
                                                      0.398    80.891 r  ReRamSpm_i/reram_axilite_wrapper_0/inst/u_core/word_arrays[10].word_array_inst/axi_rdata_reg_reg[23]_i_24/CO[3]
                         net (fo=8, routed)           0.790    81.681    ReRamSpm_i/reram_axilite_wrapper_0/inst/u_core/word_arrays[10].word_array_inst/cell_instances[31].cell_inst/CO[0]
    SLICE_X90Y78         LUT3 (Prop_lut3_I1_O)        0.124    81.805 r  ReRamSpm_i/reram_axilite_wrapper_0/inst/u_core/word_arrays[10].word_array_inst/cell_instances[31].cell_inst/axi_rdata_reg[23]_i_13/O
                         net (fo=1, routed)           1.014    82.819    ReRamSpm_i/reram_axilite_wrapper_0/inst/u_core/word_arrays[14].word_array_inst/cell_instances[31].cell_inst/write_counter_reg[7]_0[23]
    SLICE_X89Y80         LUT6 (Prop_lut6_I1_O)        0.124    82.943 r  ReRamSpm_i/reram_axilite_wrapper_0/inst/u_core/word_arrays[14].word_array_inst/cell_instances[31].cell_inst/axi_rdata_reg[23]_i_6/O
                         net (fo=1, routed)           0.263    83.206    ReRamSpm_i/reram_axilite_wrapper_0/inst/u_core/word_arrays[14].word_array_inst/cell_instances[31].cell_inst/axi_rdata_reg[23]_i_6_n_0
    SLICE_X89Y80         LUT6 (Prop_lut6_I3_O)        0.124    83.330 r  ReRamSpm_i/reram_axilite_wrapper_0/inst/u_core/word_arrays[14].word_array_inst/cell_instances[31].cell_inst/axi_rdata_reg[23]_i_2/O
                         net (fo=1, routed)           0.154    83.484    ReRamSpm_i/reram_axilite_wrapper_0/inst/u_core/word_arrays[3].word_array_inst/cell_instances[23].cell_inst/axi_araddr_reg[4]_0
    SLICE_X89Y80         LUT5 (Prop_lut5_I0_O)        0.124    83.608 r  ReRamSpm_i/reram_axilite_wrapper_0/inst/u_core/word_arrays[3].word_array_inst/cell_instances[23].cell_inst/axi_rdata_reg[23]_i_1/O
                         net (fo=1, routed)           0.000    83.608    ReRamSpm_i/reram_axilite_wrapper_0/inst/axi_rdata_reg1_in[23]
    SLICE_X89Y80         FDRE                                         r  ReRamSpm_i/reram_axilite_wrapper_0/inst/axi_rdata_reg_reg[23]/D
  -------------------------------------------------------------------    -------------------

                         (clock clk_fpga_0 rise edge)
                                                     20.000    20.000 r  
    PS7_X0Y0             PS7                          0.000    20.000 r  ReRamSpm_i/processing_system7_0/inst/PS7_i/FCLKCLK[0]
                         net (fo=1, routed)           1.088    21.088    ReRamSpm_i/processing_system7_0/inst/FCLK_CLK_unbuffered[0]
    BUFGCTRL_X0Y16       BUFG (Prop_bufg_I_O)         0.091    21.179 r  ReRamSpm_i/processing_system7_0/inst/buffer_fclk_clk_0.FCLK_CLK_0_BUFG/O
                         net (fo=26024, routed)       1.535    22.714    ReRamSpm_i/reram_axilite_wrapper_0/inst/S_AXI_ACLK
    SLICE_X89Y80         FDRE                                         r  ReRamSpm_i/reram_axilite_wrapper_0/inst/axi_rdata_reg_reg[23]/C
                         clock pessimism              0.115    22.829    
                         clock uncertainty           -0.302    22.527    
    SLICE_X89Y80         FDRE (Setup_fdre_C_D)        0.029    22.556    ReRamSpm_i/reram_axilite_wrapper_0/inst/axi_rdata_reg_reg[23]
  -------------------------------------------------------------------
                         required time                         22.556    
                         arrival time                         -83.608    
  -------------------------------------------------------------------
                         slack                                -61.052    

Slack (VIOLATED) :        -60.940ns  (required time - arrival time)
  Source:                 ReRamSpm_i/reram_axilite_wrapper_0/inst/u_core/word_arrays[10].word_array_inst/cell_instances[0].cell_inst/write_counter_reg[5]/C
                            (rising edge-triggered cell FDCE clocked by clk_fpga_0  {rise@0.000ns fall@10.000ns period=20.000ns})
  Destination:            ReRamSpm_i/reram_axilite_wrapper_0/inst/axi_rdata_reg_reg[16]/D
                            (rising edge-triggered cell FDRE clocked by clk_fpga_0  {rise@0.000ns fall@10.000ns period=20.000ns})
  Path Group:             clk_fpga_0
  Path Type:              Setup (Max at Slow Process Corner)
  Requirement:            20.000ns  (clk_fpga_0 rise@20.000ns - clk_fpga_0 rise@0.000ns)
  Data Path Delay:        80.521ns  (logic 23.083ns (28.667%)  route 57.438ns (71.333%))
  Logic Levels:           96  (CARRY4=31 LUT3=16 LUT4=16 LUT5=16 LUT6=17)
  Clock Path Skew:        -0.148ns (DCD - SCD + CPR)
    Destination Clock Delay (DCD):    2.770ns = ( 22.770 - 20.000 ) 
    Source Clock Delay      (SCD):    3.033ns
    Clock Pessimism Removal (CPR):    0.115ns
  Clock Uncertainty:      0.302ns  ((TSJ^2 + TIJ^2)^1/2 + DJ) / 2 + PE
    Total System Jitter     (TSJ):    0.071ns
    Total Input Jitter      (TIJ):    0.600ns
    Discrete Jitter          (DJ):    0.000ns
    Phase Error              (PE):    0.000ns

    Location             Delay type                Incr(ns)  Path(ns)    Netlist Resource(s)
  -------------------------------------------------------------------    -------------------
                         (clock clk_fpga_0 rise edge)
                                                      0.000     0.000 r  
    PS7_X0Y0             PS7                          0.000     0.000 r  ReRamSpm_i/processing_system7_0/inst/PS7_i/FCLKCLK[0]
                         net (fo=1, routed)           1.193     1.193    ReRamSpm_i/processing_system7_0/inst/FCLK_CLK_unbuffered[0]
    BUFGCTRL_X0Y16       BUFG (Prop_bufg_I_O)         0.101     1.294 r  ReRamSpm_i/processing_system7_0/inst/buffer_fclk_clk_0.FCLK_CLK_0_BUFG/O
                         net (fo=26024, routed)       1.739     3.033    ReRamSpm_i/reram_axilite_wrapper_0/inst/u_core/word_arrays[10].word_array_inst/cell_instances[0].cell_inst/S_AXI_ACLK
    SLICE_X89Y45         FDCE                                         r  ReRamSpm_i/reram_axilite_wrapper_0/inst/u_core/word_arrays[10].word_array_inst/cell_instances[0].cell_inst/write_counter_reg[5]/C
  -------------------------------------------------------------------    -------------------
    SLICE_X89Y45         FDCE (Prop_fdce_C_Q)         0.456     3.489 r  ReRamSpm_i/reram_axilite_wrapper_0/inst/u_core/word_arrays[10].word_array_inst/cell_instances[0].cell_inst/write_counter_reg[5]/Q
                         net (fo=9, routed)           1.057     4.546    ReRamSpm_i/reram_axilite_wrapper_0/inst/u_core/word_arrays[10].word_array_inst/cell_instances[0].cell_inst/write_cycles[5]
    SLICE_X88Y44         LUT4 (Prop_lut4_I0_O)        0.124     4.670 r  ReRamSpm_i/reram_axilite_wrapper_0/inst/u_core/word_arrays[10].word_array_inst/cell_instances[0].cell_inst/axi_rdata_reg[23]_i_1483/O
                         net (fo=1, routed)           0.000     4.670    ReRamSpm_i/reram_axilite_wrapper_0/inst/u_core/word_arrays[10].word_array_inst/cell_instances[0].cell_inst_n_3
    SLICE_X88Y44         CARRY4 (Prop_carry4_S[2]_CO[3])
                                                      0.398     5.068 r  ReRamSpm_i/reram_axilite_wrapper_0/inst/u_core/word_arrays[10].word_array_inst/axi_rdata_reg_reg[23]_i_1385/CO[3]
                         net (fo=24, routed)          0.861     5.930    ReRamSpm_i/reram_axilite_wrapper_0/inst/u_core/word_arrays[10].word_array_inst/cell_instances[1].cell_inst/CO[0]
    SLICE_X84Y44         LUT3 (Prop_lut3_I1_O)        0.124     6.054 f  ReRamSpm_i/reram_axilite_wrapper_0/inst/u_core/word_arrays[10].word_array_inst/cell_instances[1].cell_inst/axi_rdata_reg[23]_i_1543/O
                         net (fo=1, routed)           0.622     6.676    ReRamSpm_i/reram_axilite_wrapper_0/inst/u_core/word_arrays[10].word_array_inst/cell_instances[1].cell_inst/axi_rdata_reg[23]_i_1543_n_0
    SLICE_X84Y44         LUT6 (Prop_lut6_I1_O)        0.124     6.800 r  ReRamSpm_i/reram_axilite_wrapper_0/inst/u_core/word_arrays[10].word_array_inst/cell_instances[1].cell_inst/axi_rdata_reg[23]_i_1471/O
                         net (fo=1, routed)           0.634     7.434    ReRamSpm_i/reram_axilite_wrapper_0/inst/u_core/word_arrays[10].word_array_inst/cell_instances[1].cell_inst_n_13
    SLICE_X87Y44         CARRY4 (Prop_carry4_DI[2]_CO[3])
                                                      0.398     7.832 r  ReRamSpm_i/reram_axilite_wrapper_0/inst/u_core/word_arrays[10].word_array_inst/axi_rdata_reg_reg[23]_i_1384/CO[3]
                         net (fo=8, routed)           1.070     8.902    ReRamSpm_i/reram_axilite_wrapper_0/inst/u_core/word_arrays[10].word_array_inst/cell_instances[1].cell_inst/write_counter_reg[7]_3[0]
    SLICE_X85Y44         LUT5 (Prop_lut5_I1_O)        0.124     9.026 r  ReRamSpm_i/reram_axilite_wrapper_0/inst/u_core/word_arrays[10].word_array_inst/cell_instances[1].cell_inst/axi_rdata_reg[23]_i_1279/O
                         net (fo=5, routed)           0.734     9.760    ReRamSpm_i/reram_axilite_wrapper_0/inst/u_core/word_arrays[10].word_array_inst/cell_instances[1].cell_inst/axi_rdata_reg_reg[23]
    SLICE_X86Y46         LUT4 (Prop_lut4_I0_O)        0.124     9.884 r  ReRamSpm_i/reram_axilite_wrapper_0/inst/u_core/word_arrays[10].word_array_inst/cell_instances[1].cell_inst/axi_rdata_reg[23]_i_1380/O
                         net (fo=1, routed)           0.000     9.884    ReRamSpm_i/reram_axilite_wrapper_0/inst/u_core/word_arrays[10].word_array_inst/cell_instances[1].cell_inst_n_20
    SLICE_X86Y46         CARRY4 (Prop_carry4_S[3]_CO[3])
                                                      0.376    10.260 r  ReRamSpm_i/reram_axilite_wrapper_0/inst/u_core/word_arrays[10].word_array_inst/axi_rdata_reg_reg[23]_i_1278/CO[3]
                         net (fo=24, routed)          1.013    11.272    ReRamSpm_i/reram_axilite_wrapper_0/inst/u_core/word_arrays[10].word_array_inst/cell_instances[3].cell_inst/CO[0]
    SLICE_X86Y49         LUT3 (Prop_lut3_I1_O)        0.124    11.396 f  ReRamSpm_i/reram_axilite_wrapper_0/inst/u_core/word_arrays[10].word_array_inst/cell_instances[3].cell_inst/axi_rdata_reg[23]_i_1462/O
                         net (fo=1, routed)           0.416    11.813    ReRamSpm_i/reram_axilite_wrapper_0/inst/u_core/word_arrays[10].word_array_inst/cell_instances[3].cell_inst/axi_rdata_reg[23]_i_1462_n_0
    SLICE_X86Y48         LUT6 (Prop_lut6_I1_O)        0.124    11.937 r  ReRamSpm_i/reram_axilite_wrapper_0/inst/u_core/word_arrays[10].word_array_inst/cell_instances[3].cell_inst/axi_rdata_reg[23]_i_1368/O
                         net (fo=1, routed)           0.379    12.316    ReRamSpm_i/reram_axilite_wrapper_0/inst/u_core/word_arrays[10].word_array_inst/cell_instances[3].cell_inst_n_12
    SLICE_X86Y47         CARRY4 (Prop_carry4_DI[3]_CO[3])
                                                      0.396    12.712 r  ReRamSpm_i/reram_axilite_wrapper_0/inst/u_core/word_arrays[10].word_array_inst/axi_rdata_reg_reg[23]_i_1277/CO[3]
                         net (fo=8, routed)           0.932    13.644    ReRamSpm_i/reram_axilite_wrapper_0/inst/u_core/word_arrays[10].word_array_inst/cell_instances[3].cell_inst/write_counter_reg[7]_2[0]
    SLICE_X88Y47         LUT5 (Prop_lut5_I1_O)        0.124    13.768 r  ReRamSpm_i/reram_axilite_wrapper_0/inst/u_core/word_arrays[10].word_array_inst/cell_instances[3].cell_inst/axi_rdata_reg[17]_i_107/O
                         net (fo=5, routed)           0.839    14.608    ReRamSpm_i/reram_axilite_wrapper_0/inst/u_core/word_arrays[10].word_array_inst/cell_instances[3].cell_inst/axi_rdata_reg_reg[17]_1
    SLICE_X89Y49         LUT4 (Prop_lut4_I0_O)        0.124    14.732 r  ReRamSpm_i/reram_axilite_wrapper_0/inst/u_core/word_arrays[10].word_array_inst/cell_instances[3].cell_inst/axi_rdata_reg[23]_i_1276/O
                         net (fo=1, routed)           0.000    14.732    ReRamSpm_i/reram_axilite_wrapper_0/inst/u_core/word_arrays[10].word_array_inst/cell_instances[3].cell_inst_n_23
    SLICE_X89Y49         CARRY4 (Prop_carry4_S[0]_CO[3])
                                                      0.532    15.264 r  ReRamSpm_i/reram_axilite_wrapper_0/inst/u_core/word_arrays[10].word_array_inst/axi_rdata_reg_reg[23]_i_1170/CO[3]
                         net (fo=24, routed)          1.003    16.267    ReRamSpm_i/reram_axilite_wrapper_0/inst/u_core/word_arrays[10].word_array_inst/cell_instances[5].cell_inst/CO[0]
    SLICE_X87Y49         LUT3 (Prop_lut3_I1_O)        0.124    16.391 f  ReRamSpm_i/reram_axilite_wrapper_0/inst/u_core/word_arrays[10].word_array_inst/cell_instances[5].cell_inst/axi_rdata_reg[23]_i_1362/O
                         net (fo=1, routed)           0.154    16.545    ReRamSpm_i/reram_axilite_wrapper_0/inst/u_core/word_arrays[10].word_array_inst/cell_instances[5].cell_inst/axi_rdata_reg[23]_i_1362_n_0
    SLICE_X87Y49         LUT6 (Prop_lut6_I1_O)        0.124    16.669 r  ReRamSpm_i/reram_axilite_wrapper_0/inst/u_core/word_arrays[10].word_array_inst/cell_instances[5].cell_inst/axi_rdata_reg[23]_i_1263/O
                         net (fo=1, routed)           0.772    17.441    ReRamSpm_i/reram_axilite_wrapper_0/inst/u_core/word_arrays[10].word_array_inst/cell_instances[5].cell_inst_n_14
    SLICE_X89Y50         CARRY4 (Prop_carry4_DI[1]_CO[3])
                                                      0.507    17.948 r  ReRamSpm_i/reram_axilite_wrapper_0/inst/u_core/word_arrays[10].word_array_inst/axi_rdata_reg_reg[23]_i_1169/CO[3]
                         net (fo=8, routed)           0.974    18.922    ReRamSpm_i/reram_axilite_wrapper_0/inst/u_core/word_arrays[10].word_array_inst/cell_instances[5].cell_inst/write_counter_reg[7]_2[0]
    SLICE_X87Y50         LUT5 (Prop_lut5_I1_O)        0.124    19.046 r  ReRamSpm_i/reram_axilite_wrapper_0/inst/u_core/word_arrays[10].word_array_inst/cell_instances[5].cell_inst/axi_rdata_reg[19]_i_103/O
                         net (fo=5, routed)           0.644    19.690    ReRamSpm_i/reram_axilite_wrapper_0/inst/u_core/word_arrays[10].word_array_inst/cell_instances[5].cell_inst/axi_rdata_reg_reg[19]
    SLICE_X87Y51         LUT4 (Prop_lut4_I0_O)        0.124    19.814 r  ReRamSpm_i/reram_axilite_wrapper_0/inst/u_core/word_arrays[10].word_array_inst/cell_instances[5].cell_inst/axi_rdata_reg[23]_i_1167/O
                         net (fo=1, routed)           0.000    19.814    ReRamSpm_i/reram_axilite_wrapper_0/inst/u_core/word_arrays[10].word_array_inst/cell_instances[5].cell_inst_n_22
    SLICE_X87Y51         CARRY4 (Prop_carry4_S[1]_CO[3])
                                                      0.550    20.364 r  ReRamSpm_i/reram_axilite_wrapper_0/inst/u_core/word_arrays[10].word_array_inst/axi_rdata_reg_reg[23]_i_1062/CO[3]
                         net (fo=24, routed)          0.767    21.131    ReRamSpm_i/reram_axilite_wrapper_0/inst/u_core/word_arrays[10].word_array_inst/cell_instances[7].cell_inst/CO[0]
    SLICE_X86Y51         LUT3 (Prop_lut3_I1_O)        0.124    21.255 f  ReRamSpm_i/reram_axilite_wrapper_0/inst/u_core/word_arrays[10].word_array_inst/cell_instances[7].cell_inst/axi_rdata_reg[23]_i_1255/O
                         net (fo=1, routed)           0.286    21.541    ReRamSpm_i/reram_axilite_wrapper_0/inst/u_core/word_arrays[10].word_array_inst/cell_instances[7].cell_inst/axi_rdata_reg[23]_i_1255_n_0
    SLICE_X86Y51         LUT6 (Prop_lut6_I1_O)        0.124    21.665 r  ReRamSpm_i/reram_axilite_wrapper_0/inst/u_core/word_arrays[10].word_array_inst/cell_instances[7].cell_inst/axi_rdata_reg[23]_i_1155/O
                         net (fo=1, routed)           0.807    22.473    ReRamSpm_i/reram_axilite_wrapper_0/inst/u_core/word_arrays[10].word_array_inst/cell_instances[7].cell_inst_n_14
    SLICE_X87Y53         CARRY4 (Prop_carry4_DI[1]_CO[3])
                                                      0.507    22.980 r  ReRamSpm_i/reram_axilite_wrapper_0/inst/u_core/word_arrays[10].word_array_inst/axi_rdata_reg_reg[23]_i_1061/CO[3]
                         net (fo=8, routed)           0.993    23.973    ReRamSpm_i/reram_axilite_wrapper_0/inst/u_core/word_arrays[10].word_array_inst/cell_instances[7].cell_inst/write_counter_reg[7]_2[0]
    SLICE_X87Y54         LUT5 (Prop_lut5_I1_O)        0.124    24.097 r  ReRamSpm_i/reram_axilite_wrapper_0/inst/u_core/word_arrays[10].word_array_inst/cell_instances[7].cell_inst/axi_rdata_reg[16]_i_99/O
                         net (fo=5, routed)           0.767    24.864    ReRamSpm_i/reram_axilite_wrapper_0/inst/u_core/word_arrays[10].word_array_inst/cell_instances[7].cell_inst/axi_rdata_reg_reg[16]
    SLICE_X88Y52         LUT4 (Prop_lut4_I2_O)        0.124    24.988 r  ReRamSpm_i/reram_axilite_wrapper_0/inst/u_core/word_arrays[10].word_array_inst/cell_instances[7].cell_inst/axi_rdata_reg[23]_i_1060/O
                         net (fo=1, routed)           0.000    24.988    ReRamSpm_i/reram_axilite_wrapper_0/inst/u_core/word_arrays[10].word_array_inst/cell_instances[7].cell_inst_n_23
    SLICE_X88Y52         CARRY4 (Prop_carry4_S[0]_CO[3])
                                                      0.532    25.520 r  ReRamSpm_i/reram_axilite_wrapper_0/inst/u_core/word_arrays[10].word_array_inst/axi_rdata_reg_reg[23]_i_962/CO[3]
                         net (fo=24, routed)          1.017    26.536    ReRamSpm_i/reram_axilite_wrapper_0/inst/u_core/word_arrays[10].word_array_inst/cell_instances[9].cell_inst/CO[0]
    SLICE_X88Y54         LUT3 (Prop_lut3_I1_O)        0.124    26.660 f  ReRamSpm_i/reram_axilite_wrapper_0/inst/u_core/word_arrays[10].word_array_inst/cell_instances[9].cell_inst/axi_rdata_reg[23]_i_1145/O
                         net (fo=1, routed)           0.303    26.963    ReRamSpm_i/reram_axilite_wrapper_0/inst/u_core/word_arrays[10].word_array_inst/cell_instances[9].cell_inst/axi_rdata_reg[23]_i_1145_n_0
    SLICE_X88Y53         LUT6 (Prop_lut6_I1_O)        0.124    27.087 r  ReRamSpm_i/reram_axilite_wrapper_0/inst/u_core/word_arrays[10].word_array_inst/cell_instances[9].cell_inst/axi_rdata_reg[23]_i_1045/O
                         net (fo=1, routed)           0.520    27.608    ReRamSpm_i/reram_axilite_wrapper_0/inst/u_core/word_arrays[10].word_array_inst/cell_instances[9].cell_inst_n_12
    SLICE_X89Y53         CARRY4 (Prop_carry4_DI[3]_CO[3])
                                                      0.385    27.993 r  ReRamSpm_i/reram_axilite_wrapper_0/inst/u_core/word_arrays[10].word_array_inst/axi_rdata_reg_reg[23]_i_961/CO[3]
                         net (fo=8, routed)           1.007    29.000    ReRamSpm_i/reram_axilite_wrapper_0/inst/u_core/word_arrays[10].word_array_inst/cell_instances[9].cell_inst/write_counter_reg[7]_2[0]
    SLICE_X90Y52         LUT5 (Prop_lut5_I1_O)        0.124    29.124 r  ReRamSpm_i/reram_axilite_wrapper_0/inst/u_core/word_arrays[10].word_array_inst/cell_instances[9].cell_inst/axi_rdata_reg[17]_i_95/O
                         net (fo=5, routed)           0.707    29.831    ReRamSpm_i/reram_axilite_wrapper_0/inst/u_core/word_arrays[10].word_array_inst/cell_instances[9].cell_inst/axi_rdata_reg_reg[17]_1
    SLICE_X92Y51         LUT4 (Prop_lut4_I0_O)        0.124    29.955 r  ReRamSpm_i/reram_axilite_wrapper_0/inst/u_core/word_arrays[10].word_array_inst/cell_instances[9].cell_inst/axi_rdata_reg[23]_i_960/O
                         net (fo=1, routed)           0.000    29.955    ReRamSpm_i/reram_axilite_wrapper_0/inst/u_core/word_arrays[10].word_array_inst/cell_instances[9].cell_inst_n_23
    SLICE_X92Y51         CARRY4 (Prop_carry4_S[0]_CO[3])
                                                      0.513    30.468 r  ReRamSpm_i/reram_axilite_wrapper_0/inst/u_core/word_arrays[10].word_array_inst/axi_rdata_reg_reg[23]_i_870/CO[3]
                         net (fo=24, routed)          1.168    31.636    ReRamSpm_i/reram_axilite_wrapper_0/inst/u_core/word_arrays[10].word_array_inst/cell_instances[11].cell_inst/CO[0]
    SLICE_X92Y48         LUT3 (Prop_lut3_I1_O)        0.124    31.760 f  ReRamSpm_i/reram_axilite_wrapper_0/inst/u_core/word_arrays[10].word_array_inst/cell_instances[11].cell_inst/axi_rdata_reg[23]_i_1037/O
                         net (fo=1, routed)           0.315    32.076    ReRamSpm_i/reram_axilite_wrapper_0/inst/u_core/word_arrays[10].word_array_inst/cell_instances[11].cell_inst/axi_rdata_reg[23]_i_1037_n_0
    SLICE_X92Y50         LUT6 (Prop_lut6_I1_O)        0.124    32.200 r  ReRamSpm_i/reram_axilite_wrapper_0/inst/u_core/word_arrays[10].word_array_inst/cell_instances[11].cell_inst/axi_rdata_reg[23]_i_945/O
                         net (fo=1, routed)           0.339    32.539    ReRamSpm_i/reram_axilite_wrapper_0/inst/u_core/word_arrays[10].word_array_inst/cell_instances[11].cell_inst_n_12
    SLICE_X91Y50         CARRY4 (Prop_carry4_DI[3]_CO[3])
                                                      0.385    32.924 r  ReRamSpm_i/reram_axilite_wrapper_0/inst/u_core/word_arrays[10].word_array_inst/axi_rdata_reg_reg[23]_i_869/CO[3]
                         net (fo=8, routed)           0.929    33.853    ReRamSpm_i/reram_axilite_wrapper_0/inst/u_core/word_arrays[10].word_array_inst/cell_instances[11].cell_inst/write_counter_reg[7]_2[0]
    SLICE_X91Y51         LUT5 (Prop_lut5_I1_O)        0.124    33.977 r  ReRamSpm_i/reram_axilite_wrapper_0/inst/u_core/word_arrays[10].word_array_inst/cell_instances[11].cell_inst/axi_rdata_reg[19]_i_91/O
                         net (fo=5, routed)           0.769    34.746    ReRamSpm_i/reram_axilite_wrapper_0/inst/u_core/word_arrays[10].word_array_inst/cell_instances[11].cell_inst/axi_rdata_reg_reg[19]
    SLICE_X90Y53         LUT4 (Prop_lut4_I0_O)        0.124    34.870 r  ReRamSpm_i/reram_axilite_wrapper_0/inst/u_core/word_arrays[10].word_array_inst/cell_instances[11].cell_inst/axi_rdata_reg[23]_i_867/O
                         net (fo=1, routed)           0.000    34.870    ReRamSpm_i/reram_axilite_wrapper_0/inst/u_core/word_arrays[10].word_array_inst/cell_instances[11].cell_inst_n_22
    SLICE_X90Y53         CARRY4 (Prop_carry4_S[1]_CO[3])
                                                      0.533    35.403 r  ReRamSpm_i/reram_axilite_wrapper_0/inst/u_core/word_arrays[10].word_array_inst/axi_rdata_reg_reg[23]_i_778/CO[3]
                         net (fo=20, routed)          1.044    36.446    ReRamSpm_i/reram_axilite_wrapper_0/inst/u_core/word_arrays[10].word_array_inst/cell_instances[13].cell_inst/CO[0]
    SLICE_X91Y53         LUT3 (Prop_lut3_I1_O)        0.124    36.570 f  ReRamSpm_i/reram_axilite_wrapper_0/inst/u_core/word_arrays[10].word_array_inst/cell_instances[13].cell_inst/axi_rdata_reg[23]_i_944/O
                         net (fo=2, routed)           0.419    36.989    ReRamSpm_i/reram_axilite_wrapper_0/inst/u_core/word_arrays[10].word_array_inst/cell_instances[13].cell_inst/axi_rdata_reg[23]_i_944_n_0
    SLICE_X91Y53         LUT6 (Prop_lut6_I5_O)        0.124    37.113 r  ReRamSpm_i/reram_axilite_wrapper_0/inst/u_core/word_arrays[10].word_array_inst/cell_instances[13].cell_inst/axi_rdata_reg[23]_i_856/O
                         net (fo=1, routed)           0.471    37.584    ReRamSpm_i/reram_axilite_wrapper_0/inst/u_core/word_arrays[10].word_array_inst/cell_instances[13].cell_inst_n_15
    SLICE_X91Y54         CARRY4 (Prop_carry4_DI[0]_CO[3])
                                                      0.526    38.110 r  ReRamSpm_i/reram_axilite_wrapper_0/inst/u_core/word_arrays[10].word_array_inst/axi_rdata_reg_reg[23]_i_777/CO[3]
                         net (fo=8, routed)           0.981    39.091    ReRamSpm_i/reram_axilite_wrapper_0/inst/u_core/word_arrays[10].word_array_inst/cell_instances[13].cell_inst/write_counter_reg[7]_3[0]
    SLICE_X90Y55         LUT5 (Prop_lut5_I1_O)        0.124    39.215 r  ReRamSpm_i/reram_axilite_wrapper_0/inst/u_core/word_arrays[10].word_array_inst/cell_instances[13].cell_inst/axi_rdata_reg[19]_i_87/O
                         net (fo=5, routed)           0.833    40.048    ReRamSpm_i/reram_axilite_wrapper_0/inst/u_core/word_arrays[10].word_array_inst/cell_instances[13].cell_inst/axi_rdata_reg_reg[19]
    SLICE_X89Y56         LUT4 (Prop_lut4_I0_O)        0.124    40.172 r  ReRamSpm_i/reram_axilite_wrapper_0/inst/u_core/word_arrays[10].word_array_inst/cell_instances[13].cell_inst/axi_rdata_reg[23]_i_775/O
                         net (fo=1, routed)           0.000    40.172    ReRamSpm_i/reram_axilite_wrapper_0/inst/u_core/word_arrays[10].word_array_inst/cell_instances[13].cell_inst_n_22
    SLICE_X89Y56         CARRY4 (Prop_carry4_S[1]_CO[3])
                                                      0.550    40.722 r  ReRamSpm_i/reram_axilite_wrapper_0/inst/u_core/word_arrays[10].word_array_inst/axi_rdata_reg_reg[23]_i_686/CO[3]
                         net (fo=20, routed)          0.743    41.465    ReRamSpm_i/reram_axilite_wrapper_0/inst/u_core/word_arrays[10].word_array_inst/cell_instances[15].cell_inst/CO[0]
    SLICE_X88Y57         LUT3 (Prop_lut3_I1_O)        0.124    41.589 f  ReRamSpm_i/reram_axilite_wrapper_0/inst/u_core/word_arrays[10].word_array_inst/cell_instances[15].cell_inst/axi_rdata_reg[23]_i_852/O
                         net (fo=2, routed)           0.563    42.152    ReRamSpm_i/reram_axilite_wrapper_0/inst/u_core/word_arrays[10].word_array_inst/cell_instances[15].cell_inst/axi_rdata_reg[23]_i_852_n_0
    SLICE_X89Y55         LUT6 (Prop_lut6_I5_O)        0.124    42.276 r  ReRamSpm_i/reram_axilite_wrapper_0/inst/u_core/word_arrays[10].word_array_inst/cell_instances[15].cell_inst/axi_rdata_reg[23]_i_764/O
                         net (fo=1, routed)           0.574    42.851    ReRamSpm_i/reram_axilite_wrapper_0/inst/u_core/word_arrays[10].word_array_inst/cell_instances[15].cell_inst_n_15
    SLICE_X88Y55         CARRY4 (Prop_carry4_DI[0]_CO[3])
                                                      0.526    43.377 r  ReRamSpm_i/reram_axilite_wrapper_0/inst/u_core/word_arrays[10].word_array_inst/axi_rdata_reg_reg[23]_i_685/CO[3]
                         net (fo=8, routed)           0.945    44.321    ReRamSpm_i/reram_axilite_wrapper_0/inst/u_core/word_arrays[10].word_array_inst/cell_instances[15].cell_inst/write_counter_reg[7]_3[0]
    SLICE_X88Y56         LUT5 (Prop_lut5_I1_O)        0.124    44.445 r  ReRamSpm_i/reram_axilite_wrapper_0/inst/u_core/word_arrays[10].word_array_inst/cell_instances[15].cell_inst/axi_rdata_reg[21]_i_83/O
                         net (fo=5, routed)           0.871    45.316    ReRamSpm_i/reram_axilite_wrapper_0/inst/u_core/word_arrays[10].word_array_inst/cell_instances[15].cell_inst/axi_rdata_reg_reg[21]
    SLICE_X87Y59         LUT4 (Prop_lut4_I0_O)        0.124    45.440 r  ReRamSpm_i/reram_axilite_wrapper_0/inst/u_core/word_arrays[10].word_array_inst/cell_instances[15].cell_inst/axi_rdata_reg[23]_i_682/O
                         net (fo=1, routed)           0.000    45.440    ReRamSpm_i/reram_axilite_wrapper_0/inst/u_core/word_arrays[10].word_array_inst/cell_instances[15].cell_inst_n_21
    SLICE_X87Y59         CARRY4 (Prop_carry4_S[2]_CO[3])
                                                      0.398    45.838 r  ReRamSpm_i/reram_axilite_wrapper_0/inst/u_core/word_arrays[10].word_array_inst/axi_rdata_reg_reg[23]_i_594/CO[3]
                         net (fo=20, routed)          0.817    46.655    ReRamSpm_i/reram_axilite_wrapper_0/inst/u_core/word_arrays[10].word_array_inst/cell_instances[17].cell_inst/CO[0]
    SLICE_X86Y60         LUT3 (Prop_lut3_I1_O)        0.124    46.779 f  ReRamSpm_i/reram_axilite_wrapper_0/inst/u_core/word_arrays[10].word_array_inst/cell_instances[17].cell_inst/axi_rdata_reg[23]_i_759/O
                         net (fo=2, routed)           0.407    47.186    ReRamSpm_i/reram_axilite_wrapper_0/inst/u_core/word_arrays[10].word_array_inst/cell_instances[17].cell_inst/axi_rdata_reg[23]_i_759_n_0
    SLICE_X89Y60         LUT6 (Prop_lut6_I5_O)        0.124    47.310 r  ReRamSpm_i/reram_axilite_wrapper_0/inst/u_core/word_arrays[10].word_array_inst/cell_instances[17].cell_inst/axi_rdata_reg[23]_i_671/O
                         net (fo=1, routed)           0.706    48.016    ReRamSpm_i/reram_axilite_wrapper_0/inst/u_core/word_arrays[10].word_array_inst/cell_instances[17].cell_inst_n_14
    SLICE_X90Y60         CARRY4 (Prop_carry4_DI[1]_CO[3])
                                                      0.520    48.536 r  ReRamSpm_i/reram_axilite_wrapper_0/inst/u_core/word_arrays[10].word_array_inst/axi_rdata_reg_reg[23]_i_593/CO[3]
                         net (fo=8, routed)           0.864    49.400    ReRamSpm_i/reram_axilite_wrapper_0/inst/u_core/word_arrays[10].word_array_inst/cell_instances[17].cell_inst/write_counter_reg[7]_3[0]
    SLICE_X89Y60         LUT5 (Prop_lut5_I1_O)        0.124    49.524 r  ReRamSpm_i/reram_axilite_wrapper_0/inst/u_core/word_arrays[10].word_array_inst/cell_instances[17].cell_inst/axi_rdata_reg[21]_i_79/O
                         net (fo=5, routed)           0.935    50.459    ReRamSpm_i/reram_axilite_wrapper_0/inst/u_core/word_arrays[10].word_array_inst/cell_instances[17].cell_inst/axi_rdata_reg_reg[21]
    SLICE_X88Y63         LUT4 (Prop_lut4_I0_O)        0.124    50.583 r  ReRamSpm_i/reram_axilite_wrapper_0/inst/u_core/word_arrays[10].word_array_inst/cell_instances[17].cell_inst/axi_rdata_reg[23]_i_590/O
                         net (fo=1, routed)           0.000    50.583    ReRamSpm_i/reram_axilite_wrapper_0/inst/u_core/word_arrays[10].word_array_inst/cell_instances[17].cell_inst_n_21
    SLICE_X88Y63         CARRY4 (Prop_carry4_S[2]_CO[3])
                                                      0.398    50.981 r  ReRamSpm_i/reram_axilite_wrapper_0/inst/u_core/word_arrays[10].word_array_inst/axi_rdata_reg_reg[23]_i_502/CO[3]
                         net (fo=20, routed)          0.873    51.854    ReRamSpm_i/reram_axilite_wrapper_0/inst/u_core/word_arrays[10].word_array_inst/cell_instances[19].cell_inst/CO[0]
    SLICE_X88Y64         LUT3 (Prop_lut3_I1_O)        0.124    51.978 f  ReRamSpm_i/reram_axilite_wrapper_0/inst/u_core/word_arrays[10].word_array_inst/cell_instances[19].cell_inst/axi_rdata_reg[23]_i_668/O
                         net (fo=2, routed)           0.502    52.480    ReRamSpm_i/reram_axilite_wrapper_0/inst/u_core/word_arrays[10].word_array_inst/cell_instances[19].cell_inst/axi_rdata_reg[23]_i_668_n_0
    SLICE_X88Y64         LUT6 (Prop_lut6_I5_O)        0.124    52.604 r  ReRamSpm_i/reram_axilite_wrapper_0/inst/u_core/word_arrays[10].word_array_inst/cell_instances[19].cell_inst/axi_rdata_reg[23]_i_580/O
                         net (fo=1, routed)           0.330    52.934    ReRamSpm_i/reram_axilite_wrapper_0/inst/u_core/word_arrays[10].word_array_inst/cell_instances[19].cell_inst_n_15
    SLICE_X89Y63         CARRY4 (Prop_carry4_DI[0]_CO[3])
                                                      0.526    53.460 r  ReRamSpm_i/reram_axilite_wrapper_0/inst/u_core/word_arrays[10].word_array_inst/axi_rdata_reg_reg[23]_i_501/CO[3]
                         net (fo=8, routed)           0.785    54.245    ReRamSpm_i/reram_axilite_wrapper_0/inst/u_core/word_arrays[10].word_array_inst/cell_instances[19].cell_inst/write_counter_reg[7]_3[0]
    SLICE_X90Y63         LUT5 (Prop_lut5_I1_O)        0.124    54.369 r  ReRamSpm_i/reram_axilite_wrapper_0/inst/u_core/word_arrays[10].word_array_inst/cell_instances[19].cell_inst/axi_rdata_reg[19]_i_75/O
                         net (fo=5, routed)           0.769    55.138    ReRamSpm_i/reram_axilite_wrapper_0/inst/u_core/word_arrays[10].word_array_inst/cell_instances[19].cell_inst/axi_rdata_reg_reg[19]
    SLICE_X89Y64         LUT4 (Prop_lut4_I0_O)        0.124    55.262 r  ReRamSpm_i/reram_axilite_wrapper_0/inst/u_core/word_arrays[10].word_array_inst/cell_instances[19].cell_inst/axi_rdata_reg[23]_i_499/O
                         net (fo=1, routed)           0.000    55.262    ReRamSpm_i/reram_axilite_wrapper_0/inst/u_core/word_arrays[10].word_array_inst/cell_instances[19].cell_inst_n_22
    SLICE_X89Y64         CARRY4 (Prop_carry4_S[1]_CO[3])
                                                      0.550    55.812 r  ReRamSpm_i/reram_axilite_wrapper_0/inst/u_core/word_arrays[10].word_array_inst/axi_rdata_reg_reg[23]_i_410/CO[3]
                         net (fo=20, routed)          0.988    56.800    ReRamSpm_i/reram_axilite_wrapper_0/inst/u_core/word_arrays[10].word_array_inst/cell_instances[21].cell_inst/CO[0]
    SLICE_X88Y66         LUT3 (Prop_lut3_I1_O)        0.124    56.924 f  ReRamSpm_i/reram_axilite_wrapper_0/inst/u_core/word_arrays[10].word_array_inst/cell_instances[21].cell_inst/axi_rdata_reg[23]_i_575/O
                         net (fo=2, routed)           0.634    57.558    ReRamSpm_i/reram_axilite_wrapper_0/inst/u_core/word_arrays[10].word_array_inst/cell_instances[21].cell_inst/axi_rdata_reg[23]_i_575_n_0
    SLICE_X88Y66         LUT6 (Prop_lut6_I5_O)        0.124    57.682 r  ReRamSpm_i/reram_axilite_wrapper_0/inst/u_core/word_arrays[10].word_array_inst/cell_instances[21].cell_inst/axi_rdata_reg[23]_i_487/O
                         net (fo=1, routed)           0.331    58.013    ReRamSpm_i/reram_axilite_wrapper_0/inst/u_core/word_arrays[10].word_array_inst/cell_instances[21].cell_inst_n_14
    SLICE_X88Y65         CARRY4 (Prop_carry4_DI[1]_CO[3])
                                                      0.507    58.520 r  ReRamSpm_i/reram_axilite_wrapper_0/inst/u_core/word_arrays[10].word_array_inst/axi_rdata_reg_reg[23]_i_409/CO[3]
                         net (fo=8, routed)           0.992    59.512    ReRamSpm_i/reram_axilite_wrapper_0/inst/u_core/word_arrays[10].word_array_inst/cell_instances[21].cell_inst/write_counter_reg[7]_3[0]
    SLICE_X89Y65         LUT5 (Prop_lut5_I1_O)        0.124    59.636 r  ReRamSpm_i/reram_axilite_wrapper_0/inst/u_core/word_arrays[10].word_array_inst/cell_instances[21].cell_inst/axi_rdata_reg[23]_i_319/O
                         net (fo=5, routed)           0.942    60.578    ReRamSpm_i/reram_axilite_wrapper_0/inst/u_core/word_arrays[10].word_array_inst/cell_instances[21].cell_inst/axi_rdata_reg_reg[23]
    SLICE_X90Y66         LUT4 (Prop_lut4_I0_O)        0.124    60.702 r  ReRamSpm_i/reram_axilite_wrapper_0/inst/u_core/word_arrays[10].word_array_inst/cell_instances[21].cell_inst/axi_rdata_reg[23]_i_405/O
                         net (fo=1, routed)           0.000    60.702    ReRamSpm_i/reram_axilite_wrapper_0/inst/u_core/word_arrays[10].word_array_inst/cell_instances[21].cell_inst_n_20
    SLICE_X90Y66         CARRY4 (Prop_carry4_S[3]_CO[3])
                                                      0.376    61.078 r  ReRamSpm_i/reram_axilite_wrapper_0/inst/u_core/word_arrays[10].word_array_inst/axi_rdata_reg_reg[23]_i_318/CO[3]
                         net (fo=20, routed)          0.758    61.837    ReRamSpm_i/reram_axilite_wrapper_0/inst/u_core/word_arrays[10].word_array_inst/cell_instances[23].cell_inst/CO[0]
    SLICE_X90Y67         LUT3 (Prop_lut3_I1_O)        0.124    61.961 f  ReRamSpm_i/reram_axilite_wrapper_0/inst/u_core/word_arrays[10].word_array_inst/cell_instances[23].cell_inst/axi_rdata_reg[23]_i_484/O
                         net (fo=2, routed)           0.504    62.465    ReRamSpm_i/reram_axilite_wrapper_0/inst/u_core/word_arrays[10].word_array_inst/cell_instances[23].cell_inst/axi_rdata_reg[23]_i_484_n_0
    SLICE_X90Y67         LUT6 (Prop_lut6_I5_O)        0.124    62.589 r  ReRamSpm_i/reram_axilite_wrapper_0/inst/u_core/word_arrays[10].word_array_inst/cell_instances[23].cell_inst/axi_rdata_reg[23]_i_396/O
                         net (fo=1, routed)           0.568    63.157    ReRamSpm_i/reram_axilite_wrapper_0/inst/u_core/word_arrays[10].word_array_inst/cell_instances[23].cell_inst_n_15
    SLICE_X91Y67         CARRY4 (Prop_carry4_DI[0]_CO[3])
                                                      0.526    63.683 r  ReRamSpm_i/reram_axilite_wrapper_0/inst/u_core/word_arrays[10].word_array_inst/axi_rdata_reg_reg[23]_i_317/CO[3]
                         net (fo=8, routed)           0.866    64.549    ReRamSpm_i/reram_axilite_wrapper_0/inst/u_core/word_arrays[10].word_array_inst/cell_instances[23].cell_inst/write_counter_reg[7]_3[0]
    SLICE_X91Y68         LUT5 (Prop_lut5_I1_O)        0.124    64.673 r  ReRamSpm_i/reram_axilite_wrapper_0/inst/u_core/word_arrays[10].word_array_inst/cell_instances[23].cell_inst/axi_rdata_reg[18]_i_67/O
                         net (fo=4, routed)           0.686    65.359    ReRamSpm_i/reram_axilite_wrapper_0/inst/u_core/word_arrays[10].word_array_inst/cell_instances[23].cell_inst/axi_rdata_reg_reg[18]
    SLICE_X90Y69         LUT4 (Prop_lut4_I2_O)        0.124    65.483 r  ReRamSpm_i/reram_axilite_wrapper_0/inst/u_core/word_arrays[10].word_array_inst/cell_instances[23].cell_inst/axi_rdata_reg[23]_i_315/O
                         net (fo=1, routed)           0.000    65.483    ReRamSpm_i/reram_axilite_wrapper_0/inst/u_core/word_arrays[10].word_array_inst/cell_instances[23].cell_inst_n_22
    SLICE_X90Y69         CARRY4 (Prop_carry4_S[1]_CO[3])
                                                      0.533    66.016 r  ReRamSpm_i/reram_axilite_wrapper_0/inst/u_core/word_arrays[10].word_array_inst/axi_rdata_reg_reg[23]_i_226/CO[3]
                         net (fo=20, routed)          0.758    66.774    ReRamSpm_i/reram_axilite_wrapper_0/inst/u_core/word_arrays[10].word_array_inst/cell_instances[25].cell_inst/CO[0]
    SLICE_X90Y68         LUT3 (Prop_lut3_I1_O)        0.124    66.898 f  ReRamSpm_i/reram_axilite_wrapper_0/inst/u_core/word_arrays[10].word_array_inst/cell_instances[25].cell_inst/axi_rdata_reg[23]_i_392/O
                         net (fo=2, routed)           0.466    67.365    ReRamSpm_i/reram_axilite_wrapper_0/inst/u_core/word_arrays[10].word_array_inst/cell_instances[25].cell_inst/axi_rdata_reg[23]_i_392_n_0
    SLICE_X91Y69         LUT6 (Prop_lut6_I5_O)        0.124    67.489 r  ReRamSpm_i/reram_axilite_wrapper_0/inst/u_core/word_arrays[10].word_array_inst/cell_instances[25].cell_inst/axi_rdata_reg[23]_i_304/O
                         net (fo=1, routed)           0.330    67.819    ReRamSpm_i/reram_axilite_wrapper_0/inst/u_core/word_arrays[10].word_array_inst/cell_instances[25].cell_inst_n_15
    SLICE_X91Y70         CARRY4 (Prop_carry4_DI[0]_CO[3])
                                                      0.526    68.345 r  ReRamSpm_i/reram_axilite_wrapper_0/inst/u_core/word_arrays[10].word_array_inst/axi_rdata_reg_reg[23]_i_225/CO[3]
                         net (fo=8, routed)           1.171    69.516    ReRamSpm_i/reram_axilite_wrapper_0/inst/u_core/word_arrays[10].word_array_inst/cell_instances[25].cell_inst/write_counter_reg[7]_3[0]
    SLICE_X90Y70         LUT5 (Prop_lut5_I1_O)        0.124    69.640 r  ReRamSpm_i/reram_axilite_wrapper_0/inst/u_core/word_arrays[10].word_array_inst/cell_instances[25].cell_inst/axi_rdata_reg[23]_i_143/O
                         net (fo=5, routed)           0.769    70.408    ReRamSpm_i/reram_axilite_wrapper_0/inst/u_core/word_arrays[10].word_array_inst/cell_instances[25].cell_inst/axi_rdata_reg_reg[23]
    SLICE_X89Y70         LUT4 (Prop_lut4_I0_O)        0.124    70.532 r  ReRamSpm_i/reram_axilite_wrapper_0/inst/u_core/word_arrays[10].word_array_inst/cell_instances[25].cell_inst/axi_rdata_reg[23]_i_221/O
                         net (fo=1, routed)           0.000    70.532    ReRamSpm_i/reram_axilite_wrapper_0/inst/u_core/word_arrays[10].word_array_inst/cell_instances[25].cell_inst_n_20
    SLICE_X89Y70         CARRY4 (Prop_carry4_S[3]_CO[3])
                                                      0.401    70.933 r  ReRamSpm_i/reram_axilite_wrapper_0/inst/u_core/word_arrays[10].word_array_inst/axi_rdata_reg_reg[23]_i_142/CO[3]
                         net (fo=20, routed)          1.038    71.971    ReRamSpm_i/reram_axilite_wrapper_0/inst/u_core/word_arrays[10].word_array_inst/cell_instances[27].cell_inst/CO[0]
    SLICE_X89Y73         LUT3 (Prop_lut3_I1_O)        0.124    72.095 f  ReRamSpm_i/reram_axilite_wrapper_0/inst/u_core/word_arrays[10].word_array_inst/cell_instances[27].cell_inst/axi_rdata_reg[23]_i_297/O
                         net (fo=2, routed)           0.363    72.457    ReRamSpm_i/reram_axilite_wrapper_0/inst/u_core/word_arrays[10].word_array_inst/cell_instances[27].cell_inst/axi_rdata_reg[23]_i_297_n_0
    SLICE_X88Y73         LUT6 (Prop_lut6_I5_O)        0.124    72.581 r  ReRamSpm_i/reram_axilite_wrapper_0/inst/u_core/word_arrays[10].word_array_inst/cell_instances[27].cell_inst/axi_rdata_reg[23]_i_209/O
                         net (fo=1, routed)           0.561    73.142    ReRamSpm_i/reram_axilite_wrapper_0/inst/u_core/word_arrays[10].word_array_inst/cell_instances[27].cell_inst_n_12
    SLICE_X90Y73         CARRY4 (Prop_carry4_DI[3]_CO[3])
                                                      0.396    73.538 r  ReRamSpm_i/reram_axilite_wrapper_0/inst/u_core/word_arrays[10].word_array_inst/axi_rdata_reg_reg[23]_i_141/CO[3]
                         net (fo=8, routed)           0.929    74.467    ReRamSpm_i/reram_axilite_wrapper_0/inst/u_core/word_arrays[10].word_array_inst/cell_instances[27].cell_inst/write_counter_reg[7]_3[0]
    SLICE_X89Y74         LUT5 (Prop_lut5_I1_O)        0.124    74.591 r  ReRamSpm_i/reram_axilite_wrapper_0/inst/u_core/word_arrays[10].word_array_inst/cell_instances[27].cell_inst/axi_rdata_reg[17]_i_43/O
                         net (fo=5, routed)           0.909    75.500    ReRamSpm_i/reram_axilite_wrapper_0/inst/u_core/word_arrays[10].word_array_inst/cell_instances[27].cell_inst/axi_rdata_reg_reg[17]_1
    SLICE_X90Y74         LUT4 (Prop_lut4_I0_O)        0.124    75.624 r  ReRamSpm_i/reram_axilite_wrapper_0/inst/u_core/word_arrays[10].word_array_inst/cell_instances[27].cell_inst/axi_rdata_reg[23]_i_140/O
                         net (fo=1, routed)           0.000    75.624    ReRamSpm_i/reram_axilite_wrapper_0/inst/u_core/word_arrays[10].word_array_inst/cell_instances[27].cell_inst_n_23
    SLICE_X90Y74         CARRY4 (Prop_carry4_S[0]_CO[3])
                                                      0.513    76.137 r  ReRamSpm_i/reram_axilite_wrapper_0/inst/u_core/word_arrays[10].word_array_inst/axi_rdata_reg_reg[23]_i_66/CO[3]
                         net (fo=20, routed)          0.914    77.050    ReRamSpm_i/reram_axilite_wrapper_0/inst/u_core/word_arrays[10].word_array_inst/cell_instances[29].cell_inst/CO[0]
    SLICE_X90Y75         LUT3 (Prop_lut3_I1_O)        0.124    77.174 f  ReRamSpm_i/reram_axilite_wrapper_0/inst/u_core/word_arrays[10].word_array_inst/cell_instances[29].cell_inst/axi_rdata_reg[23]_i_205/O
                         net (fo=2, routed)           0.330    77.504    ReRamSpm_i/reram_axilite_wrapper_0/inst/u_core/word_arrays[10].word_array_inst/cell_instances[29].cell_inst/axi_rdata_reg[23]_i_205_n_0
    SLICE_X91Y74         LUT6 (Prop_lut6_I5_O)        0.124    77.628 r  ReRamSpm_i/reram_axilite_wrapper_0/inst/u_core/word_arrays[10].word_array_inst/cell_instances[29].cell_inst/axi_rdata_reg[23]_i_125/O
                         net (fo=1, routed)           0.542    78.170    ReRamSpm_i/reram_axilite_wrapper_0/inst/u_core/word_arrays[10].word_array_inst/cell_instances[29].cell_inst_n_12
    SLICE_X91Y75         CARRY4 (Prop_carry4_DI[3]_CO[3])
                                                      0.385    78.555 r  ReRamSpm_i/reram_axilite_wrapper_0/inst/u_core/word_arrays[10].word_array_inst/axi_rdata_reg_reg[23]_i_65/CO[3]
                         net (fo=8, routed)           0.967    79.522    ReRamSpm_i/reram_axilite_wrapper_0/inst/u_core/word_arrays[10].word_array_inst/cell_instances[29].cell_inst/write_counter_reg[7]_3[0]
    SLICE_X90Y76         LUT5 (Prop_lut5_I1_O)        0.124    79.646 r  ReRamSpm_i/reram_axilite_wrapper_0/inst/u_core/word_arrays[10].word_array_inst/cell_instances[29].cell_inst/axi_rdata_reg[21]_i_23/O
                         net (fo=3, routed)           0.723    80.369    ReRamSpm_i/reram_axilite_wrapper_0/inst/u_core/word_arrays[10].word_array_inst/cell_instances[29].cell_inst/axi_rdata_reg_reg[21]
    SLICE_X91Y77         LUT4 (Prop_lut4_I0_O)        0.124    80.493 r  ReRamSpm_i/reram_axilite_wrapper_0/inst/u_core/word_arrays[10].word_array_inst/cell_instances[29].cell_inst/axi_rdata_reg[23]_i_62/O
                         net (fo=1, routed)           0.000    80.493    ReRamSpm_i/reram_axilite_wrapper_0/inst/u_core/word_arrays[10].word_array_inst/cell_instances[29].cell_inst_n_21
    SLICE_X91Y77         CARRY4 (Prop_carry4_S[2]_CO[3])
                                                      0.398    80.891 r  ReRamSpm_i/reram_axilite_wrapper_0/inst/u_core/word_arrays[10].word_array_inst/axi_rdata_reg_reg[23]_i_24/CO[3]
                         net (fo=8, routed)           0.709    81.600    ReRamSpm_i/reram_axilite_wrapper_0/inst/u_core/word_arrays[10].word_array_inst/cell_instances[31].cell_inst/CO[0]
    SLICE_X90Y77         LUT3 (Prop_lut3_I1_O)        0.124    81.724 r  ReRamSpm_i/reram_axilite_wrapper_0/inst/u_core/word_arrays[10].word_array_inst/cell_instances[31].cell_inst/axi_rdata_reg[16]_i_13/O
                         net (fo=1, routed)           0.780    82.504    ReRamSpm_i/reram_axilite_wrapper_0/inst/u_core/word_arrays[14].word_array_inst/cell_instances[31].cell_inst/write_counter_reg[7]_0[16]
    SLICE_X91Y80         LUT6 (Prop_lut6_I1_O)        0.124    82.628 r  ReRamSpm_i/reram_axilite_wrapper_0/inst/u_core/word_arrays[14].word_array_inst/cell_instances[31].cell_inst/axi_rdata_reg[16]_i_6/O
                         net (fo=1, routed)           0.526    83.154    ReRamSpm_i/reram_axilite_wrapper_0/inst/u_core/word_arrays[14].word_array_inst/cell_instances[31].cell_inst/axi_rdata_reg[16]_i_6_n_0
    SLICE_X91Y72         LUT6 (Prop_lut6_I3_O)        0.124    83.278 r  ReRamSpm_i/reram_axilite_wrapper_0/inst/u_core/word_arrays[14].word_array_inst/cell_instances[31].cell_inst/axi_rdata_reg[16]_i_2/O
                         net (fo=1, routed)           0.151    83.430    ReRamSpm_i/reram_axilite_wrapper_0/inst/u_core/word_arrays[3].word_array_inst/cell_instances[16].cell_inst/axi_araddr_reg[4]_0
    SLICE_X91Y72         LUT5 (Prop_lut5_I0_O)        0.124    83.554 r  ReRamSpm_i/reram_axilite_wrapper_0/inst/u_core/word_arrays[3].word_array_inst/cell_instances[16].cell_inst/axi_rdata_reg[16]_i_1/O
                         net (fo=1, routed)           0.000    83.554    ReRamSpm_i/reram_axilite_wrapper_0/inst/axi_rdata_reg1_in[16]
    SLICE_X91Y72         FDRE                                         r  ReRamSpm_i/reram_axilite_wrapper_0/inst/axi_rdata_reg_reg[16]/D
  -------------------------------------------------------------------    -------------------

                         (clock clk_fpga_0 rise edge)
                                                     20.000    20.000 r  
    PS7_X0Y0             PS7                          0.000    20.000 r  ReRamSpm_i/processing_system7_0/inst/PS7_i/FCLKCLK[0]
                         net (fo=1, routed)           1.088    21.088    ReRamSpm_i/processing_system7_0/inst/FCLK_CLK_unbuffered[0]
    BUFGCTRL_X0Y16       BUFG (Prop_bufg_I_O)         0.091    21.179 r  ReRamSpm_i/processing_system7_0/inst/buffer_fclk_clk_0.FCLK_CLK_0_BUFG/O
                         net (fo=26024, routed)       1.591    22.770    ReRamSpm_i/reram_axilite_wrapper_0/inst/S_AXI_ACLK
    SLICE_X91Y72         FDRE                                         r  ReRamSpm_i/reram_axilite_wrapper_0/inst/axi_rdata_reg_reg[16]/C
                         clock pessimism              0.115    22.885    
                         clock uncertainty           -0.302    22.583    
    SLICE_X91Y72         FDRE (Setup_fdre_C_D)        0.031    22.614    ReRamSpm_i/reram_axilite_wrapper_0/inst/axi_rdata_reg_reg[16]
  -------------------------------------------------------------------
                         required time                         22.614    
                         arrival time                         -83.554    
  -------------------------------------------------------------------
                         slack                                -60.940    

Slack (VIOLATED) :        -60.900ns  (required time - arrival time)
  Source:                 ReRamSpm_i/reram_axilite_wrapper_0/inst/u_core/word_arrays[10].word_array_inst/cell_instances[0].cell_inst/write_counter_reg[5]/C
                            (rising edge-triggered cell FDCE clocked by clk_fpga_0  {rise@0.000ns fall@10.000ns period=20.000ns})
  Destination:            ReRamSpm_i/reram_axilite_wrapper_0/inst/axi_rdata_reg_reg[19]/D
                            (rising edge-triggered cell FDRE clocked by clk_fpga_0  {rise@0.000ns fall@10.000ns period=20.000ns})
  Path Group:             clk_fpga_0
  Path Type:              Setup (Max at Slow Process Corner)
  Requirement:            20.000ns  (clk_fpga_0 rise@20.000ns - clk_fpga_0 rise@0.000ns)
  Data Path Delay:        80.531ns  (logic 23.083ns (28.663%)  route 57.448ns (71.337%))
  Logic Levels:           96  (CARRY4=31 LUT3=16 LUT4=16 LUT5=16 LUT6=17)
  Clock Path Skew:        -0.143ns (DCD - SCD + CPR)
    Destination Clock Delay (DCD):    2.775ns = ( 22.775 - 20.000 ) 
    Source Clock Delay      (SCD):    3.033ns
    Clock Pessimism Removal (CPR):    0.115ns
  Clock Uncertainty:      0.302ns  ((TSJ^2 + TIJ^2)^1/2 + DJ) / 2 + PE
    Total System Jitter     (TSJ):    0.071ns
    Total Input Jitter      (TIJ):    0.600ns
    Discrete Jitter          (DJ):    0.000ns
    Phase Error              (PE):    0.000ns

    Location             Delay type                Incr(ns)  Path(ns)    Netlist Resource(s)
  -------------------------------------------------------------------    -------------------
                         (clock clk_fpga_0 rise edge)
                                                      0.000     0.000 r  
    PS7_X0Y0             PS7                          0.000     0.000 r  ReRamSpm_i/processing_system7_0/inst/PS7_i/FCLKCLK[0]
                         net (fo=1, routed)           1.193     1.193    ReRamSpm_i/processing_system7_0/inst/FCLK_CLK_unbuffered[0]
    BUFGCTRL_X0Y16       BUFG (Prop_bufg_I_O)         0.101     1.294 r  ReRamSpm_i/processing_system7_0/inst/buffer_fclk_clk_0.FCLK_CLK_0_BUFG/O
                         net (fo=26024, routed)       1.739     3.033    ReRamSpm_i/reram_axilite_wrapper_0/inst/u_core/word_arrays[10].word_array_inst/cell_instances[0].cell_inst/S_AXI_ACLK
    SLICE_X89Y45         FDCE                                         r  ReRamSpm_i/reram_axilite_wrapper_0/inst/u_core/word_arrays[10].word_array_inst/cell_instances[0].cell_inst/write_counter_reg[5]/C
  -------------------------------------------------------------------    -------------------
    SLICE_X89Y45         FDCE (Prop_fdce_C_Q)         0.456     3.489 r  ReRamSpm_i/reram_axilite_wrapper_0/inst/u_core/word_arrays[10].word_array_inst/cell_instances[0].cell_inst/write_counter_reg[5]/Q
                         net (fo=9, routed)           1.057     4.546    ReRamSpm_i/reram_axilite_wrapper_0/inst/u_core/word_arrays[10].word_array_inst/cell_instances[0].cell_inst/write_cycles[5]
    SLICE_X88Y44         LUT4 (Prop_lut4_I0_O)        0.124     4.670 r  ReRamSpm_i/reram_axilite_wrapper_0/inst/u_core/word_arrays[10].word_array_inst/cell_instances[0].cell_inst/axi_rdata_reg[23]_i_1483/O
                         net (fo=1, routed)           0.000     4.670    ReRamSpm_i/reram_axilite_wrapper_0/inst/u_core/word_arrays[10].word_array_inst/cell_instances[0].cell_inst_n_3
    SLICE_X88Y44         CARRY4 (Prop_carry4_S[2]_CO[3])
                                                      0.398     5.068 r  ReRamSpm_i/reram_axilite_wrapper_0/inst/u_core/word_arrays[10].word_array_inst/axi_rdata_reg_reg[23]_i_1385/CO[3]
                         net (fo=24, routed)          0.861     5.930    ReRamSpm_i/reram_axilite_wrapper_0/inst/u_core/word_arrays[10].word_array_inst/cell_instances[1].cell_inst/CO[0]
    SLICE_X84Y44         LUT3 (Prop_lut3_I1_O)        0.124     6.054 f  ReRamSpm_i/reram_axilite_wrapper_0/inst/u_core/word_arrays[10].word_array_inst/cell_instances[1].cell_inst/axi_rdata_reg[23]_i_1543/O
                         net (fo=1, routed)           0.622     6.676    ReRamSpm_i/reram_axilite_wrapper_0/inst/u_core/word_arrays[10].word_array_inst/cell_instances[1].cell_inst/axi_rdata_reg[23]_i_1543_n_0
    SLICE_X84Y44         LUT6 (Prop_lut6_I1_O)        0.124     6.800 r  ReRamSpm_i/reram_axilite_wrapper_0/inst/u_core/word_arrays[10].word_array_inst/cell_instances[1].cell_inst/axi_rdata_reg[23]_i_1471/O
                         net (fo=1, routed)           0.634     7.434    ReRamSpm_i/reram_axilite_wrapper_0/inst/u_core/word_arrays[10].word_array_inst/cell_instances[1].cell_inst_n_13
    SLICE_X87Y44         CARRY4 (Prop_carry4_DI[2]_CO[3])
                                                      0.398     7.832 r  ReRamSpm_i/reram_axilite_wrapper_0/inst/u_core/word_arrays[10].word_array_inst/axi_rdata_reg_reg[23]_i_1384/CO[3]
                         net (fo=8, routed)           1.070     8.902    ReRamSpm_i/reram_axilite_wrapper_0/inst/u_core/word_arrays[10].word_array_inst/cell_instances[1].cell_inst/write_counter_reg[7]_3[0]
    SLICE_X85Y44         LUT5 (Prop_lut5_I1_O)        0.124     9.026 r  ReRamSpm_i/reram_axilite_wrapper_0/inst/u_core/word_arrays[10].word_array_inst/cell_instances[1].cell_inst/axi_rdata_reg[23]_i_1279/O
                         net (fo=5, routed)           0.734     9.760    ReRamSpm_i/reram_axilite_wrapper_0/inst/u_core/word_arrays[10].word_array_inst/cell_instances[1].cell_inst/axi_rdata_reg_reg[23]
    SLICE_X86Y46         LUT4 (Prop_lut4_I0_O)        0.124     9.884 r  ReRamSpm_i/reram_axilite_wrapper_0/inst/u_core/word_arrays[10].word_array_inst/cell_instances[1].cell_inst/axi_rdata_reg[23]_i_1380/O
                         net (fo=1, routed)           0.000     9.884    ReRamSpm_i/reram_axilite_wrapper_0/inst/u_core/word_arrays[10].word_array_inst/cell_instances[1].cell_inst_n_20
    SLICE_X86Y46         CARRY4 (Prop_carry4_S[3]_CO[3])
                                                      0.376    10.260 r  ReRamSpm_i/reram_axilite_wrapper_0/inst/u_core/word_arrays[10].word_array_inst/axi_rdata_reg_reg[23]_i_1278/CO[3]
                         net (fo=24, routed)          1.013    11.272    ReRamSpm_i/reram_axilite_wrapper_0/inst/u_core/word_arrays[10].word_array_inst/cell_instances[3].cell_inst/CO[0]
    SLICE_X86Y49         LUT3 (Prop_lut3_I1_O)        0.124    11.396 f  ReRamSpm_i/reram_axilite_wrapper_0/inst/u_core/word_arrays[10].word_array_inst/cell_instances[3].cell_inst/axi_rdata_reg[23]_i_1462/O
                         net (fo=1, routed)           0.416    11.813    ReRamSpm_i/reram_axilite_wrapper_0/inst/u_core/word_arrays[10].word_array_inst/cell_instances[3].cell_inst/axi_rdata_reg[23]_i_1462_n_0
    SLICE_X86Y48         LUT6 (Prop_lut6_I1_O)        0.124    11.937 r  ReRamSpm_i/reram_axilite_wrapper_0/inst/u_core/word_arrays[10].word_array_inst/cell_instances[3].cell_inst/axi_rdata_reg[23]_i_1368/O
                         net (fo=1, routed)           0.379    12.316    ReRamSpm_i/reram_axilite_wrapper_0/inst/u_core/word_arrays[10].word_array_inst/cell_instances[3].cell_inst_n_12
    SLICE_X86Y47         CARRY4 (Prop_carry4_DI[3]_CO[3])
                                                      0.396    12.712 r  ReRamSpm_i/reram_axilite_wrapper_0/inst/u_core/word_arrays[10].word_array_inst/axi_rdata_reg_reg[23]_i_1277/CO[3]
                         net (fo=8, routed)           0.932    13.644    ReRamSpm_i/reram_axilite_wrapper_0/inst/u_core/word_arrays[10].word_array_inst/cell_instances[3].cell_inst/write_counter_reg[7]_2[0]
    SLICE_X88Y47         LUT5 (Prop_lut5_I1_O)        0.124    13.768 r  ReRamSpm_i/reram_axilite_wrapper_0/inst/u_core/word_arrays[10].word_array_inst/cell_instances[3].cell_inst/axi_rdata_reg[17]_i_107/O
                         net (fo=5, routed)           0.839    14.608    ReRamSpm_i/reram_axilite_wrapper_0/inst/u_core/word_arrays[10].word_array_inst/cell_instances[3].cell_inst/axi_rdata_reg_reg[17]_1
    SLICE_X89Y49         LUT4 (Prop_lut4_I0_O)        0.124    14.732 r  ReRamSpm_i/reram_axilite_wrapper_0/inst/u_core/word_arrays[10].word_array_inst/cell_instances[3].cell_inst/axi_rdata_reg[23]_i_1276/O
                         net (fo=1, routed)           0.000    14.732    ReRamSpm_i/reram_axilite_wrapper_0/inst/u_core/word_arrays[10].word_array_inst/cell_instances[3].cell_inst_n_23
    SLICE_X89Y49         CARRY4 (Prop_carry4_S[0]_CO[3])
                                                      0.532    15.264 r  ReRamSpm_i/reram_axilite_wrapper_0/inst/u_core/word_arrays[10].word_array_inst/axi_rdata_reg_reg[23]_i_1170/CO[3]
                         net (fo=24, routed)          1.003    16.267    ReRamSpm_i/reram_axilite_wrapper_0/inst/u_core/word_arrays[10].word_array_inst/cell_instances[5].cell_inst/CO[0]
    SLICE_X87Y49         LUT3 (Prop_lut3_I1_O)        0.124    16.391 f  ReRamSpm_i/reram_axilite_wrapper_0/inst/u_core/word_arrays[10].word_array_inst/cell_instances[5].cell_inst/axi_rdata_reg[23]_i_1362/O
                         net (fo=1, routed)           0.154    16.545    ReRamSpm_i/reram_axilite_wrapper_0/inst/u_core/word_arrays[10].word_array_inst/cell_instances[5].cell_inst/axi_rdata_reg[23]_i_1362_n_0
    SLICE_X87Y49         LUT6 (Prop_lut6_I1_O)        0.124    16.669 r  ReRamSpm_i/reram_axilite_wrapper_0/inst/u_core/word_arrays[10].word_array_inst/cell_instances[5].cell_inst/axi_rdata_reg[23]_i_1263/O
                         net (fo=1, routed)           0.772    17.441    ReRamSpm_i/reram_axilite_wrapper_0/inst/u_core/word_arrays[10].word_array_inst/cell_instances[5].cell_inst_n_14
    SLICE_X89Y50         CARRY4 (Prop_carry4_DI[1]_CO[3])
                                                      0.507    17.948 r  ReRamSpm_i/reram_axilite_wrapper_0/inst/u_core/word_arrays[10].word_array_inst/axi_rdata_reg_reg[23]_i_1169/CO[3]
                         net (fo=8, routed)           0.974    18.922    ReRamSpm_i/reram_axilite_wrapper_0/inst/u_core/word_arrays[10].word_array_inst/cell_instances[5].cell_inst/write_counter_reg[7]_2[0]
    SLICE_X87Y50         LUT5 (Prop_lut5_I1_O)        0.124    19.046 r  ReRamSpm_i/reram_axilite_wrapper_0/inst/u_core/word_arrays[10].word_array_inst/cell_instances[5].cell_inst/axi_rdata_reg[19]_i_103/O
                         net (fo=5, routed)           0.644    19.690    ReRamSpm_i/reram_axilite_wrapper_0/inst/u_core/word_arrays[10].word_array_inst/cell_instances[5].cell_inst/axi_rdata_reg_reg[19]
    SLICE_X87Y51         LUT4 (Prop_lut4_I0_O)        0.124    19.814 r  ReRamSpm_i/reram_axilite_wrapper_0/inst/u_core/word_arrays[10].word_array_inst/cell_instances[5].cell_inst/axi_rdata_reg[23]_i_1167/O
                         net (fo=1, routed)           0.000    19.814    ReRamSpm_i/reram_axilite_wrapper_0/inst/u_core/word_arrays[10].word_array_inst/cell_instances[5].cell_inst_n_22
    SLICE_X87Y51         CARRY4 (Prop_carry4_S[1]_CO[3])
                                                      0.550    20.364 r  ReRamSpm_i/reram_axilite_wrapper_0/inst/u_core/word_arrays[10].word_array_inst/axi_rdata_reg_reg[23]_i_1062/CO[3]
                         net (fo=24, routed)          0.767    21.131    ReRamSpm_i/reram_axilite_wrapper_0/inst/u_core/word_arrays[10].word_array_inst/cell_instances[7].cell_inst/CO[0]
    SLICE_X86Y51         LUT3 (Prop_lut3_I1_O)        0.124    21.255 f  ReRamSpm_i/reram_axilite_wrapper_0/inst/u_core/word_arrays[10].word_array_inst/cell_instances[7].cell_inst/axi_rdata_reg[23]_i_1255/O
                         net (fo=1, routed)           0.286    21.541    ReRamSpm_i/reram_axilite_wrapper_0/inst/u_core/word_arrays[10].word_array_inst/cell_instances[7].cell_inst/axi_rdata_reg[23]_i_1255_n_0
    SLICE_X86Y51         LUT6 (Prop_lut6_I1_O)        0.124    21.665 r  ReRamSpm_i/reram_axilite_wrapper_0/inst/u_core/word_arrays[10].word_array_inst/cell_instances[7].cell_inst/axi_rdata_reg[23]_i_1155/O
                         net (fo=1, routed)           0.807    22.473    ReRamSpm_i/reram_axilite_wrapper_0/inst/u_core/word_arrays[10].word_array_inst/cell_instances[7].cell_inst_n_14
    SLICE_X87Y53         CARRY4 (Prop_carry4_DI[1]_CO[3])
                                                      0.507    22.980 r  ReRamSpm_i/reram_axilite_wrapper_0/inst/u_core/word_arrays[10].word_array_inst/axi_rdata_reg_reg[23]_i_1061/CO[3]
                         net (fo=8, routed)           0.993    23.973    ReRamSpm_i/reram_axilite_wrapper_0/inst/u_core/word_arrays[10].word_array_inst/cell_instances[7].cell_inst/write_counter_reg[7]_2[0]
    SLICE_X87Y54         LUT5 (Prop_lut5_I1_O)        0.124    24.097 r  ReRamSpm_i/reram_axilite_wrapper_0/inst/u_core/word_arrays[10].word_array_inst/cell_instances[7].cell_inst/axi_rdata_reg[16]_i_99/O
                         net (fo=5, routed)           0.767    24.864    ReRamSpm_i/reram_axilite_wrapper_0/inst/u_core/word_arrays[10].word_array_inst/cell_instances[7].cell_inst/axi_rdata_reg_reg[16]
    SLICE_X88Y52         LUT4 (Prop_lut4_I2_O)        0.124    24.988 r  ReRamSpm_i/reram_axilite_wrapper_0/inst/u_core/word_arrays[10].word_array_inst/cell_instances[7].cell_inst/axi_rdata_reg[23]_i_1060/O
                         net (fo=1, routed)           0.000    24.988    ReRamSpm_i/reram_axilite_wrapper_0/inst/u_core/word_arrays[10].word_array_inst/cell_instances[7].cell_inst_n_23
    SLICE_X88Y52         CARRY4 (Prop_carry4_S[0]_CO[3])
                                                      0.532    25.520 r  ReRamSpm_i/reram_axilite_wrapper_0/inst/u_core/word_arrays[10].word_array_inst/axi_rdata_reg_reg[23]_i_962/CO[3]
                         net (fo=24, routed)          1.017    26.536    ReRamSpm_i/reram_axilite_wrapper_0/inst/u_core/word_arrays[10].word_array_inst/cell_instances[9].cell_inst/CO[0]
    SLICE_X88Y54         LUT3 (Prop_lut3_I1_O)        0.124    26.660 f  ReRamSpm_i/reram_axilite_wrapper_0/inst/u_core/word_arrays[10].word_array_inst/cell_instances[9].cell_inst/axi_rdata_reg[23]_i_1145/O
                         net (fo=1, routed)           0.303    26.963    ReRamSpm_i/reram_axilite_wrapper_0/inst/u_core/word_arrays[10].word_array_inst/cell_instances[9].cell_inst/axi_rdata_reg[23]_i_1145_n_0
    SLICE_X88Y53         LUT6 (Prop_lut6_I1_O)        0.124    27.087 r  ReRamSpm_i/reram_axilite_wrapper_0/inst/u_core/word_arrays[10].word_array_inst/cell_instances[9].cell_inst/axi_rdata_reg[23]_i_1045/O
                         net (fo=1, routed)           0.520    27.608    ReRamSpm_i/reram_axilite_wrapper_0/inst/u_core/word_arrays[10].word_array_inst/cell_instances[9].cell_inst_n_12
    SLICE_X89Y53         CARRY4 (Prop_carry4_DI[3]_CO[3])
                                                      0.385    27.993 r  ReRamSpm_i/reram_axilite_wrapper_0/inst/u_core/word_arrays[10].word_array_inst/axi_rdata_reg_reg[23]_i_961/CO[3]
                         net (fo=8, routed)           1.007    29.000    ReRamSpm_i/reram_axilite_wrapper_0/inst/u_core/word_arrays[10].word_array_inst/cell_instances[9].cell_inst/write_counter_reg[7]_2[0]
    SLICE_X90Y52         LUT5 (Prop_lut5_I1_O)        0.124    29.124 r  ReRamSpm_i/reram_axilite_wrapper_0/inst/u_core/word_arrays[10].word_array_inst/cell_instances[9].cell_inst/axi_rdata_reg[17]_i_95/O
                         net (fo=5, routed)           0.707    29.831    ReRamSpm_i/reram_axilite_wrapper_0/inst/u_core/word_arrays[10].word_array_inst/cell_instances[9].cell_inst/axi_rdata_reg_reg[17]_1
    SLICE_X92Y51         LUT4 (Prop_lut4_I0_O)        0.124    29.955 r  ReRamSpm_i/reram_axilite_wrapper_0/inst/u_core/word_arrays[10].word_array_inst/cell_instances[9].cell_inst/axi_rdata_reg[23]_i_960/O
                         net (fo=1, routed)           0.000    29.955    ReRamSpm_i/reram_axilite_wrapper_0/inst/u_core/word_arrays[10].word_array_inst/cell_instances[9].cell_inst_n_23
    SLICE_X92Y51         CARRY4 (Prop_carry4_S[0]_CO[3])
                                                      0.513    30.468 r  ReRamSpm_i/reram_axilite_wrapper_0/inst/u_core/word_arrays[10].word_array_inst/axi_rdata_reg_reg[23]_i_870/CO[3]
                         net (fo=24, routed)          1.168    31.636    ReRamSpm_i/reram_axilite_wrapper_0/inst/u_core/word_arrays[10].word_array_inst/cell_instances[11].cell_inst/CO[0]
    SLICE_X92Y48         LUT3 (Prop_lut3_I1_O)        0.124    31.760 f  ReRamSpm_i/reram_axilite_wrapper_0/inst/u_core/word_arrays[10].word_array_inst/cell_instances[11].cell_inst/axi_rdata_reg[23]_i_1037/O
                         net (fo=1, routed)           0.315    32.076    ReRamSpm_i/reram_axilite_wrapper_0/inst/u_core/word_arrays[10].word_array_inst/cell_instances[11].cell_inst/axi_rdata_reg[23]_i_1037_n_0
    SLICE_X92Y50         LUT6 (Prop_lut6_I1_O)        0.124    32.200 r  ReRamSpm_i/reram_axilite_wrapper_0/inst/u_core/word_arrays[10].word_array_inst/cell_instances[11].cell_inst/axi_rdata_reg[23]_i_945/O
                         net (fo=1, routed)           0.339    32.539    ReRamSpm_i/reram_axilite_wrapper_0/inst/u_core/word_arrays[10].word_array_inst/cell_instances[11].cell_inst_n_12
    SLICE_X91Y50         CARRY4 (Prop_carry4_DI[3]_CO[3])
                                                      0.385    32.924 r  ReRamSpm_i/reram_axilite_wrapper_0/inst/u_core/word_arrays[10].word_array_inst/axi_rdata_reg_reg[23]_i_869/CO[3]
                         net (fo=8, routed)           0.929    33.853    ReRamSpm_i/reram_axilite_wrapper_0/inst/u_core/word_arrays[10].word_array_inst/cell_instances[11].cell_inst/write_counter_reg[7]_2[0]
    SLICE_X91Y51         LUT5 (Prop_lut5_I1_O)        0.124    33.977 r  ReRamSpm_i/reram_axilite_wrapper_0/inst/u_core/word_arrays[10].word_array_inst/cell_instances[11].cell_inst/axi_rdata_reg[19]_i_91/O
                         net (fo=5, routed)           0.769    34.746    ReRamSpm_i/reram_axilite_wrapper_0/inst/u_core/word_arrays[10].word_array_inst/cell_instances[11].cell_inst/axi_rdata_reg_reg[19]
    SLICE_X90Y53         LUT4 (Prop_lut4_I0_O)        0.124    34.870 r  ReRamSpm_i/reram_axilite_wrapper_0/inst/u_core/word_arrays[10].word_array_inst/cell_instances[11].cell_inst/axi_rdata_reg[23]_i_867/O
                         net (fo=1, routed)           0.000    34.870    ReRamSpm_i/reram_axilite_wrapper_0/inst/u_core/word_arrays[10].word_array_inst/cell_instances[11].cell_inst_n_22
    SLICE_X90Y53         CARRY4 (Prop_carry4_S[1]_CO[3])
                                                      0.533    35.403 r  ReRamSpm_i/reram_axilite_wrapper_0/inst/u_core/word_arrays[10].word_array_inst/axi_rdata_reg_reg[23]_i_778/CO[3]
                         net (fo=20, routed)          1.044    36.446    ReRamSpm_i/reram_axilite_wrapper_0/inst/u_core/word_arrays[10].word_array_inst/cell_instances[13].cell_inst/CO[0]
    SLICE_X91Y53         LUT3 (Prop_lut3_I1_O)        0.124    36.570 f  ReRamSpm_i/reram_axilite_wrapper_0/inst/u_core/word_arrays[10].word_array_inst/cell_instances[13].cell_inst/axi_rdata_reg[23]_i_944/O
                         net (fo=2, routed)           0.419    36.989    ReRamSpm_i/reram_axilite_wrapper_0/inst/u_core/word_arrays[10].word_array_inst/cell_instances[13].cell_inst/axi_rdata_reg[23]_i_944_n_0
    SLICE_X91Y53         LUT6 (Prop_lut6_I5_O)        0.124    37.113 r  ReRamSpm_i/reram_axilite_wrapper_0/inst/u_core/word_arrays[10].word_array_inst/cell_instances[13].cell_inst/axi_rdata_reg[23]_i_856/O
                         net (fo=1, routed)           0.471    37.584    ReRamSpm_i/reram_axilite_wrapper_0/inst/u_core/word_arrays[10].word_array_inst/cell_instances[13].cell_inst_n_15
    SLICE_X91Y54         CARRY4 (Prop_carry4_DI[0]_CO[3])
                                                      0.526    38.110 r  ReRamSpm_i/reram_axilite_wrapper_0/inst/u_core/word_arrays[10].word_array_inst/axi_rdata_reg_reg[23]_i_777/CO[3]
                         net (fo=8, routed)           0.981    39.091    ReRamSpm_i/reram_axilite_wrapper_0/inst/u_core/word_arrays[10].word_array_inst/cell_instances[13].cell_inst/write_counter_reg[7]_3[0]
    SLICE_X90Y55         LUT5 (Prop_lut5_I1_O)        0.124    39.215 r  ReRamSpm_i/reram_axilite_wrapper_0/inst/u_core/word_arrays[10].word_array_inst/cell_instances[13].cell_inst/axi_rdata_reg[19]_i_87/O
                         net (fo=5, routed)           0.833    40.048    ReRamSpm_i/reram_axilite_wrapper_0/inst/u_core/word_arrays[10].word_array_inst/cell_instances[13].cell_inst/axi_rdata_reg_reg[19]
    SLICE_X89Y56         LUT4 (Prop_lut4_I0_O)        0.124    40.172 r  ReRamSpm_i/reram_axilite_wrapper_0/inst/u_core/word_arrays[10].word_array_inst/cell_instances[13].cell_inst/axi_rdata_reg[23]_i_775/O
                         net (fo=1, routed)           0.000    40.172    ReRamSpm_i/reram_axilite_wrapper_0/inst/u_core/word_arrays[10].word_array_inst/cell_instances[13].cell_inst_n_22
    SLICE_X89Y56         CARRY4 (Prop_carry4_S[1]_CO[3])
                                                      0.550    40.722 r  ReRamSpm_i/reram_axilite_wrapper_0/inst/u_core/word_arrays[10].word_array_inst/axi_rdata_reg_reg[23]_i_686/CO[3]
                         net (fo=20, routed)          0.743    41.465    ReRamSpm_i/reram_axilite_wrapper_0/inst/u_core/word_arrays[10].word_array_inst/cell_instances[15].cell_inst/CO[0]
    SLICE_X88Y57         LUT3 (Prop_lut3_I1_O)        0.124    41.589 f  ReRamSpm_i/reram_axilite_wrapper_0/inst/u_core/word_arrays[10].word_array_inst/cell_instances[15].cell_inst/axi_rdata_reg[23]_i_852/O
                         net (fo=2, routed)           0.563    42.152    ReRamSpm_i/reram_axilite_wrapper_0/inst/u_core/word_arrays[10].word_array_inst/cell_instances[15].cell_inst/axi_rdata_reg[23]_i_852_n_0
    SLICE_X89Y55         LUT6 (Prop_lut6_I5_O)        0.124    42.276 r  ReRamSpm_i/reram_axilite_wrapper_0/inst/u_core/word_arrays[10].word_array_inst/cell_instances[15].cell_inst/axi_rdata_reg[23]_i_764/O
                         net (fo=1, routed)           0.574    42.851    ReRamSpm_i/reram_axilite_wrapper_0/inst/u_core/word_arrays[10].word_array_inst/cell_instances[15].cell_inst_n_15
    SLICE_X88Y55         CARRY4 (Prop_carry4_DI[0]_CO[3])
                                                      0.526    43.377 r  ReRamSpm_i/reram_axilite_wrapper_0/inst/u_core/word_arrays[10].word_array_inst/axi_rdata_reg_reg[23]_i_685/CO[3]
                         net (fo=8, routed)           0.945    44.321    ReRamSpm_i/reram_axilite_wrapper_0/inst/u_core/word_arrays[10].word_array_inst/cell_instances[15].cell_inst/write_counter_reg[7]_3[0]
    SLICE_X88Y56         LUT5 (Prop_lut5_I1_O)        0.124    44.445 r  ReRamSpm_i/reram_axilite_wrapper_0/inst/u_core/word_arrays[10].word_array_inst/cell_instances[15].cell_inst/axi_rdata_reg[21]_i_83/O
                         net (fo=5, routed)           0.871    45.316    ReRamSpm_i/reram_axilite_wrapper_0/inst/u_core/word_arrays[10].word_array_inst/cell_instances[15].cell_inst/axi_rdata_reg_reg[21]
    SLICE_X87Y59         LUT4 (Prop_lut4_I0_O)        0.124    45.440 r  ReRamSpm_i/reram_axilite_wrapper_0/inst/u_core/word_arrays[10].word_array_inst/cell_instances[15].cell_inst/axi_rdata_reg[23]_i_682/O
                         net (fo=1, routed)           0.000    45.440    ReRamSpm_i/reram_axilite_wrapper_0/inst/u_core/word_arrays[10].word_array_inst/cell_instances[15].cell_inst_n_21
    SLICE_X87Y59         CARRY4 (Prop_carry4_S[2]_CO[3])
                                                      0.398    45.838 r  ReRamSpm_i/reram_axilite_wrapper_0/inst/u_core/word_arrays[10].word_array_inst/axi_rdata_reg_reg[23]_i_594/CO[3]
                         net (fo=20, routed)          0.817    46.655    ReRamSpm_i/reram_axilite_wrapper_0/inst/u_core/word_arrays[10].word_array_inst/cell_instances[17].cell_inst/CO[0]
    SLICE_X86Y60         LUT3 (Prop_lut3_I1_O)        0.124    46.779 f  ReRamSpm_i/reram_axilite_wrapper_0/inst/u_core/word_arrays[10].word_array_inst/cell_instances[17].cell_inst/axi_rdata_reg[23]_i_759/O
                         net (fo=2, routed)           0.407    47.186    ReRamSpm_i/reram_axilite_wrapper_0/inst/u_core/word_arrays[10].word_array_inst/cell_instances[17].cell_inst/axi_rdata_reg[23]_i_759_n_0
    SLICE_X89Y60         LUT6 (Prop_lut6_I5_O)        0.124    47.310 r  ReRamSpm_i/reram_axilite_wrapper_0/inst/u_core/word_arrays[10].word_array_inst/cell_instances[17].cell_inst/axi_rdata_reg[23]_i_671/O
                         net (fo=1, routed)           0.706    48.016    ReRamSpm_i/reram_axilite_wrapper_0/inst/u_core/word_arrays[10].word_array_inst/cell_instances[17].cell_inst_n_14
    SLICE_X90Y60         CARRY4 (Prop_carry4_DI[1]_CO[3])
                                                      0.520    48.536 r  ReRamSpm_i/reram_axilite_wrapper_0/inst/u_core/word_arrays[10].word_array_inst/axi_rdata_reg_reg[23]_i_593/CO[3]
                         net (fo=8, routed)           0.864    49.400    ReRamSpm_i/reram_axilite_wrapper_0/inst/u_core/word_arrays[10].word_array_inst/cell_instances[17].cell_inst/write_counter_reg[7]_3[0]
    SLICE_X89Y60         LUT5 (Prop_lut5_I1_O)        0.124    49.524 r  ReRamSpm_i/reram_axilite_wrapper_0/inst/u_core/word_arrays[10].word_array_inst/cell_instances[17].cell_inst/axi_rdata_reg[21]_i_79/O
                         net (fo=5, routed)           0.935    50.459    ReRamSpm_i/reram_axilite_wrapper_0/inst/u_core/word_arrays[10].word_array_inst/cell_instances[17].cell_inst/axi_rdata_reg_reg[21]
    SLICE_X88Y63         LUT4 (Prop_lut4_I0_O)        0.124    50.583 r  ReRamSpm_i/reram_axilite_wrapper_0/inst/u_core/word_arrays[10].word_array_inst/cell_instances[17].cell_inst/axi_rdata_reg[23]_i_590/O
                         net (fo=1, routed)           0.000    50.583    ReRamSpm_i/reram_axilite_wrapper_0/inst/u_core/word_arrays[10].word_array_inst/cell_instances[17].cell_inst_n_21
    SLICE_X88Y63         CARRY4 (Prop_carry4_S[2]_CO[3])
                                                      0.398    50.981 r  ReRamSpm_i/reram_axilite_wrapper_0/inst/u_core/word_arrays[10].word_array_inst/axi_rdata_reg_reg[23]_i_502/CO[3]
                         net (fo=20, routed)          0.873    51.854    ReRamSpm_i/reram_axilite_wrapper_0/inst/u_core/word_arrays[10].word_array_inst/cell_instances[19].cell_inst/CO[0]
    SLICE_X88Y64         LUT3 (Prop_lut3_I1_O)        0.124    51.978 f  ReRamSpm_i/reram_axilite_wrapper_0/inst/u_core/word_arrays[10].word_array_inst/cell_instances[19].cell_inst/axi_rdata_reg[23]_i_668/O
                         net (fo=2, routed)           0.502    52.480    ReRamSpm_i/reram_axilite_wrapper_0/inst/u_core/word_arrays[10].word_array_inst/cell_instances[19].cell_inst/axi_rdata_reg[23]_i_668_n_0
    SLICE_X88Y64         LUT6 (Prop_lut6_I5_O)        0.124    52.604 r  ReRamSpm_i/reram_axilite_wrapper_0/inst/u_core/word_arrays[10].word_array_inst/cell_instances[19].cell_inst/axi_rdata_reg[23]_i_580/O
                         net (fo=1, routed)           0.330    52.934    ReRamSpm_i/reram_axilite_wrapper_0/inst/u_core/word_arrays[10].word_array_inst/cell_instances[19].cell_inst_n_15
    SLICE_X89Y63         CARRY4 (Prop_carry4_DI[0]_CO[3])
                                                      0.526    53.460 r  ReRamSpm_i/reram_axilite_wrapper_0/inst/u_core/word_arrays[10].word_array_inst/axi_rdata_reg_reg[23]_i_501/CO[3]
                         net (fo=8, routed)           0.785    54.245    ReRamSpm_i/reram_axilite_wrapper_0/inst/u_core/word_arrays[10].word_array_inst/cell_instances[19].cell_inst/write_counter_reg[7]_3[0]
    SLICE_X90Y63         LUT5 (Prop_lut5_I1_O)        0.124    54.369 r  ReRamSpm_i/reram_axilite_wrapper_0/inst/u_core/word_arrays[10].word_array_inst/cell_instances[19].cell_inst/axi_rdata_reg[19]_i_75/O
                         net (fo=5, routed)           0.769    55.138    ReRamSpm_i/reram_axilite_wrapper_0/inst/u_core/word_arrays[10].word_array_inst/cell_instances[19].cell_inst/axi_rdata_reg_reg[19]
    SLICE_X89Y64         LUT4 (Prop_lut4_I0_O)        0.124    55.262 r  ReRamSpm_i/reram_axilite_wrapper_0/inst/u_core/word_arrays[10].word_array_inst/cell_instances[19].cell_inst/axi_rdata_reg[23]_i_499/O
                         net (fo=1, routed)           0.000    55.262    ReRamSpm_i/reram_axilite_wrapper_0/inst/u_core/word_arrays[10].word_array_inst/cell_instances[19].cell_inst_n_22
    SLICE_X89Y64         CARRY4 (Prop_carry4_S[1]_CO[3])
                                                      0.550    55.812 r  ReRamSpm_i/reram_axilite_wrapper_0/inst/u_core/word_arrays[10].word_array_inst/axi_rdata_reg_reg[23]_i_410/CO[3]
                         net (fo=20, routed)          0.988    56.800    ReRamSpm_i/reram_axilite_wrapper_0/inst/u_core/word_arrays[10].word_array_inst/cell_instances[21].cell_inst/CO[0]
    SLICE_X88Y66         LUT3 (Prop_lut3_I1_O)        0.124    56.924 f  ReRamSpm_i/reram_axilite_wrapper_0/inst/u_core/word_arrays[10].word_array_inst/cell_instances[21].cell_inst/axi_rdata_reg[23]_i_575/O
                         net (fo=2, routed)           0.634    57.558    ReRamSpm_i/reram_axilite_wrapper_0/inst/u_core/word_arrays[10].word_array_inst/cell_instances[21].cell_inst/axi_rdata_reg[23]_i_575_n_0
    SLICE_X88Y66         LUT6 (Prop_lut6_I5_O)        0.124    57.682 r  ReRamSpm_i/reram_axilite_wrapper_0/inst/u_core/word_arrays[10].word_array_inst/cell_instances[21].cell_inst/axi_rdata_reg[23]_i_487/O
                         net (fo=1, routed)           0.331    58.013    ReRamSpm_i/reram_axilite_wrapper_0/inst/u_core/word_arrays[10].word_array_inst/cell_instances[21].cell_inst_n_14
    SLICE_X88Y65         CARRY4 (Prop_carry4_DI[1]_CO[3])
                                                      0.507    58.520 r  ReRamSpm_i/reram_axilite_wrapper_0/inst/u_core/word_arrays[10].word_array_inst/axi_rdata_reg_reg[23]_i_409/CO[3]
                         net (fo=8, routed)           0.992    59.512    ReRamSpm_i/reram_axilite_wrapper_0/inst/u_core/word_arrays[10].word_array_inst/cell_instances[21].cell_inst/write_counter_reg[7]_3[0]
    SLICE_X89Y65         LUT5 (Prop_lut5_I1_O)        0.124    59.636 r  ReRamSpm_i/reram_axilite_wrapper_0/inst/u_core/word_arrays[10].word_array_inst/cell_instances[21].cell_inst/axi_rdata_reg[23]_i_319/O
                         net (fo=5, routed)           0.942    60.578    ReRamSpm_i/reram_axilite_wrapper_0/inst/u_core/word_arrays[10].word_array_inst/cell_instances[21].cell_inst/axi_rdata_reg_reg[23]
    SLICE_X90Y66         LUT4 (Prop_lut4_I0_O)        0.124    60.702 r  ReRamSpm_i/reram_axilite_wrapper_0/inst/u_core/word_arrays[10].word_array_inst/cell_instances[21].cell_inst/axi_rdata_reg[23]_i_405/O
                         net (fo=1, routed)           0.000    60.702    ReRamSpm_i/reram_axilite_wrapper_0/inst/u_core/word_arrays[10].word_array_inst/cell_instances[21].cell_inst_n_20
    SLICE_X90Y66         CARRY4 (Prop_carry4_S[3]_CO[3])
                                                      0.376    61.078 r  ReRamSpm_i/reram_axilite_wrapper_0/inst/u_core/word_arrays[10].word_array_inst/axi_rdata_reg_reg[23]_i_318/CO[3]
                         net (fo=20, routed)          0.758    61.837    ReRamSpm_i/reram_axilite_wrapper_0/inst/u_core/word_arrays[10].word_array_inst/cell_instances[23].cell_inst/CO[0]
    SLICE_X90Y67         LUT3 (Prop_lut3_I1_O)        0.124    61.961 f  ReRamSpm_i/reram_axilite_wrapper_0/inst/u_core/word_arrays[10].word_array_inst/cell_instances[23].cell_inst/axi_rdata_reg[23]_i_484/O
                         net (fo=2, routed)           0.504    62.465    ReRamSpm_i/reram_axilite_wrapper_0/inst/u_core/word_arrays[10].word_array_inst/cell_instances[23].cell_inst/axi_rdata_reg[23]_i_484_n_0
    SLICE_X90Y67         LUT6 (Prop_lut6_I5_O)        0.124    62.589 r  ReRamSpm_i/reram_axilite_wrapper_0/inst/u_core/word_arrays[10].word_array_inst/cell_instances[23].cell_inst/axi_rdata_reg[23]_i_396/O
                         net (fo=1, routed)           0.568    63.157    ReRamSpm_i/reram_axilite_wrapper_0/inst/u_core/word_arrays[10].word_array_inst/cell_instances[23].cell_inst_n_15
    SLICE_X91Y67         CARRY4 (Prop_carry4_DI[0]_CO[3])
                                                      0.526    63.683 r  ReRamSpm_i/reram_axilite_wrapper_0/inst/u_core/word_arrays[10].word_array_inst/axi_rdata_reg_reg[23]_i_317/CO[3]
                         net (fo=8, routed)           0.866    64.549    ReRamSpm_i/reram_axilite_wrapper_0/inst/u_core/word_arrays[10].word_array_inst/cell_instances[23].cell_inst/write_counter_reg[7]_3[0]
    SLICE_X91Y68         LUT5 (Prop_lut5_I1_O)        0.124    64.673 r  ReRamSpm_i/reram_axilite_wrapper_0/inst/u_core/word_arrays[10].word_array_inst/cell_instances[23].cell_inst/axi_rdata_reg[18]_i_67/O
                         net (fo=4, routed)           0.686    65.359    ReRamSpm_i/reram_axilite_wrapper_0/inst/u_core/word_arrays[10].word_array_inst/cell_instances[23].cell_inst/axi_rdata_reg_reg[18]
    SLICE_X90Y69         LUT4 (Prop_lut4_I2_O)        0.124    65.483 r  ReRamSpm_i/reram_axilite_wrapper_0/inst/u_core/word_arrays[10].word_array_inst/cell_instances[23].cell_inst/axi_rdata_reg[23]_i_315/O
                         net (fo=1, routed)           0.000    65.483    ReRamSpm_i/reram_axilite_wrapper_0/inst/u_core/word_arrays[10].word_array_inst/cell_instances[23].cell_inst_n_22
    SLICE_X90Y69         CARRY4 (Prop_carry4_S[1]_CO[3])
                                                      0.533    66.016 r  ReRamSpm_i/reram_axilite_wrapper_0/inst/u_core/word_arrays[10].word_array_inst/axi_rdata_reg_reg[23]_i_226/CO[3]
                         net (fo=20, routed)          0.758    66.774    ReRamSpm_i/reram_axilite_wrapper_0/inst/u_core/word_arrays[10].word_array_inst/cell_instances[25].cell_inst/CO[0]
    SLICE_X90Y68         LUT3 (Prop_lut3_I1_O)        0.124    66.898 f  ReRamSpm_i/reram_axilite_wrapper_0/inst/u_core/word_arrays[10].word_array_inst/cell_instances[25].cell_inst/axi_rdata_reg[23]_i_392/O
                         net (fo=2, routed)           0.466    67.365    ReRamSpm_i/reram_axilite_wrapper_0/inst/u_core/word_arrays[10].word_array_inst/cell_instances[25].cell_inst/axi_rdata_reg[23]_i_392_n_0
    SLICE_X91Y69         LUT6 (Prop_lut6_I5_O)        0.124    67.489 r  ReRamSpm_i/reram_axilite_wrapper_0/inst/u_core/word_arrays[10].word_array_inst/cell_instances[25].cell_inst/axi_rdata_reg[23]_i_304/O
                         net (fo=1, routed)           0.330    67.819    ReRamSpm_i/reram_axilite_wrapper_0/inst/u_core/word_arrays[10].word_array_inst/cell_instances[25].cell_inst_n_15
    SLICE_X91Y70         CARRY4 (Prop_carry4_DI[0]_CO[3])
                                                      0.526    68.345 r  ReRamSpm_i/reram_axilite_wrapper_0/inst/u_core/word_arrays[10].word_array_inst/axi_rdata_reg_reg[23]_i_225/CO[3]
                         net (fo=8, routed)           1.171    69.516    ReRamSpm_i/reram_axilite_wrapper_0/inst/u_core/word_arrays[10].word_array_inst/cell_instances[25].cell_inst/write_counter_reg[7]_3[0]
    SLICE_X90Y70         LUT5 (Prop_lut5_I1_O)        0.124    69.640 r  ReRamSpm_i/reram_axilite_wrapper_0/inst/u_core/word_arrays[10].word_array_inst/cell_instances[25].cell_inst/axi_rdata_reg[23]_i_143/O
                         net (fo=5, routed)           0.769    70.408    ReRamSpm_i/reram_axilite_wrapper_0/inst/u_core/word_arrays[10].word_array_inst/cell_instances[25].cell_inst/axi_rdata_reg_reg[23]
    SLICE_X89Y70         LUT4 (Prop_lut4_I0_O)        0.124    70.532 r  ReRamSpm_i/reram_axilite_wrapper_0/inst/u_core/word_arrays[10].word_array_inst/cell_instances[25].cell_inst/axi_rdata_reg[23]_i_221/O
                         net (fo=1, routed)           0.000    70.532    ReRamSpm_i/reram_axilite_wrapper_0/inst/u_core/word_arrays[10].word_array_inst/cell_instances[25].cell_inst_n_20
    SLICE_X89Y70         CARRY4 (Prop_carry4_S[3]_CO[3])
                                                      0.401    70.933 r  ReRamSpm_i/reram_axilite_wrapper_0/inst/u_core/word_arrays[10].word_array_inst/axi_rdata_reg_reg[23]_i_142/CO[3]
                         net (fo=20, routed)          1.038    71.971    ReRamSpm_i/reram_axilite_wrapper_0/inst/u_core/word_arrays[10].word_array_inst/cell_instances[27].cell_inst/CO[0]
    SLICE_X89Y73         LUT3 (Prop_lut3_I1_O)        0.124    72.095 f  ReRamSpm_i/reram_axilite_wrapper_0/inst/u_core/word_arrays[10].word_array_inst/cell_instances[27].cell_inst/axi_rdata_reg[23]_i_297/O
                         net (fo=2, routed)           0.363    72.457    ReRamSpm_i/reram_axilite_wrapper_0/inst/u_core/word_arrays[10].word_array_inst/cell_instances[27].cell_inst/axi_rdata_reg[23]_i_297_n_0
    SLICE_X88Y73         LUT6 (Prop_lut6_I5_O)        0.124    72.581 r  ReRamSpm_i/reram_axilite_wrapper_0/inst/u_core/word_arrays[10].word_array_inst/cell_instances[27].cell_inst/axi_rdata_reg[23]_i_209/O
                         net (fo=1, routed)           0.561    73.142    ReRamSpm_i/reram_axilite_wrapper_0/inst/u_core/word_arrays[10].word_array_inst/cell_instances[27].cell_inst_n_12
    SLICE_X90Y73         CARRY4 (Prop_carry4_DI[3]_CO[3])
                                                      0.396    73.538 r  ReRamSpm_i/reram_axilite_wrapper_0/inst/u_core/word_arrays[10].word_array_inst/axi_rdata_reg_reg[23]_i_141/CO[3]
                         net (fo=8, routed)           0.929    74.467    ReRamSpm_i/reram_axilite_wrapper_0/inst/u_core/word_arrays[10].word_array_inst/cell_instances[27].cell_inst/write_counter_reg[7]_3[0]
    SLICE_X89Y74         LUT5 (Prop_lut5_I1_O)        0.124    74.591 r  ReRamSpm_i/reram_axilite_wrapper_0/inst/u_core/word_arrays[10].word_array_inst/cell_instances[27].cell_inst/axi_rdata_reg[17]_i_43/O
                         net (fo=5, routed)           0.909    75.500    ReRamSpm_i/reram_axilite_wrapper_0/inst/u_core/word_arrays[10].word_array_inst/cell_instances[27].cell_inst/axi_rdata_reg_reg[17]_1
    SLICE_X90Y74         LUT4 (Prop_lut4_I0_O)        0.124    75.624 r  ReRamSpm_i/reram_axilite_wrapper_0/inst/u_core/word_arrays[10].word_array_inst/cell_instances[27].cell_inst/axi_rdata_reg[23]_i_140/O
                         net (fo=1, routed)           0.000    75.624    ReRamSpm_i/reram_axilite_wrapper_0/inst/u_core/word_arrays[10].word_array_inst/cell_instances[27].cell_inst_n_23
    SLICE_X90Y74         CARRY4 (Prop_carry4_S[0]_CO[3])
                                                      0.513    76.137 r  ReRamSpm_i/reram_axilite_wrapper_0/inst/u_core/word_arrays[10].word_array_inst/axi_rdata_reg_reg[23]_i_66/CO[3]
                         net (fo=20, routed)          0.914    77.050    ReRamSpm_i/reram_axilite_wrapper_0/inst/u_core/word_arrays[10].word_array_inst/cell_instances[29].cell_inst/CO[0]
    SLICE_X90Y75         LUT3 (Prop_lut3_I1_O)        0.124    77.174 f  ReRamSpm_i/reram_axilite_wrapper_0/inst/u_core/word_arrays[10].word_array_inst/cell_instances[29].cell_inst/axi_rdata_reg[23]_i_205/O
                         net (fo=2, routed)           0.330    77.504    ReRamSpm_i/reram_axilite_wrapper_0/inst/u_core/word_arrays[10].word_array_inst/cell_instances[29].cell_inst/axi_rdata_reg[23]_i_205_n_0
    SLICE_X91Y74         LUT6 (Prop_lut6_I5_O)        0.124    77.628 r  ReRamSpm_i/reram_axilite_wrapper_0/inst/u_core/word_arrays[10].word_array_inst/cell_instances[29].cell_inst/axi_rdata_reg[23]_i_125/O
                         net (fo=1, routed)           0.542    78.170    ReRamSpm_i/reram_axilite_wrapper_0/inst/u_core/word_arrays[10].word_array_inst/cell_instances[29].cell_inst_n_12
    SLICE_X91Y75         CARRY4 (Prop_carry4_DI[3]_CO[3])
                                                      0.385    78.555 r  ReRamSpm_i/reram_axilite_wrapper_0/inst/u_core/word_arrays[10].word_array_inst/axi_rdata_reg_reg[23]_i_65/CO[3]
                         net (fo=8, routed)           0.967    79.522    ReRamSpm_i/reram_axilite_wrapper_0/inst/u_core/word_arrays[10].word_array_inst/cell_instances[29].cell_inst/write_counter_reg[7]_3[0]
    SLICE_X90Y76         LUT5 (Prop_lut5_I1_O)        0.124    79.646 r  ReRamSpm_i/reram_axilite_wrapper_0/inst/u_core/word_arrays[10].word_array_inst/cell_instances[29].cell_inst/axi_rdata_reg[21]_i_23/O
                         net (fo=3, routed)           0.723    80.369    ReRamSpm_i/reram_axilite_wrapper_0/inst/u_core/word_arrays[10].word_array_inst/cell_instances[29].cell_inst/axi_rdata_reg_reg[21]
    SLICE_X91Y77         LUT4 (Prop_lut4_I0_O)        0.124    80.493 r  ReRamSpm_i/reram_axilite_wrapper_0/inst/u_core/word_arrays[10].word_array_inst/cell_instances[29].cell_inst/axi_rdata_reg[23]_i_62/O
                         net (fo=1, routed)           0.000    80.493    ReRamSpm_i/reram_axilite_wrapper_0/inst/u_core/word_arrays[10].word_array_inst/cell_instances[29].cell_inst_n_21
    SLICE_X91Y77         CARRY4 (Prop_carry4_S[2]_CO[3])
                                                      0.398    80.891 r  ReRamSpm_i/reram_axilite_wrapper_0/inst/u_core/word_arrays[10].word_array_inst/axi_rdata_reg_reg[23]_i_24/CO[3]
                         net (fo=8, routed)           0.824    81.715    ReRamSpm_i/reram_axilite_wrapper_0/inst/u_core/word_arrays[10].word_array_inst/cell_instances[31].cell_inst/CO[0]
    SLICE_X91Y78         LUT3 (Prop_lut3_I1_O)        0.124    81.839 r  ReRamSpm_i/reram_axilite_wrapper_0/inst/u_core/word_arrays[10].word_array_inst/cell_instances[31].cell_inst/axi_rdata_reg[19]_i_13/O
                         net (fo=1, routed)           0.886    82.725    ReRamSpm_i/reram_axilite_wrapper_0/inst/u_core/word_arrays[14].word_array_inst/cell_instances[31].cell_inst/write_counter_reg[7]_0[19]
    SLICE_X92Y80         LUT6 (Prop_lut6_I1_O)        0.124    82.849 r  ReRamSpm_i/reram_axilite_wrapper_0/inst/u_core/word_arrays[14].word_array_inst/cell_instances[31].cell_inst/axi_rdata_reg[19]_i_6/O
                         net (fo=1, routed)           0.302    83.152    ReRamSpm_i/reram_axilite_wrapper_0/inst/u_core/word_arrays[14].word_array_inst/cell_instances[31].cell_inst/axi_rdata_reg[19]_i_6_n_0
    SLICE_X92Y81         LUT6 (Prop_lut6_I3_O)        0.124    83.276 r  ReRamSpm_i/reram_axilite_wrapper_0/inst/u_core/word_arrays[14].word_array_inst/cell_instances[31].cell_inst/axi_rdata_reg[19]_i_2/O
                         net (fo=1, routed)           0.165    83.440    ReRamSpm_i/reram_axilite_wrapper_0/inst/u_core/word_arrays[3].word_array_inst/cell_instances[19].cell_inst/axi_araddr_reg[4]_0
    SLICE_X92Y81         LUT5 (Prop_lut5_I0_O)        0.124    83.564 r  ReRamSpm_i/reram_axilite_wrapper_0/inst/u_core/word_arrays[3].word_array_inst/cell_instances[19].cell_inst/axi_rdata_reg[19]_i_1/O
                         net (fo=1, routed)           0.000    83.564    ReRamSpm_i/reram_axilite_wrapper_0/inst/axi_rdata_reg1_in[19]
    SLICE_X92Y81         FDRE                                         r  ReRamSpm_i/reram_axilite_wrapper_0/inst/axi_rdata_reg_reg[19]/D
  -------------------------------------------------------------------    -------------------

                         (clock clk_fpga_0 rise edge)
                                                     20.000    20.000 r  
    PS7_X0Y0             PS7                          0.000    20.000 r  ReRamSpm_i/processing_system7_0/inst/PS7_i/FCLKCLK[0]
                         net (fo=1, routed)           1.088    21.088    ReRamSpm_i/processing_system7_0/inst/FCLK_CLK_unbuffered[0]
    BUFGCTRL_X0Y16       BUFG (Prop_bufg_I_O)         0.091    21.179 r  ReRamSpm_i/processing_system7_0/inst/buffer_fclk_clk_0.FCLK_CLK_0_BUFG/O
                         net (fo=26024, routed)       1.596    22.775    ReRamSpm_i/reram_axilite_wrapper_0/inst/S_AXI_ACLK
    SLICE_X92Y81         FDRE                                         r  ReRamSpm_i/reram_axilite_wrapper_0/inst/axi_rdata_reg_reg[19]/C
                         clock pessimism              0.115    22.890    
                         clock uncertainty           -0.302    22.588    
    SLICE_X92Y81         FDRE (Setup_fdre_C_D)        0.077    22.665    ReRamSpm_i/reram_axilite_wrapper_0/inst/axi_rdata_reg_reg[19]
  -------------------------------------------------------------------
                         required time                         22.665    
                         arrival time                         -83.564    
  -------------------------------------------------------------------
                         slack                                -60.900    

Slack (VIOLATED) :        -60.891ns  (required time - arrival time)
  Source:                 ReRamSpm_i/reram_axilite_wrapper_0/inst/u_core/word_arrays[1].word_array_inst/cell_instances[0].cell_inst/write_counter_reg[1]/C
                            (rising edge-triggered cell FDCE clocked by clk_fpga_0  {rise@0.000ns fall@10.000ns period=20.000ns})
  Destination:            ReRamSpm_i/reram_axilite_wrapper_0/inst/axi_rdata_reg_reg[12]/D
                            (rising edge-triggered cell FDRE clocked by clk_fpga_0  {rise@0.000ns fall@10.000ns period=20.000ns})
  Path Group:             clk_fpga_0
  Path Type:              Setup (Max at Slow Process Corner)
  Requirement:            20.000ns  (clk_fpga_0 rise@20.000ns - clk_fpga_0 rise@0.000ns)
  Data Path Delay:        80.454ns  (logic 24.179ns (30.053%)  route 56.275ns (69.947%))
  Logic Levels:           96  (CARRY4=31 LUT3=16 LUT4=16 LUT5=16 LUT6=17)
  Clock Path Skew:        -0.164ns (DCD - SCD + CPR)
    Destination Clock Delay (DCD):    2.730ns = ( 22.730 - 20.000 ) 
    Source Clock Delay      (SCD):    3.009ns
    Clock Pessimism Removal (CPR):    0.115ns
  Clock Uncertainty:      0.302ns  ((TSJ^2 + TIJ^2)^1/2 + DJ) / 2 + PE
    Total System Jitter     (TSJ):    0.071ns
    Total Input Jitter      (TIJ):    0.600ns
    Discrete Jitter          (DJ):    0.000ns
    Phase Error              (PE):    0.000ns

    Location             Delay type                Incr(ns)  Path(ns)    Netlist Resource(s)
  -------------------------------------------------------------------    -------------------
                         (clock clk_fpga_0 rise edge)
                                                      0.000     0.000 r  
    PS7_X0Y0             PS7                          0.000     0.000 r  ReRamSpm_i/processing_system7_0/inst/PS7_i/FCLKCLK[0]
                         net (fo=1, routed)           1.193     1.193    ReRamSpm_i/processing_system7_0/inst/FCLK_CLK_unbuffered[0]
    BUFGCTRL_X0Y16       BUFG (Prop_bufg_I_O)         0.101     1.294 r  ReRamSpm_i/processing_system7_0/inst/buffer_fclk_clk_0.FCLK_CLK_0_BUFG/O
                         net (fo=26024, routed)       1.715     3.009    ReRamSpm_i/reram_axilite_wrapper_0/inst/u_core/word_arrays[1].word_array_inst/cell_instances[0].cell_inst/S_AXI_ACLK
    SLICE_X60Y50         FDCE                                         r  ReRamSpm_i/reram_axilite_wrapper_0/inst/u_core/word_arrays[1].word_array_inst/cell_instances[0].cell_inst/write_counter_reg[1]/C
  -------------------------------------------------------------------    -------------------
    SLICE_X60Y50         FDCE (Prop_fdce_C_Q)         0.456     3.465 r  ReRamSpm_i/reram_axilite_wrapper_0/inst/u_core/word_arrays[1].word_array_inst/cell_instances[0].cell_inst/write_counter_reg[1]/Q
                         net (fo=11, routed)          1.029     4.494    ReRamSpm_i/reram_axilite_wrapper_0/inst/u_core/word_arrays[1].word_array_inst/cell_instances[0].cell_inst/write_cycles[1]
    SLICE_X62Y50         LUT4 (Prop_lut4_I0_O)        0.124     4.618 r  ReRamSpm_i/reram_axilite_wrapper_0/inst/u_core/word_arrays[1].word_array_inst/cell_instances[0].cell_inst/axi_rdata_reg[15]_i_1548/O
                         net (fo=1, routed)           0.000     4.618    ReRamSpm_i/reram_axilite_wrapper_0/inst/u_core/word_arrays[1].word_array_inst/cell_instances[0].cell_inst_n_5
    SLICE_X62Y50         CARRY4 (Prop_carry4_S[0]_CO[3])
                                                      0.513     5.131 r  ReRamSpm_i/reram_axilite_wrapper_0/inst/u_core/word_arrays[1].word_array_inst/axi_rdata_reg_reg[15]_i_1452/CO[3]
                         net (fo=24, routed)          0.784     5.915    ReRamSpm_i/reram_axilite_wrapper_0/inst/u_core/word_arrays[1].word_array_inst/cell_instances[1].cell_inst/CO[0]
    SLICE_X61Y51         LUT3 (Prop_lut3_I1_O)        0.124     6.039 f  ReRamSpm_i/reram_axilite_wrapper_0/inst/u_core/word_arrays[1].word_array_inst/cell_instances[1].cell_inst/axi_rdata_reg[15]_i_1575/O
                         net (fo=1, routed)           0.839     6.878    ReRamSpm_i/reram_axilite_wrapper_0/inst/u_core/word_arrays[1].word_array_inst/cell_instances[1].cell_inst/axi_rdata_reg[15]_i_1575_n_0
    SLICE_X62Y51         LUT6 (Prop_lut6_I1_O)        0.124     7.002 r  ReRamSpm_i/reram_axilite_wrapper_0/inst/u_core/word_arrays[1].word_array_inst/cell_instances[1].cell_inst/axi_rdata_reg[15]_i_1535/O
                         net (fo=1, routed)           0.336     7.338    ReRamSpm_i/reram_axilite_wrapper_0/inst/u_core/word_arrays[1].word_array_inst/cell_instances[1].cell_inst_n_14
    SLICE_X64Y51         CARRY4 (Prop_carry4_DI[1]_CO[3])
                                                      0.507     7.845 r  ReRamSpm_i/reram_axilite_wrapper_0/inst/u_core/word_arrays[1].word_array_inst/axi_rdata_reg_reg[15]_i_1451/CO[3]
                         net (fo=8, routed)           1.012     8.857    ReRamSpm_i/reram_axilite_wrapper_0/inst/u_core/word_arrays[1].word_array_inst/cell_instances[1].cell_inst/write_counter_reg[7]_3[0]
    SLICE_X64Y50         LUT5 (Prop_lut5_I1_O)        0.124     8.981 r  ReRamSpm_i/reram_axilite_wrapper_0/inst/u_core/word_arrays[1].word_array_inst/cell_instances[1].cell_inst/axi_rdata_reg[8]_i_96/O
                         net (fo=5, routed)           0.857     9.838    ReRamSpm_i/reram_axilite_wrapper_0/inst/u_core/word_arrays[1].word_array_inst/cell_instances[1].cell_inst/axi_rdata_reg_reg[8]
    SLICE_X64Y49         LUT4 (Prop_lut4_I2_O)        0.124     9.962 r  ReRamSpm_i/reram_axilite_wrapper_0/inst/u_core/word_arrays[1].word_array_inst/cell_instances[1].cell_inst/axi_rdata_reg[15]_i_1450/O
                         net (fo=1, routed)           0.000     9.962    ReRamSpm_i/reram_axilite_wrapper_0/inst/u_core/word_arrays[1].word_array_inst/cell_instances[1].cell_inst_n_23
    SLICE_X64Y49         CARRY4 (Prop_carry4_S[0]_CO[3])
                                                      0.532    10.494 r  ReRamSpm_i/reram_axilite_wrapper_0/inst/u_core/word_arrays[1].word_array_inst/axi_rdata_reg_reg[15]_i_1347/CO[3]
                         net (fo=24, routed)          1.005    11.499    ReRamSpm_i/reram_axilite_wrapper_0/inst/u_core/word_arrays[1].word_array_inst/cell_instances[3].cell_inst/CO[0]
    SLICE_X65Y50         LUT3 (Prop_lut3_I1_O)        0.124    11.623 f  ReRamSpm_i/reram_axilite_wrapper_0/inst/u_core/word_arrays[1].word_array_inst/cell_instances[3].cell_inst/axi_rdata_reg[15]_i_1528/O
                         net (fo=1, routed)           0.486    12.109    ReRamSpm_i/reram_axilite_wrapper_0/inst/u_core/word_arrays[1].word_array_inst/cell_instances[3].cell_inst/axi_rdata_reg[15]_i_1528_n_0
    SLICE_X65Y49         LUT6 (Prop_lut6_I1_O)        0.124    12.233 r  ReRamSpm_i/reram_axilite_wrapper_0/inst/u_core/word_arrays[1].word_array_inst/cell_instances[3].cell_inst/axi_rdata_reg[15]_i_1438/O
                         net (fo=1, routed)           0.473    12.705    ReRamSpm_i/reram_axilite_wrapper_0/inst/u_core/word_arrays[1].word_array_inst/cell_instances[3].cell_inst_n_15
    SLICE_X65Y48         CARRY4 (Prop_carry4_DI[0]_CO[3])
                                                      0.526    13.231 r  ReRamSpm_i/reram_axilite_wrapper_0/inst/u_core/word_arrays[1].word_array_inst/axi_rdata_reg_reg[15]_i_1346/CO[3]
                         net (fo=8, routed)           1.000    14.231    ReRamSpm_i/reram_axilite_wrapper_0/inst/u_core/word_arrays[1].word_array_inst/cell_instances[3].cell_inst/write_counter_reg[7]_2[0]
    SLICE_X64Y48         LUT5 (Prop_lut5_I1_O)        0.124    14.355 r  ReRamSpm_i/reram_axilite_wrapper_0/inst/u_core/word_arrays[1].word_array_inst/cell_instances[3].cell_inst/axi_rdata_reg[9]_i_124/O
                         net (fo=5, routed)           0.758    15.114    ReRamSpm_i/reram_axilite_wrapper_0/inst/u_core/word_arrays[1].word_array_inst/cell_instances[3].cell_inst/axi_rdata_reg_reg[9]_1
    SLICE_X61Y48         LUT4 (Prop_lut4_I0_O)        0.124    15.238 r  ReRamSpm_i/reram_axilite_wrapper_0/inst/u_core/word_arrays[1].word_array_inst/cell_instances[3].cell_inst/axi_rdata_reg[15]_i_1345/O
                         net (fo=1, routed)           0.000    15.238    ReRamSpm_i/reram_axilite_wrapper_0/inst/u_core/word_arrays[1].word_array_inst/cell_instances[3].cell_inst_n_23
    SLICE_X61Y48         CARRY4 (Prop_carry4_S[0]_CO[3])
                                                      0.532    15.770 r  ReRamSpm_i/reram_axilite_wrapper_0/inst/u_core/word_arrays[1].word_array_inst/axi_rdata_reg_reg[15]_i_1239/CO[3]
                         net (fo=24, routed)          0.727    16.497    ReRamSpm_i/reram_axilite_wrapper_0/inst/u_core/word_arrays[1].word_array_inst/cell_instances[5].cell_inst/CO[0]
    SLICE_X60Y47         LUT3 (Prop_lut3_I1_O)        0.124    16.621 f  ReRamSpm_i/reram_axilite_wrapper_0/inst/u_core/word_arrays[1].word_array_inst/cell_instances[5].cell_inst/axi_rdata_reg[15]_i_1430/O
                         net (fo=1, routed)           0.667    17.288    ReRamSpm_i/reram_axilite_wrapper_0/inst/u_core/word_arrays[1].word_array_inst/cell_instances[5].cell_inst/axi_rdata_reg[15]_i_1430_n_0
    SLICE_X60Y47         LUT6 (Prop_lut6_I1_O)        0.124    17.412 r  ReRamSpm_i/reram_axilite_wrapper_0/inst/u_core/word_arrays[1].word_array_inst/cell_instances[5].cell_inst/axi_rdata_reg[15]_i_1333/O
                         net (fo=1, routed)           0.520    17.932    ReRamSpm_i/reram_axilite_wrapper_0/inst/u_core/word_arrays[1].word_array_inst/cell_instances[5].cell_inst_n_15
    SLICE_X60Y48         CARRY4 (Prop_carry4_DI[0]_CO[3])
                                                      0.526    18.458 r  ReRamSpm_i/reram_axilite_wrapper_0/inst/u_core/word_arrays[1].word_array_inst/axi_rdata_reg_reg[15]_i_1238/CO[3]
                         net (fo=8, routed)           1.161    19.619    ReRamSpm_i/reram_axilite_wrapper_0/inst/u_core/word_arrays[1].word_array_inst/cell_instances[5].cell_inst/write_counter_reg[7]_2[0]
    SLICE_X59Y47         LUT5 (Prop_lut5_I1_O)        0.124    19.743 r  ReRamSpm_i/reram_axilite_wrapper_0/inst/u_core/word_arrays[1].word_array_inst/cell_instances[5].cell_inst/axi_rdata_reg[10]_i_120/O
                         net (fo=5, routed)           0.449    20.192    ReRamSpm_i/reram_axilite_wrapper_0/inst/u_core/word_arrays[1].word_array_inst/cell_instances[5].cell_inst/axi_rdata_reg_reg[10]
    SLICE_X58Y46         LUT4 (Prop_lut4_I2_O)        0.124    20.316 r  ReRamSpm_i/reram_axilite_wrapper_0/inst/u_core/word_arrays[1].word_array_inst/cell_instances[5].cell_inst/axi_rdata_reg[15]_i_1236/O
                         net (fo=1, routed)           0.000    20.316    ReRamSpm_i/reram_axilite_wrapper_0/inst/u_core/word_arrays[1].word_array_inst/cell_instances[5].cell_inst_n_22
    SLICE_X58Y46         CARRY4 (Prop_carry4_S[1]_CO[3])
                                                      0.533    20.849 r  ReRamSpm_i/reram_axilite_wrapper_0/inst/u_core/word_arrays[1].word_array_inst/axi_rdata_reg_reg[15]_i_1131/CO[3]
                         net (fo=24, routed)          0.881    21.730    ReRamSpm_i/reram_axilite_wrapper_0/inst/u_core/word_arrays[1].word_array_inst/cell_instances[7].cell_inst/CO[0]
    SLICE_X58Y45         LUT3 (Prop_lut3_I1_O)        0.124    21.854 f  ReRamSpm_i/reram_axilite_wrapper_0/inst/u_core/word_arrays[1].word_array_inst/cell_instances[7].cell_inst/axi_rdata_reg[15]_i_1325/O
                         net (fo=1, routed)           0.496    22.350    ReRamSpm_i/reram_axilite_wrapper_0/inst/u_core/word_arrays[1].word_array_inst/cell_instances[7].cell_inst/axi_rdata_reg[15]_i_1325_n_0
    SLICE_X58Y45         LUT6 (Prop_lut6_I1_O)        0.124    22.474 r  ReRamSpm_i/reram_axilite_wrapper_0/inst/u_core/word_arrays[1].word_array_inst/cell_instances[7].cell_inst/axi_rdata_reg[15]_i_1225/O
                         net (fo=1, routed)           0.332    22.806    ReRamSpm_i/reram_axilite_wrapper_0/inst/u_core/word_arrays[1].word_array_inst/cell_instances[7].cell_inst_n_15
    SLICE_X59Y46         CARRY4 (Prop_carry4_DI[0]_CO[3])
                                                      0.526    23.332 r  ReRamSpm_i/reram_axilite_wrapper_0/inst/u_core/word_arrays[1].word_array_inst/axi_rdata_reg_reg[15]_i_1130/CO[3]
                         net (fo=8, routed)           0.844    24.176    ReRamSpm_i/reram_axilite_wrapper_0/inst/u_core/word_arrays[1].word_array_inst/cell_instances[7].cell_inst/write_counter_reg[7]_2[0]
    SLICE_X57Y45         LUT5 (Prop_lut5_I1_O)        0.124    24.300 r  ReRamSpm_i/reram_axilite_wrapper_0/inst/u_core/word_arrays[1].word_array_inst/cell_instances[7].cell_inst/axi_rdata_reg[11]_i_84/O
                         net (fo=5, routed)           0.756    25.056    ReRamSpm_i/reram_axilite_wrapper_0/inst/u_core/word_arrays[1].word_array_inst/cell_instances[7].cell_inst/axi_rdata_reg_reg[11]
    SLICE_X55Y43         LUT4 (Prop_lut4_I0_O)        0.124    25.180 r  ReRamSpm_i/reram_axilite_wrapper_0/inst/u_core/word_arrays[1].word_array_inst/cell_instances[7].cell_inst/axi_rdata_reg[15]_i_1128/O
                         net (fo=1, routed)           0.000    25.180    ReRamSpm_i/reram_axilite_wrapper_0/inst/u_core/word_arrays[1].word_array_inst/cell_instances[7].cell_inst_n_22
    SLICE_X55Y43         CARRY4 (Prop_carry4_S[1]_CO[3])
                                                      0.550    25.730 r  ReRamSpm_i/reram_axilite_wrapper_0/inst/u_core/word_arrays[1].word_array_inst/axi_rdata_reg_reg[15]_i_1023/CO[3]
                         net (fo=24, routed)          1.050    26.780    ReRamSpm_i/reram_axilite_wrapper_0/inst/u_core/word_arrays[1].word_array_inst/cell_instances[9].cell_inst/CO[0]
    SLICE_X57Y42         LUT3 (Prop_lut3_I1_O)        0.124    26.904 f  ReRamSpm_i/reram_axilite_wrapper_0/inst/u_core/word_arrays[1].word_array_inst/cell_instances[9].cell_inst/axi_rdata_reg[15]_i_1216/O
                         net (fo=1, routed)           0.433    27.337    ReRamSpm_i/reram_axilite_wrapper_0/inst/u_core/word_arrays[1].word_array_inst/cell_instances[9].cell_inst/axi_rdata_reg[15]_i_1216_n_0
    SLICE_X57Y42         LUT6 (Prop_lut6_I1_O)        0.124    27.461 r  ReRamSpm_i/reram_axilite_wrapper_0/inst/u_core/word_arrays[1].word_array_inst/cell_instances[9].cell_inst/axi_rdata_reg[15]_i_1116/O
                         net (fo=1, routed)           0.471    27.932    ReRamSpm_i/reram_axilite_wrapper_0/inst/u_core/word_arrays[1].word_array_inst/cell_instances[9].cell_inst_n_14
    SLICE_X57Y43         CARRY4 (Prop_carry4_DI[1]_CO[3])
                                                      0.507    28.439 r  ReRamSpm_i/reram_axilite_wrapper_0/inst/u_core/word_arrays[1].word_array_inst/axi_rdata_reg_reg[15]_i_1022/CO[3]
                         net (fo=8, routed)           1.131    29.570    ReRamSpm_i/reram_axilite_wrapper_0/inst/u_core/word_arrays[1].word_array_inst/cell_instances[9].cell_inst/write_counter_reg[7]_2[0]
    SLICE_X58Y43         LUT5 (Prop_lut5_I1_O)        0.124    29.694 r  ReRamSpm_i/reram_axilite_wrapper_0/inst/u_core/word_arrays[1].word_array_inst/cell_instances[9].cell_inst/axi_rdata_reg[13]_i_80/O
                         net (fo=5, routed)           0.611    30.306    ReRamSpm_i/reram_axilite_wrapper_0/inst/u_core/word_arrays[1].word_array_inst/cell_instances[9].cell_inst/axi_rdata_reg_reg[13]
    SLICE_X56Y44         LUT4 (Prop_lut4_I0_O)        0.124    30.430 r  ReRamSpm_i/reram_axilite_wrapper_0/inst/u_core/word_arrays[1].word_array_inst/cell_instances[9].cell_inst/axi_rdata_reg[15]_i_1019/O
                         net (fo=1, routed)           0.000    30.430    ReRamSpm_i/reram_axilite_wrapper_0/inst/u_core/word_arrays[1].word_array_inst/cell_instances[9].cell_inst_n_21
    SLICE_X56Y44         CARRY4 (Prop_carry4_S[2]_CO[3])
                                                      0.398    30.828 r  ReRamSpm_i/reram_axilite_wrapper_0/inst/u_core/word_arrays[1].word_array_inst/axi_rdata_reg_reg[15]_i_931/CO[3]
                         net (fo=24, routed)          0.878    31.706    ReRamSpm_i/reram_axilite_wrapper_0/inst/u_core/word_arrays[1].word_array_inst/cell_instances[11].cell_inst/CO[0]
    SLICE_X58Y42         LUT3 (Prop_lut3_I1_O)        0.124    31.830 f  ReRamSpm_i/reram_axilite_wrapper_0/inst/u_core/word_arrays[1].word_array_inst/cell_instances[11].cell_inst/axi_rdata_reg[15]_i_1107/O
                         net (fo=1, routed)           0.464    32.294    ReRamSpm_i/reram_axilite_wrapper_0/inst/u_core/word_arrays[1].word_array_inst/cell_instances[11].cell_inst/axi_rdata_reg[15]_i_1107_n_0
    SLICE_X58Y43         LUT6 (Prop_lut6_I1_O)        0.124    32.418 r  ReRamSpm_i/reram_axilite_wrapper_0/inst/u_core/word_arrays[1].word_array_inst/cell_instances[11].cell_inst/axi_rdata_reg[15]_i_1007/O
                         net (fo=1, routed)           0.473    32.891    ReRamSpm_i/reram_axilite_wrapper_0/inst/u_core/word_arrays[1].word_array_inst/cell_instances[11].cell_inst_n_13
    SLICE_X58Y44         CARRY4 (Prop_carry4_DI[2]_CO[3])
                                                      0.404    33.295 r  ReRamSpm_i/reram_axilite_wrapper_0/inst/u_core/word_arrays[1].word_array_inst/axi_rdata_reg_reg[15]_i_930/CO[3]
                         net (fo=8, routed)           0.951    34.246    ReRamSpm_i/reram_axilite_wrapper_0/inst/u_core/word_arrays[1].word_array_inst/cell_instances[11].cell_inst/write_counter_reg[7]_2[0]
    SLICE_X58Y45         LUT5 (Prop_lut5_I1_O)        0.124    34.370 r  ReRamSpm_i/reram_axilite_wrapper_0/inst/u_core/word_arrays[1].word_array_inst/cell_instances[11].cell_inst/axi_rdata_reg[11]_i_76/O
                         net (fo=5, routed)           0.676    35.046    ReRamSpm_i/reram_axilite_wrapper_0/inst/u_core/word_arrays[1].word_array_inst/cell_instances[11].cell_inst/axi_rdata_reg_reg[11]
    SLICE_X60Y45         LUT4 (Prop_lut4_I0_O)        0.124    35.170 r  ReRamSpm_i/reram_axilite_wrapper_0/inst/u_core/word_arrays[1].word_array_inst/cell_instances[11].cell_inst/axi_rdata_reg[15]_i_928/O
                         net (fo=1, routed)           0.000    35.170    ReRamSpm_i/reram_axilite_wrapper_0/inst/u_core/word_arrays[1].word_array_inst/cell_instances[11].cell_inst_n_22
    SLICE_X60Y45         CARRY4 (Prop_carry4_S[1]_CO[3])
                                                      0.550    35.720 r  ReRamSpm_i/reram_axilite_wrapper_0/inst/u_core/word_arrays[1].word_array_inst/axi_rdata_reg_reg[15]_i_839/CO[3]
                         net (fo=20, routed)          0.892    36.613    ReRamSpm_i/reram_axilite_wrapper_0/inst/u_core/word_arrays[1].word_array_inst/cell_instances[13].cell_inst/CO[0]
    SLICE_X62Y45         LUT3 (Prop_lut3_I1_O)        0.124    36.737 f  ReRamSpm_i/reram_axilite_wrapper_0/inst/u_core/word_arrays[1].word_array_inst/cell_instances[13].cell_inst/axi_rdata_reg[15]_i_1003/O
                         net (fo=2, routed)           0.650    37.387    ReRamSpm_i/reram_axilite_wrapper_0/inst/u_core/word_arrays[1].word_array_inst/cell_instances[13].cell_inst/axi_rdata_reg[15]_i_1003_n_0
    SLICE_X62Y45         LUT6 (Prop_lut6_I5_O)        0.124    37.511 r  ReRamSpm_i/reram_axilite_wrapper_0/inst/u_core/word_arrays[1].word_array_inst/cell_instances[13].cell_inst/axi_rdata_reg[15]_i_915/O
                         net (fo=1, routed)           0.465    37.976    ReRamSpm_i/reram_axilite_wrapper_0/inst/u_core/word_arrays[1].word_array_inst/cell_instances[13].cell_inst_n_13
    SLICE_X61Y46         CARRY4 (Prop_carry4_DI[2]_CO[3])
                                                      0.398    38.374 r  ReRamSpm_i/reram_axilite_wrapper_0/inst/u_core/word_arrays[1].word_array_inst/axi_rdata_reg_reg[15]_i_838/CO[3]
                         net (fo=8, routed)           0.943    39.317    ReRamSpm_i/reram_axilite_wrapper_0/inst/u_core/word_arrays[1].word_array_inst/cell_instances[13].cell_inst/write_counter_reg[7]_3[0]
    SLICE_X62Y47         LUT5 (Prop_lut5_I1_O)        0.124    39.441 r  ReRamSpm_i/reram_axilite_wrapper_0/inst/u_core/word_arrays[1].word_array_inst/cell_instances[13].cell_inst/axi_rdata_reg[9]_i_104/O
                         net (fo=5, routed)           0.777    40.218    ReRamSpm_i/reram_axilite_wrapper_0/inst/u_core/word_arrays[1].word_array_inst/cell_instances[13].cell_inst/axi_rdata_reg_reg[9]_1
    SLICE_X62Y46         LUT4 (Prop_lut4_I0_O)        0.124    40.342 r  ReRamSpm_i/reram_axilite_wrapper_0/inst/u_core/word_arrays[1].word_array_inst/cell_instances[13].cell_inst/axi_rdata_reg[15]_i_837/O
                         net (fo=1, routed)           0.000    40.342    ReRamSpm_i/reram_axilite_wrapper_0/inst/u_core/word_arrays[1].word_array_inst/cell_instances[13].cell_inst_n_23
    SLICE_X62Y46         CARRY4 (Prop_carry4_S[0]_CO[3])
                                                      0.513    40.855 r  ReRamSpm_i/reram_axilite_wrapper_0/inst/u_core/word_arrays[1].word_array_inst/axi_rdata_reg_reg[15]_i_747/CO[3]
                         net (fo=20, routed)          0.864    41.719    ReRamSpm_i/reram_axilite_wrapper_0/inst/u_core/word_arrays[1].word_array_inst/cell_instances[15].cell_inst/CO[0]
    SLICE_X65Y46         LUT3 (Prop_lut3_I1_O)        0.124    41.843 f  ReRamSpm_i/reram_axilite_wrapper_0/inst/u_core/word_arrays[1].word_array_inst/cell_instances[15].cell_inst/axi_rdata_reg[15]_i_912/O
                         net (fo=2, routed)           0.414    42.257    ReRamSpm_i/reram_axilite_wrapper_0/inst/u_core/word_arrays[1].word_array_inst/cell_instances[15].cell_inst/axi_rdata_reg[15]_i_912_n_0
    SLICE_X65Y46         LUT6 (Prop_lut6_I5_O)        0.124    42.381 r  ReRamSpm_i/reram_axilite_wrapper_0/inst/u_core/word_arrays[1].word_array_inst/cell_instances[15].cell_inst/axi_rdata_reg[15]_i_824/O
                         net (fo=1, routed)           0.613    42.994    ReRamSpm_i/reram_axilite_wrapper_0/inst/u_core/word_arrays[1].word_array_inst/cell_instances[15].cell_inst_n_14
    SLICE_X64Y46         CARRY4 (Prop_carry4_DI[1]_CO[3])
                                                      0.507    43.501 r  ReRamSpm_i/reram_axilite_wrapper_0/inst/u_core/word_arrays[1].word_array_inst/axi_rdata_reg_reg[15]_i_746/CO[3]
                         net (fo=8, routed)           0.812    44.313    ReRamSpm_i/reram_axilite_wrapper_0/inst/u_core/word_arrays[1].word_array_inst/cell_instances[15].cell_inst/write_counter_reg[7]_3[0]
    SLICE_X65Y46         LUT5 (Prop_lut5_I1_O)        0.124    44.437 r  ReRamSpm_i/reram_axilite_wrapper_0/inst/u_core/word_arrays[1].word_array_inst/cell_instances[15].cell_inst/axi_rdata_reg[11]_i_68/O
                         net (fo=5, routed)           0.747    45.184    ReRamSpm_i/reram_axilite_wrapper_0/inst/u_core/word_arrays[1].word_array_inst/cell_instances[15].cell_inst/axi_rdata_reg_reg[11]
    SLICE_X67Y46         LUT4 (Prop_lut4_I0_O)        0.124    45.308 r  ReRamSpm_i/reram_axilite_wrapper_0/inst/u_core/word_arrays[1].word_array_inst/cell_instances[15].cell_inst/axi_rdata_reg[15]_i_744/O
                         net (fo=1, routed)           0.000    45.308    ReRamSpm_i/reram_axilite_wrapper_0/inst/u_core/word_arrays[1].word_array_inst/cell_instances[15].cell_inst_n_22
    SLICE_X67Y46         CARRY4 (Prop_carry4_S[1]_CO[3])
                                                      0.550    45.858 r  ReRamSpm_i/reram_axilite_wrapper_0/inst/u_core/word_arrays[1].word_array_inst/axi_rdata_reg_reg[15]_i_655/CO[3]
                         net (fo=20, routed)          0.861    46.719    ReRamSpm_i/reram_axilite_wrapper_0/inst/u_core/word_arrays[1].word_array_inst/cell_instances[17].cell_inst/CO[0]
    SLICE_X68Y46         LUT3 (Prop_lut3_I1_O)        0.124    46.843 f  ReRamSpm_i/reram_axilite_wrapper_0/inst/u_core/word_arrays[1].word_array_inst/cell_instances[17].cell_inst/axi_rdata_reg[15]_i_820/O
                         net (fo=2, routed)           0.342    47.185    ReRamSpm_i/reram_axilite_wrapper_0/inst/u_core/word_arrays[1].word_array_inst/cell_instances[17].cell_inst/axi_rdata_reg[15]_i_820_n_0
    SLICE_X66Y47         LUT6 (Prop_lut6_I5_O)        0.124    47.309 r  ReRamSpm_i/reram_axilite_wrapper_0/inst/u_core/word_arrays[1].word_array_inst/cell_instances[17].cell_inst/axi_rdata_reg[15]_i_732/O
                         net (fo=1, routed)           0.615    47.924    ReRamSpm_i/reram_axilite_wrapper_0/inst/u_core/word_arrays[1].word_array_inst/cell_instances[17].cell_inst_n_14
    SLICE_X67Y47         CARRY4 (Prop_carry4_DI[1]_CO[3])
                                                      0.507    48.431 r  ReRamSpm_i/reram_axilite_wrapper_0/inst/u_core/word_arrays[1].word_array_inst/axi_rdata_reg_reg[15]_i_654/CO[3]
                         net (fo=8, routed)           0.792    49.222    ReRamSpm_i/reram_axilite_wrapper_0/inst/u_core/word_arrays[1].word_array_inst/cell_instances[17].cell_inst/write_counter_reg[7]_3[0]
    SLICE_X65Y45         LUT5 (Prop_lut5_I1_O)        0.124    49.346 r  ReRamSpm_i/reram_axilite_wrapper_0/inst/u_core/word_arrays[1].word_array_inst/cell_instances[17].cell_inst/axi_rdata_reg[11]_i_64/O
                         net (fo=5, routed)           0.741    50.087    ReRamSpm_i/reram_axilite_wrapper_0/inst/u_core/word_arrays[1].word_array_inst/cell_instances[17].cell_inst/axi_rdata_reg_reg[11]
    SLICE_X63Y45         LUT4 (Prop_lut4_I0_O)        0.124    50.211 r  ReRamSpm_i/reram_axilite_wrapper_0/inst/u_core/word_arrays[1].word_array_inst/cell_instances[17].cell_inst/axi_rdata_reg[15]_i_652/O
                         net (fo=1, routed)           0.000    50.211    ReRamSpm_i/reram_axilite_wrapper_0/inst/u_core/word_arrays[1].word_array_inst/cell_instances[17].cell_inst_n_22
    SLICE_X63Y45         CARRY4 (Prop_carry4_S[1]_CO[3])
                                                      0.550    50.761 r  ReRamSpm_i/reram_axilite_wrapper_0/inst/u_core/word_arrays[1].word_array_inst/axi_rdata_reg_reg[15]_i_563/CO[3]
                         net (fo=20, routed)          0.729    51.490    ReRamSpm_i/reram_axilite_wrapper_0/inst/u_core/word_arrays[1].word_array_inst/cell_instances[19].cell_inst/CO[0]
    SLICE_X65Y44         LUT3 (Prop_lut3_I1_O)        0.124    51.614 f  ReRamSpm_i/reram_axilite_wrapper_0/inst/u_core/word_arrays[1].word_array_inst/cell_instances[19].cell_inst/axi_rdata_reg[15]_i_728/O
                         net (fo=2, routed)           0.501    52.115    ReRamSpm_i/reram_axilite_wrapper_0/inst/u_core/word_arrays[1].word_array_inst/cell_instances[19].cell_inst/axi_rdata_reg[15]_i_728_n_0
    SLICE_X63Y44         LUT6 (Prop_lut6_I5_O)        0.124    52.239 r  ReRamSpm_i/reram_axilite_wrapper_0/inst/u_core/word_arrays[1].word_array_inst/cell_instances[19].cell_inst/axi_rdata_reg[15]_i_640/O
                         net (fo=1, routed)           0.494    52.733    ReRamSpm_i/reram_axilite_wrapper_0/inst/u_core/word_arrays[1].word_array_inst/cell_instances[19].cell_inst_n_14
    SLICE_X64Y44         CARRY4 (Prop_carry4_DI[1]_CO[3])
                                                      0.507    53.240 r  ReRamSpm_i/reram_axilite_wrapper_0/inst/u_core/word_arrays[1].word_array_inst/axi_rdata_reg_reg[15]_i_562/CO[3]
                         net (fo=8, routed)           0.879    54.119    ReRamSpm_i/reram_axilite_wrapper_0/inst/u_core/word_arrays[1].word_array_inst/cell_instances[19].cell_inst/write_counter_reg[7]_3[0]
    SLICE_X63Y44         LUT5 (Prop_lut5_I1_O)        0.124    54.243 r  ReRamSpm_i/reram_axilite_wrapper_0/inst/u_core/word_arrays[1].word_array_inst/cell_instances[19].cell_inst/axi_rdata_reg[9]_i_92/O
                         net (fo=5, routed)           0.768    55.011    ReRamSpm_i/reram_axilite_wrapper_0/inst/u_core/word_arrays[1].word_array_inst/cell_instances[19].cell_inst/axi_rdata_reg_reg[9]_1
    SLICE_X62Y43         LUT4 (Prop_lut4_I0_O)        0.124    55.135 r  ReRamSpm_i/reram_axilite_wrapper_0/inst/u_core/word_arrays[1].word_array_inst/cell_instances[19].cell_inst/axi_rdata_reg[15]_i_561/O
                         net (fo=1, routed)           0.000    55.135    ReRamSpm_i/reram_axilite_wrapper_0/inst/u_core/word_arrays[1].word_array_inst/cell_instances[19].cell_inst_n_23
    SLICE_X62Y43         CARRY4 (Prop_carry4_S[0]_CO[3])
                                                      0.513    55.648 r  ReRamSpm_i/reram_axilite_wrapper_0/inst/u_core/word_arrays[1].word_array_inst/axi_rdata_reg_reg[15]_i_471/CO[3]
                         net (fo=20, routed)          0.906    56.554    ReRamSpm_i/reram_axilite_wrapper_0/inst/u_core/word_arrays[1].word_array_inst/cell_instances[21].cell_inst/CO[0]
    SLICE_X65Y43         LUT3 (Prop_lut3_I1_O)        0.124    56.678 f  ReRamSpm_i/reram_axilite_wrapper_0/inst/u_core/word_arrays[1].word_array_inst/cell_instances[21].cell_inst/axi_rdata_reg[15]_i_635/O
                         net (fo=2, routed)           0.726    57.404    ReRamSpm_i/reram_axilite_wrapper_0/inst/u_core/word_arrays[1].word_array_inst/cell_instances[21].cell_inst/axi_rdata_reg[15]_i_635_n_0
    SLICE_X64Y43         LUT6 (Prop_lut6_I5_O)        0.124    57.528 r  ReRamSpm_i/reram_axilite_wrapper_0/inst/u_core/word_arrays[1].word_array_inst/cell_instances[21].cell_inst/axi_rdata_reg[15]_i_547/O
                         net (fo=1, routed)           0.528    58.056    ReRamSpm_i/reram_axilite_wrapper_0/inst/u_core/word_arrays[1].word_array_inst/cell_instances[21].cell_inst_n_13
    SLICE_X63Y43         CARRY4 (Prop_carry4_DI[2]_CO[3])
                                                      0.398    58.454 r  ReRamSpm_i/reram_axilite_wrapper_0/inst/u_core/word_arrays[1].word_array_inst/axi_rdata_reg_reg[15]_i_470/CO[3]
                         net (fo=8, routed)           0.846    59.299    ReRamSpm_i/reram_axilite_wrapper_0/inst/u_core/word_arrays[1].word_array_inst/cell_instances[21].cell_inst/write_counter_reg[7]_3[0]
    SLICE_X61Y43         LUT5 (Prop_lut5_I1_O)        0.124    59.423 r  ReRamSpm_i/reram_axilite_wrapper_0/inst/u_core/word_arrays[1].word_array_inst/cell_instances[21].cell_inst/axi_rdata_reg[9]_i_88/O
                         net (fo=5, routed)           0.823    60.246    ReRamSpm_i/reram_axilite_wrapper_0/inst/u_core/word_arrays[1].word_array_inst/cell_instances[21].cell_inst/axi_rdata_reg_reg[9]_1
    SLICE_X62Y42         LUT4 (Prop_lut4_I0_O)        0.124    60.370 r  ReRamSpm_i/reram_axilite_wrapper_0/inst/u_core/word_arrays[1].word_array_inst/cell_instances[21].cell_inst/axi_rdata_reg[15]_i_469/O
                         net (fo=1, routed)           0.000    60.370    ReRamSpm_i/reram_axilite_wrapper_0/inst/u_core/word_arrays[1].word_array_inst/cell_instances[21].cell_inst_n_23
    SLICE_X62Y42         CARRY4 (Prop_carry4_S[0]_CO[3])
                                                      0.513    60.883 r  ReRamSpm_i/reram_axilite_wrapper_0/inst/u_core/word_arrays[1].word_array_inst/axi_rdata_reg_reg[15]_i_379/CO[3]
                         net (fo=20, routed)          1.033    61.916    ReRamSpm_i/reram_axilite_wrapper_0/inst/u_core/word_arrays[1].word_array_inst/cell_instances[23].cell_inst/CO[0]
    SLICE_X65Y42         LUT3 (Prop_lut3_I1_O)        0.124    62.040 f  ReRamSpm_i/reram_axilite_wrapper_0/inst/u_core/word_arrays[1].word_array_inst/cell_instances[23].cell_inst/axi_rdata_reg[15]_i_544/O
                         net (fo=2, routed)           0.414    62.454    ReRamSpm_i/reram_axilite_wrapper_0/inst/u_core/word_arrays[1].word_array_inst/cell_instances[23].cell_inst/axi_rdata_reg[15]_i_544_n_0
    SLICE_X65Y42         LUT6 (Prop_lut6_I5_O)        0.124    62.578 r  ReRamSpm_i/reram_axilite_wrapper_0/inst/u_core/word_arrays[1].word_array_inst/cell_instances[23].cell_inst/axi_rdata_reg[15]_i_456/O
                         net (fo=1, routed)           0.613    63.191    ReRamSpm_i/reram_axilite_wrapper_0/inst/u_core/word_arrays[1].word_array_inst/cell_instances[23].cell_inst_n_14
    SLICE_X64Y42         CARRY4 (Prop_carry4_DI[1]_CO[3])
                                                      0.507    63.698 r  ReRamSpm_i/reram_axilite_wrapper_0/inst/u_core/word_arrays[1].word_array_inst/axi_rdata_reg_reg[15]_i_378/CO[3]
                         net (fo=8, routed)           0.988    64.686    ReRamSpm_i/reram_axilite_wrapper_0/inst/u_core/word_arrays[1].word_array_inst/cell_instances[23].cell_inst/write_counter_reg[7]_3[0]
    SLICE_X64Y41         LUT5 (Prop_lut5_I1_O)        0.124    64.810 r  ReRamSpm_i/reram_axilite_wrapper_0/inst/u_core/word_arrays[1].word_array_inst/cell_instances[23].cell_inst/axi_rdata_reg[11]_i_52/O
                         net (fo=5, routed)           0.620    65.430    ReRamSpm_i/reram_axilite_wrapper_0/inst/u_core/word_arrays[1].word_array_inst/cell_instances[23].cell_inst/axi_rdata_reg_reg[11]
    SLICE_X62Y41         LUT4 (Prop_lut4_I0_O)        0.124    65.554 r  ReRamSpm_i/reram_axilite_wrapper_0/inst/u_core/word_arrays[1].word_array_inst/cell_instances[23].cell_inst/axi_rdata_reg[15]_i_376/O
                         net (fo=1, routed)           0.000    65.554    ReRamSpm_i/reram_axilite_wrapper_0/inst/u_core/word_arrays[1].word_array_inst/cell_instances[23].cell_inst_n_22
    SLICE_X62Y41         CARRY4 (Prop_carry4_S[1]_CO[3])
                                                      0.533    66.087 r  ReRamSpm_i/reram_axilite_wrapper_0/inst/u_core/word_arrays[1].word_array_inst/axi_rdata_reg_reg[15]_i_287/CO[3]
                         net (fo=20, routed)          0.733    66.820    ReRamSpm_i/reram_axilite_wrapper_0/inst/u_core/word_arrays[1].word_array_inst/cell_instances[25].cell_inst/CO[0]
    SLICE_X61Y40         LUT3 (Prop_lut3_I1_O)        0.124    66.944 f  ReRamSpm_i/reram_axilite_wrapper_0/inst/u_core/word_arrays[1].word_array_inst/cell_instances[25].cell_inst/axi_rdata_reg[15]_i_452/O
                         net (fo=2, routed)           0.569    67.513    ReRamSpm_i/reram_axilite_wrapper_0/inst/u_core/word_arrays[1].word_array_inst/cell_instances[25].cell_inst/axi_rdata_reg[15]_i_452_n_0
    SLICE_X60Y41         LUT6 (Prop_lut6_I5_O)        0.124    67.637 r  ReRamSpm_i/reram_axilite_wrapper_0/inst/u_core/word_arrays[1].word_array_inst/cell_instances[25].cell_inst/axi_rdata_reg[15]_i_364/O
                         net (fo=1, routed)           0.569    68.206    ReRamSpm_i/reram_axilite_wrapper_0/inst/u_core/word_arrays[1].word_array_inst/cell_instances[25].cell_inst_n_14
    SLICE_X61Y41         CARRY4 (Prop_carry4_DI[1]_CO[3])
                                                      0.507    68.713 r  ReRamSpm_i/reram_axilite_wrapper_0/inst/u_core/word_arrays[1].word_array_inst/axi_rdata_reg_reg[15]_i_286/CO[3]
                         net (fo=8, routed)           0.867    69.580    ReRamSpm_i/reram_axilite_wrapper_0/inst/u_core/word_arrays[1].word_array_inst/cell_instances[25].cell_inst/write_counter_reg[7]_3[0]
    SLICE_X63Y41         LUT5 (Prop_lut5_I1_O)        0.124    69.704 r  ReRamSpm_i/reram_axilite_wrapper_0/inst/u_core/word_arrays[1].word_array_inst/cell_instances[25].cell_inst/axi_rdata_reg[8]_i_48/O
                         net (fo=4, routed)           0.556    70.259    ReRamSpm_i/reram_axilite_wrapper_0/inst/u_core/word_arrays[1].word_array_inst/cell_instances[25].cell_inst/axi_rdata_reg_reg[8]
    SLICE_X63Y40         LUT4 (Prop_lut4_I2_O)        0.124    70.383 r  ReRamSpm_i/reram_axilite_wrapper_0/inst/u_core/word_arrays[1].word_array_inst/cell_instances[25].cell_inst/axi_rdata_reg[15]_i_285/O
                         net (fo=1, routed)           0.000    70.383    ReRamSpm_i/reram_axilite_wrapper_0/inst/u_core/word_arrays[1].word_array_inst/cell_instances[25].cell_inst_n_23
    SLICE_X63Y40         CARRY4 (Prop_carry4_S[0]_CO[3])
                                                      0.532    70.915 r  ReRamSpm_i/reram_axilite_wrapper_0/inst/u_core/word_arrays[1].word_array_inst/axi_rdata_reg_reg[15]_i_195/CO[3]
                         net (fo=20, routed)          0.941    71.856    ReRamSpm_i/reram_axilite_wrapper_0/inst/u_core/word_arrays[1].word_array_inst/cell_instances[27].cell_inst/CO[0]
    SLICE_X66Y40         LUT3 (Prop_lut3_I1_O)        0.124    71.980 f  ReRamSpm_i/reram_axilite_wrapper_0/inst/u_core/word_arrays[1].word_array_inst/cell_instances[27].cell_inst/axi_rdata_reg[15]_i_361/O
                         net (fo=2, routed)           0.618    72.599    ReRamSpm_i/reram_axilite_wrapper_0/inst/u_core/word_arrays[1].word_array_inst/cell_instances[27].cell_inst/axi_rdata_reg[15]_i_361_n_0
    SLICE_X66Y40         LUT6 (Prop_lut6_I5_O)        0.124    72.723 r  ReRamSpm_i/reram_axilite_wrapper_0/inst/u_core/word_arrays[1].word_array_inst/cell_instances[27].cell_inst/axi_rdata_reg[15]_i_273/O
                         net (fo=1, routed)           0.514    73.236    ReRamSpm_i/reram_axilite_wrapper_0/inst/u_core/word_arrays[1].word_array_inst/cell_instances[27].cell_inst_n_15
    SLICE_X65Y40         CARRY4 (Prop_carry4_DI[0]_CO[3])
                                                      0.526    73.762 r  ReRamSpm_i/reram_axilite_wrapper_0/inst/u_core/word_arrays[1].word_array_inst/axi_rdata_reg_reg[15]_i_194/CO[3]
                         net (fo=8, routed)           0.937    74.699    ReRamSpm_i/reram_axilite_wrapper_0/inst/u_core/word_arrays[1].word_array_inst/cell_instances[27].cell_inst/write_counter_reg[7]_3[0]
    SLICE_X66Y39         LUT5 (Prop_lut5_I1_O)        0.124    74.823 r  ReRamSpm_i/reram_axilite_wrapper_0/inst/u_core/word_arrays[1].word_array_inst/cell_instances[27].cell_inst/axi_rdata_reg[11]_i_44/O
                         net (fo=5, routed)           0.599    75.423    ReRamSpm_i/reram_axilite_wrapper_0/inst/u_core/word_arrays[1].word_array_inst/cell_instances[27].cell_inst/axi_rdata_reg_reg[11]
    SLICE_X65Y39         LUT4 (Prop_lut4_I0_O)        0.124    75.547 r  ReRamSpm_i/reram_axilite_wrapper_0/inst/u_core/word_arrays[1].word_array_inst/cell_instances[27].cell_inst/axi_rdata_reg[15]_i_192/O
                         net (fo=1, routed)           0.000    75.547    ReRamSpm_i/reram_axilite_wrapper_0/inst/u_core/word_arrays[1].word_array_inst/cell_instances[27].cell_inst_n_22
    SLICE_X65Y39         CARRY4 (Prop_carry4_S[1]_CO[3])
                                                      0.550    76.097 r  ReRamSpm_i/reram_axilite_wrapper_0/inst/u_core/word_arrays[1].word_array_inst/axi_rdata_reg_reg[15]_i_103/CO[3]
                         net (fo=20, routed)          0.889    76.986    ReRamSpm_i/reram_axilite_wrapper_0/inst/u_core/word_arrays[1].word_array_inst/cell_instances[29].cell_inst/CO[0]
    SLICE_X66Y39         LUT3 (Prop_lut3_I1_O)        0.124    77.110 f  ReRamSpm_i/reram_axilite_wrapper_0/inst/u_core/word_arrays[1].word_array_inst/cell_instances[29].cell_inst/axi_rdata_reg[15]_i_267/O
                         net (fo=2, routed)           0.428    77.538    ReRamSpm_i/reram_axilite_wrapper_0/inst/u_core/word_arrays[1].word_array_inst/cell_instances[29].cell_inst/axi_rdata_reg[15]_i_267_n_0
    SLICE_X66Y38         LUT6 (Prop_lut6_I5_O)        0.124    77.662 r  ReRamSpm_i/reram_axilite_wrapper_0/inst/u_core/word_arrays[1].word_array_inst/cell_instances[29].cell_inst/axi_rdata_reg[15]_i_179/O
                         net (fo=1, routed)           0.514    78.176    ReRamSpm_i/reram_axilite_wrapper_0/inst/u_core/word_arrays[1].word_array_inst/cell_instances[29].cell_inst_n_13
    SLICE_X65Y38         CARRY4 (Prop_carry4_DI[2]_CO[3])
                                                      0.398    78.574 r  ReRamSpm_i/reram_axilite_wrapper_0/inst/u_core/word_arrays[1].word_array_inst/axi_rdata_reg_reg[15]_i_102/CO[3]
                         net (fo=8, routed)           0.967    79.541    ReRamSpm_i/reram_axilite_wrapper_0/inst/u_core/word_arrays[1].word_array_inst/cell_instances[29].cell_inst/write_counter_reg[7]_3[0]
    SLICE_X66Y38         LUT5 (Prop_lut5_I1_O)        0.124    79.665 r  ReRamSpm_i/reram_axilite_wrapper_0/inst/u_core/word_arrays[1].word_array_inst/cell_instances[29].cell_inst/axi_rdata_reg[11]_i_35/O
                         net (fo=3, routed)           0.580    80.245    ReRamSpm_i/reram_axilite_wrapper_0/inst/u_core/word_arrays[1].word_array_inst/cell_instances[29].cell_inst/axi_rdata_reg_reg[11]
    SLICE_X64Y38         LUT4 (Prop_lut4_I0_O)        0.124    80.369 r  ReRamSpm_i/reram_axilite_wrapper_0/inst/u_core/word_arrays[1].word_array_inst/cell_instances[29].cell_inst/axi_rdata_reg[15]_i_100/O
                         net (fo=1, routed)           0.000    80.369    ReRamSpm_i/reram_axilite_wrapper_0/inst/u_core/word_arrays[1].word_array_inst/cell_instances[29].cell_inst_n_22
    SLICE_X64Y38         CARRY4 (Prop_carry4_S[1]_CO[3])
                                                      0.550    80.919 r  ReRamSpm_i/reram_axilite_wrapper_0/inst/u_core/word_arrays[1].word_array_inst/axi_rdata_reg_reg[15]_i_38/CO[3]
                         net (fo=8, routed)           0.822    81.742    ReRamSpm_i/reram_axilite_wrapper_0/inst/u_core/word_arrays[1].word_array_inst/cell_instances[31].cell_inst/CO[0]
    SLICE_X67Y36         LUT3 (Prop_lut3_I1_O)        0.124    81.866 r  ReRamSpm_i/reram_axilite_wrapper_0/inst/u_core/word_arrays[1].word_array_inst/cell_instances[31].cell_inst/axi_rdata_reg[12]_i_17/O
                         net (fo=1, routed)           0.641    82.507    ReRamSpm_i/reram_axilite_wrapper_0/inst/u_core/word_arrays[13].word_array_inst/cell_instances[31].cell_inst/write_counter_reg[7]_0[4]
    SLICE_X67Y34         LUT6 (Prop_lut6_I5_O)        0.124    82.631 r  ReRamSpm_i/reram_axilite_wrapper_0/inst/u_core/word_arrays[13].word_array_inst/cell_instances[31].cell_inst/axi_rdata_reg[12]_i_6/O
                         net (fo=1, routed)           0.151    82.782    ReRamSpm_i/reram_axilite_wrapper_0/inst/u_core/word_arrays[12].word_array_inst/cell_instances[12].cell_inst/axi_araddr_reg[3]
    SLICE_X67Y34         LUT6 (Prop_lut6_I3_O)        0.124    82.906 r  ReRamSpm_i/reram_axilite_wrapper_0/inst/u_core/word_arrays[12].word_array_inst/cell_instances[12].cell_inst/axi_rdata_reg[12]_i_2/O
                         net (fo=1, routed)           0.433    83.339    ReRamSpm_i/reram_axilite_wrapper_0/inst/u_core/word_arrays[3].word_array_inst/cell_instances[12].cell_inst/axi_araddr_reg[4]_0
    SLICE_X67Y34         LUT5 (Prop_lut5_I0_O)        0.124    83.463 r  ReRamSpm_i/reram_axilite_wrapper_0/inst/u_core/word_arrays[3].word_array_inst/cell_instances[12].cell_inst/axi_rdata_reg[12]_i_1/O
                         net (fo=1, routed)           0.000    83.463    ReRamSpm_i/reram_axilite_wrapper_0/inst/axi_rdata_reg1_in[12]
    SLICE_X67Y34         FDRE                                         r  ReRamSpm_i/reram_axilite_wrapper_0/inst/axi_rdata_reg_reg[12]/D
  -------------------------------------------------------------------    -------------------

                         (clock clk_fpga_0 rise edge)
                                                     20.000    20.000 r  
    PS7_X0Y0             PS7                          0.000    20.000 r  ReRamSpm_i/processing_system7_0/inst/PS7_i/FCLKCLK[0]
                         net (fo=1, routed)           1.088    21.088    ReRamSpm_i/processing_system7_0/inst/FCLK_CLK_unbuffered[0]
    BUFGCTRL_X0Y16       BUFG (Prop_bufg_I_O)         0.091    21.179 r  ReRamSpm_i/processing_system7_0/inst/buffer_fclk_clk_0.FCLK_CLK_0_BUFG/O
                         net (fo=26024, routed)       1.551    22.730    ReRamSpm_i/reram_axilite_wrapper_0/inst/S_AXI_ACLK
    SLICE_X67Y34         FDRE                                         r  ReRamSpm_i/reram_axilite_wrapper_0/inst/axi_rdata_reg_reg[12]/C
                         clock pessimism              0.115    22.845    
                         clock uncertainty           -0.302    22.543    
    SLICE_X67Y34         FDRE (Setup_fdre_C_D)        0.029    22.572    ReRamSpm_i/reram_axilite_wrapper_0/inst/axi_rdata_reg_reg[12]
  -------------------------------------------------------------------
                         required time                         22.572    
                         arrival time                         -83.463    
  -------------------------------------------------------------------
                         slack                                -60.891    

Slack (VIOLATED) :        -60.875ns  (required time - arrival time)
  Source:                 ReRamSpm_i/reram_axilite_wrapper_0/inst/u_core/word_arrays[10].word_array_inst/cell_instances[0].cell_inst/write_counter_reg[5]/C
                            (rising edge-triggered cell FDCE clocked by clk_fpga_0  {rise@0.000ns fall@10.000ns period=20.000ns})
  Destination:            ReRamSpm_i/reram_axilite_wrapper_0/inst/axi_rdata_reg_reg[20]/D
                            (rising edge-triggered cell FDRE clocked by clk_fpga_0  {rise@0.000ns fall@10.000ns period=20.000ns})
  Path Group:             clk_fpga_0
  Path Type:              Setup (Max at Slow Process Corner)
  Requirement:            20.000ns  (clk_fpga_0 rise@20.000ns - clk_fpga_0 rise@0.000ns)
  Data Path Delay:        80.510ns  (logic 23.083ns (28.671%)  route 57.427ns (71.329%))
  Logic Levels:           96  (CARRY4=31 LUT3=16 LUT4=16 LUT5=16 LUT6=17)
  Clock Path Skew:        -0.143ns (DCD - SCD + CPR)
    Destination Clock Delay (DCD):    2.775ns = ( 22.775 - 20.000 ) 
    Source Clock Delay      (SCD):    3.033ns
    Clock Pessimism Removal (CPR):    0.115ns
  Clock Uncertainty:      0.302ns  ((TSJ^2 + TIJ^2)^1/2 + DJ) / 2 + PE
    Total System Jitter     (TSJ):    0.071ns
    Total Input Jitter      (TIJ):    0.600ns
    Discrete Jitter          (DJ):    0.000ns
    Phase Error              (PE):    0.000ns

    Location             Delay type                Incr(ns)  Path(ns)    Netlist Resource(s)
  -------------------------------------------------------------------    -------------------
                         (clock clk_fpga_0 rise edge)
                                                      0.000     0.000 r  
    PS7_X0Y0             PS7                          0.000     0.000 r  ReRamSpm_i/processing_system7_0/inst/PS7_i/FCLKCLK[0]
                         net (fo=1, routed)           1.193     1.193    ReRamSpm_i/processing_system7_0/inst/FCLK_CLK_unbuffered[0]
    BUFGCTRL_X0Y16       BUFG (Prop_bufg_I_O)         0.101     1.294 r  ReRamSpm_i/processing_system7_0/inst/buffer_fclk_clk_0.FCLK_CLK_0_BUFG/O
                         net (fo=26024, routed)       1.739     3.033    ReRamSpm_i/reram_axilite_wrapper_0/inst/u_core/word_arrays[10].word_array_inst/cell_instances[0].cell_inst/S_AXI_ACLK
    SLICE_X89Y45         FDCE                                         r  ReRamSpm_i/reram_axilite_wrapper_0/inst/u_core/word_arrays[10].word_array_inst/cell_instances[0].cell_inst/write_counter_reg[5]/C
  -------------------------------------------------------------------    -------------------
    SLICE_X89Y45         FDCE (Prop_fdce_C_Q)         0.456     3.489 r  ReRamSpm_i/reram_axilite_wrapper_0/inst/u_core/word_arrays[10].word_array_inst/cell_instances[0].cell_inst/write_counter_reg[5]/Q
                         net (fo=9, routed)           1.057     4.546    ReRamSpm_i/reram_axilite_wrapper_0/inst/u_core/word_arrays[10].word_array_inst/cell_instances[0].cell_inst/write_cycles[5]
    SLICE_X88Y44         LUT4 (Prop_lut4_I0_O)        0.124     4.670 r  ReRamSpm_i/reram_axilite_wrapper_0/inst/u_core/word_arrays[10].word_array_inst/cell_instances[0].cell_inst/axi_rdata_reg[23]_i_1483/O
                         net (fo=1, routed)           0.000     4.670    ReRamSpm_i/reram_axilite_wrapper_0/inst/u_core/word_arrays[10].word_array_inst/cell_instances[0].cell_inst_n_3
    SLICE_X88Y44         CARRY4 (Prop_carry4_S[2]_CO[3])
                                                      0.398     5.068 r  ReRamSpm_i/reram_axilite_wrapper_0/inst/u_core/word_arrays[10].word_array_inst/axi_rdata_reg_reg[23]_i_1385/CO[3]
                         net (fo=24, routed)          0.861     5.930    ReRamSpm_i/reram_axilite_wrapper_0/inst/u_core/word_arrays[10].word_array_inst/cell_instances[1].cell_inst/CO[0]
    SLICE_X84Y44         LUT3 (Prop_lut3_I1_O)        0.124     6.054 f  ReRamSpm_i/reram_axilite_wrapper_0/inst/u_core/word_arrays[10].word_array_inst/cell_instances[1].cell_inst/axi_rdata_reg[23]_i_1543/O
                         net (fo=1, routed)           0.622     6.676    ReRamSpm_i/reram_axilite_wrapper_0/inst/u_core/word_arrays[10].word_array_inst/cell_instances[1].cell_inst/axi_rdata_reg[23]_i_1543_n_0
    SLICE_X84Y44         LUT6 (Prop_lut6_I1_O)        0.124     6.800 r  ReRamSpm_i/reram_axilite_wrapper_0/inst/u_core/word_arrays[10].word_array_inst/cell_instances[1].cell_inst/axi_rdata_reg[23]_i_1471/O
                         net (fo=1, routed)           0.634     7.434    ReRamSpm_i/reram_axilite_wrapper_0/inst/u_core/word_arrays[10].word_array_inst/cell_instances[1].cell_inst_n_13
    SLICE_X87Y44         CARRY4 (Prop_carry4_DI[2]_CO[3])
                                                      0.398     7.832 r  ReRamSpm_i/reram_axilite_wrapper_0/inst/u_core/word_arrays[10].word_array_inst/axi_rdata_reg_reg[23]_i_1384/CO[3]
                         net (fo=8, routed)           1.070     8.902    ReRamSpm_i/reram_axilite_wrapper_0/inst/u_core/word_arrays[10].word_array_inst/cell_instances[1].cell_inst/write_counter_reg[7]_3[0]
    SLICE_X85Y44         LUT5 (Prop_lut5_I1_O)        0.124     9.026 r  ReRamSpm_i/reram_axilite_wrapper_0/inst/u_core/word_arrays[10].word_array_inst/cell_instances[1].cell_inst/axi_rdata_reg[23]_i_1279/O
                         net (fo=5, routed)           0.734     9.760    ReRamSpm_i/reram_axilite_wrapper_0/inst/u_core/word_arrays[10].word_array_inst/cell_instances[1].cell_inst/axi_rdata_reg_reg[23]
    SLICE_X86Y46         LUT4 (Prop_lut4_I0_O)        0.124     9.884 r  ReRamSpm_i/reram_axilite_wrapper_0/inst/u_core/word_arrays[10].word_array_inst/cell_instances[1].cell_inst/axi_rdata_reg[23]_i_1380/O
                         net (fo=1, routed)           0.000     9.884    ReRamSpm_i/reram_axilite_wrapper_0/inst/u_core/word_arrays[10].word_array_inst/cell_instances[1].cell_inst_n_20
    SLICE_X86Y46         CARRY4 (Prop_carry4_S[3]_CO[3])
                                                      0.376    10.260 r  ReRamSpm_i/reram_axilite_wrapper_0/inst/u_core/word_arrays[10].word_array_inst/axi_rdata_reg_reg[23]_i_1278/CO[3]
                         net (fo=24, routed)          1.013    11.272    ReRamSpm_i/reram_axilite_wrapper_0/inst/u_core/word_arrays[10].word_array_inst/cell_instances[3].cell_inst/CO[0]
    SLICE_X86Y49         LUT3 (Prop_lut3_I1_O)        0.124    11.396 f  ReRamSpm_i/reram_axilite_wrapper_0/inst/u_core/word_arrays[10].word_array_inst/cell_instances[3].cell_inst/axi_rdata_reg[23]_i_1462/O
                         net (fo=1, routed)           0.416    11.813    ReRamSpm_i/reram_axilite_wrapper_0/inst/u_core/word_arrays[10].word_array_inst/cell_instances[3].cell_inst/axi_rdata_reg[23]_i_1462_n_0
    SLICE_X86Y48         LUT6 (Prop_lut6_I1_O)        0.124    11.937 r  ReRamSpm_i/reram_axilite_wrapper_0/inst/u_core/word_arrays[10].word_array_inst/cell_instances[3].cell_inst/axi_rdata_reg[23]_i_1368/O
                         net (fo=1, routed)           0.379    12.316    ReRamSpm_i/reram_axilite_wrapper_0/inst/u_core/word_arrays[10].word_array_inst/cell_instances[3].cell_inst_n_12
    SLICE_X86Y47         CARRY4 (Prop_carry4_DI[3]_CO[3])
                                                      0.396    12.712 r  ReRamSpm_i/reram_axilite_wrapper_0/inst/u_core/word_arrays[10].word_array_inst/axi_rdata_reg_reg[23]_i_1277/CO[3]
                         net (fo=8, routed)           0.932    13.644    ReRamSpm_i/reram_axilite_wrapper_0/inst/u_core/word_arrays[10].word_array_inst/cell_instances[3].cell_inst/write_counter_reg[7]_2[0]
    SLICE_X88Y47         LUT5 (Prop_lut5_I1_O)        0.124    13.768 r  ReRamSpm_i/reram_axilite_wrapper_0/inst/u_core/word_arrays[10].word_array_inst/cell_instances[3].cell_inst/axi_rdata_reg[17]_i_107/O
                         net (fo=5, routed)           0.839    14.608    ReRamSpm_i/reram_axilite_wrapper_0/inst/u_core/word_arrays[10].word_array_inst/cell_instances[3].cell_inst/axi_rdata_reg_reg[17]_1
    SLICE_X89Y49         LUT4 (Prop_lut4_I0_O)        0.124    14.732 r  ReRamSpm_i/reram_axilite_wrapper_0/inst/u_core/word_arrays[10].word_array_inst/cell_instances[3].cell_inst/axi_rdata_reg[23]_i_1276/O
                         net (fo=1, routed)           0.000    14.732    ReRamSpm_i/reram_axilite_wrapper_0/inst/u_core/word_arrays[10].word_array_inst/cell_instances[3].cell_inst_n_23
    SLICE_X89Y49         CARRY4 (Prop_carry4_S[0]_CO[3])
                                                      0.532    15.264 r  ReRamSpm_i/reram_axilite_wrapper_0/inst/u_core/word_arrays[10].word_array_inst/axi_rdata_reg_reg[23]_i_1170/CO[3]
                         net (fo=24, routed)          1.003    16.267    ReRamSpm_i/reram_axilite_wrapper_0/inst/u_core/word_arrays[10].word_array_inst/cell_instances[5].cell_inst/CO[0]
    SLICE_X87Y49         LUT3 (Prop_lut3_I1_O)        0.124    16.391 f  ReRamSpm_i/reram_axilite_wrapper_0/inst/u_core/word_arrays[10].word_array_inst/cell_instances[5].cell_inst/axi_rdata_reg[23]_i_1362/O
                         net (fo=1, routed)           0.154    16.545    ReRamSpm_i/reram_axilite_wrapper_0/inst/u_core/word_arrays[10].word_array_inst/cell_instances[5].cell_inst/axi_rdata_reg[23]_i_1362_n_0
    SLICE_X87Y49         LUT6 (Prop_lut6_I1_O)        0.124    16.669 r  ReRamSpm_i/reram_axilite_wrapper_0/inst/u_core/word_arrays[10].word_array_inst/cell_instances[5].cell_inst/axi_rdata_reg[23]_i_1263/O
                         net (fo=1, routed)           0.772    17.441    ReRamSpm_i/reram_axilite_wrapper_0/inst/u_core/word_arrays[10].word_array_inst/cell_instances[5].cell_inst_n_14
    SLICE_X89Y50         CARRY4 (Prop_carry4_DI[1]_CO[3])
                                                      0.507    17.948 r  ReRamSpm_i/reram_axilite_wrapper_0/inst/u_core/word_arrays[10].word_array_inst/axi_rdata_reg_reg[23]_i_1169/CO[3]
                         net (fo=8, routed)           0.974    18.922    ReRamSpm_i/reram_axilite_wrapper_0/inst/u_core/word_arrays[10].word_array_inst/cell_instances[5].cell_inst/write_counter_reg[7]_2[0]
    SLICE_X87Y50         LUT5 (Prop_lut5_I1_O)        0.124    19.046 r  ReRamSpm_i/reram_axilite_wrapper_0/inst/u_core/word_arrays[10].word_array_inst/cell_instances[5].cell_inst/axi_rdata_reg[19]_i_103/O
                         net (fo=5, routed)           0.644    19.690    ReRamSpm_i/reram_axilite_wrapper_0/inst/u_core/word_arrays[10].word_array_inst/cell_instances[5].cell_inst/axi_rdata_reg_reg[19]
    SLICE_X87Y51         LUT4 (Prop_lut4_I0_O)        0.124    19.814 r  ReRamSpm_i/reram_axilite_wrapper_0/inst/u_core/word_arrays[10].word_array_inst/cell_instances[5].cell_inst/axi_rdata_reg[23]_i_1167/O
                         net (fo=1, routed)           0.000    19.814    ReRamSpm_i/reram_axilite_wrapper_0/inst/u_core/word_arrays[10].word_array_inst/cell_instances[5].cell_inst_n_22
    SLICE_X87Y51         CARRY4 (Prop_carry4_S[1]_CO[3])
                                                      0.550    20.364 r  ReRamSpm_i/reram_axilite_wrapper_0/inst/u_core/word_arrays[10].word_array_inst/axi_rdata_reg_reg[23]_i_1062/CO[3]
                         net (fo=24, routed)          0.767    21.131    ReRamSpm_i/reram_axilite_wrapper_0/inst/u_core/word_arrays[10].word_array_inst/cell_instances[7].cell_inst/CO[0]
    SLICE_X86Y51         LUT3 (Prop_lut3_I1_O)        0.124    21.255 f  ReRamSpm_i/reram_axilite_wrapper_0/inst/u_core/word_arrays[10].word_array_inst/cell_instances[7].cell_inst/axi_rdata_reg[23]_i_1255/O
                         net (fo=1, routed)           0.286    21.541    ReRamSpm_i/reram_axilite_wrapper_0/inst/u_core/word_arrays[10].word_array_inst/cell_instances[7].cell_inst/axi_rdata_reg[23]_i_1255_n_0
    SLICE_X86Y51         LUT6 (Prop_lut6_I1_O)        0.124    21.665 r  ReRamSpm_i/reram_axilite_wrapper_0/inst/u_core/word_arrays[10].word_array_inst/cell_instances[7].cell_inst/axi_rdata_reg[23]_i_1155/O
                         net (fo=1, routed)           0.807    22.473    ReRamSpm_i/reram_axilite_wrapper_0/inst/u_core/word_arrays[10].word_array_inst/cell_instances[7].cell_inst_n_14
    SLICE_X87Y53         CARRY4 (Prop_carry4_DI[1]_CO[3])
                                                      0.507    22.980 r  ReRamSpm_i/reram_axilite_wrapper_0/inst/u_core/word_arrays[10].word_array_inst/axi_rdata_reg_reg[23]_i_1061/CO[3]
                         net (fo=8, routed)           0.993    23.973    ReRamSpm_i/reram_axilite_wrapper_0/inst/u_core/word_arrays[10].word_array_inst/cell_instances[7].cell_inst/write_counter_reg[7]_2[0]
    SLICE_X87Y54         LUT5 (Prop_lut5_I1_O)        0.124    24.097 r  ReRamSpm_i/reram_axilite_wrapper_0/inst/u_core/word_arrays[10].word_array_inst/cell_instances[7].cell_inst/axi_rdata_reg[16]_i_99/O
                         net (fo=5, routed)           0.767    24.864    ReRamSpm_i/reram_axilite_wrapper_0/inst/u_core/word_arrays[10].word_array_inst/cell_instances[7].cell_inst/axi_rdata_reg_reg[16]
    SLICE_X88Y52         LUT4 (Prop_lut4_I2_O)        0.124    24.988 r  ReRamSpm_i/reram_axilite_wrapper_0/inst/u_core/word_arrays[10].word_array_inst/cell_instances[7].cell_inst/axi_rdata_reg[23]_i_1060/O
                         net (fo=1, routed)           0.000    24.988    ReRamSpm_i/reram_axilite_wrapper_0/inst/u_core/word_arrays[10].word_array_inst/cell_instances[7].cell_inst_n_23
    SLICE_X88Y52         CARRY4 (Prop_carry4_S[0]_CO[3])
                                                      0.532    25.520 r  ReRamSpm_i/reram_axilite_wrapper_0/inst/u_core/word_arrays[10].word_array_inst/axi_rdata_reg_reg[23]_i_962/CO[3]
                         net (fo=24, routed)          1.017    26.536    ReRamSpm_i/reram_axilite_wrapper_0/inst/u_core/word_arrays[10].word_array_inst/cell_instances[9].cell_inst/CO[0]
    SLICE_X88Y54         LUT3 (Prop_lut3_I1_O)        0.124    26.660 f  ReRamSpm_i/reram_axilite_wrapper_0/inst/u_core/word_arrays[10].word_array_inst/cell_instances[9].cell_inst/axi_rdata_reg[23]_i_1145/O
                         net (fo=1, routed)           0.303    26.963    ReRamSpm_i/reram_axilite_wrapper_0/inst/u_core/word_arrays[10].word_array_inst/cell_instances[9].cell_inst/axi_rdata_reg[23]_i_1145_n_0
    SLICE_X88Y53         LUT6 (Prop_lut6_I1_O)        0.124    27.087 r  ReRamSpm_i/reram_axilite_wrapper_0/inst/u_core/word_arrays[10].word_array_inst/cell_instances[9].cell_inst/axi_rdata_reg[23]_i_1045/O
                         net (fo=1, routed)           0.520    27.608    ReRamSpm_i/reram_axilite_wrapper_0/inst/u_core/word_arrays[10].word_array_inst/cell_instances[9].cell_inst_n_12
    SLICE_X89Y53         CARRY4 (Prop_carry4_DI[3]_CO[3])
                                                      0.385    27.993 r  ReRamSpm_i/reram_axilite_wrapper_0/inst/u_core/word_arrays[10].word_array_inst/axi_rdata_reg_reg[23]_i_961/CO[3]
                         net (fo=8, routed)           1.007    29.000    ReRamSpm_i/reram_axilite_wrapper_0/inst/u_core/word_arrays[10].word_array_inst/cell_instances[9].cell_inst/write_counter_reg[7]_2[0]
    SLICE_X90Y52         LUT5 (Prop_lut5_I1_O)        0.124    29.124 r  ReRamSpm_i/reram_axilite_wrapper_0/inst/u_core/word_arrays[10].word_array_inst/cell_instances[9].cell_inst/axi_rdata_reg[17]_i_95/O
                         net (fo=5, routed)           0.707    29.831    ReRamSpm_i/reram_axilite_wrapper_0/inst/u_core/word_arrays[10].word_array_inst/cell_instances[9].cell_inst/axi_rdata_reg_reg[17]_1
    SLICE_X92Y51         LUT4 (Prop_lut4_I0_O)        0.124    29.955 r  ReRamSpm_i/reram_axilite_wrapper_0/inst/u_core/word_arrays[10].word_array_inst/cell_instances[9].cell_inst/axi_rdata_reg[23]_i_960/O
                         net (fo=1, routed)           0.000    29.955    ReRamSpm_i/reram_axilite_wrapper_0/inst/u_core/word_arrays[10].word_array_inst/cell_instances[9].cell_inst_n_23
    SLICE_X92Y51         CARRY4 (Prop_carry4_S[0]_CO[3])
                                                      0.513    30.468 r  ReRamSpm_i/reram_axilite_wrapper_0/inst/u_core/word_arrays[10].word_array_inst/axi_rdata_reg_reg[23]_i_870/CO[3]
                         net (fo=24, routed)          1.168    31.636    ReRamSpm_i/reram_axilite_wrapper_0/inst/u_core/word_arrays[10].word_array_inst/cell_instances[11].cell_inst/CO[0]
    SLICE_X92Y48         LUT3 (Prop_lut3_I1_O)        0.124    31.760 f  ReRamSpm_i/reram_axilite_wrapper_0/inst/u_core/word_arrays[10].word_array_inst/cell_instances[11].cell_inst/axi_rdata_reg[23]_i_1037/O
                         net (fo=1, routed)           0.315    32.076    ReRamSpm_i/reram_axilite_wrapper_0/inst/u_core/word_arrays[10].word_array_inst/cell_instances[11].cell_inst/axi_rdata_reg[23]_i_1037_n_0
    SLICE_X92Y50         LUT6 (Prop_lut6_I1_O)        0.124    32.200 r  ReRamSpm_i/reram_axilite_wrapper_0/inst/u_core/word_arrays[10].word_array_inst/cell_instances[11].cell_inst/axi_rdata_reg[23]_i_945/O
                         net (fo=1, routed)           0.339    32.539    ReRamSpm_i/reram_axilite_wrapper_0/inst/u_core/word_arrays[10].word_array_inst/cell_instances[11].cell_inst_n_12
    SLICE_X91Y50         CARRY4 (Prop_carry4_DI[3]_CO[3])
                                                      0.385    32.924 r  ReRamSpm_i/reram_axilite_wrapper_0/inst/u_core/word_arrays[10].word_array_inst/axi_rdata_reg_reg[23]_i_869/CO[3]
                         net (fo=8, routed)           0.929    33.853    ReRamSpm_i/reram_axilite_wrapper_0/inst/u_core/word_arrays[10].word_array_inst/cell_instances[11].cell_inst/write_counter_reg[7]_2[0]
    SLICE_X91Y51         LUT5 (Prop_lut5_I1_O)        0.124    33.977 r  ReRamSpm_i/reram_axilite_wrapper_0/inst/u_core/word_arrays[10].word_array_inst/cell_instances[11].cell_inst/axi_rdata_reg[19]_i_91/O
                         net (fo=5, routed)           0.769    34.746    ReRamSpm_i/reram_axilite_wrapper_0/inst/u_core/word_arrays[10].word_array_inst/cell_instances[11].cell_inst/axi_rdata_reg_reg[19]
    SLICE_X90Y53         LUT4 (Prop_lut4_I0_O)        0.124    34.870 r  ReRamSpm_i/reram_axilite_wrapper_0/inst/u_core/word_arrays[10].word_array_inst/cell_instances[11].cell_inst/axi_rdata_reg[23]_i_867/O
                         net (fo=1, routed)           0.000    34.870    ReRamSpm_i/reram_axilite_wrapper_0/inst/u_core/word_arrays[10].word_array_inst/cell_instances[11].cell_inst_n_22
    SLICE_X90Y53         CARRY4 (Prop_carry4_S[1]_CO[3])
                                                      0.533    35.403 r  ReRamSpm_i/reram_axilite_wrapper_0/inst/u_core/word_arrays[10].word_array_inst/axi_rdata_reg_reg[23]_i_778/CO[3]
                         net (fo=20, routed)          1.044    36.446    ReRamSpm_i/reram_axilite_wrapper_0/inst/u_core/word_arrays[10].word_array_inst/cell_instances[13].cell_inst/CO[0]
    SLICE_X91Y53         LUT3 (Prop_lut3_I1_O)        0.124    36.570 f  ReRamSpm_i/reram_axilite_wrapper_0/inst/u_core/word_arrays[10].word_array_inst/cell_instances[13].cell_inst/axi_rdata_reg[23]_i_944/O
                         net (fo=2, routed)           0.419    36.989    ReRamSpm_i/reram_axilite_wrapper_0/inst/u_core/word_arrays[10].word_array_inst/cell_instances[13].cell_inst/axi_rdata_reg[23]_i_944_n_0
    SLICE_X91Y53         LUT6 (Prop_lut6_I5_O)        0.124    37.113 r  ReRamSpm_i/reram_axilite_wrapper_0/inst/u_core/word_arrays[10].word_array_inst/cell_instances[13].cell_inst/axi_rdata_reg[23]_i_856/O
                         net (fo=1, routed)           0.471    37.584    ReRamSpm_i/reram_axilite_wrapper_0/inst/u_core/word_arrays[10].word_array_inst/cell_instances[13].cell_inst_n_15
    SLICE_X91Y54         CARRY4 (Prop_carry4_DI[0]_CO[3])
                                                      0.526    38.110 r  ReRamSpm_i/reram_axilite_wrapper_0/inst/u_core/word_arrays[10].word_array_inst/axi_rdata_reg_reg[23]_i_777/CO[3]
                         net (fo=8, routed)           0.981    39.091    ReRamSpm_i/reram_axilite_wrapper_0/inst/u_core/word_arrays[10].word_array_inst/cell_instances[13].cell_inst/write_counter_reg[7]_3[0]
    SLICE_X90Y55         LUT5 (Prop_lut5_I1_O)        0.124    39.215 r  ReRamSpm_i/reram_axilite_wrapper_0/inst/u_core/word_arrays[10].word_array_inst/cell_instances[13].cell_inst/axi_rdata_reg[19]_i_87/O
                         net (fo=5, routed)           0.833    40.048    ReRamSpm_i/reram_axilite_wrapper_0/inst/u_core/word_arrays[10].word_array_inst/cell_instances[13].cell_inst/axi_rdata_reg_reg[19]
    SLICE_X89Y56         LUT4 (Prop_lut4_I0_O)        0.124    40.172 r  ReRamSpm_i/reram_axilite_wrapper_0/inst/u_core/word_arrays[10].word_array_inst/cell_instances[13].cell_inst/axi_rdata_reg[23]_i_775/O
                         net (fo=1, routed)           0.000    40.172    ReRamSpm_i/reram_axilite_wrapper_0/inst/u_core/word_arrays[10].word_array_inst/cell_instances[13].cell_inst_n_22
    SLICE_X89Y56         CARRY4 (Prop_carry4_S[1]_CO[3])
                                                      0.550    40.722 r  ReRamSpm_i/reram_axilite_wrapper_0/inst/u_core/word_arrays[10].word_array_inst/axi_rdata_reg_reg[23]_i_686/CO[3]
                         net (fo=20, routed)          0.743    41.465    ReRamSpm_i/reram_axilite_wrapper_0/inst/u_core/word_arrays[10].word_array_inst/cell_instances[15].cell_inst/CO[0]
    SLICE_X88Y57         LUT3 (Prop_lut3_I1_O)        0.124    41.589 f  ReRamSpm_i/reram_axilite_wrapper_0/inst/u_core/word_arrays[10].word_array_inst/cell_instances[15].cell_inst/axi_rdata_reg[23]_i_852/O
                         net (fo=2, routed)           0.563    42.152    ReRamSpm_i/reram_axilite_wrapper_0/inst/u_core/word_arrays[10].word_array_inst/cell_instances[15].cell_inst/axi_rdata_reg[23]_i_852_n_0
    SLICE_X89Y55         LUT6 (Prop_lut6_I5_O)        0.124    42.276 r  ReRamSpm_i/reram_axilite_wrapper_0/inst/u_core/word_arrays[10].word_array_inst/cell_instances[15].cell_inst/axi_rdata_reg[23]_i_764/O
                         net (fo=1, routed)           0.574    42.851    ReRamSpm_i/reram_axilite_wrapper_0/inst/u_core/word_arrays[10].word_array_inst/cell_instances[15].cell_inst_n_15
    SLICE_X88Y55         CARRY4 (Prop_carry4_DI[0]_CO[3])
                                                      0.526    43.377 r  ReRamSpm_i/reram_axilite_wrapper_0/inst/u_core/word_arrays[10].word_array_inst/axi_rdata_reg_reg[23]_i_685/CO[3]
                         net (fo=8, routed)           0.945    44.321    ReRamSpm_i/reram_axilite_wrapper_0/inst/u_core/word_arrays[10].word_array_inst/cell_instances[15].cell_inst/write_counter_reg[7]_3[0]
    SLICE_X88Y56         LUT5 (Prop_lut5_I1_O)        0.124    44.445 r  ReRamSpm_i/reram_axilite_wrapper_0/inst/u_core/word_arrays[10].word_array_inst/cell_instances[15].cell_inst/axi_rdata_reg[21]_i_83/O
                         net (fo=5, routed)           0.871    45.316    ReRamSpm_i/reram_axilite_wrapper_0/inst/u_core/word_arrays[10].word_array_inst/cell_instances[15].cell_inst/axi_rdata_reg_reg[21]
    SLICE_X87Y59         LUT4 (Prop_lut4_I0_O)        0.124    45.440 r  ReRamSpm_i/reram_axilite_wrapper_0/inst/u_core/word_arrays[10].word_array_inst/cell_instances[15].cell_inst/axi_rdata_reg[23]_i_682/O
                         net (fo=1, routed)           0.000    45.440    ReRamSpm_i/reram_axilite_wrapper_0/inst/u_core/word_arrays[10].word_array_inst/cell_instances[15].cell_inst_n_21
    SLICE_X87Y59         CARRY4 (Prop_carry4_S[2]_CO[3])
                                                      0.398    45.838 r  ReRamSpm_i/reram_axilite_wrapper_0/inst/u_core/word_arrays[10].word_array_inst/axi_rdata_reg_reg[23]_i_594/CO[3]
                         net (fo=20, routed)          0.817    46.655    ReRamSpm_i/reram_axilite_wrapper_0/inst/u_core/word_arrays[10].word_array_inst/cell_instances[17].cell_inst/CO[0]
    SLICE_X86Y60         LUT3 (Prop_lut3_I1_O)        0.124    46.779 f  ReRamSpm_i/reram_axilite_wrapper_0/inst/u_core/word_arrays[10].word_array_inst/cell_instances[17].cell_inst/axi_rdata_reg[23]_i_759/O
                         net (fo=2, routed)           0.407    47.186    ReRamSpm_i/reram_axilite_wrapper_0/inst/u_core/word_arrays[10].word_array_inst/cell_instances[17].cell_inst/axi_rdata_reg[23]_i_759_n_0
    SLICE_X89Y60         LUT6 (Prop_lut6_I5_O)        0.124    47.310 r  ReRamSpm_i/reram_axilite_wrapper_0/inst/u_core/word_arrays[10].word_array_inst/cell_instances[17].cell_inst/axi_rdata_reg[23]_i_671/O
                         net (fo=1, routed)           0.706    48.016    ReRamSpm_i/reram_axilite_wrapper_0/inst/u_core/word_arrays[10].word_array_inst/cell_instances[17].cell_inst_n_14
    SLICE_X90Y60         CARRY4 (Prop_carry4_DI[1]_CO[3])
                                                      0.520    48.536 r  ReRamSpm_i/reram_axilite_wrapper_0/inst/u_core/word_arrays[10].word_array_inst/axi_rdata_reg_reg[23]_i_593/CO[3]
                         net (fo=8, routed)           0.864    49.400    ReRamSpm_i/reram_axilite_wrapper_0/inst/u_core/word_arrays[10].word_array_inst/cell_instances[17].cell_inst/write_counter_reg[7]_3[0]
    SLICE_X89Y60         LUT5 (Prop_lut5_I1_O)        0.124    49.524 r  ReRamSpm_i/reram_axilite_wrapper_0/inst/u_core/word_arrays[10].word_array_inst/cell_instances[17].cell_inst/axi_rdata_reg[21]_i_79/O
                         net (fo=5, routed)           0.935    50.459    ReRamSpm_i/reram_axilite_wrapper_0/inst/u_core/word_arrays[10].word_array_inst/cell_instances[17].cell_inst/axi_rdata_reg_reg[21]
    SLICE_X88Y63         LUT4 (Prop_lut4_I0_O)        0.124    50.583 r  ReRamSpm_i/reram_axilite_wrapper_0/inst/u_core/word_arrays[10].word_array_inst/cell_instances[17].cell_inst/axi_rdata_reg[23]_i_590/O
                         net (fo=1, routed)           0.000    50.583    ReRamSpm_i/reram_axilite_wrapper_0/inst/u_core/word_arrays[10].word_array_inst/cell_instances[17].cell_inst_n_21
    SLICE_X88Y63         CARRY4 (Prop_carry4_S[2]_CO[3])
                                                      0.398    50.981 r  ReRamSpm_i/reram_axilite_wrapper_0/inst/u_core/word_arrays[10].word_array_inst/axi_rdata_reg_reg[23]_i_502/CO[3]
                         net (fo=20, routed)          0.873    51.854    ReRamSpm_i/reram_axilite_wrapper_0/inst/u_core/word_arrays[10].word_array_inst/cell_instances[19].cell_inst/CO[0]
    SLICE_X88Y64         LUT3 (Prop_lut3_I1_O)        0.124    51.978 f  ReRamSpm_i/reram_axilite_wrapper_0/inst/u_core/word_arrays[10].word_array_inst/cell_instances[19].cell_inst/axi_rdata_reg[23]_i_668/O
                         net (fo=2, routed)           0.502    52.480    ReRamSpm_i/reram_axilite_wrapper_0/inst/u_core/word_arrays[10].word_array_inst/cell_instances[19].cell_inst/axi_rdata_reg[23]_i_668_n_0
    SLICE_X88Y64         LUT6 (Prop_lut6_I5_O)        0.124    52.604 r  ReRamSpm_i/reram_axilite_wrapper_0/inst/u_core/word_arrays[10].word_array_inst/cell_instances[19].cell_inst/axi_rdata_reg[23]_i_580/O
                         net (fo=1, routed)           0.330    52.934    ReRamSpm_i/reram_axilite_wrapper_0/inst/u_core/word_arrays[10].word_array_inst/cell_instances[19].cell_inst_n_15
    SLICE_X89Y63         CARRY4 (Prop_carry4_DI[0]_CO[3])
                                                      0.526    53.460 r  ReRamSpm_i/reram_axilite_wrapper_0/inst/u_core/word_arrays[10].word_array_inst/axi_rdata_reg_reg[23]_i_501/CO[3]
                         net (fo=8, routed)           0.785    54.245    ReRamSpm_i/reram_axilite_wrapper_0/inst/u_core/word_arrays[10].word_array_inst/cell_instances[19].cell_inst/write_counter_reg[7]_3[0]
    SLICE_X90Y63         LUT5 (Prop_lut5_I1_O)        0.124    54.369 r  ReRamSpm_i/reram_axilite_wrapper_0/inst/u_core/word_arrays[10].word_array_inst/cell_instances[19].cell_inst/axi_rdata_reg[19]_i_75/O
                         net (fo=5, routed)           0.769    55.138    ReRamSpm_i/reram_axilite_wrapper_0/inst/u_core/word_arrays[10].word_array_inst/cell_instances[19].cell_inst/axi_rdata_reg_reg[19]
    SLICE_X89Y64         LUT4 (Prop_lut4_I0_O)        0.124    55.262 r  ReRamSpm_i/reram_axilite_wrapper_0/inst/u_core/word_arrays[10].word_array_inst/cell_instances[19].cell_inst/axi_rdata_reg[23]_i_499/O
                         net (fo=1, routed)           0.000    55.262    ReRamSpm_i/reram_axilite_wrapper_0/inst/u_core/word_arrays[10].word_array_inst/cell_instances[19].cell_inst_n_22
    SLICE_X89Y64         CARRY4 (Prop_carry4_S[1]_CO[3])
                                                      0.550    55.812 r  ReRamSpm_i/reram_axilite_wrapper_0/inst/u_core/word_arrays[10].word_array_inst/axi_rdata_reg_reg[23]_i_410/CO[3]
                         net (fo=20, routed)          0.988    56.800    ReRamSpm_i/reram_axilite_wrapper_0/inst/u_core/word_arrays[10].word_array_inst/cell_instances[21].cell_inst/CO[0]
    SLICE_X88Y66         LUT3 (Prop_lut3_I1_O)        0.124    56.924 f  ReRamSpm_i/reram_axilite_wrapper_0/inst/u_core/word_arrays[10].word_array_inst/cell_instances[21].cell_inst/axi_rdata_reg[23]_i_575/O
                         net (fo=2, routed)           0.634    57.558    ReRamSpm_i/reram_axilite_wrapper_0/inst/u_core/word_arrays[10].word_array_inst/cell_instances[21].cell_inst/axi_rdata_reg[23]_i_575_n_0
    SLICE_X88Y66         LUT6 (Prop_lut6_I5_O)        0.124    57.682 r  ReRamSpm_i/reram_axilite_wrapper_0/inst/u_core/word_arrays[10].word_array_inst/cell_instances[21].cell_inst/axi_rdata_reg[23]_i_487/O
                         net (fo=1, routed)           0.331    58.013    ReRamSpm_i/reram_axilite_wrapper_0/inst/u_core/word_arrays[10].word_array_inst/cell_instances[21].cell_inst_n_14
    SLICE_X88Y65         CARRY4 (Prop_carry4_DI[1]_CO[3])
                                                      0.507    58.520 r  ReRamSpm_i/reram_axilite_wrapper_0/inst/u_core/word_arrays[10].word_array_inst/axi_rdata_reg_reg[23]_i_409/CO[3]
                         net (fo=8, routed)           0.992    59.512    ReRamSpm_i/reram_axilite_wrapper_0/inst/u_core/word_arrays[10].word_array_inst/cell_instances[21].cell_inst/write_counter_reg[7]_3[0]
    SLICE_X89Y65         LUT5 (Prop_lut5_I1_O)        0.124    59.636 r  ReRamSpm_i/reram_axilite_wrapper_0/inst/u_core/word_arrays[10].word_array_inst/cell_instances[21].cell_inst/axi_rdata_reg[23]_i_319/O
                         net (fo=5, routed)           0.942    60.578    ReRamSpm_i/reram_axilite_wrapper_0/inst/u_core/word_arrays[10].word_array_inst/cell_instances[21].cell_inst/axi_rdata_reg_reg[23]
    SLICE_X90Y66         LUT4 (Prop_lut4_I0_O)        0.124    60.702 r  ReRamSpm_i/reram_axilite_wrapper_0/inst/u_core/word_arrays[10].word_array_inst/cell_instances[21].cell_inst/axi_rdata_reg[23]_i_405/O
                         net (fo=1, routed)           0.000    60.702    ReRamSpm_i/reram_axilite_wrapper_0/inst/u_core/word_arrays[10].word_array_inst/cell_instances[21].cell_inst_n_20
    SLICE_X90Y66         CARRY4 (Prop_carry4_S[3]_CO[3])
                                                      0.376    61.078 r  ReRamSpm_i/reram_axilite_wrapper_0/inst/u_core/word_arrays[10].word_array_inst/axi_rdata_reg_reg[23]_i_318/CO[3]
                         net (fo=20, routed)          0.758    61.837    ReRamSpm_i/reram_axilite_wrapper_0/inst/u_core/word_arrays[10].word_array_inst/cell_instances[23].cell_inst/CO[0]
    SLICE_X90Y67         LUT3 (Prop_lut3_I1_O)        0.124    61.961 f  ReRamSpm_i/reram_axilite_wrapper_0/inst/u_core/word_arrays[10].word_array_inst/cell_instances[23].cell_inst/axi_rdata_reg[23]_i_484/O
                         net (fo=2, routed)           0.504    62.465    ReRamSpm_i/reram_axilite_wrapper_0/inst/u_core/word_arrays[10].word_array_inst/cell_instances[23].cell_inst/axi_rdata_reg[23]_i_484_n_0
    SLICE_X90Y67         LUT6 (Prop_lut6_I5_O)        0.124    62.589 r  ReRamSpm_i/reram_axilite_wrapper_0/inst/u_core/word_arrays[10].word_array_inst/cell_instances[23].cell_inst/axi_rdata_reg[23]_i_396/O
                         net (fo=1, routed)           0.568    63.157    ReRamSpm_i/reram_axilite_wrapper_0/inst/u_core/word_arrays[10].word_array_inst/cell_instances[23].cell_inst_n_15
    SLICE_X91Y67         CARRY4 (Prop_carry4_DI[0]_CO[3])
                                                      0.526    63.683 r  ReRamSpm_i/reram_axilite_wrapper_0/inst/u_core/word_arrays[10].word_array_inst/axi_rdata_reg_reg[23]_i_317/CO[3]
                         net (fo=8, routed)           0.866    64.549    ReRamSpm_i/reram_axilite_wrapper_0/inst/u_core/word_arrays[10].word_array_inst/cell_instances[23].cell_inst/write_counter_reg[7]_3[0]
    SLICE_X91Y68         LUT5 (Prop_lut5_I1_O)        0.124    64.673 r  ReRamSpm_i/reram_axilite_wrapper_0/inst/u_core/word_arrays[10].word_array_inst/cell_instances[23].cell_inst/axi_rdata_reg[18]_i_67/O
                         net (fo=4, routed)           0.686    65.359    ReRamSpm_i/reram_axilite_wrapper_0/inst/u_core/word_arrays[10].word_array_inst/cell_instances[23].cell_inst/axi_rdata_reg_reg[18]
    SLICE_X90Y69         LUT4 (Prop_lut4_I2_O)        0.124    65.483 r  ReRamSpm_i/reram_axilite_wrapper_0/inst/u_core/word_arrays[10].word_array_inst/cell_instances[23].cell_inst/axi_rdata_reg[23]_i_315/O
                         net (fo=1, routed)           0.000    65.483    ReRamSpm_i/reram_axilite_wrapper_0/inst/u_core/word_arrays[10].word_array_inst/cell_instances[23].cell_inst_n_22
    SLICE_X90Y69         CARRY4 (Prop_carry4_S[1]_CO[3])
                                                      0.533    66.016 r  ReRamSpm_i/reram_axilite_wrapper_0/inst/u_core/word_arrays[10].word_array_inst/axi_rdata_reg_reg[23]_i_226/CO[3]
                         net (fo=20, routed)          0.758    66.774    ReRamSpm_i/reram_axilite_wrapper_0/inst/u_core/word_arrays[10].word_array_inst/cell_instances[25].cell_inst/CO[0]
    SLICE_X90Y68         LUT3 (Prop_lut3_I1_O)        0.124    66.898 f  ReRamSpm_i/reram_axilite_wrapper_0/inst/u_core/word_arrays[10].word_array_inst/cell_instances[25].cell_inst/axi_rdata_reg[23]_i_392/O
                         net (fo=2, routed)           0.466    67.365    ReRamSpm_i/reram_axilite_wrapper_0/inst/u_core/word_arrays[10].word_array_inst/cell_instances[25].cell_inst/axi_rdata_reg[23]_i_392_n_0
    SLICE_X91Y69         LUT6 (Prop_lut6_I5_O)        0.124    67.489 r  ReRamSpm_i/reram_axilite_wrapper_0/inst/u_core/word_arrays[10].word_array_inst/cell_instances[25].cell_inst/axi_rdata_reg[23]_i_304/O
                         net (fo=1, routed)           0.330    67.819    ReRamSpm_i/reram_axilite_wrapper_0/inst/u_core/word_arrays[10].word_array_inst/cell_instances[25].cell_inst_n_15
    SLICE_X91Y70         CARRY4 (Prop_carry4_DI[0]_CO[3])
                                                      0.526    68.345 r  ReRamSpm_i/reram_axilite_wrapper_0/inst/u_core/word_arrays[10].word_array_inst/axi_rdata_reg_reg[23]_i_225/CO[3]
                         net (fo=8, routed)           1.171    69.516    ReRamSpm_i/reram_axilite_wrapper_0/inst/u_core/word_arrays[10].word_array_inst/cell_instances[25].cell_inst/write_counter_reg[7]_3[0]
    SLICE_X90Y70         LUT5 (Prop_lut5_I1_O)        0.124    69.640 r  ReRamSpm_i/reram_axilite_wrapper_0/inst/u_core/word_arrays[10].word_array_inst/cell_instances[25].cell_inst/axi_rdata_reg[23]_i_143/O
                         net (fo=5, routed)           0.769    70.408    ReRamSpm_i/reram_axilite_wrapper_0/inst/u_core/word_arrays[10].word_array_inst/cell_instances[25].cell_inst/axi_rdata_reg_reg[23]
    SLICE_X89Y70         LUT4 (Prop_lut4_I0_O)        0.124    70.532 r  ReRamSpm_i/reram_axilite_wrapper_0/inst/u_core/word_arrays[10].word_array_inst/cell_instances[25].cell_inst/axi_rdata_reg[23]_i_221/O
                         net (fo=1, routed)           0.000    70.532    ReRamSpm_i/reram_axilite_wrapper_0/inst/u_core/word_arrays[10].word_array_inst/cell_instances[25].cell_inst_n_20
    SLICE_X89Y70         CARRY4 (Prop_carry4_S[3]_CO[3])
                                                      0.401    70.933 r  ReRamSpm_i/reram_axilite_wrapper_0/inst/u_core/word_arrays[10].word_array_inst/axi_rdata_reg_reg[23]_i_142/CO[3]
                         net (fo=20, routed)          1.038    71.971    ReRamSpm_i/reram_axilite_wrapper_0/inst/u_core/word_arrays[10].word_array_inst/cell_instances[27].cell_inst/CO[0]
    SLICE_X89Y73         LUT3 (Prop_lut3_I1_O)        0.124    72.095 f  ReRamSpm_i/reram_axilite_wrapper_0/inst/u_core/word_arrays[10].word_array_inst/cell_instances[27].cell_inst/axi_rdata_reg[23]_i_297/O
                         net (fo=2, routed)           0.363    72.457    ReRamSpm_i/reram_axilite_wrapper_0/inst/u_core/word_arrays[10].word_array_inst/cell_instances[27].cell_inst/axi_rdata_reg[23]_i_297_n_0
    SLICE_X88Y73         LUT6 (Prop_lut6_I5_O)        0.124    72.581 r  ReRamSpm_i/reram_axilite_wrapper_0/inst/u_core/word_arrays[10].word_array_inst/cell_instances[27].cell_inst/axi_rdata_reg[23]_i_209/O
                         net (fo=1, routed)           0.561    73.142    ReRamSpm_i/reram_axilite_wrapper_0/inst/u_core/word_arrays[10].word_array_inst/cell_instances[27].cell_inst_n_12
    SLICE_X90Y73         CARRY4 (Prop_carry4_DI[3]_CO[3])
                                                      0.396    73.538 r  ReRamSpm_i/reram_axilite_wrapper_0/inst/u_core/word_arrays[10].word_array_inst/axi_rdata_reg_reg[23]_i_141/CO[3]
                         net (fo=8, routed)           0.929    74.467    ReRamSpm_i/reram_axilite_wrapper_0/inst/u_core/word_arrays[10].word_array_inst/cell_instances[27].cell_inst/write_counter_reg[7]_3[0]
    SLICE_X89Y74         LUT5 (Prop_lut5_I1_O)        0.124    74.591 r  ReRamSpm_i/reram_axilite_wrapper_0/inst/u_core/word_arrays[10].word_array_inst/cell_instances[27].cell_inst/axi_rdata_reg[17]_i_43/O
                         net (fo=5, routed)           0.909    75.500    ReRamSpm_i/reram_axilite_wrapper_0/inst/u_core/word_arrays[10].word_array_inst/cell_instances[27].cell_inst/axi_rdata_reg_reg[17]_1
    SLICE_X90Y74         LUT4 (Prop_lut4_I0_O)        0.124    75.624 r  ReRamSpm_i/reram_axilite_wrapper_0/inst/u_core/word_arrays[10].word_array_inst/cell_instances[27].cell_inst/axi_rdata_reg[23]_i_140/O
                         net (fo=1, routed)           0.000    75.624    ReRamSpm_i/reram_axilite_wrapper_0/inst/u_core/word_arrays[10].word_array_inst/cell_instances[27].cell_inst_n_23
    SLICE_X90Y74         CARRY4 (Prop_carry4_S[0]_CO[3])
                                                      0.513    76.137 r  ReRamSpm_i/reram_axilite_wrapper_0/inst/u_core/word_arrays[10].word_array_inst/axi_rdata_reg_reg[23]_i_66/CO[3]
                         net (fo=20, routed)          0.914    77.050    ReRamSpm_i/reram_axilite_wrapper_0/inst/u_core/word_arrays[10].word_array_inst/cell_instances[29].cell_inst/CO[0]
    SLICE_X90Y75         LUT3 (Prop_lut3_I1_O)        0.124    77.174 f  ReRamSpm_i/reram_axilite_wrapper_0/inst/u_core/word_arrays[10].word_array_inst/cell_instances[29].cell_inst/axi_rdata_reg[23]_i_205/O
                         net (fo=2, routed)           0.330    77.504    ReRamSpm_i/reram_axilite_wrapper_0/inst/u_core/word_arrays[10].word_array_inst/cell_instances[29].cell_inst/axi_rdata_reg[23]_i_205_n_0
    SLICE_X91Y74         LUT6 (Prop_lut6_I5_O)        0.124    77.628 r  ReRamSpm_i/reram_axilite_wrapper_0/inst/u_core/word_arrays[10].word_array_inst/cell_instances[29].cell_inst/axi_rdata_reg[23]_i_125/O
                         net (fo=1, routed)           0.542    78.170    ReRamSpm_i/reram_axilite_wrapper_0/inst/u_core/word_arrays[10].word_array_inst/cell_instances[29].cell_inst_n_12
    SLICE_X91Y75         CARRY4 (Prop_carry4_DI[3]_CO[3])
                                                      0.385    78.555 r  ReRamSpm_i/reram_axilite_wrapper_0/inst/u_core/word_arrays[10].word_array_inst/axi_rdata_reg_reg[23]_i_65/CO[3]
                         net (fo=8, routed)           0.967    79.522    ReRamSpm_i/reram_axilite_wrapper_0/inst/u_core/word_arrays[10].word_array_inst/cell_instances[29].cell_inst/write_counter_reg[7]_3[0]
    SLICE_X90Y76         LUT5 (Prop_lut5_I1_O)        0.124    79.646 r  ReRamSpm_i/reram_axilite_wrapper_0/inst/u_core/word_arrays[10].word_array_inst/cell_instances[29].cell_inst/axi_rdata_reg[21]_i_23/O
                         net (fo=3, routed)           0.723    80.369    ReRamSpm_i/reram_axilite_wrapper_0/inst/u_core/word_arrays[10].word_array_inst/cell_instances[29].cell_inst/axi_rdata_reg_reg[21]
    SLICE_X91Y77         LUT4 (Prop_lut4_I0_O)        0.124    80.493 r  ReRamSpm_i/reram_axilite_wrapper_0/inst/u_core/word_arrays[10].word_array_inst/cell_instances[29].cell_inst/axi_rdata_reg[23]_i_62/O
                         net (fo=1, routed)           0.000    80.493    ReRamSpm_i/reram_axilite_wrapper_0/inst/u_core/word_arrays[10].word_array_inst/cell_instances[29].cell_inst_n_21
    SLICE_X91Y77         CARRY4 (Prop_carry4_S[2]_CO[3])
                                                      0.398    80.891 r  ReRamSpm_i/reram_axilite_wrapper_0/inst/u_core/word_arrays[10].word_array_inst/axi_rdata_reg_reg[23]_i_24/CO[3]
                         net (fo=8, routed)           0.647    81.538    ReRamSpm_i/reram_axilite_wrapper_0/inst/u_core/word_arrays[10].word_array_inst/cell_instances[31].cell_inst/CO[0]
    SLICE_X91Y78         LUT3 (Prop_lut3_I1_O)        0.124    81.662 r  ReRamSpm_i/reram_axilite_wrapper_0/inst/u_core/word_arrays[10].word_array_inst/cell_instances[31].cell_inst/axi_rdata_reg[20]_i_13/O
                         net (fo=1, routed)           0.915    82.577    ReRamSpm_i/reram_axilite_wrapper_0/inst/u_core/word_arrays[14].word_array_inst/cell_instances[31].cell_inst/write_counter_reg[7]_0[20]
    SLICE_X92Y82         LUT6 (Prop_lut6_I1_O)        0.124    82.701 r  ReRamSpm_i/reram_axilite_wrapper_0/inst/u_core/word_arrays[14].word_array_inst/cell_instances[31].cell_inst/axi_rdata_reg[20]_i_6/O
                         net (fo=1, routed)           0.291    82.992    ReRamSpm_i/reram_axilite_wrapper_0/inst/u_core/word_arrays[14].word_array_inst/cell_instances[31].cell_inst/axi_rdata_reg[20]_i_6_n_0
    SLICE_X93Y82         LUT6 (Prop_lut6_I3_O)        0.124    83.116 r  ReRamSpm_i/reram_axilite_wrapper_0/inst/u_core/word_arrays[14].word_array_inst/cell_instances[31].cell_inst/axi_rdata_reg[20]_i_2/O
                         net (fo=1, routed)           0.303    83.419    ReRamSpm_i/reram_axilite_wrapper_0/inst/u_core/word_arrays[3].word_array_inst/cell_instances[20].cell_inst/axi_araddr_reg[4]_0
    SLICE_X92Y81         LUT5 (Prop_lut5_I0_O)        0.124    83.543 r  ReRamSpm_i/reram_axilite_wrapper_0/inst/u_core/word_arrays[3].word_array_inst/cell_instances[20].cell_inst/axi_rdata_reg[20]_i_1/O
                         net (fo=1, routed)           0.000    83.543    ReRamSpm_i/reram_axilite_wrapper_0/inst/axi_rdata_reg1_in[20]
    SLICE_X92Y81         FDRE                                         r  ReRamSpm_i/reram_axilite_wrapper_0/inst/axi_rdata_reg_reg[20]/D
  -------------------------------------------------------------------    -------------------

                         (clock clk_fpga_0 rise edge)
                                                     20.000    20.000 r  
    PS7_X0Y0             PS7                          0.000    20.000 r  ReRamSpm_i/processing_system7_0/inst/PS7_i/FCLKCLK[0]
                         net (fo=1, routed)           1.088    21.088    ReRamSpm_i/processing_system7_0/inst/FCLK_CLK_unbuffered[0]
    BUFGCTRL_X0Y16       BUFG (Prop_bufg_I_O)         0.091    21.179 r  ReRamSpm_i/processing_system7_0/inst/buffer_fclk_clk_0.FCLK_CLK_0_BUFG/O
                         net (fo=26024, routed)       1.596    22.775    ReRamSpm_i/reram_axilite_wrapper_0/inst/S_AXI_ACLK
    SLICE_X92Y81         FDRE                                         r  ReRamSpm_i/reram_axilite_wrapper_0/inst/axi_rdata_reg_reg[20]/C
                         clock pessimism              0.115    22.890    
                         clock uncertainty           -0.302    22.588    
    SLICE_X92Y81         FDRE (Setup_fdre_C_D)        0.081    22.669    ReRamSpm_i/reram_axilite_wrapper_0/inst/axi_rdata_reg_reg[20]
  -------------------------------------------------------------------
                         required time                         22.669    
                         arrival time                         -83.543    
  -------------------------------------------------------------------
                         slack                                -60.875    

Slack (VIOLATED) :        -60.825ns  (required time - arrival time)
  Source:                 ReRamSpm_i/reram_axilite_wrapper_0/inst/u_core/word_arrays[10].word_array_inst/cell_instances[0].cell_inst/write_counter_reg[5]/C
                            (rising edge-triggered cell FDCE clocked by clk_fpga_0  {rise@0.000ns fall@10.000ns period=20.000ns})
  Destination:            ReRamSpm_i/reram_axilite_wrapper_0/inst/axi_rdata_reg_reg[22]/D
                            (rising edge-triggered cell FDRE clocked by clk_fpga_0  {rise@0.000ns fall@10.000ns period=20.000ns})
  Path Group:             clk_fpga_0
  Path Type:              Setup (Max at Slow Process Corner)
  Requirement:            20.000ns  (clk_fpga_0 rise@20.000ns - clk_fpga_0 rise@0.000ns)
  Data Path Delay:        80.349ns  (logic 23.083ns (28.728%)  route 57.266ns (71.272%))
  Logic Levels:           96  (CARRY4=31 LUT3=16 LUT4=16 LUT5=16 LUT6=17)
  Clock Path Skew:        -0.204ns (DCD - SCD + CPR)
    Destination Clock Delay (DCD):    2.714ns = ( 22.714 - 20.000 ) 
    Source Clock Delay      (SCD):    3.033ns
    Clock Pessimism Removal (CPR):    0.115ns
  Clock Uncertainty:      0.302ns  ((TSJ^2 + TIJ^2)^1/2 + DJ) / 2 + PE
    Total System Jitter     (TSJ):    0.071ns
    Total Input Jitter      (TIJ):    0.600ns
    Discrete Jitter          (DJ):    0.000ns
    Phase Error              (PE):    0.000ns

    Location             Delay type                Incr(ns)  Path(ns)    Netlist Resource(s)
  -------------------------------------------------------------------    -------------------
                         (clock clk_fpga_0 rise edge)
                                                      0.000     0.000 r  
    PS7_X0Y0             PS7                          0.000     0.000 r  ReRamSpm_i/processing_system7_0/inst/PS7_i/FCLKCLK[0]
                         net (fo=1, routed)           1.193     1.193    ReRamSpm_i/processing_system7_0/inst/FCLK_CLK_unbuffered[0]
    BUFGCTRL_X0Y16       BUFG (Prop_bufg_I_O)         0.101     1.294 r  ReRamSpm_i/processing_system7_0/inst/buffer_fclk_clk_0.FCLK_CLK_0_BUFG/O
                         net (fo=26024, routed)       1.739     3.033    ReRamSpm_i/reram_axilite_wrapper_0/inst/u_core/word_arrays[10].word_array_inst/cell_instances[0].cell_inst/S_AXI_ACLK
    SLICE_X89Y45         FDCE                                         r  ReRamSpm_i/reram_axilite_wrapper_0/inst/u_core/word_arrays[10].word_array_inst/cell_instances[0].cell_inst/write_counter_reg[5]/C
  -------------------------------------------------------------------    -------------------
    SLICE_X89Y45         FDCE (Prop_fdce_C_Q)         0.456     3.489 r  ReRamSpm_i/reram_axilite_wrapper_0/inst/u_core/word_arrays[10].word_array_inst/cell_instances[0].cell_inst/write_counter_reg[5]/Q
                         net (fo=9, routed)           1.057     4.546    ReRamSpm_i/reram_axilite_wrapper_0/inst/u_core/word_arrays[10].word_array_inst/cell_instances[0].cell_inst/write_cycles[5]
    SLICE_X88Y44         LUT4 (Prop_lut4_I0_O)        0.124     4.670 r  ReRamSpm_i/reram_axilite_wrapper_0/inst/u_core/word_arrays[10].word_array_inst/cell_instances[0].cell_inst/axi_rdata_reg[23]_i_1483/O
                         net (fo=1, routed)           0.000     4.670    ReRamSpm_i/reram_axilite_wrapper_0/inst/u_core/word_arrays[10].word_array_inst/cell_instances[0].cell_inst_n_3
    SLICE_X88Y44         CARRY4 (Prop_carry4_S[2]_CO[3])
                                                      0.398     5.068 r  ReRamSpm_i/reram_axilite_wrapper_0/inst/u_core/word_arrays[10].word_array_inst/axi_rdata_reg_reg[23]_i_1385/CO[3]
                         net (fo=24, routed)          0.861     5.930    ReRamSpm_i/reram_axilite_wrapper_0/inst/u_core/word_arrays[10].word_array_inst/cell_instances[1].cell_inst/CO[0]
    SLICE_X84Y44         LUT3 (Prop_lut3_I1_O)        0.124     6.054 f  ReRamSpm_i/reram_axilite_wrapper_0/inst/u_core/word_arrays[10].word_array_inst/cell_instances[1].cell_inst/axi_rdata_reg[23]_i_1543/O
                         net (fo=1, routed)           0.622     6.676    ReRamSpm_i/reram_axilite_wrapper_0/inst/u_core/word_arrays[10].word_array_inst/cell_instances[1].cell_inst/axi_rdata_reg[23]_i_1543_n_0
    SLICE_X84Y44         LUT6 (Prop_lut6_I1_O)        0.124     6.800 r  ReRamSpm_i/reram_axilite_wrapper_0/inst/u_core/word_arrays[10].word_array_inst/cell_instances[1].cell_inst/axi_rdata_reg[23]_i_1471/O
                         net (fo=1, routed)           0.634     7.434    ReRamSpm_i/reram_axilite_wrapper_0/inst/u_core/word_arrays[10].word_array_inst/cell_instances[1].cell_inst_n_13
    SLICE_X87Y44         CARRY4 (Prop_carry4_DI[2]_CO[3])
                                                      0.398     7.832 r  ReRamSpm_i/reram_axilite_wrapper_0/inst/u_core/word_arrays[10].word_array_inst/axi_rdata_reg_reg[23]_i_1384/CO[3]
                         net (fo=8, routed)           1.070     8.902    ReRamSpm_i/reram_axilite_wrapper_0/inst/u_core/word_arrays[10].word_array_inst/cell_instances[1].cell_inst/write_counter_reg[7]_3[0]
    SLICE_X85Y44         LUT5 (Prop_lut5_I1_O)        0.124     9.026 r  ReRamSpm_i/reram_axilite_wrapper_0/inst/u_core/word_arrays[10].word_array_inst/cell_instances[1].cell_inst/axi_rdata_reg[23]_i_1279/O
                         net (fo=5, routed)           0.734     9.760    ReRamSpm_i/reram_axilite_wrapper_0/inst/u_core/word_arrays[10].word_array_inst/cell_instances[1].cell_inst/axi_rdata_reg_reg[23]
    SLICE_X86Y46         LUT4 (Prop_lut4_I0_O)        0.124     9.884 r  ReRamSpm_i/reram_axilite_wrapper_0/inst/u_core/word_arrays[10].word_array_inst/cell_instances[1].cell_inst/axi_rdata_reg[23]_i_1380/O
                         net (fo=1, routed)           0.000     9.884    ReRamSpm_i/reram_axilite_wrapper_0/inst/u_core/word_arrays[10].word_array_inst/cell_instances[1].cell_inst_n_20
    SLICE_X86Y46         CARRY4 (Prop_carry4_S[3]_CO[3])
                                                      0.376    10.260 r  ReRamSpm_i/reram_axilite_wrapper_0/inst/u_core/word_arrays[10].word_array_inst/axi_rdata_reg_reg[23]_i_1278/CO[3]
                         net (fo=24, routed)          1.013    11.272    ReRamSpm_i/reram_axilite_wrapper_0/inst/u_core/word_arrays[10].word_array_inst/cell_instances[3].cell_inst/CO[0]
    SLICE_X86Y49         LUT3 (Prop_lut3_I1_O)        0.124    11.396 f  ReRamSpm_i/reram_axilite_wrapper_0/inst/u_core/word_arrays[10].word_array_inst/cell_instances[3].cell_inst/axi_rdata_reg[23]_i_1462/O
                         net (fo=1, routed)           0.416    11.813    ReRamSpm_i/reram_axilite_wrapper_0/inst/u_core/word_arrays[10].word_array_inst/cell_instances[3].cell_inst/axi_rdata_reg[23]_i_1462_n_0
    SLICE_X86Y48         LUT6 (Prop_lut6_I1_O)        0.124    11.937 r  ReRamSpm_i/reram_axilite_wrapper_0/inst/u_core/word_arrays[10].word_array_inst/cell_instances[3].cell_inst/axi_rdata_reg[23]_i_1368/O
                         net (fo=1, routed)           0.379    12.316    ReRamSpm_i/reram_axilite_wrapper_0/inst/u_core/word_arrays[10].word_array_inst/cell_instances[3].cell_inst_n_12
    SLICE_X86Y47         CARRY4 (Prop_carry4_DI[3]_CO[3])
                                                      0.396    12.712 r  ReRamSpm_i/reram_axilite_wrapper_0/inst/u_core/word_arrays[10].word_array_inst/axi_rdata_reg_reg[23]_i_1277/CO[3]
                         net (fo=8, routed)           0.932    13.644    ReRamSpm_i/reram_axilite_wrapper_0/inst/u_core/word_arrays[10].word_array_inst/cell_instances[3].cell_inst/write_counter_reg[7]_2[0]
    SLICE_X88Y47         LUT5 (Prop_lut5_I1_O)        0.124    13.768 r  ReRamSpm_i/reram_axilite_wrapper_0/inst/u_core/word_arrays[10].word_array_inst/cell_instances[3].cell_inst/axi_rdata_reg[17]_i_107/O
                         net (fo=5, routed)           0.839    14.608    ReRamSpm_i/reram_axilite_wrapper_0/inst/u_core/word_arrays[10].word_array_inst/cell_instances[3].cell_inst/axi_rdata_reg_reg[17]_1
    SLICE_X89Y49         LUT4 (Prop_lut4_I0_O)        0.124    14.732 r  ReRamSpm_i/reram_axilite_wrapper_0/inst/u_core/word_arrays[10].word_array_inst/cell_instances[3].cell_inst/axi_rdata_reg[23]_i_1276/O
                         net (fo=1, routed)           0.000    14.732    ReRamSpm_i/reram_axilite_wrapper_0/inst/u_core/word_arrays[10].word_array_inst/cell_instances[3].cell_inst_n_23
    SLICE_X89Y49         CARRY4 (Prop_carry4_S[0]_CO[3])
                                                      0.532    15.264 r  ReRamSpm_i/reram_axilite_wrapper_0/inst/u_core/word_arrays[10].word_array_inst/axi_rdata_reg_reg[23]_i_1170/CO[3]
                         net (fo=24, routed)          1.003    16.267    ReRamSpm_i/reram_axilite_wrapper_0/inst/u_core/word_arrays[10].word_array_inst/cell_instances[5].cell_inst/CO[0]
    SLICE_X87Y49         LUT3 (Prop_lut3_I1_O)        0.124    16.391 f  ReRamSpm_i/reram_axilite_wrapper_0/inst/u_core/word_arrays[10].word_array_inst/cell_instances[5].cell_inst/axi_rdata_reg[23]_i_1362/O
                         net (fo=1, routed)           0.154    16.545    ReRamSpm_i/reram_axilite_wrapper_0/inst/u_core/word_arrays[10].word_array_inst/cell_instances[5].cell_inst/axi_rdata_reg[23]_i_1362_n_0
    SLICE_X87Y49         LUT6 (Prop_lut6_I1_O)        0.124    16.669 r  ReRamSpm_i/reram_axilite_wrapper_0/inst/u_core/word_arrays[10].word_array_inst/cell_instances[5].cell_inst/axi_rdata_reg[23]_i_1263/O
                         net (fo=1, routed)           0.772    17.441    ReRamSpm_i/reram_axilite_wrapper_0/inst/u_core/word_arrays[10].word_array_inst/cell_instances[5].cell_inst_n_14
    SLICE_X89Y50         CARRY4 (Prop_carry4_DI[1]_CO[3])
                                                      0.507    17.948 r  ReRamSpm_i/reram_axilite_wrapper_0/inst/u_core/word_arrays[10].word_array_inst/axi_rdata_reg_reg[23]_i_1169/CO[3]
                         net (fo=8, routed)           0.974    18.922    ReRamSpm_i/reram_axilite_wrapper_0/inst/u_core/word_arrays[10].word_array_inst/cell_instances[5].cell_inst/write_counter_reg[7]_2[0]
    SLICE_X87Y50         LUT5 (Prop_lut5_I1_O)        0.124    19.046 r  ReRamSpm_i/reram_axilite_wrapper_0/inst/u_core/word_arrays[10].word_array_inst/cell_instances[5].cell_inst/axi_rdata_reg[19]_i_103/O
                         net (fo=5, routed)           0.644    19.690    ReRamSpm_i/reram_axilite_wrapper_0/inst/u_core/word_arrays[10].word_array_inst/cell_instances[5].cell_inst/axi_rdata_reg_reg[19]
    SLICE_X87Y51         LUT4 (Prop_lut4_I0_O)        0.124    19.814 r  ReRamSpm_i/reram_axilite_wrapper_0/inst/u_core/word_arrays[10].word_array_inst/cell_instances[5].cell_inst/axi_rdata_reg[23]_i_1167/O
                         net (fo=1, routed)           0.000    19.814    ReRamSpm_i/reram_axilite_wrapper_0/inst/u_core/word_arrays[10].word_array_inst/cell_instances[5].cell_inst_n_22
    SLICE_X87Y51         CARRY4 (Prop_carry4_S[1]_CO[3])
                                                      0.550    20.364 r  ReRamSpm_i/reram_axilite_wrapper_0/inst/u_core/word_arrays[10].word_array_inst/axi_rdata_reg_reg[23]_i_1062/CO[3]
                         net (fo=24, routed)          0.767    21.131    ReRamSpm_i/reram_axilite_wrapper_0/inst/u_core/word_arrays[10].word_array_inst/cell_instances[7].cell_inst/CO[0]
    SLICE_X86Y51         LUT3 (Prop_lut3_I1_O)        0.124    21.255 f  ReRamSpm_i/reram_axilite_wrapper_0/inst/u_core/word_arrays[10].word_array_inst/cell_instances[7].cell_inst/axi_rdata_reg[23]_i_1255/O
                         net (fo=1, routed)           0.286    21.541    ReRamSpm_i/reram_axilite_wrapper_0/inst/u_core/word_arrays[10].word_array_inst/cell_instances[7].cell_inst/axi_rdata_reg[23]_i_1255_n_0
    SLICE_X86Y51         LUT6 (Prop_lut6_I1_O)        0.124    21.665 r  ReRamSpm_i/reram_axilite_wrapper_0/inst/u_core/word_arrays[10].word_array_inst/cell_instances[7].cell_inst/axi_rdata_reg[23]_i_1155/O
                         net (fo=1, routed)           0.807    22.473    ReRamSpm_i/reram_axilite_wrapper_0/inst/u_core/word_arrays[10].word_array_inst/cell_instances[7].cell_inst_n_14
    SLICE_X87Y53         CARRY4 (Prop_carry4_DI[1]_CO[3])
                                                      0.507    22.980 r  ReRamSpm_i/reram_axilite_wrapper_0/inst/u_core/word_arrays[10].word_array_inst/axi_rdata_reg_reg[23]_i_1061/CO[3]
                         net (fo=8, routed)           0.993    23.973    ReRamSpm_i/reram_axilite_wrapper_0/inst/u_core/word_arrays[10].word_array_inst/cell_instances[7].cell_inst/write_counter_reg[7]_2[0]
    SLICE_X87Y54         LUT5 (Prop_lut5_I1_O)        0.124    24.097 r  ReRamSpm_i/reram_axilite_wrapper_0/inst/u_core/word_arrays[10].word_array_inst/cell_instances[7].cell_inst/axi_rdata_reg[16]_i_99/O
                         net (fo=5, routed)           0.767    24.864    ReRamSpm_i/reram_axilite_wrapper_0/inst/u_core/word_arrays[10].word_array_inst/cell_instances[7].cell_inst/axi_rdata_reg_reg[16]
    SLICE_X88Y52         LUT4 (Prop_lut4_I2_O)        0.124    24.988 r  ReRamSpm_i/reram_axilite_wrapper_0/inst/u_core/word_arrays[10].word_array_inst/cell_instances[7].cell_inst/axi_rdata_reg[23]_i_1060/O
                         net (fo=1, routed)           0.000    24.988    ReRamSpm_i/reram_axilite_wrapper_0/inst/u_core/word_arrays[10].word_array_inst/cell_instances[7].cell_inst_n_23
    SLICE_X88Y52         CARRY4 (Prop_carry4_S[0]_CO[3])
                                                      0.532    25.520 r  ReRamSpm_i/reram_axilite_wrapper_0/inst/u_core/word_arrays[10].word_array_inst/axi_rdata_reg_reg[23]_i_962/CO[3]
                         net (fo=24, routed)          1.017    26.536    ReRamSpm_i/reram_axilite_wrapper_0/inst/u_core/word_arrays[10].word_array_inst/cell_instances[9].cell_inst/CO[0]
    SLICE_X88Y54         LUT3 (Prop_lut3_I1_O)        0.124    26.660 f  ReRamSpm_i/reram_axilite_wrapper_0/inst/u_core/word_arrays[10].word_array_inst/cell_instances[9].cell_inst/axi_rdata_reg[23]_i_1145/O
                         net (fo=1, routed)           0.303    26.963    ReRamSpm_i/reram_axilite_wrapper_0/inst/u_core/word_arrays[10].word_array_inst/cell_instances[9].cell_inst/axi_rdata_reg[23]_i_1145_n_0
    SLICE_X88Y53         LUT6 (Prop_lut6_I1_O)        0.124    27.087 r  ReRamSpm_i/reram_axilite_wrapper_0/inst/u_core/word_arrays[10].word_array_inst/cell_instances[9].cell_inst/axi_rdata_reg[23]_i_1045/O
                         net (fo=1, routed)           0.520    27.608    ReRamSpm_i/reram_axilite_wrapper_0/inst/u_core/word_arrays[10].word_array_inst/cell_instances[9].cell_inst_n_12
    SLICE_X89Y53         CARRY4 (Prop_carry4_DI[3]_CO[3])
                                                      0.385    27.993 r  ReRamSpm_i/reram_axilite_wrapper_0/inst/u_core/word_arrays[10].word_array_inst/axi_rdata_reg_reg[23]_i_961/CO[3]
                         net (fo=8, routed)           1.007    29.000    ReRamSpm_i/reram_axilite_wrapper_0/inst/u_core/word_arrays[10].word_array_inst/cell_instances[9].cell_inst/write_counter_reg[7]_2[0]
    SLICE_X90Y52         LUT5 (Prop_lut5_I1_O)        0.124    29.124 r  ReRamSpm_i/reram_axilite_wrapper_0/inst/u_core/word_arrays[10].word_array_inst/cell_instances[9].cell_inst/axi_rdata_reg[17]_i_95/O
                         net (fo=5, routed)           0.707    29.831    ReRamSpm_i/reram_axilite_wrapper_0/inst/u_core/word_arrays[10].word_array_inst/cell_instances[9].cell_inst/axi_rdata_reg_reg[17]_1
    SLICE_X92Y51         LUT4 (Prop_lut4_I0_O)        0.124    29.955 r  ReRamSpm_i/reram_axilite_wrapper_0/inst/u_core/word_arrays[10].word_array_inst/cell_instances[9].cell_inst/axi_rdata_reg[23]_i_960/O
                         net (fo=1, routed)           0.000    29.955    ReRamSpm_i/reram_axilite_wrapper_0/inst/u_core/word_arrays[10].word_array_inst/cell_instances[9].cell_inst_n_23
    SLICE_X92Y51         CARRY4 (Prop_carry4_S[0]_CO[3])
                                                      0.513    30.468 r  ReRamSpm_i/reram_axilite_wrapper_0/inst/u_core/word_arrays[10].word_array_inst/axi_rdata_reg_reg[23]_i_870/CO[3]
                         net (fo=24, routed)          1.168    31.636    ReRamSpm_i/reram_axilite_wrapper_0/inst/u_core/word_arrays[10].word_array_inst/cell_instances[11].cell_inst/CO[0]
    SLICE_X92Y48         LUT3 (Prop_lut3_I1_O)        0.124    31.760 f  ReRamSpm_i/reram_axilite_wrapper_0/inst/u_core/word_arrays[10].word_array_inst/cell_instances[11].cell_inst/axi_rdata_reg[23]_i_1037/O
                         net (fo=1, routed)           0.315    32.076    ReRamSpm_i/reram_axilite_wrapper_0/inst/u_core/word_arrays[10].word_array_inst/cell_instances[11].cell_inst/axi_rdata_reg[23]_i_1037_n_0
    SLICE_X92Y50         LUT6 (Prop_lut6_I1_O)        0.124    32.200 r  ReRamSpm_i/reram_axilite_wrapper_0/inst/u_core/word_arrays[10].word_array_inst/cell_instances[11].cell_inst/axi_rdata_reg[23]_i_945/O
                         net (fo=1, routed)           0.339    32.539    ReRamSpm_i/reram_axilite_wrapper_0/inst/u_core/word_arrays[10].word_array_inst/cell_instances[11].cell_inst_n_12
    SLICE_X91Y50         CARRY4 (Prop_carry4_DI[3]_CO[3])
                                                      0.385    32.924 r  ReRamSpm_i/reram_axilite_wrapper_0/inst/u_core/word_arrays[10].word_array_inst/axi_rdata_reg_reg[23]_i_869/CO[3]
                         net (fo=8, routed)           0.929    33.853    ReRamSpm_i/reram_axilite_wrapper_0/inst/u_core/word_arrays[10].word_array_inst/cell_instances[11].cell_inst/write_counter_reg[7]_2[0]
    SLICE_X91Y51         LUT5 (Prop_lut5_I1_O)        0.124    33.977 r  ReRamSpm_i/reram_axilite_wrapper_0/inst/u_core/word_arrays[10].word_array_inst/cell_instances[11].cell_inst/axi_rdata_reg[19]_i_91/O
                         net (fo=5, routed)           0.769    34.746    ReRamSpm_i/reram_axilite_wrapper_0/inst/u_core/word_arrays[10].word_array_inst/cell_instances[11].cell_inst/axi_rdata_reg_reg[19]
    SLICE_X90Y53         LUT4 (Prop_lut4_I0_O)        0.124    34.870 r  ReRamSpm_i/reram_axilite_wrapper_0/inst/u_core/word_arrays[10].word_array_inst/cell_instances[11].cell_inst/axi_rdata_reg[23]_i_867/O
                         net (fo=1, routed)           0.000    34.870    ReRamSpm_i/reram_axilite_wrapper_0/inst/u_core/word_arrays[10].word_array_inst/cell_instances[11].cell_inst_n_22
    SLICE_X90Y53         CARRY4 (Prop_carry4_S[1]_CO[3])
                                                      0.533    35.403 r  ReRamSpm_i/reram_axilite_wrapper_0/inst/u_core/word_arrays[10].word_array_inst/axi_rdata_reg_reg[23]_i_778/CO[3]
                         net (fo=20, routed)          1.044    36.446    ReRamSpm_i/reram_axilite_wrapper_0/inst/u_core/word_arrays[10].word_array_inst/cell_instances[13].cell_inst/CO[0]
    SLICE_X91Y53         LUT3 (Prop_lut3_I1_O)        0.124    36.570 f  ReRamSpm_i/reram_axilite_wrapper_0/inst/u_core/word_arrays[10].word_array_inst/cell_instances[13].cell_inst/axi_rdata_reg[23]_i_944/O
                         net (fo=2, routed)           0.419    36.989    ReRamSpm_i/reram_axilite_wrapper_0/inst/u_core/word_arrays[10].word_array_inst/cell_instances[13].cell_inst/axi_rdata_reg[23]_i_944_n_0
    SLICE_X91Y53         LUT6 (Prop_lut6_I5_O)        0.124    37.113 r  ReRamSpm_i/reram_axilite_wrapper_0/inst/u_core/word_arrays[10].word_array_inst/cell_instances[13].cell_inst/axi_rdata_reg[23]_i_856/O
                         net (fo=1, routed)           0.471    37.584    ReRamSpm_i/reram_axilite_wrapper_0/inst/u_core/word_arrays[10].word_array_inst/cell_instances[13].cell_inst_n_15
    SLICE_X91Y54         CARRY4 (Prop_carry4_DI[0]_CO[3])
                                                      0.526    38.110 r  ReRamSpm_i/reram_axilite_wrapper_0/inst/u_core/word_arrays[10].word_array_inst/axi_rdata_reg_reg[23]_i_777/CO[3]
                         net (fo=8, routed)           0.981    39.091    ReRamSpm_i/reram_axilite_wrapper_0/inst/u_core/word_arrays[10].word_array_inst/cell_instances[13].cell_inst/write_counter_reg[7]_3[0]
    SLICE_X90Y55         LUT5 (Prop_lut5_I1_O)        0.124    39.215 r  ReRamSpm_i/reram_axilite_wrapper_0/inst/u_core/word_arrays[10].word_array_inst/cell_instances[13].cell_inst/axi_rdata_reg[19]_i_87/O
                         net (fo=5, routed)           0.833    40.048    ReRamSpm_i/reram_axilite_wrapper_0/inst/u_core/word_arrays[10].word_array_inst/cell_instances[13].cell_inst/axi_rdata_reg_reg[19]
    SLICE_X89Y56         LUT4 (Prop_lut4_I0_O)        0.124    40.172 r  ReRamSpm_i/reram_axilite_wrapper_0/inst/u_core/word_arrays[10].word_array_inst/cell_instances[13].cell_inst/axi_rdata_reg[23]_i_775/O
                         net (fo=1, routed)           0.000    40.172    ReRamSpm_i/reram_axilite_wrapper_0/inst/u_core/word_arrays[10].word_array_inst/cell_instances[13].cell_inst_n_22
    SLICE_X89Y56         CARRY4 (Prop_carry4_S[1]_CO[3])
                                                      0.550    40.722 r  ReRamSpm_i/reram_axilite_wrapper_0/inst/u_core/word_arrays[10].word_array_inst/axi_rdata_reg_reg[23]_i_686/CO[3]
                         net (fo=20, routed)          0.743    41.465    ReRamSpm_i/reram_axilite_wrapper_0/inst/u_core/word_arrays[10].word_array_inst/cell_instances[15].cell_inst/CO[0]
    SLICE_X88Y57         LUT3 (Prop_lut3_I1_O)        0.124    41.589 f  ReRamSpm_i/reram_axilite_wrapper_0/inst/u_core/word_arrays[10].word_array_inst/cell_instances[15].cell_inst/axi_rdata_reg[23]_i_852/O
                         net (fo=2, routed)           0.563    42.152    ReRamSpm_i/reram_axilite_wrapper_0/inst/u_core/word_arrays[10].word_array_inst/cell_instances[15].cell_inst/axi_rdata_reg[23]_i_852_n_0
    SLICE_X89Y55         LUT6 (Prop_lut6_I5_O)        0.124    42.276 r  ReRamSpm_i/reram_axilite_wrapper_0/inst/u_core/word_arrays[10].word_array_inst/cell_instances[15].cell_inst/axi_rdata_reg[23]_i_764/O
                         net (fo=1, routed)           0.574    42.851    ReRamSpm_i/reram_axilite_wrapper_0/inst/u_core/word_arrays[10].word_array_inst/cell_instances[15].cell_inst_n_15
    SLICE_X88Y55         CARRY4 (Prop_carry4_DI[0]_CO[3])
                                                      0.526    43.377 r  ReRamSpm_i/reram_axilite_wrapper_0/inst/u_core/word_arrays[10].word_array_inst/axi_rdata_reg_reg[23]_i_685/CO[3]
                         net (fo=8, routed)           0.945    44.321    ReRamSpm_i/reram_axilite_wrapper_0/inst/u_core/word_arrays[10].word_array_inst/cell_instances[15].cell_inst/write_counter_reg[7]_3[0]
    SLICE_X88Y56         LUT5 (Prop_lut5_I1_O)        0.124    44.445 r  ReRamSpm_i/reram_axilite_wrapper_0/inst/u_core/word_arrays[10].word_array_inst/cell_instances[15].cell_inst/axi_rdata_reg[21]_i_83/O
                         net (fo=5, routed)           0.871    45.316    ReRamSpm_i/reram_axilite_wrapper_0/inst/u_core/word_arrays[10].word_array_inst/cell_instances[15].cell_inst/axi_rdata_reg_reg[21]
    SLICE_X87Y59         LUT4 (Prop_lut4_I0_O)        0.124    45.440 r  ReRamSpm_i/reram_axilite_wrapper_0/inst/u_core/word_arrays[10].word_array_inst/cell_instances[15].cell_inst/axi_rdata_reg[23]_i_682/O
                         net (fo=1, routed)           0.000    45.440    ReRamSpm_i/reram_axilite_wrapper_0/inst/u_core/word_arrays[10].word_array_inst/cell_instances[15].cell_inst_n_21
    SLICE_X87Y59         CARRY4 (Prop_carry4_S[2]_CO[3])
                                                      0.398    45.838 r  ReRamSpm_i/reram_axilite_wrapper_0/inst/u_core/word_arrays[10].word_array_inst/axi_rdata_reg_reg[23]_i_594/CO[3]
                         net (fo=20, routed)          0.817    46.655    ReRamSpm_i/reram_axilite_wrapper_0/inst/u_core/word_arrays[10].word_array_inst/cell_instances[17].cell_inst/CO[0]
    SLICE_X86Y60         LUT3 (Prop_lut3_I1_O)        0.124    46.779 f  ReRamSpm_i/reram_axilite_wrapper_0/inst/u_core/word_arrays[10].word_array_inst/cell_instances[17].cell_inst/axi_rdata_reg[23]_i_759/O
                         net (fo=2, routed)           0.407    47.186    ReRamSpm_i/reram_axilite_wrapper_0/inst/u_core/word_arrays[10].word_array_inst/cell_instances[17].cell_inst/axi_rdata_reg[23]_i_759_n_0
    SLICE_X89Y60         LUT6 (Prop_lut6_I5_O)        0.124    47.310 r  ReRamSpm_i/reram_axilite_wrapper_0/inst/u_core/word_arrays[10].word_array_inst/cell_instances[17].cell_inst/axi_rdata_reg[23]_i_671/O
                         net (fo=1, routed)           0.706    48.016    ReRamSpm_i/reram_axilite_wrapper_0/inst/u_core/word_arrays[10].word_array_inst/cell_instances[17].cell_inst_n_14
    SLICE_X90Y60         CARRY4 (Prop_carry4_DI[1]_CO[3])
                                                      0.520    48.536 r  ReRamSpm_i/reram_axilite_wrapper_0/inst/u_core/word_arrays[10].word_array_inst/axi_rdata_reg_reg[23]_i_593/CO[3]
                         net (fo=8, routed)           0.864    49.400    ReRamSpm_i/reram_axilite_wrapper_0/inst/u_core/word_arrays[10].word_array_inst/cell_instances[17].cell_inst/write_counter_reg[7]_3[0]
    SLICE_X89Y60         LUT5 (Prop_lut5_I1_O)        0.124    49.524 r  ReRamSpm_i/reram_axilite_wrapper_0/inst/u_core/word_arrays[10].word_array_inst/cell_instances[17].cell_inst/axi_rdata_reg[21]_i_79/O
                         net (fo=5, routed)           0.935    50.459    ReRamSpm_i/reram_axilite_wrapper_0/inst/u_core/word_arrays[10].word_array_inst/cell_instances[17].cell_inst/axi_rdata_reg_reg[21]
    SLICE_X88Y63         LUT4 (Prop_lut4_I0_O)        0.124    50.583 r  ReRamSpm_i/reram_axilite_wrapper_0/inst/u_core/word_arrays[10].word_array_inst/cell_instances[17].cell_inst/axi_rdata_reg[23]_i_590/O
                         net (fo=1, routed)           0.000    50.583    ReRamSpm_i/reram_axilite_wrapper_0/inst/u_core/word_arrays[10].word_array_inst/cell_instances[17].cell_inst_n_21
    SLICE_X88Y63         CARRY4 (Prop_carry4_S[2]_CO[3])
                                                      0.398    50.981 r  ReRamSpm_i/reram_axilite_wrapper_0/inst/u_core/word_arrays[10].word_array_inst/axi_rdata_reg_reg[23]_i_502/CO[3]
                         net (fo=20, routed)          0.873    51.854    ReRamSpm_i/reram_axilite_wrapper_0/inst/u_core/word_arrays[10].word_array_inst/cell_instances[19].cell_inst/CO[0]
    SLICE_X88Y64         LUT3 (Prop_lut3_I1_O)        0.124    51.978 f  ReRamSpm_i/reram_axilite_wrapper_0/inst/u_core/word_arrays[10].word_array_inst/cell_instances[19].cell_inst/axi_rdata_reg[23]_i_668/O
                         net (fo=2, routed)           0.502    52.480    ReRamSpm_i/reram_axilite_wrapper_0/inst/u_core/word_arrays[10].word_array_inst/cell_instances[19].cell_inst/axi_rdata_reg[23]_i_668_n_0
    SLICE_X88Y64         LUT6 (Prop_lut6_I5_O)        0.124    52.604 r  ReRamSpm_i/reram_axilite_wrapper_0/inst/u_core/word_arrays[10].word_array_inst/cell_instances[19].cell_inst/axi_rdata_reg[23]_i_580/O
                         net (fo=1, routed)           0.330    52.934    ReRamSpm_i/reram_axilite_wrapper_0/inst/u_core/word_arrays[10].word_array_inst/cell_instances[19].cell_inst_n_15
    SLICE_X89Y63         CARRY4 (Prop_carry4_DI[0]_CO[3])
                                                      0.526    53.460 r  ReRamSpm_i/reram_axilite_wrapper_0/inst/u_core/word_arrays[10].word_array_inst/axi_rdata_reg_reg[23]_i_501/CO[3]
                         net (fo=8, routed)           0.785    54.245    ReRamSpm_i/reram_axilite_wrapper_0/inst/u_core/word_arrays[10].word_array_inst/cell_instances[19].cell_inst/write_counter_reg[7]_3[0]
    SLICE_X90Y63         LUT5 (Prop_lut5_I1_O)        0.124    54.369 r  ReRamSpm_i/reram_axilite_wrapper_0/inst/u_core/word_arrays[10].word_array_inst/cell_instances[19].cell_inst/axi_rdata_reg[19]_i_75/O
                         net (fo=5, routed)           0.769    55.138    ReRamSpm_i/reram_axilite_wrapper_0/inst/u_core/word_arrays[10].word_array_inst/cell_instances[19].cell_inst/axi_rdata_reg_reg[19]
    SLICE_X89Y64         LUT4 (Prop_lut4_I0_O)        0.124    55.262 r  ReRamSpm_i/reram_axilite_wrapper_0/inst/u_core/word_arrays[10].word_array_inst/cell_instances[19].cell_inst/axi_rdata_reg[23]_i_499/O
                         net (fo=1, routed)           0.000    55.262    ReRamSpm_i/reram_axilite_wrapper_0/inst/u_core/word_arrays[10].word_array_inst/cell_instances[19].cell_inst_n_22
    SLICE_X89Y64         CARRY4 (Prop_carry4_S[1]_CO[3])
                                                      0.550    55.812 r  ReRamSpm_i/reram_axilite_wrapper_0/inst/u_core/word_arrays[10].word_array_inst/axi_rdata_reg_reg[23]_i_410/CO[3]
                         net (fo=20, routed)          0.988    56.800    ReRamSpm_i/reram_axilite_wrapper_0/inst/u_core/word_arrays[10].word_array_inst/cell_instances[21].cell_inst/CO[0]
    SLICE_X88Y66         LUT3 (Prop_lut3_I1_O)        0.124    56.924 f  ReRamSpm_i/reram_axilite_wrapper_0/inst/u_core/word_arrays[10].word_array_inst/cell_instances[21].cell_inst/axi_rdata_reg[23]_i_575/O
                         net (fo=2, routed)           0.634    57.558    ReRamSpm_i/reram_axilite_wrapper_0/inst/u_core/word_arrays[10].word_array_inst/cell_instances[21].cell_inst/axi_rdata_reg[23]_i_575_n_0
    SLICE_X88Y66         LUT6 (Prop_lut6_I5_O)        0.124    57.682 r  ReRamSpm_i/reram_axilite_wrapper_0/inst/u_core/word_arrays[10].word_array_inst/cell_instances[21].cell_inst/axi_rdata_reg[23]_i_487/O
                         net (fo=1, routed)           0.331    58.013    ReRamSpm_i/reram_axilite_wrapper_0/inst/u_core/word_arrays[10].word_array_inst/cell_instances[21].cell_inst_n_14
    SLICE_X88Y65         CARRY4 (Prop_carry4_DI[1]_CO[3])
                                                      0.507    58.520 r  ReRamSpm_i/reram_axilite_wrapper_0/inst/u_core/word_arrays[10].word_array_inst/axi_rdata_reg_reg[23]_i_409/CO[3]
                         net (fo=8, routed)           0.992    59.512    ReRamSpm_i/reram_axilite_wrapper_0/inst/u_core/word_arrays[10].word_array_inst/cell_instances[21].cell_inst/write_counter_reg[7]_3[0]
    SLICE_X89Y65         LUT5 (Prop_lut5_I1_O)        0.124    59.636 r  ReRamSpm_i/reram_axilite_wrapper_0/inst/u_core/word_arrays[10].word_array_inst/cell_instances[21].cell_inst/axi_rdata_reg[23]_i_319/O
                         net (fo=5, routed)           0.942    60.578    ReRamSpm_i/reram_axilite_wrapper_0/inst/u_core/word_arrays[10].word_array_inst/cell_instances[21].cell_inst/axi_rdata_reg_reg[23]
    SLICE_X90Y66         LUT4 (Prop_lut4_I0_O)        0.124    60.702 r  ReRamSpm_i/reram_axilite_wrapper_0/inst/u_core/word_arrays[10].word_array_inst/cell_instances[21].cell_inst/axi_rdata_reg[23]_i_405/O
                         net (fo=1, routed)           0.000    60.702    ReRamSpm_i/reram_axilite_wrapper_0/inst/u_core/word_arrays[10].word_array_inst/cell_instances[21].cell_inst_n_20
    SLICE_X90Y66         CARRY4 (Prop_carry4_S[3]_CO[3])
                                                      0.376    61.078 r  ReRamSpm_i/reram_axilite_wrapper_0/inst/u_core/word_arrays[10].word_array_inst/axi_rdata_reg_reg[23]_i_318/CO[3]
                         net (fo=20, routed)          0.758    61.837    ReRamSpm_i/reram_axilite_wrapper_0/inst/u_core/word_arrays[10].word_array_inst/cell_instances[23].cell_inst/CO[0]
    SLICE_X90Y67         LUT3 (Prop_lut3_I1_O)        0.124    61.961 f  ReRamSpm_i/reram_axilite_wrapper_0/inst/u_core/word_arrays[10].word_array_inst/cell_instances[23].cell_inst/axi_rdata_reg[23]_i_484/O
                         net (fo=2, routed)           0.504    62.465    ReRamSpm_i/reram_axilite_wrapper_0/inst/u_core/word_arrays[10].word_array_inst/cell_instances[23].cell_inst/axi_rdata_reg[23]_i_484_n_0
    SLICE_X90Y67         LUT6 (Prop_lut6_I5_O)        0.124    62.589 r  ReRamSpm_i/reram_axilite_wrapper_0/inst/u_core/word_arrays[10].word_array_inst/cell_instances[23].cell_inst/axi_rdata_reg[23]_i_396/O
                         net (fo=1, routed)           0.568    63.157    ReRamSpm_i/reram_axilite_wrapper_0/inst/u_core/word_arrays[10].word_array_inst/cell_instances[23].cell_inst_n_15
    SLICE_X91Y67         CARRY4 (Prop_carry4_DI[0]_CO[3])
                                                      0.526    63.683 r  ReRamSpm_i/reram_axilite_wrapper_0/inst/u_core/word_arrays[10].word_array_inst/axi_rdata_reg_reg[23]_i_317/CO[3]
                         net (fo=8, routed)           0.866    64.549    ReRamSpm_i/reram_axilite_wrapper_0/inst/u_core/word_arrays[10].word_array_inst/cell_instances[23].cell_inst/write_counter_reg[7]_3[0]
    SLICE_X91Y68         LUT5 (Prop_lut5_I1_O)        0.124    64.673 r  ReRamSpm_i/reram_axilite_wrapper_0/inst/u_core/word_arrays[10].word_array_inst/cell_instances[23].cell_inst/axi_rdata_reg[18]_i_67/O
                         net (fo=4, routed)           0.686    65.359    ReRamSpm_i/reram_axilite_wrapper_0/inst/u_core/word_arrays[10].word_array_inst/cell_instances[23].cell_inst/axi_rdata_reg_reg[18]
    SLICE_X90Y69         LUT4 (Prop_lut4_I2_O)        0.124    65.483 r  ReRamSpm_i/reram_axilite_wrapper_0/inst/u_core/word_arrays[10].word_array_inst/cell_instances[23].cell_inst/axi_rdata_reg[23]_i_315/O
                         net (fo=1, routed)           0.000    65.483    ReRamSpm_i/reram_axilite_wrapper_0/inst/u_core/word_arrays[10].word_array_inst/cell_instances[23].cell_inst_n_22
    SLICE_X90Y69         CARRY4 (Prop_carry4_S[1]_CO[3])
                                                      0.533    66.016 r  ReRamSpm_i/reram_axilite_wrapper_0/inst/u_core/word_arrays[10].word_array_inst/axi_rdata_reg_reg[23]_i_226/CO[3]
                         net (fo=20, routed)          0.758    66.774    ReRamSpm_i/reram_axilite_wrapper_0/inst/u_core/word_arrays[10].word_array_inst/cell_instances[25].cell_inst/CO[0]
    SLICE_X90Y68         LUT3 (Prop_lut3_I1_O)        0.124    66.898 f  ReRamSpm_i/reram_axilite_wrapper_0/inst/u_core/word_arrays[10].word_array_inst/cell_instances[25].cell_inst/axi_rdata_reg[23]_i_392/O
                         net (fo=2, routed)           0.466    67.365    ReRamSpm_i/reram_axilite_wrapper_0/inst/u_core/word_arrays[10].word_array_inst/cell_instances[25].cell_inst/axi_rdata_reg[23]_i_392_n_0
    SLICE_X91Y69         LUT6 (Prop_lut6_I5_O)        0.124    67.489 r  ReRamSpm_i/reram_axilite_wrapper_0/inst/u_core/word_arrays[10].word_array_inst/cell_instances[25].cell_inst/axi_rdata_reg[23]_i_304/O
                         net (fo=1, routed)           0.330    67.819    ReRamSpm_i/reram_axilite_wrapper_0/inst/u_core/word_arrays[10].word_array_inst/cell_instances[25].cell_inst_n_15
    SLICE_X91Y70         CARRY4 (Prop_carry4_DI[0]_CO[3])
                                                      0.526    68.345 r  ReRamSpm_i/reram_axilite_wrapper_0/inst/u_core/word_arrays[10].word_array_inst/axi_rdata_reg_reg[23]_i_225/CO[3]
                         net (fo=8, routed)           1.171    69.516    ReRamSpm_i/reram_axilite_wrapper_0/inst/u_core/word_arrays[10].word_array_inst/cell_instances[25].cell_inst/write_counter_reg[7]_3[0]
    SLICE_X90Y70         LUT5 (Prop_lut5_I1_O)        0.124    69.640 r  ReRamSpm_i/reram_axilite_wrapper_0/inst/u_core/word_arrays[10].word_array_inst/cell_instances[25].cell_inst/axi_rdata_reg[23]_i_143/O
                         net (fo=5, routed)           0.769    70.408    ReRamSpm_i/reram_axilite_wrapper_0/inst/u_core/word_arrays[10].word_array_inst/cell_instances[25].cell_inst/axi_rdata_reg_reg[23]
    SLICE_X89Y70         LUT4 (Prop_lut4_I0_O)        0.124    70.532 r  ReRamSpm_i/reram_axilite_wrapper_0/inst/u_core/word_arrays[10].word_array_inst/cell_instances[25].cell_inst/axi_rdata_reg[23]_i_221/O
                         net (fo=1, routed)           0.000    70.532    ReRamSpm_i/reram_axilite_wrapper_0/inst/u_core/word_arrays[10].word_array_inst/cell_instances[25].cell_inst_n_20
    SLICE_X89Y70         CARRY4 (Prop_carry4_S[3]_CO[3])
                                                      0.401    70.933 r  ReRamSpm_i/reram_axilite_wrapper_0/inst/u_core/word_arrays[10].word_array_inst/axi_rdata_reg_reg[23]_i_142/CO[3]
                         net (fo=20, routed)          1.038    71.971    ReRamSpm_i/reram_axilite_wrapper_0/inst/u_core/word_arrays[10].word_array_inst/cell_instances[27].cell_inst/CO[0]
    SLICE_X89Y73         LUT3 (Prop_lut3_I1_O)        0.124    72.095 f  ReRamSpm_i/reram_axilite_wrapper_0/inst/u_core/word_arrays[10].word_array_inst/cell_instances[27].cell_inst/axi_rdata_reg[23]_i_297/O
                         net (fo=2, routed)           0.363    72.457    ReRamSpm_i/reram_axilite_wrapper_0/inst/u_core/word_arrays[10].word_array_inst/cell_instances[27].cell_inst/axi_rdata_reg[23]_i_297_n_0
    SLICE_X88Y73         LUT6 (Prop_lut6_I5_O)        0.124    72.581 r  ReRamSpm_i/reram_axilite_wrapper_0/inst/u_core/word_arrays[10].word_array_inst/cell_instances[27].cell_inst/axi_rdata_reg[23]_i_209/O
                         net (fo=1, routed)           0.561    73.142    ReRamSpm_i/reram_axilite_wrapper_0/inst/u_core/word_arrays[10].word_array_inst/cell_instances[27].cell_inst_n_12
    SLICE_X90Y73         CARRY4 (Prop_carry4_DI[3]_CO[3])
                                                      0.396    73.538 r  ReRamSpm_i/reram_axilite_wrapper_0/inst/u_core/word_arrays[10].word_array_inst/axi_rdata_reg_reg[23]_i_141/CO[3]
                         net (fo=8, routed)           0.929    74.467    ReRamSpm_i/reram_axilite_wrapper_0/inst/u_core/word_arrays[10].word_array_inst/cell_instances[27].cell_inst/write_counter_reg[7]_3[0]
    SLICE_X89Y74         LUT5 (Prop_lut5_I1_O)        0.124    74.591 r  ReRamSpm_i/reram_axilite_wrapper_0/inst/u_core/word_arrays[10].word_array_inst/cell_instances[27].cell_inst/axi_rdata_reg[17]_i_43/O
                         net (fo=5, routed)           0.909    75.500    ReRamSpm_i/reram_axilite_wrapper_0/inst/u_core/word_arrays[10].word_array_inst/cell_instances[27].cell_inst/axi_rdata_reg_reg[17]_1
    SLICE_X90Y74         LUT4 (Prop_lut4_I0_O)        0.124    75.624 r  ReRamSpm_i/reram_axilite_wrapper_0/inst/u_core/word_arrays[10].word_array_inst/cell_instances[27].cell_inst/axi_rdata_reg[23]_i_140/O
                         net (fo=1, routed)           0.000    75.624    ReRamSpm_i/reram_axilite_wrapper_0/inst/u_core/word_arrays[10].word_array_inst/cell_instances[27].cell_inst_n_23
    SLICE_X90Y74         CARRY4 (Prop_carry4_S[0]_CO[3])
                                                      0.513    76.137 r  ReRamSpm_i/reram_axilite_wrapper_0/inst/u_core/word_arrays[10].word_array_inst/axi_rdata_reg_reg[23]_i_66/CO[3]
                         net (fo=20, routed)          0.914    77.050    ReRamSpm_i/reram_axilite_wrapper_0/inst/u_core/word_arrays[10].word_array_inst/cell_instances[29].cell_inst/CO[0]
    SLICE_X90Y75         LUT3 (Prop_lut3_I1_O)        0.124    77.174 f  ReRamSpm_i/reram_axilite_wrapper_0/inst/u_core/word_arrays[10].word_array_inst/cell_instances[29].cell_inst/axi_rdata_reg[23]_i_205/O
                         net (fo=2, routed)           0.330    77.504    ReRamSpm_i/reram_axilite_wrapper_0/inst/u_core/word_arrays[10].word_array_inst/cell_instances[29].cell_inst/axi_rdata_reg[23]_i_205_n_0
    SLICE_X91Y74         LUT6 (Prop_lut6_I5_O)        0.124    77.628 r  ReRamSpm_i/reram_axilite_wrapper_0/inst/u_core/word_arrays[10].word_array_inst/cell_instances[29].cell_inst/axi_rdata_reg[23]_i_125/O
                         net (fo=1, routed)           0.542    78.170    ReRamSpm_i/reram_axilite_wrapper_0/inst/u_core/word_arrays[10].word_array_inst/cell_instances[29].cell_inst_n_12
    SLICE_X91Y75         CARRY4 (Prop_carry4_DI[3]_CO[3])
                                                      0.385    78.555 r  ReRamSpm_i/reram_axilite_wrapper_0/inst/u_core/word_arrays[10].word_array_inst/axi_rdata_reg_reg[23]_i_65/CO[3]
                         net (fo=8, routed)           0.967    79.522    ReRamSpm_i/reram_axilite_wrapper_0/inst/u_core/word_arrays[10].word_array_inst/cell_instances[29].cell_inst/write_counter_reg[7]_3[0]
    SLICE_X90Y76         LUT5 (Prop_lut5_I1_O)        0.124    79.646 r  ReRamSpm_i/reram_axilite_wrapper_0/inst/u_core/word_arrays[10].word_array_inst/cell_instances[29].cell_inst/axi_rdata_reg[21]_i_23/O
                         net (fo=3, routed)           0.723    80.369    ReRamSpm_i/reram_axilite_wrapper_0/inst/u_core/word_arrays[10].word_array_inst/cell_instances[29].cell_inst/axi_rdata_reg_reg[21]
    SLICE_X91Y77         LUT4 (Prop_lut4_I0_O)        0.124    80.493 r  ReRamSpm_i/reram_axilite_wrapper_0/inst/u_core/word_arrays[10].word_array_inst/cell_instances[29].cell_inst/axi_rdata_reg[23]_i_62/O
                         net (fo=1, routed)           0.000    80.493    ReRamSpm_i/reram_axilite_wrapper_0/inst/u_core/word_arrays[10].word_array_inst/cell_instances[29].cell_inst_n_21
    SLICE_X91Y77         CARRY4 (Prop_carry4_S[2]_CO[3])
                                                      0.398    80.891 r  ReRamSpm_i/reram_axilite_wrapper_0/inst/u_core/word_arrays[10].word_array_inst/axi_rdata_reg_reg[23]_i_24/CO[3]
                         net (fo=8, routed)           1.130    82.021    ReRamSpm_i/reram_axilite_wrapper_0/inst/u_core/word_arrays[10].word_array_inst/cell_instances[31].cell_inst/CO[0]
    SLICE_X87Y80         LUT3 (Prop_lut3_I1_O)        0.124    82.145 r  ReRamSpm_i/reram_axilite_wrapper_0/inst/u_core/word_arrays[10].word_array_inst/cell_instances[31].cell_inst/axi_rdata_reg[22]_i_13/O
                         net (fo=1, routed)           0.289    82.434    ReRamSpm_i/reram_axilite_wrapper_0/inst/u_core/word_arrays[14].word_array_inst/cell_instances[31].cell_inst/write_counter_reg[7]_0[22]
    SLICE_X87Y81         LUT6 (Prop_lut6_I1_O)        0.124    82.558 r  ReRamSpm_i/reram_axilite_wrapper_0/inst/u_core/word_arrays[14].word_array_inst/cell_instances[31].cell_inst/axi_rdata_reg[22]_i_6/O
                         net (fo=1, routed)           0.283    82.842    ReRamSpm_i/reram_axilite_wrapper_0/inst/u_core/word_arrays[14].word_array_inst/cell_instances[31].cell_inst/axi_rdata_reg[22]_i_6_n_0
    SLICE_X89Y81         LUT6 (Prop_lut6_I3_O)        0.124    82.966 r  ReRamSpm_i/reram_axilite_wrapper_0/inst/u_core/word_arrays[14].word_array_inst/cell_instances[31].cell_inst/axi_rdata_reg[22]_i_2/O
                         net (fo=1, routed)           0.292    83.258    ReRamSpm_i/reram_axilite_wrapper_0/inst/u_core/word_arrays[3].word_array_inst/cell_instances[22].cell_inst/axi_araddr_reg[4]_0
    SLICE_X89Y80         LUT5 (Prop_lut5_I0_O)        0.124    83.382 r  ReRamSpm_i/reram_axilite_wrapper_0/inst/u_core/word_arrays[3].word_array_inst/cell_instances[22].cell_inst/axi_rdata_reg[22]_i_1/O
                         net (fo=1, routed)           0.000    83.382    ReRamSpm_i/reram_axilite_wrapper_0/inst/axi_rdata_reg1_in[22]
    SLICE_X89Y80         FDRE                                         r  ReRamSpm_i/reram_axilite_wrapper_0/inst/axi_rdata_reg_reg[22]/D
  -------------------------------------------------------------------    -------------------

                         (clock clk_fpga_0 rise edge)
                                                     20.000    20.000 r  
    PS7_X0Y0             PS7                          0.000    20.000 r  ReRamSpm_i/processing_system7_0/inst/PS7_i/FCLKCLK[0]
                         net (fo=1, routed)           1.088    21.088    ReRamSpm_i/processing_system7_0/inst/FCLK_CLK_unbuffered[0]
    BUFGCTRL_X0Y16       BUFG (Prop_bufg_I_O)         0.091    21.179 r  ReRamSpm_i/processing_system7_0/inst/buffer_fclk_clk_0.FCLK_CLK_0_BUFG/O
                         net (fo=26024, routed)       1.535    22.714    ReRamSpm_i/reram_axilite_wrapper_0/inst/S_AXI_ACLK
    SLICE_X89Y80         FDRE                                         r  ReRamSpm_i/reram_axilite_wrapper_0/inst/axi_rdata_reg_reg[22]/C
                         clock pessimism              0.115    22.829    
                         clock uncertainty           -0.302    22.527    
    SLICE_X89Y80         FDRE (Setup_fdre_C_D)        0.031    22.558    ReRamSpm_i/reram_axilite_wrapper_0/inst/axi_rdata_reg_reg[22]
  -------------------------------------------------------------------
                         required time                         22.558    
                         arrival time                         -83.382    
  -------------------------------------------------------------------
                         slack                                -60.825    

Slack (VIOLATED) :        -60.779ns  (required time - arrival time)
  Source:                 ReRamSpm_i/reram_axilite_wrapper_0/inst/u_core/word_arrays[1].word_array_inst/cell_instances[0].cell_inst/write_counter_reg[1]/C
                            (rising edge-triggered cell FDCE clocked by clk_fpga_0  {rise@0.000ns fall@10.000ns period=20.000ns})
  Destination:            ReRamSpm_i/reram_axilite_wrapper_0/inst/axi_rdata_reg_reg[11]/D
                            (rising edge-triggered cell FDRE clocked by clk_fpga_0  {rise@0.000ns fall@10.000ns period=20.000ns})
  Path Group:             clk_fpga_0
  Path Type:              Setup (Max at Slow Process Corner)
  Requirement:            20.000ns  (clk_fpga_0 rise@20.000ns - clk_fpga_0 rise@0.000ns)
  Data Path Delay:        80.341ns  (logic 24.179ns (30.095%)  route 56.162ns (69.905%))
  Logic Levels:           96  (CARRY4=31 LUT3=16 LUT4=16 LUT5=16 LUT6=17)
  Clock Path Skew:        -0.165ns (DCD - SCD + CPR)
    Destination Clock Delay (DCD):    2.729ns = ( 22.729 - 20.000 ) 
    Source Clock Delay      (SCD):    3.009ns
    Clock Pessimism Removal (CPR):    0.115ns
  Clock Uncertainty:      0.302ns  ((TSJ^2 + TIJ^2)^1/2 + DJ) / 2 + PE
    Total System Jitter     (TSJ):    0.071ns
    Total Input Jitter      (TIJ):    0.600ns
    Discrete Jitter          (DJ):    0.000ns
    Phase Error              (PE):    0.000ns

    Location             Delay type                Incr(ns)  Path(ns)    Netlist Resource(s)
  -------------------------------------------------------------------    -------------------
                         (clock clk_fpga_0 rise edge)
                                                      0.000     0.000 r  
    PS7_X0Y0             PS7                          0.000     0.000 r  ReRamSpm_i/processing_system7_0/inst/PS7_i/FCLKCLK[0]
                         net (fo=1, routed)           1.193     1.193    ReRamSpm_i/processing_system7_0/inst/FCLK_CLK_unbuffered[0]
    BUFGCTRL_X0Y16       BUFG (Prop_bufg_I_O)         0.101     1.294 r  ReRamSpm_i/processing_system7_0/inst/buffer_fclk_clk_0.FCLK_CLK_0_BUFG/O
                         net (fo=26024, routed)       1.715     3.009    ReRamSpm_i/reram_axilite_wrapper_0/inst/u_core/word_arrays[1].word_array_inst/cell_instances[0].cell_inst/S_AXI_ACLK
    SLICE_X60Y50         FDCE                                         r  ReRamSpm_i/reram_axilite_wrapper_0/inst/u_core/word_arrays[1].word_array_inst/cell_instances[0].cell_inst/write_counter_reg[1]/C
  -------------------------------------------------------------------    -------------------
    SLICE_X60Y50         FDCE (Prop_fdce_C_Q)         0.456     3.465 r  ReRamSpm_i/reram_axilite_wrapper_0/inst/u_core/word_arrays[1].word_array_inst/cell_instances[0].cell_inst/write_counter_reg[1]/Q
                         net (fo=11, routed)          1.029     4.494    ReRamSpm_i/reram_axilite_wrapper_0/inst/u_core/word_arrays[1].word_array_inst/cell_instances[0].cell_inst/write_cycles[1]
    SLICE_X62Y50         LUT4 (Prop_lut4_I0_O)        0.124     4.618 r  ReRamSpm_i/reram_axilite_wrapper_0/inst/u_core/word_arrays[1].word_array_inst/cell_instances[0].cell_inst/axi_rdata_reg[15]_i_1548/O
                         net (fo=1, routed)           0.000     4.618    ReRamSpm_i/reram_axilite_wrapper_0/inst/u_core/word_arrays[1].word_array_inst/cell_instances[0].cell_inst_n_5
    SLICE_X62Y50         CARRY4 (Prop_carry4_S[0]_CO[3])
                                                      0.513     5.131 r  ReRamSpm_i/reram_axilite_wrapper_0/inst/u_core/word_arrays[1].word_array_inst/axi_rdata_reg_reg[15]_i_1452/CO[3]
                         net (fo=24, routed)          0.784     5.915    ReRamSpm_i/reram_axilite_wrapper_0/inst/u_core/word_arrays[1].word_array_inst/cell_instances[1].cell_inst/CO[0]
    SLICE_X61Y51         LUT3 (Prop_lut3_I1_O)        0.124     6.039 f  ReRamSpm_i/reram_axilite_wrapper_0/inst/u_core/word_arrays[1].word_array_inst/cell_instances[1].cell_inst/axi_rdata_reg[15]_i_1575/O
                         net (fo=1, routed)           0.839     6.878    ReRamSpm_i/reram_axilite_wrapper_0/inst/u_core/word_arrays[1].word_array_inst/cell_instances[1].cell_inst/axi_rdata_reg[15]_i_1575_n_0
    SLICE_X62Y51         LUT6 (Prop_lut6_I1_O)        0.124     7.002 r  ReRamSpm_i/reram_axilite_wrapper_0/inst/u_core/word_arrays[1].word_array_inst/cell_instances[1].cell_inst/axi_rdata_reg[15]_i_1535/O
                         net (fo=1, routed)           0.336     7.338    ReRamSpm_i/reram_axilite_wrapper_0/inst/u_core/word_arrays[1].word_array_inst/cell_instances[1].cell_inst_n_14
    SLICE_X64Y51         CARRY4 (Prop_carry4_DI[1]_CO[3])
                                                      0.507     7.845 r  ReRamSpm_i/reram_axilite_wrapper_0/inst/u_core/word_arrays[1].word_array_inst/axi_rdata_reg_reg[15]_i_1451/CO[3]
                         net (fo=8, routed)           1.012     8.857    ReRamSpm_i/reram_axilite_wrapper_0/inst/u_core/word_arrays[1].word_array_inst/cell_instances[1].cell_inst/write_counter_reg[7]_3[0]
    SLICE_X64Y50         LUT5 (Prop_lut5_I1_O)        0.124     8.981 r  ReRamSpm_i/reram_axilite_wrapper_0/inst/u_core/word_arrays[1].word_array_inst/cell_instances[1].cell_inst/axi_rdata_reg[8]_i_96/O
                         net (fo=5, routed)           0.857     9.838    ReRamSpm_i/reram_axilite_wrapper_0/inst/u_core/word_arrays[1].word_array_inst/cell_instances[1].cell_inst/axi_rdata_reg_reg[8]
    SLICE_X64Y49         LUT4 (Prop_lut4_I2_O)        0.124     9.962 r  ReRamSpm_i/reram_axilite_wrapper_0/inst/u_core/word_arrays[1].word_array_inst/cell_instances[1].cell_inst/axi_rdata_reg[15]_i_1450/O
                         net (fo=1, routed)           0.000     9.962    ReRamSpm_i/reram_axilite_wrapper_0/inst/u_core/word_arrays[1].word_array_inst/cell_instances[1].cell_inst_n_23
    SLICE_X64Y49         CARRY4 (Prop_carry4_S[0]_CO[3])
                                                      0.532    10.494 r  ReRamSpm_i/reram_axilite_wrapper_0/inst/u_core/word_arrays[1].word_array_inst/axi_rdata_reg_reg[15]_i_1347/CO[3]
                         net (fo=24, routed)          1.005    11.499    ReRamSpm_i/reram_axilite_wrapper_0/inst/u_core/word_arrays[1].word_array_inst/cell_instances[3].cell_inst/CO[0]
    SLICE_X65Y50         LUT3 (Prop_lut3_I1_O)        0.124    11.623 f  ReRamSpm_i/reram_axilite_wrapper_0/inst/u_core/word_arrays[1].word_array_inst/cell_instances[3].cell_inst/axi_rdata_reg[15]_i_1528/O
                         net (fo=1, routed)           0.486    12.109    ReRamSpm_i/reram_axilite_wrapper_0/inst/u_core/word_arrays[1].word_array_inst/cell_instances[3].cell_inst/axi_rdata_reg[15]_i_1528_n_0
    SLICE_X65Y49         LUT6 (Prop_lut6_I1_O)        0.124    12.233 r  ReRamSpm_i/reram_axilite_wrapper_0/inst/u_core/word_arrays[1].word_array_inst/cell_instances[3].cell_inst/axi_rdata_reg[15]_i_1438/O
                         net (fo=1, routed)           0.473    12.705    ReRamSpm_i/reram_axilite_wrapper_0/inst/u_core/word_arrays[1].word_array_inst/cell_instances[3].cell_inst_n_15
    SLICE_X65Y48         CARRY4 (Prop_carry4_DI[0]_CO[3])
                                                      0.526    13.231 r  ReRamSpm_i/reram_axilite_wrapper_0/inst/u_core/word_arrays[1].word_array_inst/axi_rdata_reg_reg[15]_i_1346/CO[3]
                         net (fo=8, routed)           1.000    14.231    ReRamSpm_i/reram_axilite_wrapper_0/inst/u_core/word_arrays[1].word_array_inst/cell_instances[3].cell_inst/write_counter_reg[7]_2[0]
    SLICE_X64Y48         LUT5 (Prop_lut5_I1_O)        0.124    14.355 r  ReRamSpm_i/reram_axilite_wrapper_0/inst/u_core/word_arrays[1].word_array_inst/cell_instances[3].cell_inst/axi_rdata_reg[9]_i_124/O
                         net (fo=5, routed)           0.758    15.114    ReRamSpm_i/reram_axilite_wrapper_0/inst/u_core/word_arrays[1].word_array_inst/cell_instances[3].cell_inst/axi_rdata_reg_reg[9]_1
    SLICE_X61Y48         LUT4 (Prop_lut4_I0_O)        0.124    15.238 r  ReRamSpm_i/reram_axilite_wrapper_0/inst/u_core/word_arrays[1].word_array_inst/cell_instances[3].cell_inst/axi_rdata_reg[15]_i_1345/O
                         net (fo=1, routed)           0.000    15.238    ReRamSpm_i/reram_axilite_wrapper_0/inst/u_core/word_arrays[1].word_array_inst/cell_instances[3].cell_inst_n_23
    SLICE_X61Y48         CARRY4 (Prop_carry4_S[0]_CO[3])
                                                      0.532    15.770 r  ReRamSpm_i/reram_axilite_wrapper_0/inst/u_core/word_arrays[1].word_array_inst/axi_rdata_reg_reg[15]_i_1239/CO[3]
                         net (fo=24, routed)          0.727    16.497    ReRamSpm_i/reram_axilite_wrapper_0/inst/u_core/word_arrays[1].word_array_inst/cell_instances[5].cell_inst/CO[0]
    SLICE_X60Y47         LUT3 (Prop_lut3_I1_O)        0.124    16.621 f  ReRamSpm_i/reram_axilite_wrapper_0/inst/u_core/word_arrays[1].word_array_inst/cell_instances[5].cell_inst/axi_rdata_reg[15]_i_1430/O
                         net (fo=1, routed)           0.667    17.288    ReRamSpm_i/reram_axilite_wrapper_0/inst/u_core/word_arrays[1].word_array_inst/cell_instances[5].cell_inst/axi_rdata_reg[15]_i_1430_n_0
    SLICE_X60Y47         LUT6 (Prop_lut6_I1_O)        0.124    17.412 r  ReRamSpm_i/reram_axilite_wrapper_0/inst/u_core/word_arrays[1].word_array_inst/cell_instances[5].cell_inst/axi_rdata_reg[15]_i_1333/O
                         net (fo=1, routed)           0.520    17.932    ReRamSpm_i/reram_axilite_wrapper_0/inst/u_core/word_arrays[1].word_array_inst/cell_instances[5].cell_inst_n_15
    SLICE_X60Y48         CARRY4 (Prop_carry4_DI[0]_CO[3])
                                                      0.526    18.458 r  ReRamSpm_i/reram_axilite_wrapper_0/inst/u_core/word_arrays[1].word_array_inst/axi_rdata_reg_reg[15]_i_1238/CO[3]
                         net (fo=8, routed)           1.161    19.619    ReRamSpm_i/reram_axilite_wrapper_0/inst/u_core/word_arrays[1].word_array_inst/cell_instances[5].cell_inst/write_counter_reg[7]_2[0]
    SLICE_X59Y47         LUT5 (Prop_lut5_I1_O)        0.124    19.743 r  ReRamSpm_i/reram_axilite_wrapper_0/inst/u_core/word_arrays[1].word_array_inst/cell_instances[5].cell_inst/axi_rdata_reg[10]_i_120/O
                         net (fo=5, routed)           0.449    20.192    ReRamSpm_i/reram_axilite_wrapper_0/inst/u_core/word_arrays[1].word_array_inst/cell_instances[5].cell_inst/axi_rdata_reg_reg[10]
    SLICE_X58Y46         LUT4 (Prop_lut4_I2_O)        0.124    20.316 r  ReRamSpm_i/reram_axilite_wrapper_0/inst/u_core/word_arrays[1].word_array_inst/cell_instances[5].cell_inst/axi_rdata_reg[15]_i_1236/O
                         net (fo=1, routed)           0.000    20.316    ReRamSpm_i/reram_axilite_wrapper_0/inst/u_core/word_arrays[1].word_array_inst/cell_instances[5].cell_inst_n_22
    SLICE_X58Y46         CARRY4 (Prop_carry4_S[1]_CO[3])
                                                      0.533    20.849 r  ReRamSpm_i/reram_axilite_wrapper_0/inst/u_core/word_arrays[1].word_array_inst/axi_rdata_reg_reg[15]_i_1131/CO[3]
                         net (fo=24, routed)          0.881    21.730    ReRamSpm_i/reram_axilite_wrapper_0/inst/u_core/word_arrays[1].word_array_inst/cell_instances[7].cell_inst/CO[0]
    SLICE_X58Y45         LUT3 (Prop_lut3_I1_O)        0.124    21.854 f  ReRamSpm_i/reram_axilite_wrapper_0/inst/u_core/word_arrays[1].word_array_inst/cell_instances[7].cell_inst/axi_rdata_reg[15]_i_1325/O
                         net (fo=1, routed)           0.496    22.350    ReRamSpm_i/reram_axilite_wrapper_0/inst/u_core/word_arrays[1].word_array_inst/cell_instances[7].cell_inst/axi_rdata_reg[15]_i_1325_n_0
    SLICE_X58Y45         LUT6 (Prop_lut6_I1_O)        0.124    22.474 r  ReRamSpm_i/reram_axilite_wrapper_0/inst/u_core/word_arrays[1].word_array_inst/cell_instances[7].cell_inst/axi_rdata_reg[15]_i_1225/O
                         net (fo=1, routed)           0.332    22.806    ReRamSpm_i/reram_axilite_wrapper_0/inst/u_core/word_arrays[1].word_array_inst/cell_instances[7].cell_inst_n_15
    SLICE_X59Y46         CARRY4 (Prop_carry4_DI[0]_CO[3])
                                                      0.526    23.332 r  ReRamSpm_i/reram_axilite_wrapper_0/inst/u_core/word_arrays[1].word_array_inst/axi_rdata_reg_reg[15]_i_1130/CO[3]
                         net (fo=8, routed)           0.844    24.176    ReRamSpm_i/reram_axilite_wrapper_0/inst/u_core/word_arrays[1].word_array_inst/cell_instances[7].cell_inst/write_counter_reg[7]_2[0]
    SLICE_X57Y45         LUT5 (Prop_lut5_I1_O)        0.124    24.300 r  ReRamSpm_i/reram_axilite_wrapper_0/inst/u_core/word_arrays[1].word_array_inst/cell_instances[7].cell_inst/axi_rdata_reg[11]_i_84/O
                         net (fo=5, routed)           0.756    25.056    ReRamSpm_i/reram_axilite_wrapper_0/inst/u_core/word_arrays[1].word_array_inst/cell_instances[7].cell_inst/axi_rdata_reg_reg[11]
    SLICE_X55Y43         LUT4 (Prop_lut4_I0_O)        0.124    25.180 r  ReRamSpm_i/reram_axilite_wrapper_0/inst/u_core/word_arrays[1].word_array_inst/cell_instances[7].cell_inst/axi_rdata_reg[15]_i_1128/O
                         net (fo=1, routed)           0.000    25.180    ReRamSpm_i/reram_axilite_wrapper_0/inst/u_core/word_arrays[1].word_array_inst/cell_instances[7].cell_inst_n_22
    SLICE_X55Y43         CARRY4 (Prop_carry4_S[1]_CO[3])
                                                      0.550    25.730 r  ReRamSpm_i/reram_axilite_wrapper_0/inst/u_core/word_arrays[1].word_array_inst/axi_rdata_reg_reg[15]_i_1023/CO[3]
                         net (fo=24, routed)          1.050    26.780    ReRamSpm_i/reram_axilite_wrapper_0/inst/u_core/word_arrays[1].word_array_inst/cell_instances[9].cell_inst/CO[0]
    SLICE_X57Y42         LUT3 (Prop_lut3_I1_O)        0.124    26.904 f  ReRamSpm_i/reram_axilite_wrapper_0/inst/u_core/word_arrays[1].word_array_inst/cell_instances[9].cell_inst/axi_rdata_reg[15]_i_1216/O
                         net (fo=1, routed)           0.433    27.337    ReRamSpm_i/reram_axilite_wrapper_0/inst/u_core/word_arrays[1].word_array_inst/cell_instances[9].cell_inst/axi_rdata_reg[15]_i_1216_n_0
    SLICE_X57Y42         LUT6 (Prop_lut6_I1_O)        0.124    27.461 r  ReRamSpm_i/reram_axilite_wrapper_0/inst/u_core/word_arrays[1].word_array_inst/cell_instances[9].cell_inst/axi_rdata_reg[15]_i_1116/O
                         net (fo=1, routed)           0.471    27.932    ReRamSpm_i/reram_axilite_wrapper_0/inst/u_core/word_arrays[1].word_array_inst/cell_instances[9].cell_inst_n_14
    SLICE_X57Y43         CARRY4 (Prop_carry4_DI[1]_CO[3])
                                                      0.507    28.439 r  ReRamSpm_i/reram_axilite_wrapper_0/inst/u_core/word_arrays[1].word_array_inst/axi_rdata_reg_reg[15]_i_1022/CO[3]
                         net (fo=8, routed)           1.131    29.570    ReRamSpm_i/reram_axilite_wrapper_0/inst/u_core/word_arrays[1].word_array_inst/cell_instances[9].cell_inst/write_counter_reg[7]_2[0]
    SLICE_X58Y43         LUT5 (Prop_lut5_I1_O)        0.124    29.694 r  ReRamSpm_i/reram_axilite_wrapper_0/inst/u_core/word_arrays[1].word_array_inst/cell_instances[9].cell_inst/axi_rdata_reg[13]_i_80/O
                         net (fo=5, routed)           0.611    30.306    ReRamSpm_i/reram_axilite_wrapper_0/inst/u_core/word_arrays[1].word_array_inst/cell_instances[9].cell_inst/axi_rdata_reg_reg[13]
    SLICE_X56Y44         LUT4 (Prop_lut4_I0_O)        0.124    30.430 r  ReRamSpm_i/reram_axilite_wrapper_0/inst/u_core/word_arrays[1].word_array_inst/cell_instances[9].cell_inst/axi_rdata_reg[15]_i_1019/O
                         net (fo=1, routed)           0.000    30.430    ReRamSpm_i/reram_axilite_wrapper_0/inst/u_core/word_arrays[1].word_array_inst/cell_instances[9].cell_inst_n_21
    SLICE_X56Y44         CARRY4 (Prop_carry4_S[2]_CO[3])
                                                      0.398    30.828 r  ReRamSpm_i/reram_axilite_wrapper_0/inst/u_core/word_arrays[1].word_array_inst/axi_rdata_reg_reg[15]_i_931/CO[3]
                         net (fo=24, routed)          0.878    31.706    ReRamSpm_i/reram_axilite_wrapper_0/inst/u_core/word_arrays[1].word_array_inst/cell_instances[11].cell_inst/CO[0]
    SLICE_X58Y42         LUT3 (Prop_lut3_I1_O)        0.124    31.830 f  ReRamSpm_i/reram_axilite_wrapper_0/inst/u_core/word_arrays[1].word_array_inst/cell_instances[11].cell_inst/axi_rdata_reg[15]_i_1107/O
                         net (fo=1, routed)           0.464    32.294    ReRamSpm_i/reram_axilite_wrapper_0/inst/u_core/word_arrays[1].word_array_inst/cell_instances[11].cell_inst/axi_rdata_reg[15]_i_1107_n_0
    SLICE_X58Y43         LUT6 (Prop_lut6_I1_O)        0.124    32.418 r  ReRamSpm_i/reram_axilite_wrapper_0/inst/u_core/word_arrays[1].word_array_inst/cell_instances[11].cell_inst/axi_rdata_reg[15]_i_1007/O
                         net (fo=1, routed)           0.473    32.891    ReRamSpm_i/reram_axilite_wrapper_0/inst/u_core/word_arrays[1].word_array_inst/cell_instances[11].cell_inst_n_13
    SLICE_X58Y44         CARRY4 (Prop_carry4_DI[2]_CO[3])
                                                      0.404    33.295 r  ReRamSpm_i/reram_axilite_wrapper_0/inst/u_core/word_arrays[1].word_array_inst/axi_rdata_reg_reg[15]_i_930/CO[3]
                         net (fo=8, routed)           0.951    34.246    ReRamSpm_i/reram_axilite_wrapper_0/inst/u_core/word_arrays[1].word_array_inst/cell_instances[11].cell_inst/write_counter_reg[7]_2[0]
    SLICE_X58Y45         LUT5 (Prop_lut5_I1_O)        0.124    34.370 r  ReRamSpm_i/reram_axilite_wrapper_0/inst/u_core/word_arrays[1].word_array_inst/cell_instances[11].cell_inst/axi_rdata_reg[11]_i_76/O
                         net (fo=5, routed)           0.676    35.046    ReRamSpm_i/reram_axilite_wrapper_0/inst/u_core/word_arrays[1].word_array_inst/cell_instances[11].cell_inst/axi_rdata_reg_reg[11]
    SLICE_X60Y45         LUT4 (Prop_lut4_I0_O)        0.124    35.170 r  ReRamSpm_i/reram_axilite_wrapper_0/inst/u_core/word_arrays[1].word_array_inst/cell_instances[11].cell_inst/axi_rdata_reg[15]_i_928/O
                         net (fo=1, routed)           0.000    35.170    ReRamSpm_i/reram_axilite_wrapper_0/inst/u_core/word_arrays[1].word_array_inst/cell_instances[11].cell_inst_n_22
    SLICE_X60Y45         CARRY4 (Prop_carry4_S[1]_CO[3])
                                                      0.550    35.720 r  ReRamSpm_i/reram_axilite_wrapper_0/inst/u_core/word_arrays[1].word_array_inst/axi_rdata_reg_reg[15]_i_839/CO[3]
                         net (fo=20, routed)          0.892    36.613    ReRamSpm_i/reram_axilite_wrapper_0/inst/u_core/word_arrays[1].word_array_inst/cell_instances[13].cell_inst/CO[0]
    SLICE_X62Y45         LUT3 (Prop_lut3_I1_O)        0.124    36.737 f  ReRamSpm_i/reram_axilite_wrapper_0/inst/u_core/word_arrays[1].word_array_inst/cell_instances[13].cell_inst/axi_rdata_reg[15]_i_1003/O
                         net (fo=2, routed)           0.650    37.387    ReRamSpm_i/reram_axilite_wrapper_0/inst/u_core/word_arrays[1].word_array_inst/cell_instances[13].cell_inst/axi_rdata_reg[15]_i_1003_n_0
    SLICE_X62Y45         LUT6 (Prop_lut6_I5_O)        0.124    37.511 r  ReRamSpm_i/reram_axilite_wrapper_0/inst/u_core/word_arrays[1].word_array_inst/cell_instances[13].cell_inst/axi_rdata_reg[15]_i_915/O
                         net (fo=1, routed)           0.465    37.976    ReRamSpm_i/reram_axilite_wrapper_0/inst/u_core/word_arrays[1].word_array_inst/cell_instances[13].cell_inst_n_13
    SLICE_X61Y46         CARRY4 (Prop_carry4_DI[2]_CO[3])
                                                      0.398    38.374 r  ReRamSpm_i/reram_axilite_wrapper_0/inst/u_core/word_arrays[1].word_array_inst/axi_rdata_reg_reg[15]_i_838/CO[3]
                         net (fo=8, routed)           0.943    39.317    ReRamSpm_i/reram_axilite_wrapper_0/inst/u_core/word_arrays[1].word_array_inst/cell_instances[13].cell_inst/write_counter_reg[7]_3[0]
    SLICE_X62Y47         LUT5 (Prop_lut5_I1_O)        0.124    39.441 r  ReRamSpm_i/reram_axilite_wrapper_0/inst/u_core/word_arrays[1].word_array_inst/cell_instances[13].cell_inst/axi_rdata_reg[9]_i_104/O
                         net (fo=5, routed)           0.777    40.218    ReRamSpm_i/reram_axilite_wrapper_0/inst/u_core/word_arrays[1].word_array_inst/cell_instances[13].cell_inst/axi_rdata_reg_reg[9]_1
    SLICE_X62Y46         LUT4 (Prop_lut4_I0_O)        0.124    40.342 r  ReRamSpm_i/reram_axilite_wrapper_0/inst/u_core/word_arrays[1].word_array_inst/cell_instances[13].cell_inst/axi_rdata_reg[15]_i_837/O
                         net (fo=1, routed)           0.000    40.342    ReRamSpm_i/reram_axilite_wrapper_0/inst/u_core/word_arrays[1].word_array_inst/cell_instances[13].cell_inst_n_23
    SLICE_X62Y46         CARRY4 (Prop_carry4_S[0]_CO[3])
                                                      0.513    40.855 r  ReRamSpm_i/reram_axilite_wrapper_0/inst/u_core/word_arrays[1].word_array_inst/axi_rdata_reg_reg[15]_i_747/CO[3]
                         net (fo=20, routed)          0.864    41.719    ReRamSpm_i/reram_axilite_wrapper_0/inst/u_core/word_arrays[1].word_array_inst/cell_instances[15].cell_inst/CO[0]
    SLICE_X65Y46         LUT3 (Prop_lut3_I1_O)        0.124    41.843 f  ReRamSpm_i/reram_axilite_wrapper_0/inst/u_core/word_arrays[1].word_array_inst/cell_instances[15].cell_inst/axi_rdata_reg[15]_i_912/O
                         net (fo=2, routed)           0.414    42.257    ReRamSpm_i/reram_axilite_wrapper_0/inst/u_core/word_arrays[1].word_array_inst/cell_instances[15].cell_inst/axi_rdata_reg[15]_i_912_n_0
    SLICE_X65Y46         LUT6 (Prop_lut6_I5_O)        0.124    42.381 r  ReRamSpm_i/reram_axilite_wrapper_0/inst/u_core/word_arrays[1].word_array_inst/cell_instances[15].cell_inst/axi_rdata_reg[15]_i_824/O
                         net (fo=1, routed)           0.613    42.994    ReRamSpm_i/reram_axilite_wrapper_0/inst/u_core/word_arrays[1].word_array_inst/cell_instances[15].cell_inst_n_14
    SLICE_X64Y46         CARRY4 (Prop_carry4_DI[1]_CO[3])
                                                      0.507    43.501 r  ReRamSpm_i/reram_axilite_wrapper_0/inst/u_core/word_arrays[1].word_array_inst/axi_rdata_reg_reg[15]_i_746/CO[3]
                         net (fo=8, routed)           0.812    44.313    ReRamSpm_i/reram_axilite_wrapper_0/inst/u_core/word_arrays[1].word_array_inst/cell_instances[15].cell_inst/write_counter_reg[7]_3[0]
    SLICE_X65Y46         LUT5 (Prop_lut5_I1_O)        0.124    44.437 r  ReRamSpm_i/reram_axilite_wrapper_0/inst/u_core/word_arrays[1].word_array_inst/cell_instances[15].cell_inst/axi_rdata_reg[11]_i_68/O
                         net (fo=5, routed)           0.747    45.184    ReRamSpm_i/reram_axilite_wrapper_0/inst/u_core/word_arrays[1].word_array_inst/cell_instances[15].cell_inst/axi_rdata_reg_reg[11]
    SLICE_X67Y46         LUT4 (Prop_lut4_I0_O)        0.124    45.308 r  ReRamSpm_i/reram_axilite_wrapper_0/inst/u_core/word_arrays[1].word_array_inst/cell_instances[15].cell_inst/axi_rdata_reg[15]_i_744/O
                         net (fo=1, routed)           0.000    45.308    ReRamSpm_i/reram_axilite_wrapper_0/inst/u_core/word_arrays[1].word_array_inst/cell_instances[15].cell_inst_n_22
    SLICE_X67Y46         CARRY4 (Prop_carry4_S[1]_CO[3])
                                                      0.550    45.858 r  ReRamSpm_i/reram_axilite_wrapper_0/inst/u_core/word_arrays[1].word_array_inst/axi_rdata_reg_reg[15]_i_655/CO[3]
                         net (fo=20, routed)          0.861    46.719    ReRamSpm_i/reram_axilite_wrapper_0/inst/u_core/word_arrays[1].word_array_inst/cell_instances[17].cell_inst/CO[0]
    SLICE_X68Y46         LUT3 (Prop_lut3_I1_O)        0.124    46.843 f  ReRamSpm_i/reram_axilite_wrapper_0/inst/u_core/word_arrays[1].word_array_inst/cell_instances[17].cell_inst/axi_rdata_reg[15]_i_820/O
                         net (fo=2, routed)           0.342    47.185    ReRamSpm_i/reram_axilite_wrapper_0/inst/u_core/word_arrays[1].word_array_inst/cell_instances[17].cell_inst/axi_rdata_reg[15]_i_820_n_0
    SLICE_X66Y47         LUT6 (Prop_lut6_I5_O)        0.124    47.309 r  ReRamSpm_i/reram_axilite_wrapper_0/inst/u_core/word_arrays[1].word_array_inst/cell_instances[17].cell_inst/axi_rdata_reg[15]_i_732/O
                         net (fo=1, routed)           0.615    47.924    ReRamSpm_i/reram_axilite_wrapper_0/inst/u_core/word_arrays[1].word_array_inst/cell_instances[17].cell_inst_n_14
    SLICE_X67Y47         CARRY4 (Prop_carry4_DI[1]_CO[3])
                                                      0.507    48.431 r  ReRamSpm_i/reram_axilite_wrapper_0/inst/u_core/word_arrays[1].word_array_inst/axi_rdata_reg_reg[15]_i_654/CO[3]
                         net (fo=8, routed)           0.792    49.222    ReRamSpm_i/reram_axilite_wrapper_0/inst/u_core/word_arrays[1].word_array_inst/cell_instances[17].cell_inst/write_counter_reg[7]_3[0]
    SLICE_X65Y45         LUT5 (Prop_lut5_I1_O)        0.124    49.346 r  ReRamSpm_i/reram_axilite_wrapper_0/inst/u_core/word_arrays[1].word_array_inst/cell_instances[17].cell_inst/axi_rdata_reg[11]_i_64/O
                         net (fo=5, routed)           0.741    50.087    ReRamSpm_i/reram_axilite_wrapper_0/inst/u_core/word_arrays[1].word_array_inst/cell_instances[17].cell_inst/axi_rdata_reg_reg[11]
    SLICE_X63Y45         LUT4 (Prop_lut4_I0_O)        0.124    50.211 r  ReRamSpm_i/reram_axilite_wrapper_0/inst/u_core/word_arrays[1].word_array_inst/cell_instances[17].cell_inst/axi_rdata_reg[15]_i_652/O
                         net (fo=1, routed)           0.000    50.211    ReRamSpm_i/reram_axilite_wrapper_0/inst/u_core/word_arrays[1].word_array_inst/cell_instances[17].cell_inst_n_22
    SLICE_X63Y45         CARRY4 (Prop_carry4_S[1]_CO[3])
                                                      0.550    50.761 r  ReRamSpm_i/reram_axilite_wrapper_0/inst/u_core/word_arrays[1].word_array_inst/axi_rdata_reg_reg[15]_i_563/CO[3]
                         net (fo=20, routed)          0.729    51.490    ReRamSpm_i/reram_axilite_wrapper_0/inst/u_core/word_arrays[1].word_array_inst/cell_instances[19].cell_inst/CO[0]
    SLICE_X65Y44         LUT3 (Prop_lut3_I1_O)        0.124    51.614 f  ReRamSpm_i/reram_axilite_wrapper_0/inst/u_core/word_arrays[1].word_array_inst/cell_instances[19].cell_inst/axi_rdata_reg[15]_i_728/O
                         net (fo=2, routed)           0.501    52.115    ReRamSpm_i/reram_axilite_wrapper_0/inst/u_core/word_arrays[1].word_array_inst/cell_instances[19].cell_inst/axi_rdata_reg[15]_i_728_n_0
    SLICE_X63Y44         LUT6 (Prop_lut6_I5_O)        0.124    52.239 r  ReRamSpm_i/reram_axilite_wrapper_0/inst/u_core/word_arrays[1].word_array_inst/cell_instances[19].cell_inst/axi_rdata_reg[15]_i_640/O
                         net (fo=1, routed)           0.494    52.733    ReRamSpm_i/reram_axilite_wrapper_0/inst/u_core/word_arrays[1].word_array_inst/cell_instances[19].cell_inst_n_14
    SLICE_X64Y44         CARRY4 (Prop_carry4_DI[1]_CO[3])
                                                      0.507    53.240 r  ReRamSpm_i/reram_axilite_wrapper_0/inst/u_core/word_arrays[1].word_array_inst/axi_rdata_reg_reg[15]_i_562/CO[3]
                         net (fo=8, routed)           0.879    54.119    ReRamSpm_i/reram_axilite_wrapper_0/inst/u_core/word_arrays[1].word_array_inst/cell_instances[19].cell_inst/write_counter_reg[7]_3[0]
    SLICE_X63Y44         LUT5 (Prop_lut5_I1_O)        0.124    54.243 r  ReRamSpm_i/reram_axilite_wrapper_0/inst/u_core/word_arrays[1].word_array_inst/cell_instances[19].cell_inst/axi_rdata_reg[9]_i_92/O
                         net (fo=5, routed)           0.768    55.011    ReRamSpm_i/reram_axilite_wrapper_0/inst/u_core/word_arrays[1].word_array_inst/cell_instances[19].cell_inst/axi_rdata_reg_reg[9]_1
    SLICE_X62Y43         LUT4 (Prop_lut4_I0_O)        0.124    55.135 r  ReRamSpm_i/reram_axilite_wrapper_0/inst/u_core/word_arrays[1].word_array_inst/cell_instances[19].cell_inst/axi_rdata_reg[15]_i_561/O
                         net (fo=1, routed)           0.000    55.135    ReRamSpm_i/reram_axilite_wrapper_0/inst/u_core/word_arrays[1].word_array_inst/cell_instances[19].cell_inst_n_23
    SLICE_X62Y43         CARRY4 (Prop_carry4_S[0]_CO[3])
                                                      0.513    55.648 r  ReRamSpm_i/reram_axilite_wrapper_0/inst/u_core/word_arrays[1].word_array_inst/axi_rdata_reg_reg[15]_i_471/CO[3]
                         net (fo=20, routed)          0.906    56.554    ReRamSpm_i/reram_axilite_wrapper_0/inst/u_core/word_arrays[1].word_array_inst/cell_instances[21].cell_inst/CO[0]
    SLICE_X65Y43         LUT3 (Prop_lut3_I1_O)        0.124    56.678 f  ReRamSpm_i/reram_axilite_wrapper_0/inst/u_core/word_arrays[1].word_array_inst/cell_instances[21].cell_inst/axi_rdata_reg[15]_i_635/O
                         net (fo=2, routed)           0.726    57.404    ReRamSpm_i/reram_axilite_wrapper_0/inst/u_core/word_arrays[1].word_array_inst/cell_instances[21].cell_inst/axi_rdata_reg[15]_i_635_n_0
    SLICE_X64Y43         LUT6 (Prop_lut6_I5_O)        0.124    57.528 r  ReRamSpm_i/reram_axilite_wrapper_0/inst/u_core/word_arrays[1].word_array_inst/cell_instances[21].cell_inst/axi_rdata_reg[15]_i_547/O
                         net (fo=1, routed)           0.528    58.056    ReRamSpm_i/reram_axilite_wrapper_0/inst/u_core/word_arrays[1].word_array_inst/cell_instances[21].cell_inst_n_13
    SLICE_X63Y43         CARRY4 (Prop_carry4_DI[2]_CO[3])
                                                      0.398    58.454 r  ReRamSpm_i/reram_axilite_wrapper_0/inst/u_core/word_arrays[1].word_array_inst/axi_rdata_reg_reg[15]_i_470/CO[3]
                         net (fo=8, routed)           0.846    59.299    ReRamSpm_i/reram_axilite_wrapper_0/inst/u_core/word_arrays[1].word_array_inst/cell_instances[21].cell_inst/write_counter_reg[7]_3[0]
    SLICE_X61Y43         LUT5 (Prop_lut5_I1_O)        0.124    59.423 r  ReRamSpm_i/reram_axilite_wrapper_0/inst/u_core/word_arrays[1].word_array_inst/cell_instances[21].cell_inst/axi_rdata_reg[9]_i_88/O
                         net (fo=5, routed)           0.823    60.246    ReRamSpm_i/reram_axilite_wrapper_0/inst/u_core/word_arrays[1].word_array_inst/cell_instances[21].cell_inst/axi_rdata_reg_reg[9]_1
    SLICE_X62Y42         LUT4 (Prop_lut4_I0_O)        0.124    60.370 r  ReRamSpm_i/reram_axilite_wrapper_0/inst/u_core/word_arrays[1].word_array_inst/cell_instances[21].cell_inst/axi_rdata_reg[15]_i_469/O
                         net (fo=1, routed)           0.000    60.370    ReRamSpm_i/reram_axilite_wrapper_0/inst/u_core/word_arrays[1].word_array_inst/cell_instances[21].cell_inst_n_23
    SLICE_X62Y42         CARRY4 (Prop_carry4_S[0]_CO[3])
                                                      0.513    60.883 r  ReRamSpm_i/reram_axilite_wrapper_0/inst/u_core/word_arrays[1].word_array_inst/axi_rdata_reg_reg[15]_i_379/CO[3]
                         net (fo=20, routed)          1.033    61.916    ReRamSpm_i/reram_axilite_wrapper_0/inst/u_core/word_arrays[1].word_array_inst/cell_instances[23].cell_inst/CO[0]
    SLICE_X65Y42         LUT3 (Prop_lut3_I1_O)        0.124    62.040 f  ReRamSpm_i/reram_axilite_wrapper_0/inst/u_core/word_arrays[1].word_array_inst/cell_instances[23].cell_inst/axi_rdata_reg[15]_i_544/O
                         net (fo=2, routed)           0.414    62.454    ReRamSpm_i/reram_axilite_wrapper_0/inst/u_core/word_arrays[1].word_array_inst/cell_instances[23].cell_inst/axi_rdata_reg[15]_i_544_n_0
    SLICE_X65Y42         LUT6 (Prop_lut6_I5_O)        0.124    62.578 r  ReRamSpm_i/reram_axilite_wrapper_0/inst/u_core/word_arrays[1].word_array_inst/cell_instances[23].cell_inst/axi_rdata_reg[15]_i_456/O
                         net (fo=1, routed)           0.613    63.191    ReRamSpm_i/reram_axilite_wrapper_0/inst/u_core/word_arrays[1].word_array_inst/cell_instances[23].cell_inst_n_14
    SLICE_X64Y42         CARRY4 (Prop_carry4_DI[1]_CO[3])
                                                      0.507    63.698 r  ReRamSpm_i/reram_axilite_wrapper_0/inst/u_core/word_arrays[1].word_array_inst/axi_rdata_reg_reg[15]_i_378/CO[3]
                         net (fo=8, routed)           0.988    64.686    ReRamSpm_i/reram_axilite_wrapper_0/inst/u_core/word_arrays[1].word_array_inst/cell_instances[23].cell_inst/write_counter_reg[7]_3[0]
    SLICE_X64Y41         LUT5 (Prop_lut5_I1_O)        0.124    64.810 r  ReRamSpm_i/reram_axilite_wrapper_0/inst/u_core/word_arrays[1].word_array_inst/cell_instances[23].cell_inst/axi_rdata_reg[11]_i_52/O
                         net (fo=5, routed)           0.620    65.430    ReRamSpm_i/reram_axilite_wrapper_0/inst/u_core/word_arrays[1].word_array_inst/cell_instances[23].cell_inst/axi_rdata_reg_reg[11]
    SLICE_X62Y41         LUT4 (Prop_lut4_I0_O)        0.124    65.554 r  ReRamSpm_i/reram_axilite_wrapper_0/inst/u_core/word_arrays[1].word_array_inst/cell_instances[23].cell_inst/axi_rdata_reg[15]_i_376/O
                         net (fo=1, routed)           0.000    65.554    ReRamSpm_i/reram_axilite_wrapper_0/inst/u_core/word_arrays[1].word_array_inst/cell_instances[23].cell_inst_n_22
    SLICE_X62Y41         CARRY4 (Prop_carry4_S[1]_CO[3])
                                                      0.533    66.087 r  ReRamSpm_i/reram_axilite_wrapper_0/inst/u_core/word_arrays[1].word_array_inst/axi_rdata_reg_reg[15]_i_287/CO[3]
                         net (fo=20, routed)          0.733    66.820    ReRamSpm_i/reram_axilite_wrapper_0/inst/u_core/word_arrays[1].word_array_inst/cell_instances[25].cell_inst/CO[0]
    SLICE_X61Y40         LUT3 (Prop_lut3_I1_O)        0.124    66.944 f  ReRamSpm_i/reram_axilite_wrapper_0/inst/u_core/word_arrays[1].word_array_inst/cell_instances[25].cell_inst/axi_rdata_reg[15]_i_452/O
                         net (fo=2, routed)           0.569    67.513    ReRamSpm_i/reram_axilite_wrapper_0/inst/u_core/word_arrays[1].word_array_inst/cell_instances[25].cell_inst/axi_rdata_reg[15]_i_452_n_0
    SLICE_X60Y41         LUT6 (Prop_lut6_I5_O)        0.124    67.637 r  ReRamSpm_i/reram_axilite_wrapper_0/inst/u_core/word_arrays[1].word_array_inst/cell_instances[25].cell_inst/axi_rdata_reg[15]_i_364/O
                         net (fo=1, routed)           0.569    68.206    ReRamSpm_i/reram_axilite_wrapper_0/inst/u_core/word_arrays[1].word_array_inst/cell_instances[25].cell_inst_n_14
    SLICE_X61Y41         CARRY4 (Prop_carry4_DI[1]_CO[3])
                                                      0.507    68.713 r  ReRamSpm_i/reram_axilite_wrapper_0/inst/u_core/word_arrays[1].word_array_inst/axi_rdata_reg_reg[15]_i_286/CO[3]
                         net (fo=8, routed)           0.867    69.580    ReRamSpm_i/reram_axilite_wrapper_0/inst/u_core/word_arrays[1].word_array_inst/cell_instances[25].cell_inst/write_counter_reg[7]_3[0]
    SLICE_X63Y41         LUT5 (Prop_lut5_I1_O)        0.124    69.704 r  ReRamSpm_i/reram_axilite_wrapper_0/inst/u_core/word_arrays[1].word_array_inst/cell_instances[25].cell_inst/axi_rdata_reg[8]_i_48/O
                         net (fo=4, routed)           0.556    70.259    ReRamSpm_i/reram_axilite_wrapper_0/inst/u_core/word_arrays[1].word_array_inst/cell_instances[25].cell_inst/axi_rdata_reg_reg[8]
    SLICE_X63Y40         LUT4 (Prop_lut4_I2_O)        0.124    70.383 r  ReRamSpm_i/reram_axilite_wrapper_0/inst/u_core/word_arrays[1].word_array_inst/cell_instances[25].cell_inst/axi_rdata_reg[15]_i_285/O
                         net (fo=1, routed)           0.000    70.383    ReRamSpm_i/reram_axilite_wrapper_0/inst/u_core/word_arrays[1].word_array_inst/cell_instances[25].cell_inst_n_23
    SLICE_X63Y40         CARRY4 (Prop_carry4_S[0]_CO[3])
                                                      0.532    70.915 r  ReRamSpm_i/reram_axilite_wrapper_0/inst/u_core/word_arrays[1].word_array_inst/axi_rdata_reg_reg[15]_i_195/CO[3]
                         net (fo=20, routed)          0.941    71.856    ReRamSpm_i/reram_axilite_wrapper_0/inst/u_core/word_arrays[1].word_array_inst/cell_instances[27].cell_inst/CO[0]
    SLICE_X66Y40         LUT3 (Prop_lut3_I1_O)        0.124    71.980 f  ReRamSpm_i/reram_axilite_wrapper_0/inst/u_core/word_arrays[1].word_array_inst/cell_instances[27].cell_inst/axi_rdata_reg[15]_i_361/O
                         net (fo=2, routed)           0.618    72.599    ReRamSpm_i/reram_axilite_wrapper_0/inst/u_core/word_arrays[1].word_array_inst/cell_instances[27].cell_inst/axi_rdata_reg[15]_i_361_n_0
    SLICE_X66Y40         LUT6 (Prop_lut6_I5_O)        0.124    72.723 r  ReRamSpm_i/reram_axilite_wrapper_0/inst/u_core/word_arrays[1].word_array_inst/cell_instances[27].cell_inst/axi_rdata_reg[15]_i_273/O
                         net (fo=1, routed)           0.514    73.236    ReRamSpm_i/reram_axilite_wrapper_0/inst/u_core/word_arrays[1].word_array_inst/cell_instances[27].cell_inst_n_15
    SLICE_X65Y40         CARRY4 (Prop_carry4_DI[0]_CO[3])
                                                      0.526    73.762 r  ReRamSpm_i/reram_axilite_wrapper_0/inst/u_core/word_arrays[1].word_array_inst/axi_rdata_reg_reg[15]_i_194/CO[3]
                         net (fo=8, routed)           0.937    74.699    ReRamSpm_i/reram_axilite_wrapper_0/inst/u_core/word_arrays[1].word_array_inst/cell_instances[27].cell_inst/write_counter_reg[7]_3[0]
    SLICE_X66Y39         LUT5 (Prop_lut5_I1_O)        0.124    74.823 r  ReRamSpm_i/reram_axilite_wrapper_0/inst/u_core/word_arrays[1].word_array_inst/cell_instances[27].cell_inst/axi_rdata_reg[11]_i_44/O
                         net (fo=5, routed)           0.599    75.423    ReRamSpm_i/reram_axilite_wrapper_0/inst/u_core/word_arrays[1].word_array_inst/cell_instances[27].cell_inst/axi_rdata_reg_reg[11]
    SLICE_X65Y39         LUT4 (Prop_lut4_I0_O)        0.124    75.547 r  ReRamSpm_i/reram_axilite_wrapper_0/inst/u_core/word_arrays[1].word_array_inst/cell_instances[27].cell_inst/axi_rdata_reg[15]_i_192/O
                         net (fo=1, routed)           0.000    75.547    ReRamSpm_i/reram_axilite_wrapper_0/inst/u_core/word_arrays[1].word_array_inst/cell_instances[27].cell_inst_n_22
    SLICE_X65Y39         CARRY4 (Prop_carry4_S[1]_CO[3])
                                                      0.550    76.097 r  ReRamSpm_i/reram_axilite_wrapper_0/inst/u_core/word_arrays[1].word_array_inst/axi_rdata_reg_reg[15]_i_103/CO[3]
                         net (fo=20, routed)          0.889    76.986    ReRamSpm_i/reram_axilite_wrapper_0/inst/u_core/word_arrays[1].word_array_inst/cell_instances[29].cell_inst/CO[0]
    SLICE_X66Y39         LUT3 (Prop_lut3_I1_O)        0.124    77.110 f  ReRamSpm_i/reram_axilite_wrapper_0/inst/u_core/word_arrays[1].word_array_inst/cell_instances[29].cell_inst/axi_rdata_reg[15]_i_267/O
                         net (fo=2, routed)           0.428    77.538    ReRamSpm_i/reram_axilite_wrapper_0/inst/u_core/word_arrays[1].word_array_inst/cell_instances[29].cell_inst/axi_rdata_reg[15]_i_267_n_0
    SLICE_X66Y38         LUT6 (Prop_lut6_I5_O)        0.124    77.662 r  ReRamSpm_i/reram_axilite_wrapper_0/inst/u_core/word_arrays[1].word_array_inst/cell_instances[29].cell_inst/axi_rdata_reg[15]_i_179/O
                         net (fo=1, routed)           0.514    78.176    ReRamSpm_i/reram_axilite_wrapper_0/inst/u_core/word_arrays[1].word_array_inst/cell_instances[29].cell_inst_n_13
    SLICE_X65Y38         CARRY4 (Prop_carry4_DI[2]_CO[3])
                                                      0.398    78.574 r  ReRamSpm_i/reram_axilite_wrapper_0/inst/u_core/word_arrays[1].word_array_inst/axi_rdata_reg_reg[15]_i_102/CO[3]
                         net (fo=8, routed)           0.967    79.541    ReRamSpm_i/reram_axilite_wrapper_0/inst/u_core/word_arrays[1].word_array_inst/cell_instances[29].cell_inst/write_counter_reg[7]_3[0]
    SLICE_X66Y38         LUT5 (Prop_lut5_I1_O)        0.124    79.665 r  ReRamSpm_i/reram_axilite_wrapper_0/inst/u_core/word_arrays[1].word_array_inst/cell_instances[29].cell_inst/axi_rdata_reg[11]_i_35/O
                         net (fo=3, routed)           0.580    80.245    ReRamSpm_i/reram_axilite_wrapper_0/inst/u_core/word_arrays[1].word_array_inst/cell_instances[29].cell_inst/axi_rdata_reg_reg[11]
    SLICE_X64Y38         LUT4 (Prop_lut4_I0_O)        0.124    80.369 r  ReRamSpm_i/reram_axilite_wrapper_0/inst/u_core/word_arrays[1].word_array_inst/cell_instances[29].cell_inst/axi_rdata_reg[15]_i_100/O
                         net (fo=1, routed)           0.000    80.369    ReRamSpm_i/reram_axilite_wrapper_0/inst/u_core/word_arrays[1].word_array_inst/cell_instances[29].cell_inst_n_22
    SLICE_X64Y38         CARRY4 (Prop_carry4_S[1]_CO[3])
                                                      0.550    80.919 r  ReRamSpm_i/reram_axilite_wrapper_0/inst/u_core/word_arrays[1].word_array_inst/axi_rdata_reg_reg[15]_i_38/CO[3]
                         net (fo=8, routed)           0.780    81.699    ReRamSpm_i/reram_axilite_wrapper_0/inst/u_core/word_arrays[1].word_array_inst/cell_instances[31].cell_inst/CO[0]
    SLICE_X65Y34         LUT3 (Prop_lut3_I1_O)        0.124    81.823 r  ReRamSpm_i/reram_axilite_wrapper_0/inst/u_core/word_arrays[1].word_array_inst/cell_instances[31].cell_inst/axi_rdata_reg[11]_i_17/O
                         net (fo=1, routed)           0.571    82.394    ReRamSpm_i/reram_axilite_wrapper_0/inst/u_core/word_arrays[13].word_array_inst/cell_instances[31].cell_inst/write_counter_reg[7]_0[3]
    SLICE_X65Y33         LUT6 (Prop_lut6_I5_O)        0.124    82.518 r  ReRamSpm_i/reram_axilite_wrapper_0/inst/u_core/word_arrays[13].word_array_inst/cell_instances[31].cell_inst/axi_rdata_reg[11]_i_6/O
                         net (fo=1, routed)           0.151    82.670    ReRamSpm_i/reram_axilite_wrapper_0/inst/u_core/word_arrays[11].word_array_inst/cell_instances[12].cell_inst/axi_araddr_reg[3]
    SLICE_X65Y33         LUT6 (Prop_lut6_I3_O)        0.124    82.794 r  ReRamSpm_i/reram_axilite_wrapper_0/inst/u_core/word_arrays[11].word_array_inst/cell_instances[12].cell_inst/axi_rdata_reg[11]_i_2/O
                         net (fo=1, routed)           0.433    83.226    ReRamSpm_i/reram_axilite_wrapper_0/inst/u_core/word_arrays[3].word_array_inst/cell_instances[11].cell_inst/axi_araddr_reg[4]_0
    SLICE_X65Y33         LUT5 (Prop_lut5_I0_O)        0.124    83.350 r  ReRamSpm_i/reram_axilite_wrapper_0/inst/u_core/word_arrays[3].word_array_inst/cell_instances[11].cell_inst/axi_rdata_reg[11]_i_1/O
                         net (fo=1, routed)           0.000    83.350    ReRamSpm_i/reram_axilite_wrapper_0/inst/axi_rdata_reg1_in[11]
    SLICE_X65Y33         FDRE                                         r  ReRamSpm_i/reram_axilite_wrapper_0/inst/axi_rdata_reg_reg[11]/D
  -------------------------------------------------------------------    -------------------

                         (clock clk_fpga_0 rise edge)
                                                     20.000    20.000 r  
    PS7_X0Y0             PS7                          0.000    20.000 r  ReRamSpm_i/processing_system7_0/inst/PS7_i/FCLKCLK[0]
                         net (fo=1, routed)           1.088    21.088    ReRamSpm_i/processing_system7_0/inst/FCLK_CLK_unbuffered[0]
    BUFGCTRL_X0Y16       BUFG (Prop_bufg_I_O)         0.091    21.179 r  ReRamSpm_i/processing_system7_0/inst/buffer_fclk_clk_0.FCLK_CLK_0_BUFG/O
                         net (fo=26024, routed)       1.550    22.729    ReRamSpm_i/reram_axilite_wrapper_0/inst/S_AXI_ACLK
    SLICE_X65Y33         FDRE                                         r  ReRamSpm_i/reram_axilite_wrapper_0/inst/axi_rdata_reg_reg[11]/C
                         clock pessimism              0.115    22.844    
                         clock uncertainty           -0.302    22.542    
    SLICE_X65Y33         FDRE (Setup_fdre_C_D)        0.029    22.571    ReRamSpm_i/reram_axilite_wrapper_0/inst/axi_rdata_reg_reg[11]
  -------------------------------------------------------------------
                         required time                         22.571    
                         arrival time                         -83.350    
  -------------------------------------------------------------------
                         slack                                -60.779    





Min Delay Paths
--------------------------------------------------------------------------------------
Slack (MET) :             0.003ns  (arrival time - required time)
  Source:                 ReRamSpm_i/ps7_0_axi_periph/s00_couplers/auto_pc/inst/gen_axilite.gen_b2s_conv.axilite_b2s/SI_REG/ar.ar_pipe/skid_buffer_reg[5]/C
                            (rising edge-triggered cell FDRE clocked by clk_fpga_0  {rise@0.000ns fall@10.000ns period=20.000ns})
  Destination:            ReRamSpm_i/ps7_0_axi_periph/s00_couplers/auto_pc/inst/gen_axilite.gen_b2s_conv.axilite_b2s/SI_REG/ar.ar_pipe/m_payload_i_reg[5]/D
                            (rising edge-triggered cell FDRE clocked by clk_fpga_0  {rise@0.000ns fall@10.000ns period=20.000ns})
  Path Group:             clk_fpga_0
  Path Type:              Hold (Min at Fast Process Corner)
  Requirement:            0.000ns  (clk_fpga_0 rise@0.000ns - clk_fpga_0 rise@0.000ns)
  Data Path Delay:        0.475ns  (logic 0.247ns (51.949%)  route 0.228ns (48.051%))
  Logic Levels:           1  (LUT3=1)
  Clock Path Skew:        0.351ns (DCD - SCD - CPR)
    Destination Clock Delay (DCD):    1.296ns
    Source Clock Delay      (SCD):    0.910ns
    Clock Pessimism Removal (CPR):    0.035ns

    Location             Delay type                Incr(ns)  Path(ns)    Netlist Resource(s)
  -------------------------------------------------------------------    -------------------
                         (clock clk_fpga_0 rise edge)
                                                      0.000     0.000 r  
    PS7_X0Y0             PS7                          0.000     0.000 r  ReRamSpm_i/processing_system7_0/inst/PS7_i/FCLKCLK[0]
                         net (fo=1, routed)           0.310     0.310    ReRamSpm_i/processing_system7_0/inst/FCLK_CLK_unbuffered[0]
    BUFGCTRL_X0Y16       BUFG (Prop_bufg_I_O)         0.026     0.336 r  ReRamSpm_i/processing_system7_0/inst/buffer_fclk_clk_0.FCLK_CLK_0_BUFG/O
                         net (fo=26024, routed)       0.574     0.910    ReRamSpm_i/ps7_0_axi_periph/s00_couplers/auto_pc/inst/gen_axilite.gen_b2s_conv.axilite_b2s/SI_REG/ar.ar_pipe/aclk
    SLICE_X26Y99         FDRE                                         r  ReRamSpm_i/ps7_0_axi_periph/s00_couplers/auto_pc/inst/gen_axilite.gen_b2s_conv.axilite_b2s/SI_REG/ar.ar_pipe/skid_buffer_reg[5]/C
  -------------------------------------------------------------------    -------------------
    SLICE_X26Y99         FDRE (Prop_fdre_C_Q)         0.148     1.058 r  ReRamSpm_i/ps7_0_axi_periph/s00_couplers/auto_pc/inst/gen_axilite.gen_b2s_conv.axilite_b2s/SI_REG/ar.ar_pipe/skid_buffer_reg[5]/Q
                         net (fo=1, routed)           0.228     1.286    ReRamSpm_i/ps7_0_axi_periph/s00_couplers/auto_pc/inst/gen_axilite.gen_b2s_conv.axilite_b2s/SI_REG/ar.ar_pipe/skid_buffer_reg_n_0_[5]
    SLICE_X26Y100        LUT3 (Prop_lut3_I2_O)        0.099     1.385 r  ReRamSpm_i/ps7_0_axi_periph/s00_couplers/auto_pc/inst/gen_axilite.gen_b2s_conv.axilite_b2s/SI_REG/ar.ar_pipe/m_payload_i[5]_i_1__0/O
                         net (fo=1, routed)           0.000     1.385    ReRamSpm_i/ps7_0_axi_periph/s00_couplers/auto_pc/inst/gen_axilite.gen_b2s_conv.axilite_b2s/SI_REG/ar.ar_pipe/m_payload_i[5]_i_1__0_n_0
    SLICE_X26Y100        FDRE                                         r  ReRamSpm_i/ps7_0_axi_periph/s00_couplers/auto_pc/inst/gen_axilite.gen_b2s_conv.axilite_b2s/SI_REG/ar.ar_pipe/m_payload_i_reg[5]/D
  -------------------------------------------------------------------    -------------------

                         (clock clk_fpga_0 rise edge)
                                                      0.000     0.000 r  
    PS7_X0Y0             PS7                          0.000     0.000 r  ReRamSpm_i/processing_system7_0/inst/PS7_i/FCLKCLK[0]
                         net (fo=1, routed)           0.337     0.337    ReRamSpm_i/processing_system7_0/inst/FCLK_CLK_unbuffered[0]
    BUFGCTRL_X0Y16       BUFG (Prop_bufg_I_O)         0.029     0.366 r  ReRamSpm_i/processing_system7_0/inst/buffer_fclk_clk_0.FCLK_CLK_0_BUFG/O
                         net (fo=26024, routed)       0.930     1.296    ReRamSpm_i/ps7_0_axi_periph/s00_couplers/auto_pc/inst/gen_axilite.gen_b2s_conv.axilite_b2s/SI_REG/ar.ar_pipe/aclk
    SLICE_X26Y100        FDRE                                         r  ReRamSpm_i/ps7_0_axi_periph/s00_couplers/auto_pc/inst/gen_axilite.gen_b2s_conv.axilite_b2s/SI_REG/ar.ar_pipe/m_payload_i_reg[5]/C
                         clock pessimism             -0.035     1.261    
    SLICE_X26Y100        FDRE (Hold_fdre_C_D)         0.121     1.382    ReRamSpm_i/ps7_0_axi_periph/s00_couplers/auto_pc/inst/gen_axilite.gen_b2s_conv.axilite_b2s/SI_REG/ar.ar_pipe/m_payload_i_reg[5]
  -------------------------------------------------------------------
                         required time                         -1.382    
                         arrival time                           1.385    
  -------------------------------------------------------------------
                         slack                                  0.003    

Slack (MET) :             0.039ns  (arrival time - required time)
  Source:                 ReRamSpm_i/ps7_0_axi_periph/s00_couplers/auto_pc/inst/gen_axilite.gen_b2s_conv.axilite_b2s/SI_REG/ar.ar_pipe/m_payload_i_reg[11]/C
                            (rising edge-triggered cell FDRE clocked by clk_fpga_0  {rise@0.000ns fall@10.000ns period=20.000ns})
  Destination:            ReRamSpm_i/ps7_0_axi_periph/s00_couplers/auto_pc/inst/gen_axilite.gen_b2s_conv.axilite_b2s/RD.ar_channel_0/cmd_translator_0/wrap_cmd_0/wrap_boundary_axaddr_r_reg[11]/D
                            (rising edge-triggered cell FDRE clocked by clk_fpga_0  {rise@0.000ns fall@10.000ns period=20.000ns})
  Path Group:             clk_fpga_0
  Path Type:              Hold (Min at Fast Process Corner)
  Requirement:            0.000ns  (clk_fpga_0 rise@0.000ns - clk_fpga_0 rise@0.000ns)
  Data Path Delay:        0.460ns  (logic 0.164ns (35.639%)  route 0.296ns (64.361%))
  Logic Levels:           0  
  Clock Path Skew:        0.351ns (DCD - SCD - CPR)
    Destination Clock Delay (DCD):    1.296ns
    Source Clock Delay      (SCD):    0.910ns
    Clock Pessimism Removal (CPR):    0.035ns

    Location             Delay type                Incr(ns)  Path(ns)    Netlist Resource(s)
  -------------------------------------------------------------------    -------------------
                         (clock clk_fpga_0 rise edge)
                                                      0.000     0.000 r  
    PS7_X0Y0             PS7                          0.000     0.000 r  ReRamSpm_i/processing_system7_0/inst/PS7_i/FCLKCLK[0]
                         net (fo=1, routed)           0.310     0.310    ReRamSpm_i/processing_system7_0/inst/FCLK_CLK_unbuffered[0]
    BUFGCTRL_X0Y16       BUFG (Prop_bufg_I_O)         0.026     0.336 r  ReRamSpm_i/processing_system7_0/inst/buffer_fclk_clk_0.FCLK_CLK_0_BUFG/O
                         net (fo=26024, routed)       0.574     0.910    ReRamSpm_i/ps7_0_axi_periph/s00_couplers/auto_pc/inst/gen_axilite.gen_b2s_conv.axilite_b2s/SI_REG/ar.ar_pipe/aclk
    SLICE_X26Y97         FDRE                                         r  ReRamSpm_i/ps7_0_axi_periph/s00_couplers/auto_pc/inst/gen_axilite.gen_b2s_conv.axilite_b2s/SI_REG/ar.ar_pipe/m_payload_i_reg[11]/C
  -------------------------------------------------------------------    -------------------
    SLICE_X26Y97         FDRE (Prop_fdre_C_Q)         0.164     1.074 r  ReRamSpm_i/ps7_0_axi_periph/s00_couplers/auto_pc/inst/gen_axilite.gen_b2s_conv.axilite_b2s/SI_REG/ar.ar_pipe/m_payload_i_reg[11]/Q
                         net (fo=3, routed)           0.296     1.370    ReRamSpm_i/ps7_0_axi_periph/s00_couplers/auto_pc/inst/gen_axilite.gen_b2s_conv.axilite_b2s/RD.ar_channel_0/cmd_translator_0/wrap_cmd_0/Q[11]
    SLICE_X28Y106        FDRE                                         r  ReRamSpm_i/ps7_0_axi_periph/s00_couplers/auto_pc/inst/gen_axilite.gen_b2s_conv.axilite_b2s/RD.ar_channel_0/cmd_translator_0/wrap_cmd_0/wrap_boundary_axaddr_r_reg[11]/D
  -------------------------------------------------------------------    -------------------

                         (clock clk_fpga_0 rise edge)
                                                      0.000     0.000 r  
    PS7_X0Y0             PS7                          0.000     0.000 r  ReRamSpm_i/processing_system7_0/inst/PS7_i/FCLKCLK[0]
                         net (fo=1, routed)           0.337     0.337    ReRamSpm_i/processing_system7_0/inst/FCLK_CLK_unbuffered[0]
    BUFGCTRL_X0Y16       BUFG (Prop_bufg_I_O)         0.029     0.366 r  ReRamSpm_i/processing_system7_0/inst/buffer_fclk_clk_0.FCLK_CLK_0_BUFG/O
                         net (fo=26024, routed)       0.930     1.296    ReRamSpm_i/ps7_0_axi_periph/s00_couplers/auto_pc/inst/gen_axilite.gen_b2s_conv.axilite_b2s/RD.ar_channel_0/cmd_translator_0/wrap_cmd_0/aclk
    SLICE_X28Y106        FDRE                                         r  ReRamSpm_i/ps7_0_axi_periph/s00_couplers/auto_pc/inst/gen_axilite.gen_b2s_conv.axilite_b2s/RD.ar_channel_0/cmd_translator_0/wrap_cmd_0/wrap_boundary_axaddr_r_reg[11]/C
                         clock pessimism             -0.035     1.261    
    SLICE_X28Y106        FDRE (Hold_fdre_C_D)         0.070     1.331    ReRamSpm_i/ps7_0_axi_periph/s00_couplers/auto_pc/inst/gen_axilite.gen_b2s_conv.axilite_b2s/RD.ar_channel_0/cmd_translator_0/wrap_cmd_0/wrap_boundary_axaddr_r_reg[11]
  -------------------------------------------------------------------
                         required time                         -1.331    
                         arrival time                           1.370    
  -------------------------------------------------------------------
                         slack                                  0.039    

Slack (MET) :             0.075ns  (arrival time - required time)
  Source:                 ReRamSpm_i/reram_axilite_wrapper_0/inst/u_core/word_arrays[1].word_array_inst/cell_instances[2].cell_inst/current_state_reg[1]/C
                            (rising edge-triggered cell FDCE clocked by clk_fpga_0  {rise@0.000ns fall@10.000ns period=20.000ns})
  Destination:            ReRamSpm_i/reram_axilite_wrapper_0/inst/u_core/word_arrays[1].word_array_inst/cell_instances[2].cell_inst/internal_data_out_reg/D
                            (rising edge-triggered cell FDCE clocked by clk_fpga_0  {rise@0.000ns fall@10.000ns period=20.000ns})
  Path Group:             clk_fpga_0
  Path Type:              Hold (Min at Fast Process Corner)
  Requirement:            0.000ns  (clk_fpga_0 rise@0.000ns - clk_fpga_0 rise@0.000ns)
  Data Path Delay:        0.443ns  (logic 0.189ns (42.665%)  route 0.254ns (57.335%))
  Logic Levels:           1  (LUT5=1)
  Clock Path Skew:        0.261ns (DCD - SCD - CPR)
    Destination Clock Delay (DCD):    1.190ns
    Source Clock Delay      (SCD):    0.899ns
    Clock Pessimism Removal (CPR):    0.030ns

    Location             Delay type                Incr(ns)  Path(ns)    Netlist Resource(s)
  -------------------------------------------------------------------    -------------------
                         (clock clk_fpga_0 rise edge)
                                                      0.000     0.000 r  
    PS7_X0Y0             PS7                          0.000     0.000 r  ReRamSpm_i/processing_system7_0/inst/PS7_i/FCLKCLK[0]
                         net (fo=1, routed)           0.310     0.310    ReRamSpm_i/processing_system7_0/inst/FCLK_CLK_unbuffered[0]
    BUFGCTRL_X0Y16       BUFG (Prop_bufg_I_O)         0.026     0.336 r  ReRamSpm_i/processing_system7_0/inst/buffer_fclk_clk_0.FCLK_CLK_0_BUFG/O
                         net (fo=26024, routed)       0.563     0.899    ReRamSpm_i/reram_axilite_wrapper_0/inst/u_core/word_arrays[1].word_array_inst/cell_instances[2].cell_inst/S_AXI_ACLK
    SLICE_X47Y49         FDCE                                         r  ReRamSpm_i/reram_axilite_wrapper_0/inst/u_core/word_arrays[1].word_array_inst/cell_instances[2].cell_inst/current_state_reg[1]/C
  -------------------------------------------------------------------    -------------------
    SLICE_X47Y49         FDCE (Prop_fdce_C_Q)         0.141     1.040 r  ReRamSpm_i/reram_axilite_wrapper_0/inst/u_core/word_arrays[1].word_array_inst/cell_instances[2].cell_inst/current_state_reg[1]/Q
                         net (fo=41, routed)          0.254     1.293    ReRamSpm_i/reram_axilite_wrapper_0/inst/u_core/word_arrays[1].word_array_inst/cell_instances[2].cell_inst/current_state[1]
    SLICE_X40Y54         LUT5 (Prop_lut5_I1_O)        0.048     1.341 r  ReRamSpm_i/reram_axilite_wrapper_0/inst/u_core/word_arrays[1].word_array_inst/cell_instances[2].cell_inst/internal_data_out_i_1__33/O
                         net (fo=1, routed)           0.000     1.341    ReRamSpm_i/reram_axilite_wrapper_0/inst/u_core/word_arrays[1].word_array_inst/cell_instances[2].cell_inst/internal_data_out_i_1__33_n_0
    SLICE_X40Y54         FDCE                                         r  ReRamSpm_i/reram_axilite_wrapper_0/inst/u_core/word_arrays[1].word_array_inst/cell_instances[2].cell_inst/internal_data_out_reg/D
  -------------------------------------------------------------------    -------------------

                         (clock clk_fpga_0 rise edge)
                                                      0.000     0.000 r  
    PS7_X0Y0             PS7                          0.000     0.000 r  ReRamSpm_i/processing_system7_0/inst/PS7_i/FCLKCLK[0]
                         net (fo=1, routed)           0.337     0.337    ReRamSpm_i/processing_system7_0/inst/FCLK_CLK_unbuffered[0]
    BUFGCTRL_X0Y16       BUFG (Prop_bufg_I_O)         0.029     0.366 r  ReRamSpm_i/processing_system7_0/inst/buffer_fclk_clk_0.FCLK_CLK_0_BUFG/O
                         net (fo=26024, routed)       0.824     1.190    ReRamSpm_i/reram_axilite_wrapper_0/inst/u_core/word_arrays[1].word_array_inst/cell_instances[2].cell_inst/S_AXI_ACLK
    SLICE_X40Y54         FDCE                                         r  ReRamSpm_i/reram_axilite_wrapper_0/inst/u_core/word_arrays[1].word_array_inst/cell_instances[2].cell_inst/internal_data_out_reg/C
                         clock pessimism             -0.030     1.160    
    SLICE_X40Y54         FDCE (Hold_fdce_C_D)         0.107     1.267    ReRamSpm_i/reram_axilite_wrapper_0/inst/u_core/word_arrays[1].word_array_inst/cell_instances[2].cell_inst/internal_data_out_reg
  -------------------------------------------------------------------
                         required time                         -1.267    
                         arrival time                           1.341    
  -------------------------------------------------------------------
                         slack                                  0.075    

Slack (MET) :             0.081ns  (arrival time - required time)
  Source:                 ReRamSpm_i/reram_axilite_wrapper_0/inst/u_core/word_arrays[1].word_array_inst/cell_instances[8].cell_inst/write_counter_reg[2]/C
                            (rising edge-triggered cell FDCE clocked by clk_fpga_0  {rise@0.000ns fall@10.000ns period=20.000ns})
  Destination:            ReRamSpm_i/reram_axilite_wrapper_0/inst/u_core/word_arrays[1].word_array_inst/cell_instances[8].cell_inst/write_counter_reg[5]/D
                            (rising edge-triggered cell FDCE clocked by clk_fpga_0  {rise@0.000ns fall@10.000ns period=20.000ns})
  Path Group:             clk_fpga_0
  Path Type:              Hold (Min at Fast Process Corner)
  Requirement:            0.000ns  (clk_fpga_0 rise@0.000ns - clk_fpga_0 rise@0.000ns)
  Data Path Delay:        0.439ns  (logic 0.227ns (51.751%)  route 0.212ns (48.249%))
  Logic Levels:           1  (LUT6=1)
  Clock Path Skew:        0.265ns (DCD - SCD - CPR)
    Destination Clock Delay (DCD):    1.215ns
    Source Clock Delay      (SCD):    0.920ns
    Clock Pessimism Removal (CPR):    0.030ns

    Location             Delay type                Incr(ns)  Path(ns)    Netlist Resource(s)
  -------------------------------------------------------------------    -------------------
                         (clock clk_fpga_0 rise edge)
                                                      0.000     0.000 r  
    PS7_X0Y0             PS7                          0.000     0.000 r  ReRamSpm_i/processing_system7_0/inst/PS7_i/FCLKCLK[0]
                         net (fo=1, routed)           0.310     0.310    ReRamSpm_i/processing_system7_0/inst/FCLK_CLK_unbuffered[0]
    BUFGCTRL_X0Y16       BUFG (Prop_bufg_I_O)         0.026     0.336 r  ReRamSpm_i/processing_system7_0/inst/buffer_fclk_clk_0.FCLK_CLK_0_BUFG/O
                         net (fo=26024, routed)       0.584     0.920    ReRamSpm_i/reram_axilite_wrapper_0/inst/u_core/word_arrays[1].word_array_inst/cell_instances[8].cell_inst/S_AXI_ACLK
    SLICE_X56Y49         FDCE                                         r  ReRamSpm_i/reram_axilite_wrapper_0/inst/u_core/word_arrays[1].word_array_inst/cell_instances[8].cell_inst/write_counter_reg[2]/C
  -------------------------------------------------------------------    -------------------
    SLICE_X56Y49         FDCE (Prop_fdce_C_Q)         0.128     1.048 r  ReRamSpm_i/reram_axilite_wrapper_0/inst/u_core/word_arrays[1].word_array_inst/cell_instances[8].cell_inst/write_counter_reg[2]/Q
                         net (fo=8, routed)           0.212     1.259    ReRamSpm_i/reram_axilite_wrapper_0/inst/u_core/word_arrays[1].word_array_inst/cell_instances[8].cell_inst/write_cycles[2]
    SLICE_X61Y50         LUT6 (Prop_lut6_I1_O)        0.099     1.358 r  ReRamSpm_i/reram_axilite_wrapper_0/inst/u_core/word_arrays[1].word_array_inst/cell_instances[8].cell_inst/write_counter[5]_i_1__39/O
                         net (fo=1, routed)           0.000     1.358    ReRamSpm_i/reram_axilite_wrapper_0/inst/u_core/word_arrays[1].word_array_inst/cell_instances[8].cell_inst/p_0_in[5]
    SLICE_X61Y50         FDCE                                         r  ReRamSpm_i/reram_axilite_wrapper_0/inst/u_core/word_arrays[1].word_array_inst/cell_instances[8].cell_inst/write_counter_reg[5]/D
  -------------------------------------------------------------------    -------------------

                         (clock clk_fpga_0 rise edge)
                                                      0.000     0.000 r  
    PS7_X0Y0             PS7                          0.000     0.000 r  ReRamSpm_i/processing_system7_0/inst/PS7_i/FCLKCLK[0]
                         net (fo=1, routed)           0.337     0.337    ReRamSpm_i/processing_system7_0/inst/FCLK_CLK_unbuffered[0]
    BUFGCTRL_X0Y16       BUFG (Prop_bufg_I_O)         0.029     0.366 r  ReRamSpm_i/processing_system7_0/inst/buffer_fclk_clk_0.FCLK_CLK_0_BUFG/O
                         net (fo=26024, routed)       0.849     1.215    ReRamSpm_i/reram_axilite_wrapper_0/inst/u_core/word_arrays[1].word_array_inst/cell_instances[8].cell_inst/S_AXI_ACLK
    SLICE_X61Y50         FDCE                                         r  ReRamSpm_i/reram_axilite_wrapper_0/inst/u_core/word_arrays[1].word_array_inst/cell_instances[8].cell_inst/write_counter_reg[5]/C
                         clock pessimism             -0.030     1.185    
    SLICE_X61Y50         FDCE (Hold_fdce_C_D)         0.092     1.277    ReRamSpm_i/reram_axilite_wrapper_0/inst/u_core/word_arrays[1].word_array_inst/cell_instances[8].cell_inst/write_counter_reg[5]
  -------------------------------------------------------------------
                         required time                         -1.277    
                         arrival time                           1.358    
  -------------------------------------------------------------------
                         slack                                  0.081    

Slack (MET) :             0.083ns  (arrival time - required time)
  Source:                 ReRamSpm_i/reram_axilite_wrapper_0/inst/u_core/word_arrays[1].word_array_inst/cell_instances[1].cell_inst/write_counter_reg[1]/C
                            (rising edge-triggered cell FDCE clocked by clk_fpga_0  {rise@0.000ns fall@10.000ns period=20.000ns})
  Destination:            ReRamSpm_i/reram_axilite_wrapper_0/inst/u_core/word_arrays[1].word_array_inst/cell_instances[1].cell_inst/write_counter_reg[5]/D
                            (rising edge-triggered cell FDCE clocked by clk_fpga_0  {rise@0.000ns fall@10.000ns period=20.000ns})
  Path Group:             clk_fpga_0
  Path Type:              Hold (Min at Fast Process Corner)
  Requirement:            0.000ns  (clk_fpga_0 rise@0.000ns - clk_fpga_0 rise@0.000ns)
  Data Path Delay:        0.437ns  (logic 0.209ns (47.820%)  route 0.228ns (52.180%))
  Logic Levels:           1  (LUT6=1)
  Clock Path Skew:        0.263ns (DCD - SCD - CPR)
    Destination Clock Delay (DCD):    1.215ns
    Source Clock Delay      (SCD):    0.922ns
    Clock Pessimism Removal (CPR):    0.030ns

    Location             Delay type                Incr(ns)  Path(ns)    Netlist Resource(s)
  -------------------------------------------------------------------    -------------------
                         (clock clk_fpga_0 rise edge)
                                                      0.000     0.000 r  
    PS7_X0Y0             PS7                          0.000     0.000 r  ReRamSpm_i/processing_system7_0/inst/PS7_i/FCLKCLK[0]
                         net (fo=1, routed)           0.310     0.310    ReRamSpm_i/processing_system7_0/inst/FCLK_CLK_unbuffered[0]
    BUFGCTRL_X0Y16       BUFG (Prop_bufg_I_O)         0.026     0.336 r  ReRamSpm_i/processing_system7_0/inst/buffer_fclk_clk_0.FCLK_CLK_0_BUFG/O
                         net (fo=26024, routed)       0.586     0.922    ReRamSpm_i/reram_axilite_wrapper_0/inst/u_core/word_arrays[1].word_array_inst/cell_instances[1].cell_inst/S_AXI_ACLK
    SLICE_X62Y49         FDCE                                         r  ReRamSpm_i/reram_axilite_wrapper_0/inst/u_core/word_arrays[1].word_array_inst/cell_instances[1].cell_inst/write_counter_reg[1]/C
  -------------------------------------------------------------------    -------------------
    SLICE_X62Y49         FDCE (Prop_fdce_C_Q)         0.164     1.086 r  ReRamSpm_i/reram_axilite_wrapper_0/inst/u_core/word_arrays[1].word_array_inst/cell_instances[1].cell_inst/write_counter_reg[1]/Q
                         net (fo=11, routed)          0.228     1.314    ReRamSpm_i/reram_axilite_wrapper_0/inst/u_core/word_arrays[1].word_array_inst/cell_instances[1].cell_inst/write_cycles[1]
    SLICE_X64Y50         LUT6 (Prop_lut6_I3_O)        0.045     1.359 r  ReRamSpm_i/reram_axilite_wrapper_0/inst/u_core/word_arrays[1].word_array_inst/cell_instances[1].cell_inst/write_counter[5]_i_1__32/O
                         net (fo=1, routed)           0.000     1.359    ReRamSpm_i/reram_axilite_wrapper_0/inst/u_core/word_arrays[1].word_array_inst/cell_instances[1].cell_inst/p_0_in[5]
    SLICE_X64Y50         FDCE                                         r  ReRamSpm_i/reram_axilite_wrapper_0/inst/u_core/word_arrays[1].word_array_inst/cell_instances[1].cell_inst/write_counter_reg[5]/D
  -------------------------------------------------------------------    -------------------

                         (clock clk_fpga_0 rise edge)
                                                      0.000     0.000 r  
    PS7_X0Y0             PS7                          0.000     0.000 r  ReRamSpm_i/processing_system7_0/inst/PS7_i/FCLKCLK[0]
                         net (fo=1, routed)           0.337     0.337    ReRamSpm_i/processing_system7_0/inst/FCLK_CLK_unbuffered[0]
    BUFGCTRL_X0Y16       BUFG (Prop_bufg_I_O)         0.029     0.366 r  ReRamSpm_i/processing_system7_0/inst/buffer_fclk_clk_0.FCLK_CLK_0_BUFG/O
                         net (fo=26024, routed)       0.849     1.215    ReRamSpm_i/reram_axilite_wrapper_0/inst/u_core/word_arrays[1].word_array_inst/cell_instances[1].cell_inst/S_AXI_ACLK
    SLICE_X64Y50         FDCE                                         r  ReRamSpm_i/reram_axilite_wrapper_0/inst/u_core/word_arrays[1].word_array_inst/cell_instances[1].cell_inst/write_counter_reg[5]/C
                         clock pessimism             -0.030     1.185    
    SLICE_X64Y50         FDCE (Hold_fdce_C_D)         0.091     1.276    ReRamSpm_i/reram_axilite_wrapper_0/inst/u_core/word_arrays[1].word_array_inst/cell_instances[1].cell_inst/write_counter_reg[5]
  -------------------------------------------------------------------
                         required time                         -1.276    
                         arrival time                           1.359    
  -------------------------------------------------------------------
                         slack                                  0.083    

Slack (MET) :             0.086ns  (arrival time - required time)
  Source:                 ReRamSpm_i/reram_axilite_wrapper_0/inst/u_core/word_arrays[0].word_array_inst/cell_instances[22].cell_inst/write_counter_reg[1]/C
                            (rising edge-triggered cell FDCE clocked by clk_fpga_0  {rise@0.000ns fall@10.000ns period=20.000ns})
  Destination:            ReRamSpm_i/reram_axilite_wrapper_0/inst/u_core/word_arrays[0].word_array_inst/cell_instances[22].cell_inst/write_counter_reg[5]/D
                            (rising edge-triggered cell FDCE clocked by clk_fpga_0  {rise@0.000ns fall@10.000ns period=20.000ns})
  Path Group:             clk_fpga_0
  Path Type:              Hold (Min at Fast Process Corner)
  Requirement:            0.000ns  (clk_fpga_0 rise@0.000ns - clk_fpga_0 rise@0.000ns)
  Data Path Delay:        0.451ns  (logic 0.186ns (41.203%)  route 0.265ns (58.797%))
  Logic Levels:           1  (LUT6=1)
  Clock Path Skew:        0.273ns (DCD - SCD - CPR)
    Destination Clock Delay (DCD):    1.196ns
    Source Clock Delay      (SCD):    0.893ns
    Clock Pessimism Removal (CPR):    0.030ns

    Location             Delay type                Incr(ns)  Path(ns)    Netlist Resource(s)
  -------------------------------------------------------------------    -------------------
                         (clock clk_fpga_0 rise edge)
                                                      0.000     0.000 r  
    PS7_X0Y0             PS7                          0.000     0.000 r  ReRamSpm_i/processing_system7_0/inst/PS7_i/FCLKCLK[0]
                         net (fo=1, routed)           0.310     0.310    ReRamSpm_i/processing_system7_0/inst/FCLK_CLK_unbuffered[0]
    BUFGCTRL_X0Y16       BUFG (Prop_bufg_I_O)         0.026     0.336 r  ReRamSpm_i/processing_system7_0/inst/buffer_fclk_clk_0.FCLK_CLK_0_BUFG/O
                         net (fo=26024, routed)       0.557     0.893    ReRamSpm_i/reram_axilite_wrapper_0/inst/u_core/word_arrays[0].word_array_inst/cell_instances[22].cell_inst/S_AXI_ACLK
    SLICE_X47Y51         FDCE                                         r  ReRamSpm_i/reram_axilite_wrapper_0/inst/u_core/word_arrays[0].word_array_inst/cell_instances[22].cell_inst/write_counter_reg[1]/C
  -------------------------------------------------------------------    -------------------
    SLICE_X47Y51         FDCE (Prop_fdce_C_Q)         0.141     1.034 r  ReRamSpm_i/reram_axilite_wrapper_0/inst/u_core/word_arrays[0].word_array_inst/cell_instances[22].cell_inst/write_counter_reg[1]/Q
                         net (fo=9, routed)           0.265     1.299    ReRamSpm_i/reram_axilite_wrapper_0/inst/u_core/word_arrays[0].word_array_inst/cell_instances[22].cell_inst/write_cycles[1]
    SLICE_X47Y47         LUT6 (Prop_lut6_I3_O)        0.045     1.344 r  ReRamSpm_i/reram_axilite_wrapper_0/inst/u_core/word_arrays[0].word_array_inst/cell_instances[22].cell_inst/write_counter[5]_i_1__21/O
                         net (fo=1, routed)           0.000     1.344    ReRamSpm_i/reram_axilite_wrapper_0/inst/u_core/word_arrays[0].word_array_inst/cell_instances[22].cell_inst/p_0_in[5]
    SLICE_X47Y47         FDCE                                         r  ReRamSpm_i/reram_axilite_wrapper_0/inst/u_core/word_arrays[0].word_array_inst/cell_instances[22].cell_inst/write_counter_reg[5]/D
  -------------------------------------------------------------------    -------------------

                         (clock clk_fpga_0 rise edge)
                                                      0.000     0.000 r  
    PS7_X0Y0             PS7                          0.000     0.000 r  ReRamSpm_i/processing_system7_0/inst/PS7_i/FCLKCLK[0]
                         net (fo=1, routed)           0.337     0.337    ReRamSpm_i/processing_system7_0/inst/FCLK_CLK_unbuffered[0]
    BUFGCTRL_X0Y16       BUFG (Prop_bufg_I_O)         0.029     0.366 r  ReRamSpm_i/processing_system7_0/inst/buffer_fclk_clk_0.FCLK_CLK_0_BUFG/O
                         net (fo=26024, routed)       0.830     1.196    ReRamSpm_i/reram_axilite_wrapper_0/inst/u_core/word_arrays[0].word_array_inst/cell_instances[22].cell_inst/S_AXI_ACLK
    SLICE_X47Y47         FDCE                                         r  ReRamSpm_i/reram_axilite_wrapper_0/inst/u_core/word_arrays[0].word_array_inst/cell_instances[22].cell_inst/write_counter_reg[5]/C
                         clock pessimism             -0.030     1.166    
    SLICE_X47Y47         FDCE (Hold_fdce_C_D)         0.092     1.258    ReRamSpm_i/reram_axilite_wrapper_0/inst/u_core/word_arrays[0].word_array_inst/cell_instances[22].cell_inst/write_counter_reg[5]
  -------------------------------------------------------------------
                         required time                         -1.258    
                         arrival time                           1.344    
  -------------------------------------------------------------------
                         slack                                  0.086    

Slack (MET) :             0.088ns  (arrival time - required time)
  Source:                 ReRamSpm_i/reram_axilite_wrapper_0/inst/u_core/word_arrays[1].word_array_inst/cell_instances[2].cell_inst/current_state_reg[1]/C
                            (rising edge-triggered cell FDCE clocked by clk_fpga_0  {rise@0.000ns fall@10.000ns period=20.000ns})
  Destination:            ReRamSpm_i/reram_axilite_wrapper_0/inst/u_core/word_arrays[1].word_array_inst/cell_instances[2].cell_inst/internal_cell_state_reg/D
                            (rising edge-triggered cell FDCE clocked by clk_fpga_0  {rise@0.000ns fall@10.000ns period=20.000ns})
  Path Group:             clk_fpga_0
  Path Type:              Hold (Min at Fast Process Corner)
  Requirement:            0.000ns  (clk_fpga_0 rise@0.000ns - clk_fpga_0 rise@0.000ns)
  Data Path Delay:        0.440ns  (logic 0.186ns (42.274%)  route 0.254ns (57.726%))
  Logic Levels:           1  (LUT4=1)
  Clock Path Skew:        0.261ns (DCD - SCD - CPR)
    Destination Clock Delay (DCD):    1.190ns
    Source Clock Delay      (SCD):    0.899ns
    Clock Pessimism Removal (CPR):    0.030ns

    Location             Delay type                Incr(ns)  Path(ns)    Netlist Resource(s)
  -------------------------------------------------------------------    -------------------
                         (clock clk_fpga_0 rise edge)
                                                      0.000     0.000 r  
    PS7_X0Y0             PS7                          0.000     0.000 r  ReRamSpm_i/processing_system7_0/inst/PS7_i/FCLKCLK[0]
                         net (fo=1, routed)           0.310     0.310    ReRamSpm_i/processing_system7_0/inst/FCLK_CLK_unbuffered[0]
    BUFGCTRL_X0Y16       BUFG (Prop_bufg_I_O)         0.026     0.336 r  ReRamSpm_i/processing_system7_0/inst/buffer_fclk_clk_0.FCLK_CLK_0_BUFG/O
                         net (fo=26024, routed)       0.563     0.899    ReRamSpm_i/reram_axilite_wrapper_0/inst/u_core/word_arrays[1].word_array_inst/cell_instances[2].cell_inst/S_AXI_ACLK
    SLICE_X47Y49         FDCE                                         r  ReRamSpm_i/reram_axilite_wrapper_0/inst/u_core/word_arrays[1].word_array_inst/cell_instances[2].cell_inst/current_state_reg[1]/C
  -------------------------------------------------------------------    -------------------
    SLICE_X47Y49         FDCE (Prop_fdce_C_Q)         0.141     1.040 r  ReRamSpm_i/reram_axilite_wrapper_0/inst/u_core/word_arrays[1].word_array_inst/cell_instances[2].cell_inst/current_state_reg[1]/Q
                         net (fo=41, routed)          0.254     1.293    ReRamSpm_i/reram_axilite_wrapper_0/inst/u_core/word_arrays[1].word_array_inst/cell_instances[2].cell_inst/current_state[1]
    SLICE_X40Y54         LUT4 (Prop_lut4_I2_O)        0.045     1.338 r  ReRamSpm_i/reram_axilite_wrapper_0/inst/u_core/word_arrays[1].word_array_inst/cell_instances[2].cell_inst/internal_cell_state_i_1__33/O
                         net (fo=1, routed)           0.000     1.338    ReRamSpm_i/reram_axilite_wrapper_0/inst/u_core/word_arrays[1].word_array_inst/cell_instances[2].cell_inst/internal_cell_state_i_1__33_n_0
    SLICE_X40Y54         FDCE                                         r  ReRamSpm_i/reram_axilite_wrapper_0/inst/u_core/word_arrays[1].word_array_inst/cell_instances[2].cell_inst/internal_cell_state_reg/D
  -------------------------------------------------------------------    -------------------

                         (clock clk_fpga_0 rise edge)
                                                      0.000     0.000 r  
    PS7_X0Y0             PS7                          0.000     0.000 r  ReRamSpm_i/processing_system7_0/inst/PS7_i/FCLKCLK[0]
                         net (fo=1, routed)           0.337     0.337    ReRamSpm_i/processing_system7_0/inst/FCLK_CLK_unbuffered[0]
    BUFGCTRL_X0Y16       BUFG (Prop_bufg_I_O)         0.029     0.366 r  ReRamSpm_i/processing_system7_0/inst/buffer_fclk_clk_0.FCLK_CLK_0_BUFG/O
                         net (fo=26024, routed)       0.824     1.190    ReRamSpm_i/reram_axilite_wrapper_0/inst/u_core/word_arrays[1].word_array_inst/cell_instances[2].cell_inst/S_AXI_ACLK
    SLICE_X40Y54         FDCE                                         r  ReRamSpm_i/reram_axilite_wrapper_0/inst/u_core/word_arrays[1].word_array_inst/cell_instances[2].cell_inst/internal_cell_state_reg/C
                         clock pessimism             -0.030     1.160    
    SLICE_X40Y54         FDCE (Hold_fdce_C_D)         0.091     1.251    ReRamSpm_i/reram_axilite_wrapper_0/inst/u_core/word_arrays[1].word_array_inst/cell_instances[2].cell_inst/internal_cell_state_reg
  -------------------------------------------------------------------
                         required time                         -1.251    
                         arrival time                           1.338    
  -------------------------------------------------------------------
                         slack                                  0.088    

Slack (MET) :             0.088ns  (arrival time - required time)
  Source:                 ReRamSpm_i/reram_axilite_wrapper_0/inst/u_core/word_arrays[7].word_array_inst/cell_instances[14].cell_inst/current_state_reg[1]/C
                            (rising edge-triggered cell FDCE clocked by clk_fpga_0  {rise@0.000ns fall@10.000ns period=20.000ns})
  Destination:            ReRamSpm_i/reram_axilite_wrapper_0/inst/u_core/word_arrays[7].word_array_inst/cell_instances[14].cell_inst/delay_counter_reg[28]/D
                            (rising edge-triggered cell FDCE clocked by clk_fpga_0  {rise@0.000ns fall@10.000ns period=20.000ns})
  Path Group:             clk_fpga_0
  Path Type:              Hold (Min at Fast Process Corner)
  Requirement:            0.000ns  (clk_fpga_0 rise@0.000ns - clk_fpga_0 rise@0.000ns)
  Data Path Delay:        0.460ns  (logic 0.190ns (41.336%)  route 0.270ns (58.664%))
  Logic Levels:           1  (LUT4=1)
  Clock Path Skew:        0.264ns (DCD - SCD - CPR)
    Destination Clock Delay (DCD):    1.269ns
    Source Clock Delay      (SCD):    0.966ns
    Clock Pessimism Removal (CPR):    0.039ns

    Location             Delay type                Incr(ns)  Path(ns)    Netlist Resource(s)
  -------------------------------------------------------------------    -------------------
                         (clock clk_fpga_0 rise edge)
                                                      0.000     0.000 r  
    PS7_X0Y0             PS7                          0.000     0.000 r  ReRamSpm_i/processing_system7_0/inst/PS7_i/FCLKCLK[0]
                         net (fo=1, routed)           0.310     0.310    ReRamSpm_i/processing_system7_0/inst/FCLK_CLK_unbuffered[0]
    BUFGCTRL_X0Y16       BUFG (Prop_bufg_I_O)         0.026     0.336 r  ReRamSpm_i/processing_system7_0/inst/buffer_fclk_clk_0.FCLK_CLK_0_BUFG/O
                         net (fo=26024, routed)       0.630     0.966    ReRamSpm_i/reram_axilite_wrapper_0/inst/u_core/word_arrays[7].word_array_inst/cell_instances[14].cell_inst/S_AXI_ACLK
    SLICE_X51Y136        FDCE                                         r  ReRamSpm_i/reram_axilite_wrapper_0/inst/u_core/word_arrays[7].word_array_inst/cell_instances[14].cell_inst/current_state_reg[1]/C
  -------------------------------------------------------------------    -------------------
    SLICE_X51Y136        FDCE (Prop_fdce_C_Q)         0.141     1.107 r  ReRamSpm_i/reram_axilite_wrapper_0/inst/u_core/word_arrays[7].word_array_inst/cell_instances[14].cell_inst/current_state_reg[1]/Q
                         net (fo=41, routed)          0.270     1.377    ReRamSpm_i/reram_axilite_wrapper_0/inst/u_core/word_arrays[7].word_array_inst/cell_instances[14].cell_inst/current_state[1]
    SLICE_X48Y133        LUT4 (Prop_lut4_I2_O)        0.049     1.426 r  ReRamSpm_i/reram_axilite_wrapper_0/inst/u_core/word_arrays[7].word_array_inst/cell_instances[14].cell_inst/delay_counter[28]_i_1__237/O
                         net (fo=1, routed)           0.000     1.426    ReRamSpm_i/reram_axilite_wrapper_0/inst/u_core/word_arrays[7].word_array_inst/cell_instances[14].cell_inst/delay_counter[28]_i_1__237_n_0
    SLICE_X48Y133        FDCE                                         r  ReRamSpm_i/reram_axilite_wrapper_0/inst/u_core/word_arrays[7].word_array_inst/cell_instances[14].cell_inst/delay_counter_reg[28]/D
  -------------------------------------------------------------------    -------------------

                         (clock clk_fpga_0 rise edge)
                                                      0.000     0.000 r  
    PS7_X0Y0             PS7                          0.000     0.000 r  ReRamSpm_i/processing_system7_0/inst/PS7_i/FCLKCLK[0]
                         net (fo=1, routed)           0.337     0.337    ReRamSpm_i/processing_system7_0/inst/FCLK_CLK_unbuffered[0]
    BUFGCTRL_X0Y16       BUFG (Prop_bufg_I_O)         0.029     0.366 r  ReRamSpm_i/processing_system7_0/inst/buffer_fclk_clk_0.FCLK_CLK_0_BUFG/O
                         net (fo=26024, routed)       0.903     1.269    ReRamSpm_i/reram_axilite_wrapper_0/inst/u_core/word_arrays[7].word_array_inst/cell_instances[14].cell_inst/S_AXI_ACLK
    SLICE_X48Y133        FDCE                                         r  ReRamSpm_i/reram_axilite_wrapper_0/inst/u_core/word_arrays[7].word_array_inst/cell_instances[14].cell_inst/delay_counter_reg[28]/C
                         clock pessimism             -0.039     1.230    
    SLICE_X48Y133        FDCE (Hold_fdce_C_D)         0.107     1.337    ReRamSpm_i/reram_axilite_wrapper_0/inst/u_core/word_arrays[7].word_array_inst/cell_instances[14].cell_inst/delay_counter_reg[28]
  -------------------------------------------------------------------
                         required time                         -1.337    
                         arrival time                           1.426    
  -------------------------------------------------------------------
                         slack                                  0.088    

Slack (MET) :             0.089ns  (arrival time - required time)
  Source:                 ReRamSpm_i/reram_axilite_wrapper_0/inst/u_core/word_arrays[6].word_array_inst/cell_instances[19].cell_inst/write_counter_reg[2]/C
                            (rising edge-triggered cell FDCE clocked by clk_fpga_0  {rise@0.000ns fall@10.000ns period=20.000ns})
  Destination:            ReRamSpm_i/reram_axilite_wrapper_0/inst/u_core/word_arrays[6].word_array_inst/cell_instances[19].cell_inst/write_counter_reg[5]/D
                            (rising edge-triggered cell FDCE clocked by clk_fpga_0  {rise@0.000ns fall@10.000ns period=20.000ns})
  Path Group:             clk_fpga_0
  Path Type:              Hold (Min at Fast Process Corner)
  Requirement:            0.000ns  (clk_fpga_0 rise@0.000ns - clk_fpga_0 rise@0.000ns)
  Data Path Delay:        0.391ns  (logic 0.227ns (58.038%)  route 0.164ns (41.962%))
  Logic Levels:           1  (LUT6=1)
  Clock Path Skew:        0.182ns (DCD - SCD - CPR)
    Destination Clock Delay (DCD):    1.215ns
    Source Clock Delay      (SCD):    0.998ns
    Clock Pessimism Removal (CPR):    0.035ns

    Location             Delay type                Incr(ns)  Path(ns)    Netlist Resource(s)
  -------------------------------------------------------------------    -------------------
                         (clock clk_fpga_0 rise edge)
                                                      0.000     0.000 r  
    PS7_X0Y0             PS7                          0.000     0.000 r  ReRamSpm_i/processing_system7_0/inst/PS7_i/FCLKCLK[0]
                         net (fo=1, routed)           0.310     0.310    ReRamSpm_i/processing_system7_0/inst/FCLK_CLK_unbuffered[0]
    BUFGCTRL_X0Y16       BUFG (Prop_bufg_I_O)         0.026     0.336 r  ReRamSpm_i/processing_system7_0/inst/buffer_fclk_clk_0.FCLK_CLK_0_BUFG/O
                         net (fo=26024, routed)       0.662     0.998    ReRamSpm_i/reram_axilite_wrapper_0/inst/u_core/word_arrays[6].word_array_inst/cell_instances[19].cell_inst/S_AXI_ACLK
    SLICE_X61Y100        FDCE                                         r  ReRamSpm_i/reram_axilite_wrapper_0/inst/u_core/word_arrays[6].word_array_inst/cell_instances[19].cell_inst/write_counter_reg[2]/C
  -------------------------------------------------------------------    -------------------
    SLICE_X61Y100        FDCE (Prop_fdce_C_Q)         0.128     1.126 r  ReRamSpm_i/reram_axilite_wrapper_0/inst/u_core/word_arrays[6].word_array_inst/cell_instances[19].cell_inst/write_counter_reg[2]/Q
                         net (fo=9, routed)           0.164     1.290    ReRamSpm_i/reram_axilite_wrapper_0/inst/u_core/word_arrays[6].word_array_inst/cell_instances[19].cell_inst/write_cycles[2]
    SLICE_X62Y99         LUT6 (Prop_lut6_I1_O)        0.099     1.389 r  ReRamSpm_i/reram_axilite_wrapper_0/inst/u_core/word_arrays[6].word_array_inst/cell_instances[19].cell_inst/write_counter[5]_i_1__210/O
                         net (fo=1, routed)           0.000     1.389    ReRamSpm_i/reram_axilite_wrapper_0/inst/u_core/word_arrays[6].word_array_inst/cell_instances[19].cell_inst/p_0_in[5]
    SLICE_X62Y99         FDCE                                         r  ReRamSpm_i/reram_axilite_wrapper_0/inst/u_core/word_arrays[6].word_array_inst/cell_instances[19].cell_inst/write_counter_reg[5]/D
  -------------------------------------------------------------------    -------------------

                         (clock clk_fpga_0 rise edge)
                                                      0.000     0.000 r  
    PS7_X0Y0             PS7                          0.000     0.000 r  ReRamSpm_i/processing_system7_0/inst/PS7_i/FCLKCLK[0]
                         net (fo=1, routed)           0.337     0.337    ReRamSpm_i/processing_system7_0/inst/FCLK_CLK_unbuffered[0]
    BUFGCTRL_X0Y16       BUFG (Prop_bufg_I_O)         0.029     0.366 r  ReRamSpm_i/processing_system7_0/inst/buffer_fclk_clk_0.FCLK_CLK_0_BUFG/O
                         net (fo=26024, routed)       0.849     1.215    ReRamSpm_i/reram_axilite_wrapper_0/inst/u_core/word_arrays[6].word_array_inst/cell_instances[19].cell_inst/S_AXI_ACLK
    SLICE_X62Y99         FDCE                                         r  ReRamSpm_i/reram_axilite_wrapper_0/inst/u_core/word_arrays[6].word_array_inst/cell_instances[19].cell_inst/write_counter_reg[5]/C
                         clock pessimism             -0.035     1.180    
    SLICE_X62Y99         FDCE (Hold_fdce_C_D)         0.120     1.300    ReRamSpm_i/reram_axilite_wrapper_0/inst/u_core/word_arrays[6].word_array_inst/cell_instances[19].cell_inst/write_counter_reg[5]
  -------------------------------------------------------------------
                         required time                         -1.300    
                         arrival time                           1.389    
  -------------------------------------------------------------------
                         slack                                  0.089    

Slack (MET) :             0.093ns  (arrival time - required time)
  Source:                 ReRamSpm_i/reram_axilite_wrapper_0/inst/u_core/word_arrays[0].word_array_inst/cell_instances[2].cell_inst/current_state_reg[1]/C
                            (rising edge-triggered cell FDCE clocked by clk_fpga_0  {rise@0.000ns fall@10.000ns period=20.000ns})
  Destination:            ReRamSpm_i/reram_axilite_wrapper_0/inst/u_core/word_arrays[0].word_array_inst/cell_instances[2].cell_inst/delay_counter_reg[1]/D
                            (rising edge-triggered cell FDCE clocked by clk_fpga_0  {rise@0.000ns fall@10.000ns period=20.000ns})
  Path Group:             clk_fpga_0
  Path Type:              Hold (Min at Fast Process Corner)
  Requirement:            0.000ns  (clk_fpga_0 rise@0.000ns - clk_fpga_0 rise@0.000ns)
  Data Path Delay:        0.451ns  (logic 0.189ns (41.882%)  route 0.262ns (58.118%))
  Logic Levels:           1  (LUT4=1)
  Clock Path Skew:        0.251ns (DCD - SCD - CPR)
    Destination Clock Delay (DCD):    1.209ns
    Source Clock Delay      (SCD):    0.928ns
    Clock Pessimism Removal (CPR):    0.030ns

    Location             Delay type                Incr(ns)  Path(ns)    Netlist Resource(s)
  -------------------------------------------------------------------    -------------------
                         (clock clk_fpga_0 rise edge)
                                                      0.000     0.000 r  
    PS7_X0Y0             PS7                          0.000     0.000 r  ReRamSpm_i/processing_system7_0/inst/PS7_i/FCLKCLK[0]
                         net (fo=1, routed)           0.310     0.310    ReRamSpm_i/processing_system7_0/inst/FCLK_CLK_unbuffered[0]
    BUFGCTRL_X0Y16       BUFG (Prop_bufg_I_O)         0.026     0.336 r  ReRamSpm_i/processing_system7_0/inst/buffer_fclk_clk_0.FCLK_CLK_0_BUFG/O
                         net (fo=26024, routed)       0.592     0.928    ReRamSpm_i/reram_axilite_wrapper_0/inst/u_core/word_arrays[0].word_array_inst/cell_instances[2].cell_inst/S_AXI_ACLK
    SLICE_X24Y49         FDCE                                         r  ReRamSpm_i/reram_axilite_wrapper_0/inst/u_core/word_arrays[0].word_array_inst/cell_instances[2].cell_inst/current_state_reg[1]/C
  -------------------------------------------------------------------    -------------------
    SLICE_X24Y49         FDCE (Prop_fdce_C_Q)         0.141     1.069 r  ReRamSpm_i/reram_axilite_wrapper_0/inst/u_core/word_arrays[0].word_array_inst/cell_instances[2].cell_inst/current_state_reg[1]/Q
                         net (fo=41, routed)          0.262     1.331    ReRamSpm_i/reram_axilite_wrapper_0/inst/u_core/word_arrays[0].word_array_inst/cell_instances[2].cell_inst/current_state[1]
    SLICE_X27Y56         LUT4 (Prop_lut4_I2_O)        0.048     1.379 r  ReRamSpm_i/reram_axilite_wrapper_0/inst/u_core/word_arrays[0].word_array_inst/cell_instances[2].cell_inst/delay_counter[1]_i_1__1/O
                         net (fo=1, routed)           0.000     1.379    ReRamSpm_i/reram_axilite_wrapper_0/inst/u_core/word_arrays[0].word_array_inst/cell_instances[2].cell_inst/delay_counter[1]_i_1__1_n_0
    SLICE_X27Y56         FDCE                                         r  ReRamSpm_i/reram_axilite_wrapper_0/inst/u_core/word_arrays[0].word_array_inst/cell_instances[2].cell_inst/delay_counter_reg[1]/D
  -------------------------------------------------------------------    -------------------

                         (clock clk_fpga_0 rise edge)
                                                      0.000     0.000 r  
    PS7_X0Y0             PS7                          0.000     0.000 r  ReRamSpm_i/processing_system7_0/inst/PS7_i/FCLKCLK[0]
                         net (fo=1, routed)           0.337     0.337    ReRamSpm_i/processing_system7_0/inst/FCLK_CLK_unbuffered[0]
    BUFGCTRL_X0Y16       BUFG (Prop_bufg_I_O)         0.029     0.366 r  ReRamSpm_i/processing_system7_0/inst/buffer_fclk_clk_0.FCLK_CLK_0_BUFG/O
                         net (fo=26024, routed)       0.843     1.209    ReRamSpm_i/reram_axilite_wrapper_0/inst/u_core/word_arrays[0].word_array_inst/cell_instances[2].cell_inst/S_AXI_ACLK
    SLICE_X27Y56         FDCE                                         r  ReRamSpm_i/reram_axilite_wrapper_0/inst/u_core/word_arrays[0].word_array_inst/cell_instances[2].cell_inst/delay_counter_reg[1]/C
                         clock pessimism             -0.030     1.179    
    SLICE_X27Y56         FDCE (Hold_fdce_C_D)         0.107     1.286    ReRamSpm_i/reram_axilite_wrapper_0/inst/u_core/word_arrays[0].word_array_inst/cell_instances[2].cell_inst/delay_counter_reg[1]
  -------------------------------------------------------------------
                         required time                         -1.286    
                         arrival time                           1.379    
  -------------------------------------------------------------------
                         slack                                  0.093    





Pulse Width Checks
--------------------------------------------------------------------------------------
Clock Name:         clk_fpga_0
Waveform(ns):       { 0.000 10.000 }
Period(ns):         20.000
Sources:            { ReRamSpm_i/processing_system7_0/inst/PS7_i/FCLKCLK[0] }

Check Type        Corner  Lib Pin      Reference Pin  Required(ns)  Actual(ns)  Slack(ns)  Location        Pin
Min Period        n/a     BUFG/I       n/a            2.155         20.000      17.845     BUFGCTRL_X0Y16  ReRamSpm_i/processing_system7_0/inst/buffer_fclk_clk_0.FCLK_CLK_0_BUFG/I
Min Period        n/a     FDCE/C       n/a            1.000         20.000      19.000     SLICE_X92Y78    ReRamSpm_i/reram_axilite_wrapper_0/inst/u_core/word_arrays[10].word_array_inst/cell_instances[31].cell_inst/write_counter_reg[3]/C
Min Period        n/a     FDCE/C       n/a            1.000         20.000      19.000     SLICE_X92Y78    ReRamSpm_i/reram_axilite_wrapper_0/inst/u_core/word_arrays[10].word_array_inst/cell_instances[31].cell_inst/write_counter_reg[4]/C
Min Period        n/a     FDCE/C       n/a            1.000         20.000      19.000     SLICE_X96Y76    ReRamSpm_i/reram_axilite_wrapper_0/inst/u_core/word_arrays[10].word_array_inst/cell_instances[31].cell_inst/write_counter_reg[5]/C
Min Period        n/a     FDCE/C       n/a            1.000         20.000      19.000     SLICE_X97Y80    ReRamSpm_i/reram_axilite_wrapper_0/inst/u_core/word_arrays[10].word_array_inst/cell_instances[31].cell_inst/write_counter_reg[6]/C
Min Period        n/a     FDCE/C       n/a            1.000         20.000      19.000     SLICE_X97Y80    ReRamSpm_i/reram_axilite_wrapper_0/inst/u_core/word_arrays[10].word_array_inst/cell_instances[31].cell_inst/write_counter_reg[7]/C
Min Period        n/a     FDCE/C       n/a            1.000         20.000      19.000     SLICE_X97Y78    ReRamSpm_i/reram_axilite_wrapper_0/inst/u_core/word_arrays[10].word_array_inst/cell_instances[31].cell_inst/write_success_reg_reg/C
Min Period        n/a     FDCE/C       n/a            1.000         20.000      19.000     SLICE_X67Y106   ReRamSpm_i/reram_axilite_wrapper_0/inst/u_core/word_arrays[11].word_array_inst/cell_instances[3].cell_inst/delay_counter_reg[12]/C
Min Period        n/a     FDCE/C       n/a            1.000         20.000      19.000     SLICE_X67Y111   ReRamSpm_i/reram_axilite_wrapper_0/inst/u_core/word_arrays[11].word_array_inst/cell_instances[3].cell_inst/delay_counter_reg[13]/C
Min Period        n/a     FDCE/C       n/a            1.000         20.000      19.000     SLICE_X65Y108   ReRamSpm_i/reram_axilite_wrapper_0/inst/u_core/word_arrays[11].word_array_inst/cell_instances[3].cell_inst/delay_counter_reg[14]/C
Low Pulse Width   Slow    SRLC32E/CLK  n/a            0.980         10.000      9.020      SLICE_X38Y88    ReRamSpm_i/ps7_0_axi_periph/s00_couplers/auto_pc/inst/gen_axilite.gen_b2s_conv.axilite_b2s/RD.r_channel_0/rd_data_fifo_0/memory_reg[31][15]_srl32/CLK
Low Pulse Width   Fast    SRLC32E/CLK  n/a            0.980         10.000      9.020      SLICE_X38Y88    ReRamSpm_i/ps7_0_axi_periph/s00_couplers/auto_pc/inst/gen_axilite.gen_b2s_conv.axilite_b2s/RD.r_channel_0/rd_data_fifo_0/memory_reg[31][15]_srl32/CLK
Low Pulse Width   Slow    SRLC32E/CLK  n/a            0.980         10.000      9.020      SLICE_X34Y87    ReRamSpm_i/ps7_0_axi_periph/s00_couplers/auto_pc/inst/gen_axilite.gen_b2s_conv.axilite_b2s/RD.r_channel_0/rd_data_fifo_0/memory_reg[31][17]_srl32/CLK
Low Pulse Width   Slow    SRLC32E/CLK  n/a            0.980         10.000      9.020      SLICE_X34Y87    ReRamSpm_i/ps7_0_axi_periph/s00_couplers/auto_pc/inst/gen_axilite.gen_b2s_conv.axilite_b2s/RD.r_channel_0/rd_data_fifo_0/memory_reg[31][20]_srl32/CLK
Low Pulse Width   Slow    SRLC32E/CLK  n/a            0.980         10.000      9.020      SLICE_X34Y87    ReRamSpm_i/ps7_0_axi_periph/s00_couplers/auto_pc/inst/gen_axilite.gen_b2s_conv.axilite_b2s/RD.r_channel_0/rd_data_fifo_0/memory_reg[31][22]_srl32/CLK
Low Pulse Width   Slow    SRLC32E/CLK  n/a            0.980         10.000      9.020      SLICE_X34Y87    ReRamSpm_i/ps7_0_axi_periph/s00_couplers/auto_pc/inst/gen_axilite.gen_b2s_conv.axilite_b2s/RD.r_channel_0/rd_data_fifo_0/memory_reg[31][24]_srl32/CLK
Low Pulse Width   Slow    SRLC32E/CLK  n/a            0.980         10.000      9.020      SLICE_X34Y105   ReRamSpm_i/ps7_0_axi_periph/s00_couplers/auto_pc/inst/gen_axilite.gen_b2s_conv.axilite_b2s/RD.r_channel_0/rd_data_fifo_0/memory_reg[31][25]_srl32/CLK
Low Pulse Width   Slow    SRLC32E/CLK  n/a            0.980         10.000      9.020      SLICE_X34Y105   ReRamSpm_i/ps7_0_axi_periph/s00_couplers/auto_pc/inst/gen_axilite.gen_b2s_conv.axilite_b2s/RD.r_channel_0/rd_data_fifo_0/memory_reg[31][26]_srl32/CLK
Low Pulse Width   Slow    SRLC32E/CLK  n/a            0.980         10.000      9.020      SLICE_X50Y106   ReRamSpm_i/ps7_0_axi_periph/s00_couplers/auto_pc/inst/gen_axilite.gen_b2s_conv.axilite_b2s/RD.r_channel_0/rd_data_fifo_0/memory_reg[31][27]_srl32/CLK
Low Pulse Width   Slow    SRLC32E/CLK  n/a            0.980         10.000      9.020      SLICE_X34Y105   ReRamSpm_i/ps7_0_axi_periph/s00_couplers/auto_pc/inst/gen_axilite.gen_b2s_conv.axilite_b2s/RD.r_channel_0/rd_data_fifo_0/memory_reg[31][28]_srl32/CLK
High Pulse Width  Fast    SRLC32E/CLK  n/a            0.980         10.000      9.020      SLICE_X38Y83    ReRamSpm_i/ps7_0_axi_periph/s00_couplers/auto_pc/inst/gen_axilite.gen_b2s_conv.axilite_b2s/RD.r_channel_0/rd_data_fifo_0/memory_reg[31][0]_srl32/CLK
High Pulse Width  Fast    SRLC32E/CLK  n/a            0.980         10.000      9.020      SLICE_X26Y84    ReRamSpm_i/ps7_0_axi_periph/s00_couplers/auto_pc/inst/gen_axilite.gen_b2s_conv.axilite_b2s/RD.r_channel_0/rd_data_fifo_0/memory_reg[31][10]_srl32/CLK
High Pulse Width  Fast    SRLC32E/CLK  n/a            0.980         10.000      9.020      SLICE_X38Y83    ReRamSpm_i/ps7_0_axi_periph/s00_couplers/auto_pc/inst/gen_axilite.gen_b2s_conv.axilite_b2s/RD.r_channel_0/rd_data_fifo_0/memory_reg[31][14]_srl32/CLK
High Pulse Width  Fast    SRLC32E/CLK  n/a            0.980         10.000      9.020      SLICE_X26Y84    ReRamSpm_i/ps7_0_axi_periph/s00_couplers/auto_pc/inst/gen_axilite.gen_b2s_conv.axilite_b2s/RD.r_channel_0/rd_data_fifo_0/memory_reg[31][1]_srl32/CLK
High Pulse Width  Fast    SRLC32E/CLK  n/a            0.980         10.000      9.020      SLICE_X50Y106   ReRamSpm_i/ps7_0_axi_periph/s00_couplers/auto_pc/inst/gen_axilite.gen_b2s_conv.axilite_b2s/RD.r_channel_0/rd_data_fifo_0/memory_reg[31][27]_srl32/CLK
High Pulse Width  Fast    SRLC32E/CLK  n/a            0.980         10.000      9.020      SLICE_X50Y106   ReRamSpm_i/ps7_0_axi_periph/s00_couplers/auto_pc/inst/gen_axilite.gen_b2s_conv.axilite_b2s/RD.r_channel_0/rd_data_fifo_0/memory_reg[31][29]_srl32/CLK
High Pulse Width  Fast    SRLC32E/CLK  n/a            0.980         10.000      9.020      SLICE_X26Y84    ReRamSpm_i/ps7_0_axi_periph/s00_couplers/auto_pc/inst/gen_axilite.gen_b2s_conv.axilite_b2s/RD.r_channel_0/rd_data_fifo_0/memory_reg[31][2]_srl32/CLK
High Pulse Width  Fast    SRLC32E/CLK  n/a            0.980         10.000      9.020      SLICE_X50Y106   ReRamSpm_i/ps7_0_axi_periph/s00_couplers/auto_pc/inst/gen_axilite.gen_b2s_conv.axilite_b2s/RD.r_channel_0/rd_data_fifo_0/memory_reg[31][31]_srl32/CLK
High Pulse Width  Fast    SRLC32E/CLK  n/a            0.980         10.000      9.020      SLICE_X38Y83    ReRamSpm_i/ps7_0_axi_periph/s00_couplers/auto_pc/inst/gen_axilite.gen_b2s_conv.axilite_b2s/RD.r_channel_0/rd_data_fifo_0/memory_reg[31][3]_srl32/CLK
High Pulse Width  Fast    SRLC32E/CLK  n/a            0.980         10.000      9.020      SLICE_X26Y84    ReRamSpm_i/ps7_0_axi_periph/s00_couplers/auto_pc/inst/gen_axilite.gen_b2s_conv.axilite_b2s/RD.r_channel_0/rd_data_fifo_0/memory_reg[31][4]_srl32/CLK



---------------------------------------------------------------------------------------------------
Path Group:  **async_default**
From Clock:  clk_fpga_0
  To Clock:  clk_fpga_0

Setup :            0  Failing Endpoints,  Worst Slack       10.101ns,  Total Violation        0.000ns
Hold  :            0  Failing Endpoints,  Worst Slack        3.107ns,  Total Violation        0.000ns
---------------------------------------------------------------------------------------------------


Max Delay Paths
--------------------------------------------------------------------------------------
Slack (MET) :             10.101ns  (required time - arrival time)
  Source:                 ReRamSpm_i/rst_ps7_0_50M/U0/ACTIVE_LOW_PR_OUT_DFF[0].FDRE_PER_N/C
                            (rising edge-triggered cell FDRE clocked by clk_fpga_0  {rise@0.000ns fall@10.000ns period=20.000ns})
  Destination:            ReRamSpm_i/reram_axilite_wrapper_0/inst/u_core/word_arrays[11].word_array_inst/cell_instances[7].cell_inst/write_counter_reg[6]/CLR
                            (recovery check against rising-edge clock clk_fpga_0  {rise@0.000ns fall@10.000ns period=20.000ns})
  Path Group:             **async_default**
  Path Type:              Recovery (Max at Slow Process Corner)
  Requirement:            20.000ns  (clk_fpga_0 rise@20.000ns - clk_fpga_0 rise@0.000ns)
  Data Path Delay:        9.053ns  (logic 0.917ns (10.129%)  route 8.136ns (89.871%))
  Logic Levels:           2  (BUFG=1 LUT1=1)
  Clock Path Skew:        -0.138ns (DCD - SCD + CPR)
    Destination Clock Delay (DCD):    2.896ns = ( 22.896 - 20.000 ) 
    Source Clock Delay      (SCD):    3.181ns
    Clock Pessimism Removal (CPR):    0.147ns
  Clock Uncertainty:      0.302ns  ((TSJ^2 + TIJ^2)^1/2 + DJ) / 2 + PE
    Total System Jitter     (TSJ):    0.071ns
    Total Input Jitter      (TIJ):    0.600ns
    Discrete Jitter          (DJ):    0.000ns
    Phase Error              (PE):    0.000ns

    Location             Delay type                Incr(ns)  Path(ns)    Netlist Resource(s)
  -------------------------------------------------------------------    -------------------
                         (clock clk_fpga_0 rise edge)
                                                      0.000     0.000 r  
    PS7_X0Y0             PS7                          0.000     0.000 r  ReRamSpm_i/processing_system7_0/inst/PS7_i/FCLKCLK[0]
                         net (fo=1, routed)           1.193     1.193    ReRamSpm_i/processing_system7_0/inst/FCLK_CLK_unbuffered[0]
    BUFGCTRL_X0Y16       BUFG (Prop_bufg_I_O)         0.101     1.294 r  ReRamSpm_i/processing_system7_0/inst/buffer_fclk_clk_0.FCLK_CLK_0_BUFG/O
                         net (fo=26024, routed)       1.887     3.181    ReRamSpm_i/rst_ps7_0_50M/U0/slowest_sync_clk
    SLICE_X31Y137        FDRE                                         r  ReRamSpm_i/rst_ps7_0_50M/U0/ACTIVE_LOW_PR_OUT_DFF[0].FDRE_PER_N/C
  -------------------------------------------------------------------    -------------------
    SLICE_X31Y137        FDRE (Prop_fdre_C_Q)         0.456     3.637 r  ReRamSpm_i/rst_ps7_0_50M/U0/ACTIVE_LOW_PR_OUT_DFF[0].FDRE_PER_N/Q
                         net (fo=6, routed)           2.995     6.632    ReRamSpm_i/reram_axilite_wrapper_0/inst/u_core/word_arrays[15].word_array_inst/cell_instances[0].cell_inst/S_AXI_ARESETN
    SLICE_X46Y104        LUT1 (Prop_lut1_I0_O)        0.153     6.785 f  ReRamSpm_i/reram_axilite_wrapper_0/inst/u_core/word_arrays[15].word_array_inst/cell_instances[0].cell_inst/axi_awready_i_1/O
                         net (fo=1, routed)           2.464     9.249    ReRamSpm_i/reram_axilite_wrapper_0/inst/u_core/word_arrays[15].word_array_inst/cell_instances[0].cell_inst/write_counter_reg[0]_0
    BUFGCTRL_X0Y17       BUFG (Prop_bufg_I_O)         0.308     9.557 f  ReRamSpm_i/reram_axilite_wrapper_0/inst/u_core/word_arrays[15].word_array_inst/cell_instances[0].cell_inst/write_counter_reg[0]_0_BUFG_inst/O
                         net (fo=25403, routed)       2.678    12.234    ReRamSpm_i/reram_axilite_wrapper_0/inst/u_core/word_arrays[11].word_array_inst/cell_instances[7].cell_inst/ACTIVE_LOW_PR_OUT_DFF[0].FDRE_PER_N
    SLICE_X87Y111        FDCE                                         f  ReRamSpm_i/reram_axilite_wrapper_0/inst/u_core/word_arrays[11].word_array_inst/cell_instances[7].cell_inst/write_counter_reg[6]/CLR
  -------------------------------------------------------------------    -------------------

                         (clock clk_fpga_0 rise edge)
                                                     20.000    20.000 r  
    PS7_X0Y0             PS7                          0.000    20.000 r  ReRamSpm_i/processing_system7_0/inst/PS7_i/FCLKCLK[0]
                         net (fo=1, routed)           1.088    21.088    ReRamSpm_i/processing_system7_0/inst/FCLK_CLK_unbuffered[0]
    BUFGCTRL_X0Y16       BUFG (Prop_bufg_I_O)         0.091    21.179 r  ReRamSpm_i/processing_system7_0/inst/buffer_fclk_clk_0.FCLK_CLK_0_BUFG/O
                         net (fo=26024, routed)       1.717    22.896    ReRamSpm_i/reram_axilite_wrapper_0/inst/u_core/word_arrays[11].word_array_inst/cell_instances[7].cell_inst/S_AXI_ACLK
    SLICE_X87Y111        FDCE                                         r  ReRamSpm_i/reram_axilite_wrapper_0/inst/u_core/word_arrays[11].word_array_inst/cell_instances[7].cell_inst/write_counter_reg[6]/C
                         clock pessimism              0.147    23.043    
                         clock uncertainty           -0.302    22.741    
    SLICE_X87Y111        FDCE (Recov_fdce_C_CLR)     -0.405    22.336    ReRamSpm_i/reram_axilite_wrapper_0/inst/u_core/word_arrays[11].word_array_inst/cell_instances[7].cell_inst/write_counter_reg[6]
  -------------------------------------------------------------------
                         required time                         22.336    
                         arrival time                         -12.234    
  -------------------------------------------------------------------
                         slack                                 10.101    

Slack (MET) :             10.101ns  (required time - arrival time)
  Source:                 ReRamSpm_i/rst_ps7_0_50M/U0/ACTIVE_LOW_PR_OUT_DFF[0].FDRE_PER_N/C
                            (rising edge-triggered cell FDRE clocked by clk_fpga_0  {rise@0.000ns fall@10.000ns period=20.000ns})
  Destination:            ReRamSpm_i/reram_axilite_wrapper_0/inst/u_core/word_arrays[11].word_array_inst/cell_instances[7].cell_inst/write_counter_reg[7]/CLR
                            (recovery check against rising-edge clock clk_fpga_0  {rise@0.000ns fall@10.000ns period=20.000ns})
  Path Group:             **async_default**
  Path Type:              Recovery (Max at Slow Process Corner)
  Requirement:            20.000ns  (clk_fpga_0 rise@20.000ns - clk_fpga_0 rise@0.000ns)
  Data Path Delay:        9.053ns  (logic 0.917ns (10.129%)  route 8.136ns (89.871%))
  Logic Levels:           2  (BUFG=1 LUT1=1)
  Clock Path Skew:        -0.138ns (DCD - SCD + CPR)
    Destination Clock Delay (DCD):    2.896ns = ( 22.896 - 20.000 ) 
    Source Clock Delay      (SCD):    3.181ns
    Clock Pessimism Removal (CPR):    0.147ns
  Clock Uncertainty:      0.302ns  ((TSJ^2 + TIJ^2)^1/2 + DJ) / 2 + PE
    Total System Jitter     (TSJ):    0.071ns
    Total Input Jitter      (TIJ):    0.600ns
    Discrete Jitter          (DJ):    0.000ns
    Phase Error              (PE):    0.000ns

    Location             Delay type                Incr(ns)  Path(ns)    Netlist Resource(s)
  -------------------------------------------------------------------    -------------------
                         (clock clk_fpga_0 rise edge)
                                                      0.000     0.000 r  
    PS7_X0Y0             PS7                          0.000     0.000 r  ReRamSpm_i/processing_system7_0/inst/PS7_i/FCLKCLK[0]
                         net (fo=1, routed)           1.193     1.193    ReRamSpm_i/processing_system7_0/inst/FCLK_CLK_unbuffered[0]
    BUFGCTRL_X0Y16       BUFG (Prop_bufg_I_O)         0.101     1.294 r  ReRamSpm_i/processing_system7_0/inst/buffer_fclk_clk_0.FCLK_CLK_0_BUFG/O
                         net (fo=26024, routed)       1.887     3.181    ReRamSpm_i/rst_ps7_0_50M/U0/slowest_sync_clk
    SLICE_X31Y137        FDRE                                         r  ReRamSpm_i/rst_ps7_0_50M/U0/ACTIVE_LOW_PR_OUT_DFF[0].FDRE_PER_N/C
  -------------------------------------------------------------------    -------------------
    SLICE_X31Y137        FDRE (Prop_fdre_C_Q)         0.456     3.637 r  ReRamSpm_i/rst_ps7_0_50M/U0/ACTIVE_LOW_PR_OUT_DFF[0].FDRE_PER_N/Q
                         net (fo=6, routed)           2.995     6.632    ReRamSpm_i/reram_axilite_wrapper_0/inst/u_core/word_arrays[15].word_array_inst/cell_instances[0].cell_inst/S_AXI_ARESETN
    SLICE_X46Y104        LUT1 (Prop_lut1_I0_O)        0.153     6.785 f  ReRamSpm_i/reram_axilite_wrapper_0/inst/u_core/word_arrays[15].word_array_inst/cell_instances[0].cell_inst/axi_awready_i_1/O
                         net (fo=1, routed)           2.464     9.249    ReRamSpm_i/reram_axilite_wrapper_0/inst/u_core/word_arrays[15].word_array_inst/cell_instances[0].cell_inst/write_counter_reg[0]_0
    BUFGCTRL_X0Y17       BUFG (Prop_bufg_I_O)         0.308     9.557 f  ReRamSpm_i/reram_axilite_wrapper_0/inst/u_core/word_arrays[15].word_array_inst/cell_instances[0].cell_inst/write_counter_reg[0]_0_BUFG_inst/O
                         net (fo=25403, routed)       2.678    12.234    ReRamSpm_i/reram_axilite_wrapper_0/inst/u_core/word_arrays[11].word_array_inst/cell_instances[7].cell_inst/ACTIVE_LOW_PR_OUT_DFF[0].FDRE_PER_N
    SLICE_X87Y111        FDCE                                         f  ReRamSpm_i/reram_axilite_wrapper_0/inst/u_core/word_arrays[11].word_array_inst/cell_instances[7].cell_inst/write_counter_reg[7]/CLR
  -------------------------------------------------------------------    -------------------

                         (clock clk_fpga_0 rise edge)
                                                     20.000    20.000 r  
    PS7_X0Y0             PS7                          0.000    20.000 r  ReRamSpm_i/processing_system7_0/inst/PS7_i/FCLKCLK[0]
                         net (fo=1, routed)           1.088    21.088    ReRamSpm_i/processing_system7_0/inst/FCLK_CLK_unbuffered[0]
    BUFGCTRL_X0Y16       BUFG (Prop_bufg_I_O)         0.091    21.179 r  ReRamSpm_i/processing_system7_0/inst/buffer_fclk_clk_0.FCLK_CLK_0_BUFG/O
                         net (fo=26024, routed)       1.717    22.896    ReRamSpm_i/reram_axilite_wrapper_0/inst/u_core/word_arrays[11].word_array_inst/cell_instances[7].cell_inst/S_AXI_ACLK
    SLICE_X87Y111        FDCE                                         r  ReRamSpm_i/reram_axilite_wrapper_0/inst/u_core/word_arrays[11].word_array_inst/cell_instances[7].cell_inst/write_counter_reg[7]/C
                         clock pessimism              0.147    23.043    
                         clock uncertainty           -0.302    22.741    
    SLICE_X87Y111        FDCE (Recov_fdce_C_CLR)     -0.405    22.336    ReRamSpm_i/reram_axilite_wrapper_0/inst/u_core/word_arrays[11].word_array_inst/cell_instances[7].cell_inst/write_counter_reg[7]
  -------------------------------------------------------------------
                         required time                         22.336    
                         arrival time                         -12.234    
  -------------------------------------------------------------------
                         slack                                 10.101    

Slack (MET) :             10.226ns  (required time - arrival time)
  Source:                 ReRamSpm_i/rst_ps7_0_50M/U0/ACTIVE_LOW_PR_OUT_DFF[0].FDRE_PER_N/C
                            (rising edge-triggered cell FDRE clocked by clk_fpga_0  {rise@0.000ns fall@10.000ns period=20.000ns})
  Destination:            ReRamSpm_i/reram_axilite_wrapper_0/inst/u_core/word_arrays[13].word_array_inst/cell_instances[17].cell_inst/delay_counter_reg[0]/CLR
                            (recovery check against rising-edge clock clk_fpga_0  {rise@0.000ns fall@10.000ns period=20.000ns})
  Path Group:             **async_default**
  Path Type:              Recovery (Max at Slow Process Corner)
  Requirement:            20.000ns  (clk_fpga_0 rise@20.000ns - clk_fpga_0 rise@0.000ns)
  Data Path Delay:        8.865ns  (logic 0.917ns (10.344%)  route 7.948ns (89.656%))
  Logic Levels:           2  (BUFG=1 LUT1=1)
  Clock Path Skew:        -0.202ns (DCD - SCD + CPR)
    Destination Clock Delay (DCD):    2.864ns = ( 22.865 - 20.000 ) 
    Source Clock Delay      (SCD):    3.181ns
    Clock Pessimism Removal (CPR):    0.115ns
  Clock Uncertainty:      0.302ns  ((TSJ^2 + TIJ^2)^1/2 + DJ) / 2 + PE
    Total System Jitter     (TSJ):    0.071ns
    Total Input Jitter      (TIJ):    0.600ns
    Discrete Jitter          (DJ):    0.000ns
    Phase Error              (PE):    0.000ns

    Location             Delay type                Incr(ns)  Path(ns)    Netlist Resource(s)
  -------------------------------------------------------------------    -------------------
                         (clock clk_fpga_0 rise edge)
                                                      0.000     0.000 r  
    PS7_X0Y0             PS7                          0.000     0.000 r  ReRamSpm_i/processing_system7_0/inst/PS7_i/FCLKCLK[0]
                         net (fo=1, routed)           1.193     1.193    ReRamSpm_i/processing_system7_0/inst/FCLK_CLK_unbuffered[0]
    BUFGCTRL_X0Y16       BUFG (Prop_bufg_I_O)         0.101     1.294 r  ReRamSpm_i/processing_system7_0/inst/buffer_fclk_clk_0.FCLK_CLK_0_BUFG/O
                         net (fo=26024, routed)       1.887     3.181    ReRamSpm_i/rst_ps7_0_50M/U0/slowest_sync_clk
    SLICE_X31Y137        FDRE                                         r  ReRamSpm_i/rst_ps7_0_50M/U0/ACTIVE_LOW_PR_OUT_DFF[0].FDRE_PER_N/C
  -------------------------------------------------------------------    -------------------
    SLICE_X31Y137        FDRE (Prop_fdre_C_Q)         0.456     3.637 r  ReRamSpm_i/rst_ps7_0_50M/U0/ACTIVE_LOW_PR_OUT_DFF[0].FDRE_PER_N/Q
                         net (fo=6, routed)           2.995     6.632    ReRamSpm_i/reram_axilite_wrapper_0/inst/u_core/word_arrays[15].word_array_inst/cell_instances[0].cell_inst/S_AXI_ARESETN
    SLICE_X46Y104        LUT1 (Prop_lut1_I0_O)        0.153     6.785 f  ReRamSpm_i/reram_axilite_wrapper_0/inst/u_core/word_arrays[15].word_array_inst/cell_instances[0].cell_inst/axi_awready_i_1/O
                         net (fo=1, routed)           2.464     9.249    ReRamSpm_i/reram_axilite_wrapper_0/inst/u_core/word_arrays[15].word_array_inst/cell_instances[0].cell_inst/write_counter_reg[0]_0
    BUFGCTRL_X0Y17       BUFG (Prop_bufg_I_O)         0.308     9.557 f  ReRamSpm_i/reram_axilite_wrapper_0/inst/u_core/word_arrays[15].word_array_inst/cell_instances[0].cell_inst/write_counter_reg[0]_0_BUFG_inst/O
                         net (fo=25403, routed)       2.490    12.046    ReRamSpm_i/reram_axilite_wrapper_0/inst/u_core/word_arrays[13].word_array_inst/cell_instances[17].cell_inst/ACTIVE_LOW_PR_OUT_DFF[0].FDRE_PER_N
    SLICE_X113Y24        FDCE                                         f  ReRamSpm_i/reram_axilite_wrapper_0/inst/u_core/word_arrays[13].word_array_inst/cell_instances[17].cell_inst/delay_counter_reg[0]/CLR
  -------------------------------------------------------------------    -------------------

                         (clock clk_fpga_0 rise edge)
                                                     20.000    20.000 r  
    PS7_X0Y0             PS7                          0.000    20.000 r  ReRamSpm_i/processing_system7_0/inst/PS7_i/FCLKCLK[0]
                         net (fo=1, routed)           1.088    21.088    ReRamSpm_i/processing_system7_0/inst/FCLK_CLK_unbuffered[0]
    BUFGCTRL_X0Y16       BUFG (Prop_bufg_I_O)         0.091    21.179 r  ReRamSpm_i/processing_system7_0/inst/buffer_fclk_clk_0.FCLK_CLK_0_BUFG/O
                         net (fo=26024, routed)       1.685    22.865    ReRamSpm_i/reram_axilite_wrapper_0/inst/u_core/word_arrays[13].word_array_inst/cell_instances[17].cell_inst/S_AXI_ACLK
    SLICE_X113Y24        FDCE                                         r  ReRamSpm_i/reram_axilite_wrapper_0/inst/u_core/word_arrays[13].word_array_inst/cell_instances[17].cell_inst/delay_counter_reg[0]/C
                         clock pessimism              0.115    22.979    
                         clock uncertainty           -0.302    22.677    
    SLICE_X113Y24        FDCE (Recov_fdce_C_CLR)     -0.405    22.272    ReRamSpm_i/reram_axilite_wrapper_0/inst/u_core/word_arrays[13].word_array_inst/cell_instances[17].cell_inst/delay_counter_reg[0]
  -------------------------------------------------------------------
                         required time                         22.272    
                         arrival time                         -12.046    
  -------------------------------------------------------------------
                         slack                                 10.226    

Slack (MET) :             10.226ns  (required time - arrival time)
  Source:                 ReRamSpm_i/rst_ps7_0_50M/U0/ACTIVE_LOW_PR_OUT_DFF[0].FDRE_PER_N/C
                            (rising edge-triggered cell FDRE clocked by clk_fpga_0  {rise@0.000ns fall@10.000ns period=20.000ns})
  Destination:            ReRamSpm_i/reram_axilite_wrapper_0/inst/u_core/word_arrays[13].word_array_inst/cell_instances[17].cell_inst/delay_counter_reg[1]/CLR
                            (recovery check against rising-edge clock clk_fpga_0  {rise@0.000ns fall@10.000ns period=20.000ns})
  Path Group:             **async_default**
  Path Type:              Recovery (Max at Slow Process Corner)
  Requirement:            20.000ns  (clk_fpga_0 rise@20.000ns - clk_fpga_0 rise@0.000ns)
  Data Path Delay:        8.865ns  (logic 0.917ns (10.344%)  route 7.948ns (89.656%))
  Logic Levels:           2  (BUFG=1 LUT1=1)
  Clock Path Skew:        -0.202ns (DCD - SCD + CPR)
    Destination Clock Delay (DCD):    2.864ns = ( 22.865 - 20.000 ) 
    Source Clock Delay      (SCD):    3.181ns
    Clock Pessimism Removal (CPR):    0.115ns
  Clock Uncertainty:      0.302ns  ((TSJ^2 + TIJ^2)^1/2 + DJ) / 2 + PE
    Total System Jitter     (TSJ):    0.071ns
    Total Input Jitter      (TIJ):    0.600ns
    Discrete Jitter          (DJ):    0.000ns
    Phase Error              (PE):    0.000ns

    Location             Delay type                Incr(ns)  Path(ns)    Netlist Resource(s)
  -------------------------------------------------------------------    -------------------
                         (clock clk_fpga_0 rise edge)
                                                      0.000     0.000 r  
    PS7_X0Y0             PS7                          0.000     0.000 r  ReRamSpm_i/processing_system7_0/inst/PS7_i/FCLKCLK[0]
                         net (fo=1, routed)           1.193     1.193    ReRamSpm_i/processing_system7_0/inst/FCLK_CLK_unbuffered[0]
    BUFGCTRL_X0Y16       BUFG (Prop_bufg_I_O)         0.101     1.294 r  ReRamSpm_i/processing_system7_0/inst/buffer_fclk_clk_0.FCLK_CLK_0_BUFG/O
                         net (fo=26024, routed)       1.887     3.181    ReRamSpm_i/rst_ps7_0_50M/U0/slowest_sync_clk
    SLICE_X31Y137        FDRE                                         r  ReRamSpm_i/rst_ps7_0_50M/U0/ACTIVE_LOW_PR_OUT_DFF[0].FDRE_PER_N/C
  -------------------------------------------------------------------    -------------------
    SLICE_X31Y137        FDRE (Prop_fdre_C_Q)         0.456     3.637 r  ReRamSpm_i/rst_ps7_0_50M/U0/ACTIVE_LOW_PR_OUT_DFF[0].FDRE_PER_N/Q
                         net (fo=6, routed)           2.995     6.632    ReRamSpm_i/reram_axilite_wrapper_0/inst/u_core/word_arrays[15].word_array_inst/cell_instances[0].cell_inst/S_AXI_ARESETN
    SLICE_X46Y104        LUT1 (Prop_lut1_I0_O)        0.153     6.785 f  ReRamSpm_i/reram_axilite_wrapper_0/inst/u_core/word_arrays[15].word_array_inst/cell_instances[0].cell_inst/axi_awready_i_1/O
                         net (fo=1, routed)           2.464     9.249    ReRamSpm_i/reram_axilite_wrapper_0/inst/u_core/word_arrays[15].word_array_inst/cell_instances[0].cell_inst/write_counter_reg[0]_0
    BUFGCTRL_X0Y17       BUFG (Prop_bufg_I_O)         0.308     9.557 f  ReRamSpm_i/reram_axilite_wrapper_0/inst/u_core/word_arrays[15].word_array_inst/cell_instances[0].cell_inst/write_counter_reg[0]_0_BUFG_inst/O
                         net (fo=25403, routed)       2.490    12.046    ReRamSpm_i/reram_axilite_wrapper_0/inst/u_core/word_arrays[13].word_array_inst/cell_instances[17].cell_inst/ACTIVE_LOW_PR_OUT_DFF[0].FDRE_PER_N
    SLICE_X113Y24        FDCE                                         f  ReRamSpm_i/reram_axilite_wrapper_0/inst/u_core/word_arrays[13].word_array_inst/cell_instances[17].cell_inst/delay_counter_reg[1]/CLR
  -------------------------------------------------------------------    -------------------

                         (clock clk_fpga_0 rise edge)
                                                     20.000    20.000 r  
    PS7_X0Y0             PS7                          0.000    20.000 r  ReRamSpm_i/processing_system7_0/inst/PS7_i/FCLKCLK[0]
                         net (fo=1, routed)           1.088    21.088    ReRamSpm_i/processing_system7_0/inst/FCLK_CLK_unbuffered[0]
    BUFGCTRL_X0Y16       BUFG (Prop_bufg_I_O)         0.091    21.179 r  ReRamSpm_i/processing_system7_0/inst/buffer_fclk_clk_0.FCLK_CLK_0_BUFG/O
                         net (fo=26024, routed)       1.685    22.865    ReRamSpm_i/reram_axilite_wrapper_0/inst/u_core/word_arrays[13].word_array_inst/cell_instances[17].cell_inst/S_AXI_ACLK
    SLICE_X113Y24        FDCE                                         r  ReRamSpm_i/reram_axilite_wrapper_0/inst/u_core/word_arrays[13].word_array_inst/cell_instances[17].cell_inst/delay_counter_reg[1]/C
                         clock pessimism              0.115    22.979    
                         clock uncertainty           -0.302    22.677    
    SLICE_X113Y24        FDCE (Recov_fdce_C_CLR)     -0.405    22.272    ReRamSpm_i/reram_axilite_wrapper_0/inst/u_core/word_arrays[13].word_array_inst/cell_instances[17].cell_inst/delay_counter_reg[1]
  -------------------------------------------------------------------
                         required time                         22.272    
                         arrival time                         -12.046    
  -------------------------------------------------------------------
                         slack                                 10.226    

Slack (MET) :             10.226ns  (required time - arrival time)
  Source:                 ReRamSpm_i/rst_ps7_0_50M/U0/ACTIVE_LOW_PR_OUT_DFF[0].FDRE_PER_N/C
                            (rising edge-triggered cell FDRE clocked by clk_fpga_0  {rise@0.000ns fall@10.000ns period=20.000ns})
  Destination:            ReRamSpm_i/reram_axilite_wrapper_0/inst/u_core/word_arrays[13].word_array_inst/cell_instances[17].cell_inst/delay_counter_reg[2]/CLR
                            (recovery check against rising-edge clock clk_fpga_0  {rise@0.000ns fall@10.000ns period=20.000ns})
  Path Group:             **async_default**
  Path Type:              Recovery (Max at Slow Process Corner)
  Requirement:            20.000ns  (clk_fpga_0 rise@20.000ns - clk_fpga_0 rise@0.000ns)
  Data Path Delay:        8.865ns  (logic 0.917ns (10.344%)  route 7.948ns (89.656%))
  Logic Levels:           2  (BUFG=1 LUT1=1)
  Clock Path Skew:        -0.202ns (DCD - SCD + CPR)
    Destination Clock Delay (DCD):    2.864ns = ( 22.865 - 20.000 ) 
    Source Clock Delay      (SCD):    3.181ns
    Clock Pessimism Removal (CPR):    0.115ns
  Clock Uncertainty:      0.302ns  ((TSJ^2 + TIJ^2)^1/2 + DJ) / 2 + PE
    Total System Jitter     (TSJ):    0.071ns
    Total Input Jitter      (TIJ):    0.600ns
    Discrete Jitter          (DJ):    0.000ns
    Phase Error              (PE):    0.000ns

    Location             Delay type                Incr(ns)  Path(ns)    Netlist Resource(s)
  -------------------------------------------------------------------    -------------------
                         (clock clk_fpga_0 rise edge)
                                                      0.000     0.000 r  
    PS7_X0Y0             PS7                          0.000     0.000 r  ReRamSpm_i/processing_system7_0/inst/PS7_i/FCLKCLK[0]
                         net (fo=1, routed)           1.193     1.193    ReRamSpm_i/processing_system7_0/inst/FCLK_CLK_unbuffered[0]
    BUFGCTRL_X0Y16       BUFG (Prop_bufg_I_O)         0.101     1.294 r  ReRamSpm_i/processing_system7_0/inst/buffer_fclk_clk_0.FCLK_CLK_0_BUFG/O
                         net (fo=26024, routed)       1.887     3.181    ReRamSpm_i/rst_ps7_0_50M/U0/slowest_sync_clk
    SLICE_X31Y137        FDRE                                         r  ReRamSpm_i/rst_ps7_0_50M/U0/ACTIVE_LOW_PR_OUT_DFF[0].FDRE_PER_N/C
  -------------------------------------------------------------------    -------------------
    SLICE_X31Y137        FDRE (Prop_fdre_C_Q)         0.456     3.637 r  ReRamSpm_i/rst_ps7_0_50M/U0/ACTIVE_LOW_PR_OUT_DFF[0].FDRE_PER_N/Q
                         net (fo=6, routed)           2.995     6.632    ReRamSpm_i/reram_axilite_wrapper_0/inst/u_core/word_arrays[15].word_array_inst/cell_instances[0].cell_inst/S_AXI_ARESETN
    SLICE_X46Y104        LUT1 (Prop_lut1_I0_O)        0.153     6.785 f  ReRamSpm_i/reram_axilite_wrapper_0/inst/u_core/word_arrays[15].word_array_inst/cell_instances[0].cell_inst/axi_awready_i_1/O
                         net (fo=1, routed)           2.464     9.249    ReRamSpm_i/reram_axilite_wrapper_0/inst/u_core/word_arrays[15].word_array_inst/cell_instances[0].cell_inst/write_counter_reg[0]_0
    BUFGCTRL_X0Y17       BUFG (Prop_bufg_I_O)         0.308     9.557 f  ReRamSpm_i/reram_axilite_wrapper_0/inst/u_core/word_arrays[15].word_array_inst/cell_instances[0].cell_inst/write_counter_reg[0]_0_BUFG_inst/O
                         net (fo=25403, routed)       2.490    12.046    ReRamSpm_i/reram_axilite_wrapper_0/inst/u_core/word_arrays[13].word_array_inst/cell_instances[17].cell_inst/ACTIVE_LOW_PR_OUT_DFF[0].FDRE_PER_N
    SLICE_X113Y24        FDCE                                         f  ReRamSpm_i/reram_axilite_wrapper_0/inst/u_core/word_arrays[13].word_array_inst/cell_instances[17].cell_inst/delay_counter_reg[2]/CLR
  -------------------------------------------------------------------    -------------------

                         (clock clk_fpga_0 rise edge)
                                                     20.000    20.000 r  
    PS7_X0Y0             PS7                          0.000    20.000 r  ReRamSpm_i/processing_system7_0/inst/PS7_i/FCLKCLK[0]
                         net (fo=1, routed)           1.088    21.088    ReRamSpm_i/processing_system7_0/inst/FCLK_CLK_unbuffered[0]
    BUFGCTRL_X0Y16       BUFG (Prop_bufg_I_O)         0.091    21.179 r  ReRamSpm_i/processing_system7_0/inst/buffer_fclk_clk_0.FCLK_CLK_0_BUFG/O
                         net (fo=26024, routed)       1.685    22.865    ReRamSpm_i/reram_axilite_wrapper_0/inst/u_core/word_arrays[13].word_array_inst/cell_instances[17].cell_inst/S_AXI_ACLK
    SLICE_X113Y24        FDCE                                         r  ReRamSpm_i/reram_axilite_wrapper_0/inst/u_core/word_arrays[13].word_array_inst/cell_instances[17].cell_inst/delay_counter_reg[2]/C
                         clock pessimism              0.115    22.979    
                         clock uncertainty           -0.302    22.677    
    SLICE_X113Y24        FDCE (Recov_fdce_C_CLR)     -0.405    22.272    ReRamSpm_i/reram_axilite_wrapper_0/inst/u_core/word_arrays[13].word_array_inst/cell_instances[17].cell_inst/delay_counter_reg[2]
  -------------------------------------------------------------------
                         required time                         22.272    
                         arrival time                         -12.046    
  -------------------------------------------------------------------
                         slack                                 10.226    

Slack (MET) :             10.226ns  (required time - arrival time)
  Source:                 ReRamSpm_i/rst_ps7_0_50M/U0/ACTIVE_LOW_PR_OUT_DFF[0].FDRE_PER_N/C
                            (rising edge-triggered cell FDRE clocked by clk_fpga_0  {rise@0.000ns fall@10.000ns period=20.000ns})
  Destination:            ReRamSpm_i/reram_axilite_wrapper_0/inst/u_core/word_arrays[13].word_array_inst/cell_instances[17].cell_inst/delay_counter_reg[3]/CLR
                            (recovery check against rising-edge clock clk_fpga_0  {rise@0.000ns fall@10.000ns period=20.000ns})
  Path Group:             **async_default**
  Path Type:              Recovery (Max at Slow Process Corner)
  Requirement:            20.000ns  (clk_fpga_0 rise@20.000ns - clk_fpga_0 rise@0.000ns)
  Data Path Delay:        8.865ns  (logic 0.917ns (10.344%)  route 7.948ns (89.656%))
  Logic Levels:           2  (BUFG=1 LUT1=1)
  Clock Path Skew:        -0.202ns (DCD - SCD + CPR)
    Destination Clock Delay (DCD):    2.864ns = ( 22.865 - 20.000 ) 
    Source Clock Delay      (SCD):    3.181ns
    Clock Pessimism Removal (CPR):    0.115ns
  Clock Uncertainty:      0.302ns  ((TSJ^2 + TIJ^2)^1/2 + DJ) / 2 + PE
    Total System Jitter     (TSJ):    0.071ns
    Total Input Jitter      (TIJ):    0.600ns
    Discrete Jitter          (DJ):    0.000ns
    Phase Error              (PE):    0.000ns

    Location             Delay type                Incr(ns)  Path(ns)    Netlist Resource(s)
  -------------------------------------------------------------------    -------------------
                         (clock clk_fpga_0 rise edge)
                                                      0.000     0.000 r  
    PS7_X0Y0             PS7                          0.000     0.000 r  ReRamSpm_i/processing_system7_0/inst/PS7_i/FCLKCLK[0]
                         net (fo=1, routed)           1.193     1.193    ReRamSpm_i/processing_system7_0/inst/FCLK_CLK_unbuffered[0]
    BUFGCTRL_X0Y16       BUFG (Prop_bufg_I_O)         0.101     1.294 r  ReRamSpm_i/processing_system7_0/inst/buffer_fclk_clk_0.FCLK_CLK_0_BUFG/O
                         net (fo=26024, routed)       1.887     3.181    ReRamSpm_i/rst_ps7_0_50M/U0/slowest_sync_clk
    SLICE_X31Y137        FDRE                                         r  ReRamSpm_i/rst_ps7_0_50M/U0/ACTIVE_LOW_PR_OUT_DFF[0].FDRE_PER_N/C
  -------------------------------------------------------------------    -------------------
    SLICE_X31Y137        FDRE (Prop_fdre_C_Q)         0.456     3.637 r  ReRamSpm_i/rst_ps7_0_50M/U0/ACTIVE_LOW_PR_OUT_DFF[0].FDRE_PER_N/Q
                         net (fo=6, routed)           2.995     6.632    ReRamSpm_i/reram_axilite_wrapper_0/inst/u_core/word_arrays[15].word_array_inst/cell_instances[0].cell_inst/S_AXI_ARESETN
    SLICE_X46Y104        LUT1 (Prop_lut1_I0_O)        0.153     6.785 f  ReRamSpm_i/reram_axilite_wrapper_0/inst/u_core/word_arrays[15].word_array_inst/cell_instances[0].cell_inst/axi_awready_i_1/O
                         net (fo=1, routed)           2.464     9.249    ReRamSpm_i/reram_axilite_wrapper_0/inst/u_core/word_arrays[15].word_array_inst/cell_instances[0].cell_inst/write_counter_reg[0]_0
    BUFGCTRL_X0Y17       BUFG (Prop_bufg_I_O)         0.308     9.557 f  ReRamSpm_i/reram_axilite_wrapper_0/inst/u_core/word_arrays[15].word_array_inst/cell_instances[0].cell_inst/write_counter_reg[0]_0_BUFG_inst/O
                         net (fo=25403, routed)       2.490    12.046    ReRamSpm_i/reram_axilite_wrapper_0/inst/u_core/word_arrays[13].word_array_inst/cell_instances[17].cell_inst/ACTIVE_LOW_PR_OUT_DFF[0].FDRE_PER_N
    SLICE_X113Y24        FDCE                                         f  ReRamSpm_i/reram_axilite_wrapper_0/inst/u_core/word_arrays[13].word_array_inst/cell_instances[17].cell_inst/delay_counter_reg[3]/CLR
  -------------------------------------------------------------------    -------------------

                         (clock clk_fpga_0 rise edge)
                                                     20.000    20.000 r  
    PS7_X0Y0             PS7                          0.000    20.000 r  ReRamSpm_i/processing_system7_0/inst/PS7_i/FCLKCLK[0]
                         net (fo=1, routed)           1.088    21.088    ReRamSpm_i/processing_system7_0/inst/FCLK_CLK_unbuffered[0]
    BUFGCTRL_X0Y16       BUFG (Prop_bufg_I_O)         0.091    21.179 r  ReRamSpm_i/processing_system7_0/inst/buffer_fclk_clk_0.FCLK_CLK_0_BUFG/O
                         net (fo=26024, routed)       1.685    22.865    ReRamSpm_i/reram_axilite_wrapper_0/inst/u_core/word_arrays[13].word_array_inst/cell_instances[17].cell_inst/S_AXI_ACLK
    SLICE_X113Y24        FDCE                                         r  ReRamSpm_i/reram_axilite_wrapper_0/inst/u_core/word_arrays[13].word_array_inst/cell_instances[17].cell_inst/delay_counter_reg[3]/C
                         clock pessimism              0.115    22.979    
                         clock uncertainty           -0.302    22.677    
    SLICE_X113Y24        FDCE (Recov_fdce_C_CLR)     -0.405    22.272    ReRamSpm_i/reram_axilite_wrapper_0/inst/u_core/word_arrays[13].word_array_inst/cell_instances[17].cell_inst/delay_counter_reg[3]
  -------------------------------------------------------------------
                         required time                         22.272    
                         arrival time                         -12.046    
  -------------------------------------------------------------------
                         slack                                 10.226    

Slack (MET) :             10.226ns  (required time - arrival time)
  Source:                 ReRamSpm_i/rst_ps7_0_50M/U0/ACTIVE_LOW_PR_OUT_DFF[0].FDRE_PER_N/C
                            (rising edge-triggered cell FDRE clocked by clk_fpga_0  {rise@0.000ns fall@10.000ns period=20.000ns})
  Destination:            ReRamSpm_i/reram_axilite_wrapper_0/inst/u_core/word_arrays[13].word_array_inst/cell_instances[17].cell_inst/delay_counter_reg[4]/CLR
                            (recovery check against rising-edge clock clk_fpga_0  {rise@0.000ns fall@10.000ns period=20.000ns})
  Path Group:             **async_default**
  Path Type:              Recovery (Max at Slow Process Corner)
  Requirement:            20.000ns  (clk_fpga_0 rise@20.000ns - clk_fpga_0 rise@0.000ns)
  Data Path Delay:        8.865ns  (logic 0.917ns (10.344%)  route 7.948ns (89.656%))
  Logic Levels:           2  (BUFG=1 LUT1=1)
  Clock Path Skew:        -0.202ns (DCD - SCD + CPR)
    Destination Clock Delay (DCD):    2.864ns = ( 22.865 - 20.000 ) 
    Source Clock Delay      (SCD):    3.181ns
    Clock Pessimism Removal (CPR):    0.115ns
  Clock Uncertainty:      0.302ns  ((TSJ^2 + TIJ^2)^1/2 + DJ) / 2 + PE
    Total System Jitter     (TSJ):    0.071ns
    Total Input Jitter      (TIJ):    0.600ns
    Discrete Jitter          (DJ):    0.000ns
    Phase Error              (PE):    0.000ns

    Location             Delay type                Incr(ns)  Path(ns)    Netlist Resource(s)
  -------------------------------------------------------------------    -------------------
                         (clock clk_fpga_0 rise edge)
                                                      0.000     0.000 r  
    PS7_X0Y0             PS7                          0.000     0.000 r  ReRamSpm_i/processing_system7_0/inst/PS7_i/FCLKCLK[0]
                         net (fo=1, routed)           1.193     1.193    ReRamSpm_i/processing_system7_0/inst/FCLK_CLK_unbuffered[0]
    BUFGCTRL_X0Y16       BUFG (Prop_bufg_I_O)         0.101     1.294 r  ReRamSpm_i/processing_system7_0/inst/buffer_fclk_clk_0.FCLK_CLK_0_BUFG/O
                         net (fo=26024, routed)       1.887     3.181    ReRamSpm_i/rst_ps7_0_50M/U0/slowest_sync_clk
    SLICE_X31Y137        FDRE                                         r  ReRamSpm_i/rst_ps7_0_50M/U0/ACTIVE_LOW_PR_OUT_DFF[0].FDRE_PER_N/C
  -------------------------------------------------------------------    -------------------
    SLICE_X31Y137        FDRE (Prop_fdre_C_Q)         0.456     3.637 r  ReRamSpm_i/rst_ps7_0_50M/U0/ACTIVE_LOW_PR_OUT_DFF[0].FDRE_PER_N/Q
                         net (fo=6, routed)           2.995     6.632    ReRamSpm_i/reram_axilite_wrapper_0/inst/u_core/word_arrays[15].word_array_inst/cell_instances[0].cell_inst/S_AXI_ARESETN
    SLICE_X46Y104        LUT1 (Prop_lut1_I0_O)        0.153     6.785 f  ReRamSpm_i/reram_axilite_wrapper_0/inst/u_core/word_arrays[15].word_array_inst/cell_instances[0].cell_inst/axi_awready_i_1/O
                         net (fo=1, routed)           2.464     9.249    ReRamSpm_i/reram_axilite_wrapper_0/inst/u_core/word_arrays[15].word_array_inst/cell_instances[0].cell_inst/write_counter_reg[0]_0
    BUFGCTRL_X0Y17       BUFG (Prop_bufg_I_O)         0.308     9.557 f  ReRamSpm_i/reram_axilite_wrapper_0/inst/u_core/word_arrays[15].word_array_inst/cell_instances[0].cell_inst/write_counter_reg[0]_0_BUFG_inst/O
                         net (fo=25403, routed)       2.490    12.046    ReRamSpm_i/reram_axilite_wrapper_0/inst/u_core/word_arrays[13].word_array_inst/cell_instances[17].cell_inst/ACTIVE_LOW_PR_OUT_DFF[0].FDRE_PER_N
    SLICE_X113Y24        FDCE                                         f  ReRamSpm_i/reram_axilite_wrapper_0/inst/u_core/word_arrays[13].word_array_inst/cell_instances[17].cell_inst/delay_counter_reg[4]/CLR
  -------------------------------------------------------------------    -------------------

                         (clock clk_fpga_0 rise edge)
                                                     20.000    20.000 r  
    PS7_X0Y0             PS7                          0.000    20.000 r  ReRamSpm_i/processing_system7_0/inst/PS7_i/FCLKCLK[0]
                         net (fo=1, routed)           1.088    21.088    ReRamSpm_i/processing_system7_0/inst/FCLK_CLK_unbuffered[0]
    BUFGCTRL_X0Y16       BUFG (Prop_bufg_I_O)         0.091    21.179 r  ReRamSpm_i/processing_system7_0/inst/buffer_fclk_clk_0.FCLK_CLK_0_BUFG/O
                         net (fo=26024, routed)       1.685    22.865    ReRamSpm_i/reram_axilite_wrapper_0/inst/u_core/word_arrays[13].word_array_inst/cell_instances[17].cell_inst/S_AXI_ACLK
    SLICE_X113Y24        FDCE                                         r  ReRamSpm_i/reram_axilite_wrapper_0/inst/u_core/word_arrays[13].word_array_inst/cell_instances[17].cell_inst/delay_counter_reg[4]/C
                         clock pessimism              0.115    22.979    
                         clock uncertainty           -0.302    22.677    
    SLICE_X113Y24        FDCE (Recov_fdce_C_CLR)     -0.405    22.272    ReRamSpm_i/reram_axilite_wrapper_0/inst/u_core/word_arrays[13].word_array_inst/cell_instances[17].cell_inst/delay_counter_reg[4]
  -------------------------------------------------------------------
                         required time                         22.272    
                         arrival time                         -12.046    
  -------------------------------------------------------------------
                         slack                                 10.226    

Slack (MET) :             10.226ns  (required time - arrival time)
  Source:                 ReRamSpm_i/rst_ps7_0_50M/U0/ACTIVE_LOW_PR_OUT_DFF[0].FDRE_PER_N/C
                            (rising edge-triggered cell FDRE clocked by clk_fpga_0  {rise@0.000ns fall@10.000ns period=20.000ns})
  Destination:            ReRamSpm_i/reram_axilite_wrapper_0/inst/u_core/word_arrays[13].word_array_inst/cell_instances[17].cell_inst/delay_counter_reg[5]/CLR
                            (recovery check against rising-edge clock clk_fpga_0  {rise@0.000ns fall@10.000ns period=20.000ns})
  Path Group:             **async_default**
  Path Type:              Recovery (Max at Slow Process Corner)
  Requirement:            20.000ns  (clk_fpga_0 rise@20.000ns - clk_fpga_0 rise@0.000ns)
  Data Path Delay:        8.865ns  (logic 0.917ns (10.344%)  route 7.948ns (89.656%))
  Logic Levels:           2  (BUFG=1 LUT1=1)
  Clock Path Skew:        -0.202ns (DCD - SCD + CPR)
    Destination Clock Delay (DCD):    2.864ns = ( 22.865 - 20.000 ) 
    Source Clock Delay      (SCD):    3.181ns
    Clock Pessimism Removal (CPR):    0.115ns
  Clock Uncertainty:      0.302ns  ((TSJ^2 + TIJ^2)^1/2 + DJ) / 2 + PE
    Total System Jitter     (TSJ):    0.071ns
    Total Input Jitter      (TIJ):    0.600ns
    Discrete Jitter          (DJ):    0.000ns
    Phase Error              (PE):    0.000ns

    Location             Delay type                Incr(ns)  Path(ns)    Netlist Resource(s)
  -------------------------------------------------------------------    -------------------
                         (clock clk_fpga_0 rise edge)
                                                      0.000     0.000 r  
    PS7_X0Y0             PS7                          0.000     0.000 r  ReRamSpm_i/processing_system7_0/inst/PS7_i/FCLKCLK[0]
                         net (fo=1, routed)           1.193     1.193    ReRamSpm_i/processing_system7_0/inst/FCLK_CLK_unbuffered[0]
    BUFGCTRL_X0Y16       BUFG (Prop_bufg_I_O)         0.101     1.294 r  ReRamSpm_i/processing_system7_0/inst/buffer_fclk_clk_0.FCLK_CLK_0_BUFG/O
                         net (fo=26024, routed)       1.887     3.181    ReRamSpm_i/rst_ps7_0_50M/U0/slowest_sync_clk
    SLICE_X31Y137        FDRE                                         r  ReRamSpm_i/rst_ps7_0_50M/U0/ACTIVE_LOW_PR_OUT_DFF[0].FDRE_PER_N/C
  -------------------------------------------------------------------    -------------------
    SLICE_X31Y137        FDRE (Prop_fdre_C_Q)         0.456     3.637 r  ReRamSpm_i/rst_ps7_0_50M/U0/ACTIVE_LOW_PR_OUT_DFF[0].FDRE_PER_N/Q
                         net (fo=6, routed)           2.995     6.632    ReRamSpm_i/reram_axilite_wrapper_0/inst/u_core/word_arrays[15].word_array_inst/cell_instances[0].cell_inst/S_AXI_ARESETN
    SLICE_X46Y104        LUT1 (Prop_lut1_I0_O)        0.153     6.785 f  ReRamSpm_i/reram_axilite_wrapper_0/inst/u_core/word_arrays[15].word_array_inst/cell_instances[0].cell_inst/axi_awready_i_1/O
                         net (fo=1, routed)           2.464     9.249    ReRamSpm_i/reram_axilite_wrapper_0/inst/u_core/word_arrays[15].word_array_inst/cell_instances[0].cell_inst/write_counter_reg[0]_0
    BUFGCTRL_X0Y17       BUFG (Prop_bufg_I_O)         0.308     9.557 f  ReRamSpm_i/reram_axilite_wrapper_0/inst/u_core/word_arrays[15].word_array_inst/cell_instances[0].cell_inst/write_counter_reg[0]_0_BUFG_inst/O
                         net (fo=25403, routed)       2.490    12.046    ReRamSpm_i/reram_axilite_wrapper_0/inst/u_core/word_arrays[13].word_array_inst/cell_instances[17].cell_inst/ACTIVE_LOW_PR_OUT_DFF[0].FDRE_PER_N
    SLICE_X113Y24        FDCE                                         f  ReRamSpm_i/reram_axilite_wrapper_0/inst/u_core/word_arrays[13].word_array_inst/cell_instances[17].cell_inst/delay_counter_reg[5]/CLR
  -------------------------------------------------------------------    -------------------

                         (clock clk_fpga_0 rise edge)
                                                     20.000    20.000 r  
    PS7_X0Y0             PS7                          0.000    20.000 r  ReRamSpm_i/processing_system7_0/inst/PS7_i/FCLKCLK[0]
                         net (fo=1, routed)           1.088    21.088    ReRamSpm_i/processing_system7_0/inst/FCLK_CLK_unbuffered[0]
    BUFGCTRL_X0Y16       BUFG (Prop_bufg_I_O)         0.091    21.179 r  ReRamSpm_i/processing_system7_0/inst/buffer_fclk_clk_0.FCLK_CLK_0_BUFG/O
                         net (fo=26024, routed)       1.685    22.865    ReRamSpm_i/reram_axilite_wrapper_0/inst/u_core/word_arrays[13].word_array_inst/cell_instances[17].cell_inst/S_AXI_ACLK
    SLICE_X113Y24        FDCE                                         r  ReRamSpm_i/reram_axilite_wrapper_0/inst/u_core/word_arrays[13].word_array_inst/cell_instances[17].cell_inst/delay_counter_reg[5]/C
                         clock pessimism              0.115    22.979    
                         clock uncertainty           -0.302    22.677    
    SLICE_X113Y24        FDCE (Recov_fdce_C_CLR)     -0.405    22.272    ReRamSpm_i/reram_axilite_wrapper_0/inst/u_core/word_arrays[13].word_array_inst/cell_instances[17].cell_inst/delay_counter_reg[5]
  -------------------------------------------------------------------
                         required time                         22.272    
                         arrival time                         -12.046    
  -------------------------------------------------------------------
                         slack                                 10.226    

Slack (MET) :             10.226ns  (required time - arrival time)
  Source:                 ReRamSpm_i/rst_ps7_0_50M/U0/ACTIVE_LOW_PR_OUT_DFF[0].FDRE_PER_N/C
                            (rising edge-triggered cell FDRE clocked by clk_fpga_0  {rise@0.000ns fall@10.000ns period=20.000ns})
  Destination:            ReRamSpm_i/reram_axilite_wrapper_0/inst/u_core/word_arrays[13].word_array_inst/cell_instances[17].cell_inst/target_delay_reg[1]/CLR
                            (recovery check against rising-edge clock clk_fpga_0  {rise@0.000ns fall@10.000ns period=20.000ns})
  Path Group:             **async_default**
  Path Type:              Recovery (Max at Slow Process Corner)
  Requirement:            20.000ns  (clk_fpga_0 rise@20.000ns - clk_fpga_0 rise@0.000ns)
  Data Path Delay:        8.865ns  (logic 0.917ns (10.344%)  route 7.948ns (89.656%))
  Logic Levels:           2  (BUFG=1 LUT1=1)
  Clock Path Skew:        -0.202ns (DCD - SCD + CPR)
    Destination Clock Delay (DCD):    2.864ns = ( 22.865 - 20.000 ) 
    Source Clock Delay      (SCD):    3.181ns
    Clock Pessimism Removal (CPR):    0.115ns
  Clock Uncertainty:      0.302ns  ((TSJ^2 + TIJ^2)^1/2 + DJ) / 2 + PE
    Total System Jitter     (TSJ):    0.071ns
    Total Input Jitter      (TIJ):    0.600ns
    Discrete Jitter          (DJ):    0.000ns
    Phase Error              (PE):    0.000ns

    Location             Delay type                Incr(ns)  Path(ns)    Netlist Resource(s)
  -------------------------------------------------------------------    -------------------
                         (clock clk_fpga_0 rise edge)
                                                      0.000     0.000 r  
    PS7_X0Y0             PS7                          0.000     0.000 r  ReRamSpm_i/processing_system7_0/inst/PS7_i/FCLKCLK[0]
                         net (fo=1, routed)           1.193     1.193    ReRamSpm_i/processing_system7_0/inst/FCLK_CLK_unbuffered[0]
    BUFGCTRL_X0Y16       BUFG (Prop_bufg_I_O)         0.101     1.294 r  ReRamSpm_i/processing_system7_0/inst/buffer_fclk_clk_0.FCLK_CLK_0_BUFG/O
                         net (fo=26024, routed)       1.887     3.181    ReRamSpm_i/rst_ps7_0_50M/U0/slowest_sync_clk
    SLICE_X31Y137        FDRE                                         r  ReRamSpm_i/rst_ps7_0_50M/U0/ACTIVE_LOW_PR_OUT_DFF[0].FDRE_PER_N/C
  -------------------------------------------------------------------    -------------------
    SLICE_X31Y137        FDRE (Prop_fdre_C_Q)         0.456     3.637 r  ReRamSpm_i/rst_ps7_0_50M/U0/ACTIVE_LOW_PR_OUT_DFF[0].FDRE_PER_N/Q
                         net (fo=6, routed)           2.995     6.632    ReRamSpm_i/reram_axilite_wrapper_0/inst/u_core/word_arrays[15].word_array_inst/cell_instances[0].cell_inst/S_AXI_ARESETN
    SLICE_X46Y104        LUT1 (Prop_lut1_I0_O)        0.153     6.785 f  ReRamSpm_i/reram_axilite_wrapper_0/inst/u_core/word_arrays[15].word_array_inst/cell_instances[0].cell_inst/axi_awready_i_1/O
                         net (fo=1, routed)           2.464     9.249    ReRamSpm_i/reram_axilite_wrapper_0/inst/u_core/word_arrays[15].word_array_inst/cell_instances[0].cell_inst/write_counter_reg[0]_0
    BUFGCTRL_X0Y17       BUFG (Prop_bufg_I_O)         0.308     9.557 f  ReRamSpm_i/reram_axilite_wrapper_0/inst/u_core/word_arrays[15].word_array_inst/cell_instances[0].cell_inst/write_counter_reg[0]_0_BUFG_inst/O
                         net (fo=25403, routed)       2.490    12.046    ReRamSpm_i/reram_axilite_wrapper_0/inst/u_core/word_arrays[13].word_array_inst/cell_instances[17].cell_inst/ACTIVE_LOW_PR_OUT_DFF[0].FDRE_PER_N
    SLICE_X113Y24        FDCE                                         f  ReRamSpm_i/reram_axilite_wrapper_0/inst/u_core/word_arrays[13].word_array_inst/cell_instances[17].cell_inst/target_delay_reg[1]/CLR
  -------------------------------------------------------------------    -------------------

                         (clock clk_fpga_0 rise edge)
                                                     20.000    20.000 r  
    PS7_X0Y0             PS7                          0.000    20.000 r  ReRamSpm_i/processing_system7_0/inst/PS7_i/FCLKCLK[0]
                         net (fo=1, routed)           1.088    21.088    ReRamSpm_i/processing_system7_0/inst/FCLK_CLK_unbuffered[0]
    BUFGCTRL_X0Y16       BUFG (Prop_bufg_I_O)         0.091    21.179 r  ReRamSpm_i/processing_system7_0/inst/buffer_fclk_clk_0.FCLK_CLK_0_BUFG/O
                         net (fo=26024, routed)       1.685    22.865    ReRamSpm_i/reram_axilite_wrapper_0/inst/u_core/word_arrays[13].word_array_inst/cell_instances[17].cell_inst/S_AXI_ACLK
    SLICE_X113Y24        FDCE                                         r  ReRamSpm_i/reram_axilite_wrapper_0/inst/u_core/word_arrays[13].word_array_inst/cell_instances[17].cell_inst/target_delay_reg[1]/C
                         clock pessimism              0.115    22.979    
                         clock uncertainty           -0.302    22.677    
    SLICE_X113Y24        FDCE (Recov_fdce_C_CLR)     -0.405    22.272    ReRamSpm_i/reram_axilite_wrapper_0/inst/u_core/word_arrays[13].word_array_inst/cell_instances[17].cell_inst/target_delay_reg[1]
  -------------------------------------------------------------------
                         required time                         22.272    
                         arrival time                         -12.046    
  -------------------------------------------------------------------
                         slack                                 10.226    

Slack (MET) :             10.262ns  (required time - arrival time)
  Source:                 ReRamSpm_i/rst_ps7_0_50M/U0/ACTIVE_LOW_PR_OUT_DFF[0].FDRE_PER_N/C
                            (rising edge-triggered cell FDRE clocked by clk_fpga_0  {rise@0.000ns fall@10.000ns period=20.000ns})
  Destination:            ReRamSpm_i/reram_axilite_wrapper_0/inst/u_core/word_arrays[4].word_array_inst/cell_instances[1].cell_inst/write_counter_reg[5]/CLR
                            (recovery check against rising-edge clock clk_fpga_0  {rise@0.000ns fall@10.000ns period=20.000ns})
  Path Group:             **async_default**
  Path Type:              Recovery (Max at Slow Process Corner)
  Requirement:            20.000ns  (clk_fpga_0 rise@20.000ns - clk_fpga_0 rise@0.000ns)
  Data Path Delay:        8.713ns  (logic 0.917ns (10.525%)  route 7.796ns (89.475%))
  Logic Levels:           2  (BUFG=1 LUT1=1)
  Clock Path Skew:        -0.319ns (DCD - SCD + CPR)
    Destination Clock Delay (DCD):    2.747ns = ( 22.747 - 20.000 ) 
    Source Clock Delay      (SCD):    3.181ns
    Clock Pessimism Removal (CPR):    0.115ns
  Clock Uncertainty:      0.302ns  ((TSJ^2 + TIJ^2)^1/2 + DJ) / 2 + PE
    Total System Jitter     (TSJ):    0.071ns
    Total Input Jitter      (TIJ):    0.600ns
    Discrete Jitter          (DJ):    0.000ns
    Phase Error              (PE):    0.000ns

    Location             Delay type                Incr(ns)  Path(ns)    Netlist Resource(s)
  -------------------------------------------------------------------    -------------------
                         (clock clk_fpga_0 rise edge)
                                                      0.000     0.000 r  
    PS7_X0Y0             PS7                          0.000     0.000 r  ReRamSpm_i/processing_system7_0/inst/PS7_i/FCLKCLK[0]
                         net (fo=1, routed)           1.193     1.193    ReRamSpm_i/processing_system7_0/inst/FCLK_CLK_unbuffered[0]
    BUFGCTRL_X0Y16       BUFG (Prop_bufg_I_O)         0.101     1.294 r  ReRamSpm_i/processing_system7_0/inst/buffer_fclk_clk_0.FCLK_CLK_0_BUFG/O
                         net (fo=26024, routed)       1.887     3.181    ReRamSpm_i/rst_ps7_0_50M/U0/slowest_sync_clk
    SLICE_X31Y137        FDRE                                         r  ReRamSpm_i/rst_ps7_0_50M/U0/ACTIVE_LOW_PR_OUT_DFF[0].FDRE_PER_N/C
  -------------------------------------------------------------------    -------------------
    SLICE_X31Y137        FDRE (Prop_fdre_C_Q)         0.456     3.637 r  ReRamSpm_i/rst_ps7_0_50M/U0/ACTIVE_LOW_PR_OUT_DFF[0].FDRE_PER_N/Q
                         net (fo=6, routed)           2.995     6.632    ReRamSpm_i/reram_axilite_wrapper_0/inst/u_core/word_arrays[15].word_array_inst/cell_instances[0].cell_inst/S_AXI_ARESETN
    SLICE_X46Y104        LUT1 (Prop_lut1_I0_O)        0.153     6.785 f  ReRamSpm_i/reram_axilite_wrapper_0/inst/u_core/word_arrays[15].word_array_inst/cell_instances[0].cell_inst/axi_awready_i_1/O
                         net (fo=1, routed)           2.464     9.249    ReRamSpm_i/reram_axilite_wrapper_0/inst/u_core/word_arrays[15].word_array_inst/cell_instances[0].cell_inst/write_counter_reg[0]_0
    BUFGCTRL_X0Y17       BUFG (Prop_bufg_I_O)         0.308     9.557 f  ReRamSpm_i/reram_axilite_wrapper_0/inst/u_core/word_arrays[15].word_array_inst/cell_instances[0].cell_inst/write_counter_reg[0]_0_BUFG_inst/O
                         net (fo=25403, routed)       2.337    11.894    ReRamSpm_i/reram_axilite_wrapper_0/inst/u_core/word_arrays[4].word_array_inst/cell_instances[1].cell_inst/ACTIVE_LOW_PR_OUT_DFF[0].FDRE_PER_N
    SLICE_X17Y21         FDCE                                         f  ReRamSpm_i/reram_axilite_wrapper_0/inst/u_core/word_arrays[4].word_array_inst/cell_instances[1].cell_inst/write_counter_reg[5]/CLR
  -------------------------------------------------------------------    -------------------

                         (clock clk_fpga_0 rise edge)
                                                     20.000    20.000 r  
    PS7_X0Y0             PS7                          0.000    20.000 r  ReRamSpm_i/processing_system7_0/inst/PS7_i/FCLKCLK[0]
                         net (fo=1, routed)           1.088    21.088    ReRamSpm_i/processing_system7_0/inst/FCLK_CLK_unbuffered[0]
    BUFGCTRL_X0Y16       BUFG (Prop_bufg_I_O)         0.091    21.179 r  ReRamSpm_i/processing_system7_0/inst/buffer_fclk_clk_0.FCLK_CLK_0_BUFG/O
                         net (fo=26024, routed)       1.568    22.747    ReRamSpm_i/reram_axilite_wrapper_0/inst/u_core/word_arrays[4].word_array_inst/cell_instances[1].cell_inst/S_AXI_ACLK
    SLICE_X17Y21         FDCE                                         r  ReRamSpm_i/reram_axilite_wrapper_0/inst/u_core/word_arrays[4].word_array_inst/cell_instances[1].cell_inst/write_counter_reg[5]/C
                         clock pessimism              0.115    22.862    
                         clock uncertainty           -0.302    22.560    
    SLICE_X17Y21         FDCE (Recov_fdce_C_CLR)     -0.405    22.155    ReRamSpm_i/reram_axilite_wrapper_0/inst/u_core/word_arrays[4].word_array_inst/cell_instances[1].cell_inst/write_counter_reg[5]
  -------------------------------------------------------------------
                         required time                         22.155    
                         arrival time                         -11.894    
  -------------------------------------------------------------------
                         slack                                 10.262    





Min Delay Paths
--------------------------------------------------------------------------------------
Slack (MET) :             3.107ns  (arrival time - required time)
  Source:                 ReRamSpm_i/rst_ps7_0_50M/U0/ACTIVE_LOW_PR_OUT_DFF[0].FDRE_PER_N/C
                            (rising edge-triggered cell FDRE clocked by clk_fpga_0  {rise@0.000ns fall@10.000ns period=20.000ns})
  Destination:            ReRamSpm_i/reram_axilite_wrapper_0/inst/u_core/word_arrays[13].word_array_inst/cell_instances[22].cell_inst/internal_cell_state_reg/CLR
                            (removal check against rising-edge clock clk_fpga_0  {rise@0.000ns fall@10.000ns period=20.000ns})
  Path Group:             **async_default**
  Path Type:              Removal (Min at Fast Process Corner)
  Requirement:            0.000ns  (clk_fpga_0 rise@0.000ns - clk_fpga_0 rise@0.000ns)
  Data Path Delay:        3.295ns  (logic 0.279ns (8.468%)  route 3.016ns (91.532%))
  Logic Levels:           2  (BUFG=1 LUT1=1)
  Clock Path Skew:        0.255ns (DCD - SCD - CPR)
    Destination Clock Delay (DCD):    1.276ns
    Source Clock Delay      (SCD):    0.991ns
    Clock Pessimism Removal (CPR):    0.030ns

    Location             Delay type                Incr(ns)  Path(ns)    Netlist Resource(s)
  -------------------------------------------------------------------    -------------------
                         (clock clk_fpga_0 rise edge)
                                                      0.000     0.000 r  
    PS7_X0Y0             PS7                          0.000     0.000 r  ReRamSpm_i/processing_system7_0/inst/PS7_i/FCLKCLK[0]
                         net (fo=1, routed)           0.310     0.310    ReRamSpm_i/processing_system7_0/inst/FCLK_CLK_unbuffered[0]
    BUFGCTRL_X0Y16       BUFG (Prop_bufg_I_O)         0.026     0.336 r  ReRamSpm_i/processing_system7_0/inst/buffer_fclk_clk_0.FCLK_CLK_0_BUFG/O
                         net (fo=26024, routed)       0.655     0.991    ReRamSpm_i/rst_ps7_0_50M/U0/slowest_sync_clk
    SLICE_X31Y137        FDRE                                         r  ReRamSpm_i/rst_ps7_0_50M/U0/ACTIVE_LOW_PR_OUT_DFF[0].FDRE_PER_N/C
  -------------------------------------------------------------------    -------------------
    SLICE_X31Y137        FDRE (Prop_fdre_C_Q)         0.141     1.132 r  ReRamSpm_i/rst_ps7_0_50M/U0/ACTIVE_LOW_PR_OUT_DFF[0].FDRE_PER_N/Q
                         net (fo=6, routed)           1.286     2.418    ReRamSpm_i/reram_axilite_wrapper_0/inst/u_core/word_arrays[15].word_array_inst/cell_instances[0].cell_inst/S_AXI_ARESETN
    SLICE_X46Y104        LUT1 (Prop_lut1_I0_O)        0.044     2.462 f  ReRamSpm_i/reram_axilite_wrapper_0/inst/u_core/word_arrays[15].word_array_inst/cell_instances[0].cell_inst/axi_awready_i_1/O
                         net (fo=1, routed)           1.030     3.492    ReRamSpm_i/reram_axilite_wrapper_0/inst/u_core/word_arrays[15].word_array_inst/cell_instances[0].cell_inst/write_counter_reg[0]_0
    BUFGCTRL_X0Y17       BUFG (Prop_bufg_I_O)         0.094     3.586 f  ReRamSpm_i/reram_axilite_wrapper_0/inst/u_core/word_arrays[15].word_array_inst/cell_instances[0].cell_inst/write_counter_reg[0]_0_BUFG_inst/O
                         net (fo=25403, routed)       0.700     4.286    ReRamSpm_i/reram_axilite_wrapper_0/inst/u_core/word_arrays[13].word_array_inst/cell_instances[22].cell_inst/ACTIVE_LOW_PR_OUT_DFF[0].FDRE_PER_N
    SLICE_X108Y38        FDCE                                         f  ReRamSpm_i/reram_axilite_wrapper_0/inst/u_core/word_arrays[13].word_array_inst/cell_instances[22].cell_inst/internal_cell_state_reg/CLR
  -------------------------------------------------------------------    -------------------

                         (clock clk_fpga_0 rise edge)
                                                      0.000     0.000 r  
    PS7_X0Y0             PS7                          0.000     0.000 r  ReRamSpm_i/processing_system7_0/inst/PS7_i/FCLKCLK[0]
                         net (fo=1, routed)           0.337     0.337    ReRamSpm_i/processing_system7_0/inst/FCLK_CLK_unbuffered[0]
    BUFGCTRL_X0Y16       BUFG (Prop_bufg_I_O)         0.029     0.366 r  ReRamSpm_i/processing_system7_0/inst/buffer_fclk_clk_0.FCLK_CLK_0_BUFG/O
                         net (fo=26024, routed)       0.910     1.276    ReRamSpm_i/reram_axilite_wrapper_0/inst/u_core/word_arrays[13].word_array_inst/cell_instances[22].cell_inst/S_AXI_ACLK
    SLICE_X108Y38        FDCE                                         r  ReRamSpm_i/reram_axilite_wrapper_0/inst/u_core/word_arrays[13].word_array_inst/cell_instances[22].cell_inst/internal_cell_state_reg/C
                         clock pessimism             -0.030     1.246    
    SLICE_X108Y38        FDCE (Remov_fdce_C_CLR)     -0.067     1.179    ReRamSpm_i/reram_axilite_wrapper_0/inst/u_core/word_arrays[13].word_array_inst/cell_instances[22].cell_inst/internal_cell_state_reg
  -------------------------------------------------------------------
                         required time                         -1.179    
                         arrival time                           4.286    
  -------------------------------------------------------------------
                         slack                                  3.107    

Slack (MET) :             3.107ns  (arrival time - required time)
  Source:                 ReRamSpm_i/rst_ps7_0_50M/U0/ACTIVE_LOW_PR_OUT_DFF[0].FDRE_PER_N/C
                            (rising edge-triggered cell FDRE clocked by clk_fpga_0  {rise@0.000ns fall@10.000ns period=20.000ns})
  Destination:            ReRamSpm_i/reram_axilite_wrapper_0/inst/u_core/word_arrays[13].word_array_inst/cell_instances[22].cell_inst/internal_data_out_reg/CLR
                            (removal check against rising-edge clock clk_fpga_0  {rise@0.000ns fall@10.000ns period=20.000ns})
  Path Group:             **async_default**
  Path Type:              Removal (Min at Fast Process Corner)
  Requirement:            0.000ns  (clk_fpga_0 rise@0.000ns - clk_fpga_0 rise@0.000ns)
  Data Path Delay:        3.295ns  (logic 0.279ns (8.468%)  route 3.016ns (91.532%))
  Logic Levels:           2  (BUFG=1 LUT1=1)
  Clock Path Skew:        0.255ns (DCD - SCD - CPR)
    Destination Clock Delay (DCD):    1.276ns
    Source Clock Delay      (SCD):    0.991ns
    Clock Pessimism Removal (CPR):    0.030ns

    Location             Delay type                Incr(ns)  Path(ns)    Netlist Resource(s)
  -------------------------------------------------------------------    -------------------
                         (clock clk_fpga_0 rise edge)
                                                      0.000     0.000 r  
    PS7_X0Y0             PS7                          0.000     0.000 r  ReRamSpm_i/processing_system7_0/inst/PS7_i/FCLKCLK[0]
                         net (fo=1, routed)           0.310     0.310    ReRamSpm_i/processing_system7_0/inst/FCLK_CLK_unbuffered[0]
    BUFGCTRL_X0Y16       BUFG (Prop_bufg_I_O)         0.026     0.336 r  ReRamSpm_i/processing_system7_0/inst/buffer_fclk_clk_0.FCLK_CLK_0_BUFG/O
                         net (fo=26024, routed)       0.655     0.991    ReRamSpm_i/rst_ps7_0_50M/U0/slowest_sync_clk
    SLICE_X31Y137        FDRE                                         r  ReRamSpm_i/rst_ps7_0_50M/U0/ACTIVE_LOW_PR_OUT_DFF[0].FDRE_PER_N/C
  -------------------------------------------------------------------    -------------------
    SLICE_X31Y137        FDRE (Prop_fdre_C_Q)         0.141     1.132 r  ReRamSpm_i/rst_ps7_0_50M/U0/ACTIVE_LOW_PR_OUT_DFF[0].FDRE_PER_N/Q
                         net (fo=6, routed)           1.286     2.418    ReRamSpm_i/reram_axilite_wrapper_0/inst/u_core/word_arrays[15].word_array_inst/cell_instances[0].cell_inst/S_AXI_ARESETN
    SLICE_X46Y104        LUT1 (Prop_lut1_I0_O)        0.044     2.462 f  ReRamSpm_i/reram_axilite_wrapper_0/inst/u_core/word_arrays[15].word_array_inst/cell_instances[0].cell_inst/axi_awready_i_1/O
                         net (fo=1, routed)           1.030     3.492    ReRamSpm_i/reram_axilite_wrapper_0/inst/u_core/word_arrays[15].word_array_inst/cell_instances[0].cell_inst/write_counter_reg[0]_0
    BUFGCTRL_X0Y17       BUFG (Prop_bufg_I_O)         0.094     3.586 f  ReRamSpm_i/reram_axilite_wrapper_0/inst/u_core/word_arrays[15].word_array_inst/cell_instances[0].cell_inst/write_counter_reg[0]_0_BUFG_inst/O
                         net (fo=25403, routed)       0.700     4.286    ReRamSpm_i/reram_axilite_wrapper_0/inst/u_core/word_arrays[13].word_array_inst/cell_instances[22].cell_inst/ACTIVE_LOW_PR_OUT_DFF[0].FDRE_PER_N
    SLICE_X108Y38        FDCE                                         f  ReRamSpm_i/reram_axilite_wrapper_0/inst/u_core/word_arrays[13].word_array_inst/cell_instances[22].cell_inst/internal_data_out_reg/CLR
  -------------------------------------------------------------------    -------------------

                         (clock clk_fpga_0 rise edge)
                                                      0.000     0.000 r  
    PS7_X0Y0             PS7                          0.000     0.000 r  ReRamSpm_i/processing_system7_0/inst/PS7_i/FCLKCLK[0]
                         net (fo=1, routed)           0.337     0.337    ReRamSpm_i/processing_system7_0/inst/FCLK_CLK_unbuffered[0]
    BUFGCTRL_X0Y16       BUFG (Prop_bufg_I_O)         0.029     0.366 r  ReRamSpm_i/processing_system7_0/inst/buffer_fclk_clk_0.FCLK_CLK_0_BUFG/O
                         net (fo=26024, routed)       0.910     1.276    ReRamSpm_i/reram_axilite_wrapper_0/inst/u_core/word_arrays[13].word_array_inst/cell_instances[22].cell_inst/S_AXI_ACLK
    SLICE_X108Y38        FDCE                                         r  ReRamSpm_i/reram_axilite_wrapper_0/inst/u_core/word_arrays[13].word_array_inst/cell_instances[22].cell_inst/internal_data_out_reg/C
                         clock pessimism             -0.030     1.246    
    SLICE_X108Y38        FDCE (Remov_fdce_C_CLR)     -0.067     1.179    ReRamSpm_i/reram_axilite_wrapper_0/inst/u_core/word_arrays[13].word_array_inst/cell_instances[22].cell_inst/internal_data_out_reg
  -------------------------------------------------------------------
                         required time                         -1.179    
                         arrival time                           4.286    
  -------------------------------------------------------------------
                         slack                                  3.107    

Slack (MET) :             3.107ns  (arrival time - required time)
  Source:                 ReRamSpm_i/rst_ps7_0_50M/U0/ACTIVE_LOW_PR_OUT_DFF[0].FDRE_PER_N/C
                            (rising edge-triggered cell FDRE clocked by clk_fpga_0  {rise@0.000ns fall@10.000ns period=20.000ns})
  Destination:            ReRamSpm_i/reram_axilite_wrapper_0/inst/u_core/word_arrays[13].word_array_inst/cell_instances[24].cell_inst/delay_counter_reg[17]/CLR
                            (removal check against rising-edge clock clk_fpga_0  {rise@0.000ns fall@10.000ns period=20.000ns})
  Path Group:             **async_default**
  Path Type:              Removal (Min at Fast Process Corner)
  Requirement:            0.000ns  (clk_fpga_0 rise@0.000ns - clk_fpga_0 rise@0.000ns)
  Data Path Delay:        3.295ns  (logic 0.279ns (8.468%)  route 3.016ns (91.532%))
  Logic Levels:           2  (BUFG=1 LUT1=1)
  Clock Path Skew:        0.255ns (DCD - SCD - CPR)
    Destination Clock Delay (DCD):    1.276ns
    Source Clock Delay      (SCD):    0.991ns
    Clock Pessimism Removal (CPR):    0.030ns

    Location             Delay type                Incr(ns)  Path(ns)    Netlist Resource(s)
  -------------------------------------------------------------------    -------------------
                         (clock clk_fpga_0 rise edge)
                                                      0.000     0.000 r  
    PS7_X0Y0             PS7                          0.000     0.000 r  ReRamSpm_i/processing_system7_0/inst/PS7_i/FCLKCLK[0]
                         net (fo=1, routed)           0.310     0.310    ReRamSpm_i/processing_system7_0/inst/FCLK_CLK_unbuffered[0]
    BUFGCTRL_X0Y16       BUFG (Prop_bufg_I_O)         0.026     0.336 r  ReRamSpm_i/processing_system7_0/inst/buffer_fclk_clk_0.FCLK_CLK_0_BUFG/O
                         net (fo=26024, routed)       0.655     0.991    ReRamSpm_i/rst_ps7_0_50M/U0/slowest_sync_clk
    SLICE_X31Y137        FDRE                                         r  ReRamSpm_i/rst_ps7_0_50M/U0/ACTIVE_LOW_PR_OUT_DFF[0].FDRE_PER_N/C
  -------------------------------------------------------------------    -------------------
    SLICE_X31Y137        FDRE (Prop_fdre_C_Q)         0.141     1.132 r  ReRamSpm_i/rst_ps7_0_50M/U0/ACTIVE_LOW_PR_OUT_DFF[0].FDRE_PER_N/Q
                         net (fo=6, routed)           1.286     2.418    ReRamSpm_i/reram_axilite_wrapper_0/inst/u_core/word_arrays[15].word_array_inst/cell_instances[0].cell_inst/S_AXI_ARESETN
    SLICE_X46Y104        LUT1 (Prop_lut1_I0_O)        0.044     2.462 f  ReRamSpm_i/reram_axilite_wrapper_0/inst/u_core/word_arrays[15].word_array_inst/cell_instances[0].cell_inst/axi_awready_i_1/O
                         net (fo=1, routed)           1.030     3.492    ReRamSpm_i/reram_axilite_wrapper_0/inst/u_core/word_arrays[15].word_array_inst/cell_instances[0].cell_inst/write_counter_reg[0]_0
    BUFGCTRL_X0Y17       BUFG (Prop_bufg_I_O)         0.094     3.586 f  ReRamSpm_i/reram_axilite_wrapper_0/inst/u_core/word_arrays[15].word_array_inst/cell_instances[0].cell_inst/write_counter_reg[0]_0_BUFG_inst/O
                         net (fo=25403, routed)       0.700     4.286    ReRamSpm_i/reram_axilite_wrapper_0/inst/u_core/word_arrays[13].word_array_inst/cell_instances[24].cell_inst/ACTIVE_LOW_PR_OUT_DFF[0].FDRE_PER_N
    SLICE_X108Y38        FDCE                                         f  ReRamSpm_i/reram_axilite_wrapper_0/inst/u_core/word_arrays[13].word_array_inst/cell_instances[24].cell_inst/delay_counter_reg[17]/CLR
  -------------------------------------------------------------------    -------------------

                         (clock clk_fpga_0 rise edge)
                                                      0.000     0.000 r  
    PS7_X0Y0             PS7                          0.000     0.000 r  ReRamSpm_i/processing_system7_0/inst/PS7_i/FCLKCLK[0]
                         net (fo=1, routed)           0.337     0.337    ReRamSpm_i/processing_system7_0/inst/FCLK_CLK_unbuffered[0]
    BUFGCTRL_X0Y16       BUFG (Prop_bufg_I_O)         0.029     0.366 r  ReRamSpm_i/processing_system7_0/inst/buffer_fclk_clk_0.FCLK_CLK_0_BUFG/O
                         net (fo=26024, routed)       0.910     1.276    ReRamSpm_i/reram_axilite_wrapper_0/inst/u_core/word_arrays[13].word_array_inst/cell_instances[24].cell_inst/S_AXI_ACLK
    SLICE_X108Y38        FDCE                                         r  ReRamSpm_i/reram_axilite_wrapper_0/inst/u_core/word_arrays[13].word_array_inst/cell_instances[24].cell_inst/delay_counter_reg[17]/C
                         clock pessimism             -0.030     1.246    
    SLICE_X108Y38        FDCE (Remov_fdce_C_CLR)     -0.067     1.179    ReRamSpm_i/reram_axilite_wrapper_0/inst/u_core/word_arrays[13].word_array_inst/cell_instances[24].cell_inst/delay_counter_reg[17]
  -------------------------------------------------------------------
                         required time                         -1.179    
                         arrival time                           4.286    
  -------------------------------------------------------------------
                         slack                                  3.107    

Slack (MET) :             3.107ns  (arrival time - required time)
  Source:                 ReRamSpm_i/rst_ps7_0_50M/U0/ACTIVE_LOW_PR_OUT_DFF[0].FDRE_PER_N/C
                            (rising edge-triggered cell FDRE clocked by clk_fpga_0  {rise@0.000ns fall@10.000ns period=20.000ns})
  Destination:            ReRamSpm_i/reram_axilite_wrapper_0/inst/u_core/word_arrays[13].word_array_inst/cell_instances[24].cell_inst/delay_counter_reg[19]/CLR
                            (removal check against rising-edge clock clk_fpga_0  {rise@0.000ns fall@10.000ns period=20.000ns})
  Path Group:             **async_default**
  Path Type:              Removal (Min at Fast Process Corner)
  Requirement:            0.000ns  (clk_fpga_0 rise@0.000ns - clk_fpga_0 rise@0.000ns)
  Data Path Delay:        3.295ns  (logic 0.279ns (8.468%)  route 3.016ns (91.532%))
  Logic Levels:           2  (BUFG=1 LUT1=1)
  Clock Path Skew:        0.255ns (DCD - SCD - CPR)
    Destination Clock Delay (DCD):    1.276ns
    Source Clock Delay      (SCD):    0.991ns
    Clock Pessimism Removal (CPR):    0.030ns

    Location             Delay type                Incr(ns)  Path(ns)    Netlist Resource(s)
  -------------------------------------------------------------------    -------------------
                         (clock clk_fpga_0 rise edge)
                                                      0.000     0.000 r  
    PS7_X0Y0             PS7                          0.000     0.000 r  ReRamSpm_i/processing_system7_0/inst/PS7_i/FCLKCLK[0]
                         net (fo=1, routed)           0.310     0.310    ReRamSpm_i/processing_system7_0/inst/FCLK_CLK_unbuffered[0]
    BUFGCTRL_X0Y16       BUFG (Prop_bufg_I_O)         0.026     0.336 r  ReRamSpm_i/processing_system7_0/inst/buffer_fclk_clk_0.FCLK_CLK_0_BUFG/O
                         net (fo=26024, routed)       0.655     0.991    ReRamSpm_i/rst_ps7_0_50M/U0/slowest_sync_clk
    SLICE_X31Y137        FDRE                                         r  ReRamSpm_i/rst_ps7_0_50M/U0/ACTIVE_LOW_PR_OUT_DFF[0].FDRE_PER_N/C
  -------------------------------------------------------------------    -------------------
    SLICE_X31Y137        FDRE (Prop_fdre_C_Q)         0.141     1.132 r  ReRamSpm_i/rst_ps7_0_50M/U0/ACTIVE_LOW_PR_OUT_DFF[0].FDRE_PER_N/Q
                         net (fo=6, routed)           1.286     2.418    ReRamSpm_i/reram_axilite_wrapper_0/inst/u_core/word_arrays[15].word_array_inst/cell_instances[0].cell_inst/S_AXI_ARESETN
    SLICE_X46Y104        LUT1 (Prop_lut1_I0_O)        0.044     2.462 f  ReRamSpm_i/reram_axilite_wrapper_0/inst/u_core/word_arrays[15].word_array_inst/cell_instances[0].cell_inst/axi_awready_i_1/O
                         net (fo=1, routed)           1.030     3.492    ReRamSpm_i/reram_axilite_wrapper_0/inst/u_core/word_arrays[15].word_array_inst/cell_instances[0].cell_inst/write_counter_reg[0]_0
    BUFGCTRL_X0Y17       BUFG (Prop_bufg_I_O)         0.094     3.586 f  ReRamSpm_i/reram_axilite_wrapper_0/inst/u_core/word_arrays[15].word_array_inst/cell_instances[0].cell_inst/write_counter_reg[0]_0_BUFG_inst/O
                         net (fo=25403, routed)       0.700     4.286    ReRamSpm_i/reram_axilite_wrapper_0/inst/u_core/word_arrays[13].word_array_inst/cell_instances[24].cell_inst/ACTIVE_LOW_PR_OUT_DFF[0].FDRE_PER_N
    SLICE_X108Y38        FDCE                                         f  ReRamSpm_i/reram_axilite_wrapper_0/inst/u_core/word_arrays[13].word_array_inst/cell_instances[24].cell_inst/delay_counter_reg[19]/CLR
  -------------------------------------------------------------------    -------------------

                         (clock clk_fpga_0 rise edge)
                                                      0.000     0.000 r  
    PS7_X0Y0             PS7                          0.000     0.000 r  ReRamSpm_i/processing_system7_0/inst/PS7_i/FCLKCLK[0]
                         net (fo=1, routed)           0.337     0.337    ReRamSpm_i/processing_system7_0/inst/FCLK_CLK_unbuffered[0]
    BUFGCTRL_X0Y16       BUFG (Prop_bufg_I_O)         0.029     0.366 r  ReRamSpm_i/processing_system7_0/inst/buffer_fclk_clk_0.FCLK_CLK_0_BUFG/O
                         net (fo=26024, routed)       0.910     1.276    ReRamSpm_i/reram_axilite_wrapper_0/inst/u_core/word_arrays[13].word_array_inst/cell_instances[24].cell_inst/S_AXI_ACLK
    SLICE_X108Y38        FDCE                                         r  ReRamSpm_i/reram_axilite_wrapper_0/inst/u_core/word_arrays[13].word_array_inst/cell_instances[24].cell_inst/delay_counter_reg[19]/C
                         clock pessimism             -0.030     1.246    
    SLICE_X108Y38        FDCE (Remov_fdce_C_CLR)     -0.067     1.179    ReRamSpm_i/reram_axilite_wrapper_0/inst/u_core/word_arrays[13].word_array_inst/cell_instances[24].cell_inst/delay_counter_reg[19]
  -------------------------------------------------------------------
                         required time                         -1.179    
                         arrival time                           4.286    
  -------------------------------------------------------------------
                         slack                                  3.107    

Slack (MET) :             3.107ns  (arrival time - required time)
  Source:                 ReRamSpm_i/rst_ps7_0_50M/U0/ACTIVE_LOW_PR_OUT_DFF[0].FDRE_PER_N/C
                            (rising edge-triggered cell FDRE clocked by clk_fpga_0  {rise@0.000ns fall@10.000ns period=20.000ns})
  Destination:            ReRamSpm_i/reram_axilite_wrapper_0/inst/u_core/word_arrays[13].word_array_inst/cell_instances[24].cell_inst/target_delay_reg[1]/CLR
                            (removal check against rising-edge clock clk_fpga_0  {rise@0.000ns fall@10.000ns period=20.000ns})
  Path Group:             **async_default**
  Path Type:              Removal (Min at Fast Process Corner)
  Requirement:            0.000ns  (clk_fpga_0 rise@0.000ns - clk_fpga_0 rise@0.000ns)
  Data Path Delay:        3.295ns  (logic 0.279ns (8.468%)  route 3.016ns (91.532%))
  Logic Levels:           2  (BUFG=1 LUT1=1)
  Clock Path Skew:        0.255ns (DCD - SCD - CPR)
    Destination Clock Delay (DCD):    1.276ns
    Source Clock Delay      (SCD):    0.991ns
    Clock Pessimism Removal (CPR):    0.030ns

    Location             Delay type                Incr(ns)  Path(ns)    Netlist Resource(s)
  -------------------------------------------------------------------    -------------------
                         (clock clk_fpga_0 rise edge)
                                                      0.000     0.000 r  
    PS7_X0Y0             PS7                          0.000     0.000 r  ReRamSpm_i/processing_system7_0/inst/PS7_i/FCLKCLK[0]
                         net (fo=1, routed)           0.310     0.310    ReRamSpm_i/processing_system7_0/inst/FCLK_CLK_unbuffered[0]
    BUFGCTRL_X0Y16       BUFG (Prop_bufg_I_O)         0.026     0.336 r  ReRamSpm_i/processing_system7_0/inst/buffer_fclk_clk_0.FCLK_CLK_0_BUFG/O
                         net (fo=26024, routed)       0.655     0.991    ReRamSpm_i/rst_ps7_0_50M/U0/slowest_sync_clk
    SLICE_X31Y137        FDRE                                         r  ReRamSpm_i/rst_ps7_0_50M/U0/ACTIVE_LOW_PR_OUT_DFF[0].FDRE_PER_N/C
  -------------------------------------------------------------------    -------------------
    SLICE_X31Y137        FDRE (Prop_fdre_C_Q)         0.141     1.132 r  ReRamSpm_i/rst_ps7_0_50M/U0/ACTIVE_LOW_PR_OUT_DFF[0].FDRE_PER_N/Q
                         net (fo=6, routed)           1.286     2.418    ReRamSpm_i/reram_axilite_wrapper_0/inst/u_core/word_arrays[15].word_array_inst/cell_instances[0].cell_inst/S_AXI_ARESETN
    SLICE_X46Y104        LUT1 (Prop_lut1_I0_O)        0.044     2.462 f  ReRamSpm_i/reram_axilite_wrapper_0/inst/u_core/word_arrays[15].word_array_inst/cell_instances[0].cell_inst/axi_awready_i_1/O
                         net (fo=1, routed)           1.030     3.492    ReRamSpm_i/reram_axilite_wrapper_0/inst/u_core/word_arrays[15].word_array_inst/cell_instances[0].cell_inst/write_counter_reg[0]_0
    BUFGCTRL_X0Y17       BUFG (Prop_bufg_I_O)         0.094     3.586 f  ReRamSpm_i/reram_axilite_wrapper_0/inst/u_core/word_arrays[15].word_array_inst/cell_instances[0].cell_inst/write_counter_reg[0]_0_BUFG_inst/O
                         net (fo=25403, routed)       0.700     4.286    ReRamSpm_i/reram_axilite_wrapper_0/inst/u_core/word_arrays[13].word_array_inst/cell_instances[24].cell_inst/ACTIVE_LOW_PR_OUT_DFF[0].FDRE_PER_N
    SLICE_X108Y38        FDCE                                         f  ReRamSpm_i/reram_axilite_wrapper_0/inst/u_core/word_arrays[13].word_array_inst/cell_instances[24].cell_inst/target_delay_reg[1]/CLR
  -------------------------------------------------------------------    -------------------

                         (clock clk_fpga_0 rise edge)
                                                      0.000     0.000 r  
    PS7_X0Y0             PS7                          0.000     0.000 r  ReRamSpm_i/processing_system7_0/inst/PS7_i/FCLKCLK[0]
                         net (fo=1, routed)           0.337     0.337    ReRamSpm_i/processing_system7_0/inst/FCLK_CLK_unbuffered[0]
    BUFGCTRL_X0Y16       BUFG (Prop_bufg_I_O)         0.029     0.366 r  ReRamSpm_i/processing_system7_0/inst/buffer_fclk_clk_0.FCLK_CLK_0_BUFG/O
                         net (fo=26024, routed)       0.910     1.276    ReRamSpm_i/reram_axilite_wrapper_0/inst/u_core/word_arrays[13].word_array_inst/cell_instances[24].cell_inst/S_AXI_ACLK
    SLICE_X108Y38        FDCE                                         r  ReRamSpm_i/reram_axilite_wrapper_0/inst/u_core/word_arrays[13].word_array_inst/cell_instances[24].cell_inst/target_delay_reg[1]/C
                         clock pessimism             -0.030     1.246    
    SLICE_X108Y38        FDCE (Remov_fdce_C_CLR)     -0.067     1.179    ReRamSpm_i/reram_axilite_wrapper_0/inst/u_core/word_arrays[13].word_array_inst/cell_instances[24].cell_inst/target_delay_reg[1]
  -------------------------------------------------------------------
                         required time                         -1.179    
                         arrival time                           4.286    
  -------------------------------------------------------------------
                         slack                                  3.107    

Slack (MET) :             3.107ns  (arrival time - required time)
  Source:                 ReRamSpm_i/rst_ps7_0_50M/U0/ACTIVE_LOW_PR_OUT_DFF[0].FDRE_PER_N/C
                            (rising edge-triggered cell FDRE clocked by clk_fpga_0  {rise@0.000ns fall@10.000ns period=20.000ns})
  Destination:            ReRamSpm_i/reram_axilite_wrapper_0/inst/u_core/word_arrays[8].word_array_inst/cell_instances[17].cell_inst/delay_counter_reg[13]/CLR
                            (removal check against rising-edge clock clk_fpga_0  {rise@0.000ns fall@10.000ns period=20.000ns})
  Path Group:             **async_default**
  Path Type:              Removal (Min at Fast Process Corner)
  Requirement:            0.000ns  (clk_fpga_0 rise@0.000ns - clk_fpga_0 rise@0.000ns)
  Data Path Delay:        3.296ns  (logic 0.279ns (8.466%)  route 3.017ns (91.534%))
  Logic Levels:           2  (BUFG=1 LUT1=1)
  Clock Path Skew:        0.256ns (DCD - SCD - CPR)
    Destination Clock Delay (DCD):    1.277ns
    Source Clock Delay      (SCD):    0.991ns
    Clock Pessimism Removal (CPR):    0.030ns

    Location             Delay type                Incr(ns)  Path(ns)    Netlist Resource(s)
  -------------------------------------------------------------------    -------------------
                         (clock clk_fpga_0 rise edge)
                                                      0.000     0.000 r  
    PS7_X0Y0             PS7                          0.000     0.000 r  ReRamSpm_i/processing_system7_0/inst/PS7_i/FCLKCLK[0]
                         net (fo=1, routed)           0.310     0.310    ReRamSpm_i/processing_system7_0/inst/FCLK_CLK_unbuffered[0]
    BUFGCTRL_X0Y16       BUFG (Prop_bufg_I_O)         0.026     0.336 r  ReRamSpm_i/processing_system7_0/inst/buffer_fclk_clk_0.FCLK_CLK_0_BUFG/O
                         net (fo=26024, routed)       0.655     0.991    ReRamSpm_i/rst_ps7_0_50M/U0/slowest_sync_clk
    SLICE_X31Y137        FDRE                                         r  ReRamSpm_i/rst_ps7_0_50M/U0/ACTIVE_LOW_PR_OUT_DFF[0].FDRE_PER_N/C
  -------------------------------------------------------------------    -------------------
    SLICE_X31Y137        FDRE (Prop_fdre_C_Q)         0.141     1.132 r  ReRamSpm_i/rst_ps7_0_50M/U0/ACTIVE_LOW_PR_OUT_DFF[0].FDRE_PER_N/Q
                         net (fo=6, routed)           1.286     2.418    ReRamSpm_i/reram_axilite_wrapper_0/inst/u_core/word_arrays[15].word_array_inst/cell_instances[0].cell_inst/S_AXI_ARESETN
    SLICE_X46Y104        LUT1 (Prop_lut1_I0_O)        0.044     2.462 f  ReRamSpm_i/reram_axilite_wrapper_0/inst/u_core/word_arrays[15].word_array_inst/cell_instances[0].cell_inst/axi_awready_i_1/O
                         net (fo=1, routed)           1.030     3.492    ReRamSpm_i/reram_axilite_wrapper_0/inst/u_core/word_arrays[15].word_array_inst/cell_instances[0].cell_inst/write_counter_reg[0]_0
    BUFGCTRL_X0Y17       BUFG (Prop_bufg_I_O)         0.094     3.586 f  ReRamSpm_i/reram_axilite_wrapper_0/inst/u_core/word_arrays[15].word_array_inst/cell_instances[0].cell_inst/write_counter_reg[0]_0_BUFG_inst/O
                         net (fo=25403, routed)       0.701     4.287    ReRamSpm_i/reram_axilite_wrapper_0/inst/u_core/word_arrays[8].word_array_inst/cell_instances[17].cell_inst/ACTIVE_LOW_PR_OUT_DFF[0].FDRE_PER_N
    SLICE_X108Y8         FDCE                                         f  ReRamSpm_i/reram_axilite_wrapper_0/inst/u_core/word_arrays[8].word_array_inst/cell_instances[17].cell_inst/delay_counter_reg[13]/CLR
  -------------------------------------------------------------------    -------------------

                         (clock clk_fpga_0 rise edge)
                                                      0.000     0.000 r  
    PS7_X0Y0             PS7                          0.000     0.000 r  ReRamSpm_i/processing_system7_0/inst/PS7_i/FCLKCLK[0]
                         net (fo=1, routed)           0.337     0.337    ReRamSpm_i/processing_system7_0/inst/FCLK_CLK_unbuffered[0]
    BUFGCTRL_X0Y16       BUFG (Prop_bufg_I_O)         0.029     0.366 r  ReRamSpm_i/processing_system7_0/inst/buffer_fclk_clk_0.FCLK_CLK_0_BUFG/O
                         net (fo=26024, routed)       0.911     1.277    ReRamSpm_i/reram_axilite_wrapper_0/inst/u_core/word_arrays[8].word_array_inst/cell_instances[17].cell_inst/S_AXI_ACLK
    SLICE_X108Y8         FDCE                                         r  ReRamSpm_i/reram_axilite_wrapper_0/inst/u_core/word_arrays[8].word_array_inst/cell_instances[17].cell_inst/delay_counter_reg[13]/C
                         clock pessimism             -0.030     1.247    
    SLICE_X108Y8         FDCE (Remov_fdce_C_CLR)     -0.067     1.180    ReRamSpm_i/reram_axilite_wrapper_0/inst/u_core/word_arrays[8].word_array_inst/cell_instances[17].cell_inst/delay_counter_reg[13]
  -------------------------------------------------------------------
                         required time                         -1.180    
                         arrival time                           4.287    
  -------------------------------------------------------------------
                         slack                                  3.107    

Slack (MET) :             3.107ns  (arrival time - required time)
  Source:                 ReRamSpm_i/rst_ps7_0_50M/U0/ACTIVE_LOW_PR_OUT_DFF[0].FDRE_PER_N/C
                            (rising edge-triggered cell FDRE clocked by clk_fpga_0  {rise@0.000ns fall@10.000ns period=20.000ns})
  Destination:            ReRamSpm_i/reram_axilite_wrapper_0/inst/u_core/word_arrays[8].word_array_inst/cell_instances[17].cell_inst/delay_counter_reg[15]/CLR
                            (removal check against rising-edge clock clk_fpga_0  {rise@0.000ns fall@10.000ns period=20.000ns})
  Path Group:             **async_default**
  Path Type:              Removal (Min at Fast Process Corner)
  Requirement:            0.000ns  (clk_fpga_0 rise@0.000ns - clk_fpga_0 rise@0.000ns)
  Data Path Delay:        3.296ns  (logic 0.279ns (8.466%)  route 3.017ns (91.534%))
  Logic Levels:           2  (BUFG=1 LUT1=1)
  Clock Path Skew:        0.256ns (DCD - SCD - CPR)
    Destination Clock Delay (DCD):    1.277ns
    Source Clock Delay      (SCD):    0.991ns
    Clock Pessimism Removal (CPR):    0.030ns

    Location             Delay type                Incr(ns)  Path(ns)    Netlist Resource(s)
  -------------------------------------------------------------------    -------------------
                         (clock clk_fpga_0 rise edge)
                                                      0.000     0.000 r  
    PS7_X0Y0             PS7                          0.000     0.000 r  ReRamSpm_i/processing_system7_0/inst/PS7_i/FCLKCLK[0]
                         net (fo=1, routed)           0.310     0.310    ReRamSpm_i/processing_system7_0/inst/FCLK_CLK_unbuffered[0]
    BUFGCTRL_X0Y16       BUFG (Prop_bufg_I_O)         0.026     0.336 r  ReRamSpm_i/processing_system7_0/inst/buffer_fclk_clk_0.FCLK_CLK_0_BUFG/O
                         net (fo=26024, routed)       0.655     0.991    ReRamSpm_i/rst_ps7_0_50M/U0/slowest_sync_clk
    SLICE_X31Y137        FDRE                                         r  ReRamSpm_i/rst_ps7_0_50M/U0/ACTIVE_LOW_PR_OUT_DFF[0].FDRE_PER_N/C
  -------------------------------------------------------------------    -------------------
    SLICE_X31Y137        FDRE (Prop_fdre_C_Q)         0.141     1.132 r  ReRamSpm_i/rst_ps7_0_50M/U0/ACTIVE_LOW_PR_OUT_DFF[0].FDRE_PER_N/Q
                         net (fo=6, routed)           1.286     2.418    ReRamSpm_i/reram_axilite_wrapper_0/inst/u_core/word_arrays[15].word_array_inst/cell_instances[0].cell_inst/S_AXI_ARESETN
    SLICE_X46Y104        LUT1 (Prop_lut1_I0_O)        0.044     2.462 f  ReRamSpm_i/reram_axilite_wrapper_0/inst/u_core/word_arrays[15].word_array_inst/cell_instances[0].cell_inst/axi_awready_i_1/O
                         net (fo=1, routed)           1.030     3.492    ReRamSpm_i/reram_axilite_wrapper_0/inst/u_core/word_arrays[15].word_array_inst/cell_instances[0].cell_inst/write_counter_reg[0]_0
    BUFGCTRL_X0Y17       BUFG (Prop_bufg_I_O)         0.094     3.586 f  ReRamSpm_i/reram_axilite_wrapper_0/inst/u_core/word_arrays[15].word_array_inst/cell_instances[0].cell_inst/write_counter_reg[0]_0_BUFG_inst/O
                         net (fo=25403, routed)       0.701     4.287    ReRamSpm_i/reram_axilite_wrapper_0/inst/u_core/word_arrays[8].word_array_inst/cell_instances[17].cell_inst/ACTIVE_LOW_PR_OUT_DFF[0].FDRE_PER_N
    SLICE_X108Y8         FDCE                                         f  ReRamSpm_i/reram_axilite_wrapper_0/inst/u_core/word_arrays[8].word_array_inst/cell_instances[17].cell_inst/delay_counter_reg[15]/CLR
  -------------------------------------------------------------------    -------------------

                         (clock clk_fpga_0 rise edge)
                                                      0.000     0.000 r  
    PS7_X0Y0             PS7                          0.000     0.000 r  ReRamSpm_i/processing_system7_0/inst/PS7_i/FCLKCLK[0]
                         net (fo=1, routed)           0.337     0.337    ReRamSpm_i/processing_system7_0/inst/FCLK_CLK_unbuffered[0]
    BUFGCTRL_X0Y16       BUFG (Prop_bufg_I_O)         0.029     0.366 r  ReRamSpm_i/processing_system7_0/inst/buffer_fclk_clk_0.FCLK_CLK_0_BUFG/O
                         net (fo=26024, routed)       0.911     1.277    ReRamSpm_i/reram_axilite_wrapper_0/inst/u_core/word_arrays[8].word_array_inst/cell_instances[17].cell_inst/S_AXI_ACLK
    SLICE_X108Y8         FDCE                                         r  ReRamSpm_i/reram_axilite_wrapper_0/inst/u_core/word_arrays[8].word_array_inst/cell_instances[17].cell_inst/delay_counter_reg[15]/C
                         clock pessimism             -0.030     1.247    
    SLICE_X108Y8         FDCE (Remov_fdce_C_CLR)     -0.067     1.180    ReRamSpm_i/reram_axilite_wrapper_0/inst/u_core/word_arrays[8].word_array_inst/cell_instances[17].cell_inst/delay_counter_reg[15]
  -------------------------------------------------------------------
                         required time                         -1.180    
                         arrival time                           4.287    
  -------------------------------------------------------------------
                         slack                                  3.107    

Slack (MET) :             3.107ns  (arrival time - required time)
  Source:                 ReRamSpm_i/rst_ps7_0_50M/U0/ACTIVE_LOW_PR_OUT_DFF[0].FDRE_PER_N/C
                            (rising edge-triggered cell FDRE clocked by clk_fpga_0  {rise@0.000ns fall@10.000ns period=20.000ns})
  Destination:            ReRamSpm_i/reram_axilite_wrapper_0/inst/u_core/word_arrays[8].word_array_inst/cell_instances[17].cell_inst/target_delay_reg[0]/CLR
                            (removal check against rising-edge clock clk_fpga_0  {rise@0.000ns fall@10.000ns period=20.000ns})
  Path Group:             **async_default**
  Path Type:              Removal (Min at Fast Process Corner)
  Requirement:            0.000ns  (clk_fpga_0 rise@0.000ns - clk_fpga_0 rise@0.000ns)
  Data Path Delay:        3.296ns  (logic 0.279ns (8.466%)  route 3.017ns (91.534%))
  Logic Levels:           2  (BUFG=1 LUT1=1)
  Clock Path Skew:        0.256ns (DCD - SCD - CPR)
    Destination Clock Delay (DCD):    1.277ns
    Source Clock Delay      (SCD):    0.991ns
    Clock Pessimism Removal (CPR):    0.030ns

    Location             Delay type                Incr(ns)  Path(ns)    Netlist Resource(s)
  -------------------------------------------------------------------    -------------------
                         (clock clk_fpga_0 rise edge)
                                                      0.000     0.000 r  
    PS7_X0Y0             PS7                          0.000     0.000 r  ReRamSpm_i/processing_system7_0/inst/PS7_i/FCLKCLK[0]
                         net (fo=1, routed)           0.310     0.310    ReRamSpm_i/processing_system7_0/inst/FCLK_CLK_unbuffered[0]
    BUFGCTRL_X0Y16       BUFG (Prop_bufg_I_O)         0.026     0.336 r  ReRamSpm_i/processing_system7_0/inst/buffer_fclk_clk_0.FCLK_CLK_0_BUFG/O
                         net (fo=26024, routed)       0.655     0.991    ReRamSpm_i/rst_ps7_0_50M/U0/slowest_sync_clk
    SLICE_X31Y137        FDRE                                         r  ReRamSpm_i/rst_ps7_0_50M/U0/ACTIVE_LOW_PR_OUT_DFF[0].FDRE_PER_N/C
  -------------------------------------------------------------------    -------------------
    SLICE_X31Y137        FDRE (Prop_fdre_C_Q)         0.141     1.132 r  ReRamSpm_i/rst_ps7_0_50M/U0/ACTIVE_LOW_PR_OUT_DFF[0].FDRE_PER_N/Q
                         net (fo=6, routed)           1.286     2.418    ReRamSpm_i/reram_axilite_wrapper_0/inst/u_core/word_arrays[15].word_array_inst/cell_instances[0].cell_inst/S_AXI_ARESETN
    SLICE_X46Y104        LUT1 (Prop_lut1_I0_O)        0.044     2.462 f  ReRamSpm_i/reram_axilite_wrapper_0/inst/u_core/word_arrays[15].word_array_inst/cell_instances[0].cell_inst/axi_awready_i_1/O
                         net (fo=1, routed)           1.030     3.492    ReRamSpm_i/reram_axilite_wrapper_0/inst/u_core/word_arrays[15].word_array_inst/cell_instances[0].cell_inst/write_counter_reg[0]_0
    BUFGCTRL_X0Y17       BUFG (Prop_bufg_I_O)         0.094     3.586 f  ReRamSpm_i/reram_axilite_wrapper_0/inst/u_core/word_arrays[15].word_array_inst/cell_instances[0].cell_inst/write_counter_reg[0]_0_BUFG_inst/O
                         net (fo=25403, routed)       0.701     4.287    ReRamSpm_i/reram_axilite_wrapper_0/inst/u_core/word_arrays[8].word_array_inst/cell_instances[17].cell_inst/ACTIVE_LOW_PR_OUT_DFF[0].FDRE_PER_N
    SLICE_X108Y9         FDCE                                         f  ReRamSpm_i/reram_axilite_wrapper_0/inst/u_core/word_arrays[8].word_array_inst/cell_instances[17].cell_inst/target_delay_reg[0]/CLR
  -------------------------------------------------------------------    -------------------

                         (clock clk_fpga_0 rise edge)
                                                      0.000     0.000 r  
    PS7_X0Y0             PS7                          0.000     0.000 r  ReRamSpm_i/processing_system7_0/inst/PS7_i/FCLKCLK[0]
                         net (fo=1, routed)           0.337     0.337    ReRamSpm_i/processing_system7_0/inst/FCLK_CLK_unbuffered[0]
    BUFGCTRL_X0Y16       BUFG (Prop_bufg_I_O)         0.029     0.366 r  ReRamSpm_i/processing_system7_0/inst/buffer_fclk_clk_0.FCLK_CLK_0_BUFG/O
                         net (fo=26024, routed)       0.911     1.277    ReRamSpm_i/reram_axilite_wrapper_0/inst/u_core/word_arrays[8].word_array_inst/cell_instances[17].cell_inst/S_AXI_ACLK
    SLICE_X108Y9         FDCE                                         r  ReRamSpm_i/reram_axilite_wrapper_0/inst/u_core/word_arrays[8].word_array_inst/cell_instances[17].cell_inst/target_delay_reg[0]/C
                         clock pessimism             -0.030     1.247    
    SLICE_X108Y9         FDCE (Remov_fdce_C_CLR)     -0.067     1.180    ReRamSpm_i/reram_axilite_wrapper_0/inst/u_core/word_arrays[8].word_array_inst/cell_instances[17].cell_inst/target_delay_reg[0]
  -------------------------------------------------------------------
                         required time                         -1.180    
                         arrival time                           4.287    
  -------------------------------------------------------------------
                         slack                                  3.107    

Slack (MET) :             3.107ns  (arrival time - required time)
  Source:                 ReRamSpm_i/rst_ps7_0_50M/U0/ACTIVE_LOW_PR_OUT_DFF[0].FDRE_PER_N/C
                            (rising edge-triggered cell FDRE clocked by clk_fpga_0  {rise@0.000ns fall@10.000ns period=20.000ns})
  Destination:            ReRamSpm_i/reram_axilite_wrapper_0/inst/u_core/word_arrays[8].word_array_inst/cell_instances[17].cell_inst/target_delay_reg[1]/CLR
                            (removal check against rising-edge clock clk_fpga_0  {rise@0.000ns fall@10.000ns period=20.000ns})
  Path Group:             **async_default**
  Path Type:              Removal (Min at Fast Process Corner)
  Requirement:            0.000ns  (clk_fpga_0 rise@0.000ns - clk_fpga_0 rise@0.000ns)
  Data Path Delay:        3.296ns  (logic 0.279ns (8.466%)  route 3.017ns (91.534%))
  Logic Levels:           2  (BUFG=1 LUT1=1)
  Clock Path Skew:        0.256ns (DCD - SCD - CPR)
    Destination Clock Delay (DCD):    1.277ns
    Source Clock Delay      (SCD):    0.991ns
    Clock Pessimism Removal (CPR):    0.030ns

    Location             Delay type                Incr(ns)  Path(ns)    Netlist Resource(s)
  -------------------------------------------------------------------    -------------------
                         (clock clk_fpga_0 rise edge)
                                                      0.000     0.000 r  
    PS7_X0Y0             PS7                          0.000     0.000 r  ReRamSpm_i/processing_system7_0/inst/PS7_i/FCLKCLK[0]
                         net (fo=1, routed)           0.310     0.310    ReRamSpm_i/processing_system7_0/inst/FCLK_CLK_unbuffered[0]
    BUFGCTRL_X0Y16       BUFG (Prop_bufg_I_O)         0.026     0.336 r  ReRamSpm_i/processing_system7_0/inst/buffer_fclk_clk_0.FCLK_CLK_0_BUFG/O
                         net (fo=26024, routed)       0.655     0.991    ReRamSpm_i/rst_ps7_0_50M/U0/slowest_sync_clk
    SLICE_X31Y137        FDRE                                         r  ReRamSpm_i/rst_ps7_0_50M/U0/ACTIVE_LOW_PR_OUT_DFF[0].FDRE_PER_N/C
  -------------------------------------------------------------------    -------------------
    SLICE_X31Y137        FDRE (Prop_fdre_C_Q)         0.141     1.132 r  ReRamSpm_i/rst_ps7_0_50M/U0/ACTIVE_LOW_PR_OUT_DFF[0].FDRE_PER_N/Q
                         net (fo=6, routed)           1.286     2.418    ReRamSpm_i/reram_axilite_wrapper_0/inst/u_core/word_arrays[15].word_array_inst/cell_instances[0].cell_inst/S_AXI_ARESETN
    SLICE_X46Y104        LUT1 (Prop_lut1_I0_O)        0.044     2.462 f  ReRamSpm_i/reram_axilite_wrapper_0/inst/u_core/word_arrays[15].word_array_inst/cell_instances[0].cell_inst/axi_awready_i_1/O
                         net (fo=1, routed)           1.030     3.492    ReRamSpm_i/reram_axilite_wrapper_0/inst/u_core/word_arrays[15].word_array_inst/cell_instances[0].cell_inst/write_counter_reg[0]_0
    BUFGCTRL_X0Y17       BUFG (Prop_bufg_I_O)         0.094     3.586 f  ReRamSpm_i/reram_axilite_wrapper_0/inst/u_core/word_arrays[15].word_array_inst/cell_instances[0].cell_inst/write_counter_reg[0]_0_BUFG_inst/O
                         net (fo=25403, routed)       0.701     4.287    ReRamSpm_i/reram_axilite_wrapper_0/inst/u_core/word_arrays[8].word_array_inst/cell_instances[17].cell_inst/ACTIVE_LOW_PR_OUT_DFF[0].FDRE_PER_N
    SLICE_X108Y9         FDCE                                         f  ReRamSpm_i/reram_axilite_wrapper_0/inst/u_core/word_arrays[8].word_array_inst/cell_instances[17].cell_inst/target_delay_reg[1]/CLR
  -------------------------------------------------------------------    -------------------

                         (clock clk_fpga_0 rise edge)
                                                      0.000     0.000 r  
    PS7_X0Y0             PS7                          0.000     0.000 r  ReRamSpm_i/processing_system7_0/inst/PS7_i/FCLKCLK[0]
                         net (fo=1, routed)           0.337     0.337    ReRamSpm_i/processing_system7_0/inst/FCLK_CLK_unbuffered[0]
    BUFGCTRL_X0Y16       BUFG (Prop_bufg_I_O)         0.029     0.366 r  ReRamSpm_i/processing_system7_0/inst/buffer_fclk_clk_0.FCLK_CLK_0_BUFG/O
                         net (fo=26024, routed)       0.911     1.277    ReRamSpm_i/reram_axilite_wrapper_0/inst/u_core/word_arrays[8].word_array_inst/cell_instances[17].cell_inst/S_AXI_ACLK
    SLICE_X108Y9         FDCE                                         r  ReRamSpm_i/reram_axilite_wrapper_0/inst/u_core/word_arrays[8].word_array_inst/cell_instances[17].cell_inst/target_delay_reg[1]/C
                         clock pessimism             -0.030     1.247    
    SLICE_X108Y9         FDCE (Remov_fdce_C_CLR)     -0.067     1.180    ReRamSpm_i/reram_axilite_wrapper_0/inst/u_core/word_arrays[8].word_array_inst/cell_instances[17].cell_inst/target_delay_reg[1]
  -------------------------------------------------------------------
                         required time                         -1.180    
                         arrival time                           4.287    
  -------------------------------------------------------------------
                         slack                                  3.107    

Slack (MET) :             3.107ns  (arrival time - required time)
  Source:                 ReRamSpm_i/rst_ps7_0_50M/U0/ACTIVE_LOW_PR_OUT_DFF[0].FDRE_PER_N/C
                            (rising edge-triggered cell FDRE clocked by clk_fpga_0  {rise@0.000ns fall@10.000ns period=20.000ns})
  Destination:            ReRamSpm_i/reram_axilite_wrapper_0/inst/u_core/word_arrays[8].word_array_inst/cell_instances[22].cell_inst/delay_counter_reg[21]/CLR
                            (removal check against rising-edge clock clk_fpga_0  {rise@0.000ns fall@10.000ns period=20.000ns})
  Path Group:             **async_default**
  Path Type:              Removal (Min at Fast Process Corner)
  Requirement:            0.000ns  (clk_fpga_0 rise@0.000ns - clk_fpga_0 rise@0.000ns)
  Data Path Delay:        3.296ns  (logic 0.279ns (8.466%)  route 3.017ns (91.534%))
  Logic Levels:           2  (BUFG=1 LUT1=1)
  Clock Path Skew:        0.256ns (DCD - SCD - CPR)
    Destination Clock Delay (DCD):    1.277ns
    Source Clock Delay      (SCD):    0.991ns
    Clock Pessimism Removal (CPR):    0.030ns

    Location             Delay type                Incr(ns)  Path(ns)    Netlist Resource(s)
  -------------------------------------------------------------------    -------------------
                         (clock clk_fpga_0 rise edge)
                                                      0.000     0.000 r  
    PS7_X0Y0             PS7                          0.000     0.000 r  ReRamSpm_i/processing_system7_0/inst/PS7_i/FCLKCLK[0]
                         net (fo=1, routed)           0.310     0.310    ReRamSpm_i/processing_system7_0/inst/FCLK_CLK_unbuffered[0]
    BUFGCTRL_X0Y16       BUFG (Prop_bufg_I_O)         0.026     0.336 r  ReRamSpm_i/processing_system7_0/inst/buffer_fclk_clk_0.FCLK_CLK_0_BUFG/O
                         net (fo=26024, routed)       0.655     0.991    ReRamSpm_i/rst_ps7_0_50M/U0/slowest_sync_clk
    SLICE_X31Y137        FDRE                                         r  ReRamSpm_i/rst_ps7_0_50M/U0/ACTIVE_LOW_PR_OUT_DFF[0].FDRE_PER_N/C
  -------------------------------------------------------------------    -------------------
    SLICE_X31Y137        FDRE (Prop_fdre_C_Q)         0.141     1.132 r  ReRamSpm_i/rst_ps7_0_50M/U0/ACTIVE_LOW_PR_OUT_DFF[0].FDRE_PER_N/Q
                         net (fo=6, routed)           1.286     2.418    ReRamSpm_i/reram_axilite_wrapper_0/inst/u_core/word_arrays[15].word_array_inst/cell_instances[0].cell_inst/S_AXI_ARESETN
    SLICE_X46Y104        LUT1 (Prop_lut1_I0_O)        0.044     2.462 f  ReRamSpm_i/reram_axilite_wrapper_0/inst/u_core/word_arrays[15].word_array_inst/cell_instances[0].cell_inst/axi_awready_i_1/O
                         net (fo=1, routed)           1.030     3.492    ReRamSpm_i/reram_axilite_wrapper_0/inst/u_core/word_arrays[15].word_array_inst/cell_instances[0].cell_inst/write_counter_reg[0]_0
    BUFGCTRL_X0Y17       BUFG (Prop_bufg_I_O)         0.094     3.586 f  ReRamSpm_i/reram_axilite_wrapper_0/inst/u_core/word_arrays[15].word_array_inst/cell_instances[0].cell_inst/write_counter_reg[0]_0_BUFG_inst/O
                         net (fo=25403, routed)       0.701     4.287    ReRamSpm_i/reram_axilite_wrapper_0/inst/u_core/word_arrays[8].word_array_inst/cell_instances[22].cell_inst/ACTIVE_LOW_PR_OUT_DFF[0].FDRE_PER_N
    SLICE_X108Y9         FDCE                                         f  ReRamSpm_i/reram_axilite_wrapper_0/inst/u_core/word_arrays[8].word_array_inst/cell_instances[22].cell_inst/delay_counter_reg[21]/CLR
  -------------------------------------------------------------------    -------------------

                         (clock clk_fpga_0 rise edge)
                                                      0.000     0.000 r  
    PS7_X0Y0             PS7                          0.000     0.000 r  ReRamSpm_i/processing_system7_0/inst/PS7_i/FCLKCLK[0]
                         net (fo=1, routed)           0.337     0.337    ReRamSpm_i/processing_system7_0/inst/FCLK_CLK_unbuffered[0]
    BUFGCTRL_X0Y16       BUFG (Prop_bufg_I_O)         0.029     0.366 r  ReRamSpm_i/processing_system7_0/inst/buffer_fclk_clk_0.FCLK_CLK_0_BUFG/O
                         net (fo=26024, routed)       0.911     1.277    ReRamSpm_i/reram_axilite_wrapper_0/inst/u_core/word_arrays[8].word_array_inst/cell_instances[22].cell_inst/S_AXI_ACLK
    SLICE_X108Y9         FDCE                                         r  ReRamSpm_i/reram_axilite_wrapper_0/inst/u_core/word_arrays[8].word_array_inst/cell_instances[22].cell_inst/delay_counter_reg[21]/C
                         clock pessimism             -0.030     1.247    
    SLICE_X108Y9         FDCE (Remov_fdce_C_CLR)     -0.067     1.180    ReRamSpm_i/reram_axilite_wrapper_0/inst/u_core/word_arrays[8].word_array_inst/cell_instances[22].cell_inst/delay_counter_reg[21]
  -------------------------------------------------------------------
                         required time                         -1.180    
                         arrival time                           4.287    
  -------------------------------------------------------------------
                         slack                                  3.107    





