18:05:48 INFO  : Registering command handlers for SDK TCF services
18:05:49 INFO  : Launching XSCT server: xsct.bat -interactive C:\Users\hrish\Downloads\ReRAM_Thesis\Project\temp_xsdb_launch_script.tcl
18:05:51 INFO  : XSCT server has started successfully.
18:05:51 INFO  : Successfully done setting XSCT server connection channel  
18:05:51 INFO  : Successfully done setting SDK workspace  
18:05:51 INFO  : Processing command line option -hwspec C:/Users/hrish/Downloads/ReRAM_Thesis/Project.
18:05:51 ERROR : Error occurred while creating hardware platform Project_hw_platform_0 from sysdef
java.io.FileNotFoundException: C:\Users\hrish\Downloads\ReRAM_Thesis\Project (Access is denied)
	at java.io.FileInputStream.open0(Native Method)
	at java.io.FileInputStream.open(FileInputStream.java:195)
	at java.io.FileInputStream.<init>(FileInputStream.java:138)
	at java.io.FileInputStream.<init>(FileInputStream.java:93)
	at com.xilinx.sdk.hw.internal.HwProjectCreator.createHwProjectFromZip(HwProjectCreator.java:100)
	at com.xilinx.sdk.hw.HwProjectUtil.internalCreate(HwProjectUtil.java:266)
	at com.xilinx.sdk.hw.HwProjectUtil.makeNewHardwareProject(HwProjectUtil.java:210)
	at com.xilinx.sdk.hw.HwProjectUtil.makeNewHardwareProject(HwProjectUtil.java:197)
	at com.xilinx.sdk.hw.HwProjectUtil.makeNewHardwareProject(HwProjectUtil.java:171)
	at com.xilinx.sdk.startup.InitSDK.processHwSpecArgumentTask(InitSDK.java:515)
	at com.xilinx.sdk.startup.InitSDK.access$8(InitSDK.java:497)
	at com.xilinx.sdk.startup.InitSDK$12.run(InitSDK.java:448)
	at org.eclipse.core.internal.jobs.Worker.run(Worker.java:55)
18:05:51 ERROR : Unable to create Hardware Specification Project with specification file: C:/Users/hrish/Downloads/ReRAM_Thesis/Project
18:08:50 ERROR : Failed to openhw "C:/Users/hrish/Downloads/ReRAM_Thesis/Project Folder/ReRAM_AXI_Project/system.hdf"
Reason: wrong # args: should be "openhw <hw-proj | hdf-file>"
18:11:33 INFO  : Project 'system_bd_wrapper_hw_platform_0' created. You can now create BSPs and application projects targeting this hardware platform.
22:04:33 INFO  : Connected to target on host '127.0.0.1' and port '3121'.
22:04:34 INFO  : 'targets -set -filter {jtag_cable_name =~ "Digilent Zybo Z7 210351A81D96A" && level==0} -index 1' command is executed.
22:04:37 INFO  : FPGA configured successfully with bitstream "C:/Users/hrish/Downloads/ReRAM_Thesis/Project/system_bd_wrapper_hw_platform_0/system_bd_wrapper.bit"
22:04:57 INFO  : 'targets -set -filter {jtag_cable_name =~ "Digilent Zybo Z7 210351A81D96A" && level==0} -index 1' command is executed.
22:04:57 INFO  : 'fpga -state' command is executed.
22:04:57 INFO  : Connected to target on host '127.0.0.1' and port '3121'.
22:04:57 INFO  : Jtag cable 'Digilent Zybo Z7 210351A81D96A' is selected.
22:04:57 INFO  : 'jtag frequency' command is executed.
22:04:57 INFO  : Sourcing of 'C:/Users/hrish/Downloads/ReRAM_Thesis/Project/system_bd_wrapper_hw_platform_0/ps7_init.tcl' is done.
22:04:57 INFO  : Context for 'APU' is selected.
22:04:57 INFO  : Hardware design information is loaded from 'C:/Users/hrish/Downloads/ReRAM_Thesis/Project/system_bd_wrapper_hw_platform_0/system.hdf'.
22:04:57 INFO  : 'configparams force-mem-access 1' command is executed.
22:04:57 INFO  : Context for 'APU' is selected.
22:04:57 INFO  : 'stop' command is executed.
22:04:57 ERROR : Memory write error at 0xF800612C. Cannot flush JTAG server queue. FT_Write failed: io error
22:04:57 INFO  : ----------------XSDB Script----------------
connect -url tcp:127.0.0.1:3121
source C:/Users/hrish/Downloads/ReRAM_Thesis/Project/system_bd_wrapper_hw_platform_0/ps7_init.tcl
targets -set -nocase -filter {name =~"APU*" && jtag_cable_name =~ "Digilent Zybo Z7 210351A81D96A"} -index 0
loadhw -hw C:/Users/hrish/Downloads/ReRAM_Thesis/Project/system_bd_wrapper_hw_platform_0/system.hdf -mem-ranges [list {0x40000000 0xbfffffff}]
configparams force-mem-access 1
targets -set -nocase -filter {name =~"APU*" && jtag_cable_name =~ "Digilent Zybo Z7 210351A81D96A"} -index 0
stop
ps7_init
----------------End of Script----------------

22:13:08 INFO  : 'targets -set -filter {jtag_cable_name =~ "Digilent Zybo Z7 210351A81D96A" && level==0} -index 1' command is executed.
22:13:08 INFO  : 'fpga -state' command is executed.
22:13:13 INFO  : Memory regions updated for context APU
22:13:27 INFO  : Connected to target on host '127.0.0.1' and port '3121'.
22:13:37 INFO  : Connected to target on host '127.0.0.1' and port '3121'.
22:13:37 INFO  : 'targets -set -filter {jtag_cable_name =~ "Digilent Zybo Z7 210351A81D96A" && level==0} -index 1' command is executed.
22:13:39 INFO  : FPGA configured successfully with bitstream "C:/Users/hrish/Downloads/ReRAM_Thesis/Project/system_bd_wrapper_hw_platform_0/system_bd_wrapper.bit"
22:13:50 INFO  : 'targets -set -filter {jtag_cable_name =~ "Digilent Zybo Z7 210351A81D96A" && level==0} -index 1' command is executed.
22:13:50 INFO  : 'fpga -state' command is executed.
22:13:50 INFO  : Connected to target on host '127.0.0.1' and port '3121'.
22:13:50 INFO  : Jtag cable 'Digilent Zybo Z7 210351A81D96A' is selected.
22:13:50 INFO  : 'jtag frequency' command is executed.
22:13:50 INFO  : Sourcing of 'C:/Users/hrish/Downloads/ReRAM_Thesis/Project/system_bd_wrapper_hw_platform_0/ps7_init.tcl' is done.
22:13:50 INFO  : Context for 'APU' is selected.
22:13:50 INFO  : Hardware design information is loaded from 'C:/Users/hrish/Downloads/ReRAM_Thesis/Project/system_bd_wrapper_hw_platform_0/system.hdf'.
22:13:50 INFO  : 'configparams force-mem-access 1' command is executed.
22:13:50 INFO  : Context for 'APU' is selected.
22:13:50 INFO  : 'stop' command is executed.
22:13:50 INFO  : 'ps7_init' command is executed.
22:13:50 INFO  : 'ps7_post_config' command is executed.
22:13:50 INFO  : Context for processor 'ps7_cortexa9_0' is selected.
22:13:51 INFO  : Processor reset is completed for 'ps7_cortexa9_0'.
22:13:51 INFO  : Context for processor 'ps7_cortexa9_0' is selected.
22:13:51 INFO  : The application 'C:/Users/hrish/Downloads/ReRAM_Thesis/Project/ReRAM_Test/Debug/ReRAM_Test.elf' is downloaded to processor 'ps7_cortexa9_0'.
22:13:51 INFO  : 'configparams force-mem-access 0' command is executed.
22:13:51 INFO  : ----------------XSDB Script----------------
connect -url tcp:127.0.0.1:3121
source C:/Users/hrish/Downloads/ReRAM_Thesis/Project/system_bd_wrapper_hw_platform_0/ps7_init.tcl
targets -set -nocase -filter {name =~"APU*" && jtag_cable_name =~ "Digilent Zybo Z7 210351A81D96A"} -index 0
loadhw -hw C:/Users/hrish/Downloads/ReRAM_Thesis/Project/system_bd_wrapper_hw_platform_0/system.hdf -mem-ranges [list {0x40000000 0xbfffffff}]
configparams force-mem-access 1
targets -set -nocase -filter {name =~"APU*" && jtag_cable_name =~ "Digilent Zybo Z7 210351A81D96A"} -index 0
stop
ps7_init
ps7_post_config
targets -set -nocase -filter {name =~ "ARM*#0" && jtag_cable_name =~ "Digilent Zybo Z7 210351A81D96A"} -index 0
rst -processor
targets -set -nocase -filter {name =~ "ARM*#0" && jtag_cable_name =~ "Digilent Zybo Z7 210351A81D96A"} -index 0
dow C:/Users/hrish/Downloads/ReRAM_Thesis/Project/ReRAM_Test/Debug/ReRAM_Test.elf
configparams force-mem-access 0
----------------End of Script----------------

22:13:51 INFO  : Memory regions updated for context APU
22:13:51 INFO  : Context for processor 'ps7_cortexa9_0' is selected.
22:13:51 INFO  : 'con' command is executed.
22:13:51 INFO  : ----------------XSDB Script (After Launch)----------------
targets -set -nocase -filter {name =~ "ARM*#0" && jtag_cable_name =~ "Digilent Zybo Z7 210351A81D96A"} -index 0
con
----------------End of Script----------------

22:13:51 INFO  : Launch script is exported to file 'C:\Users\hrish\Downloads\ReRAM_Thesis\Project\.sdk\launch_scripts\xilinx_c-c++_application_(system_debugger)\system_debugger_using_debug_reram_test.elf_on_local.tcl'
22:16:06 INFO  : Connected to target on host '127.0.0.1' and port '3121'.
22:16:07 INFO  : 'targets -set -filter {jtag_cable_name =~ "Digilent Zybo Z7 210351A81D96A" && level==0} -index 1' command is executed.
22:16:07 ERROR : wrong # args: should be "fpga ?options?"
22:16:39 INFO  : Connected to target on host '127.0.0.1' and port '3121'.
22:16:58 INFO  : Connected to target on host '127.0.0.1' and port '3121'.
22:16:58 INFO  : 'targets -set -filter {jtag_cable_name =~ "Digilent Zybo Z7 210351A81D96A" && level==0} -index 1' command is executed.
22:16:58 ERROR : wrong # args: should be "fpga ?options?"
22:17:18 INFO  : Connected to target on host '127.0.0.1' and port '3121'.
22:17:18 INFO  : 'targets -set -filter {jtag_cable_name =~ "Digilent Zybo Z7 210351A81D96A" && level==0} -index 1' command is executed.
22:17:21 INFO  : FPGA configured successfully with bitstream "C:/Users/hrish/Downloads/ReRAM_Thesis/Project/system_bd_wrapper_hw_platform_0/system_bd_wrapper.bit"
22:18:00 INFO  : Disconnected from the channel tcfchan#1.
22:18:01 INFO  : 'targets -set -filter {jtag_cable_name =~ "Digilent Zybo Z7 210351A81D96A" && level==0} -index 1' command is executed.
22:18:01 INFO  : 'fpga -state' command is executed.
22:18:01 INFO  : Connected to target on host '127.0.0.1' and port '3121'.
22:18:01 INFO  : Jtag cable 'Digilent Zybo Z7 210351A81D96A' is selected.
22:18:01 INFO  : 'jtag frequency' command is executed.
22:18:01 INFO  : Sourcing of 'C:/Users/hrish/Downloads/ReRAM_Thesis/Project/system_bd_wrapper_hw_platform_0/ps7_init.tcl' is done.
22:18:01 INFO  : Context for 'APU' is selected.
22:18:01 INFO  : Hardware design information is loaded from 'C:/Users/hrish/Downloads/ReRAM_Thesis/Project/system_bd_wrapper_hw_platform_0/system.hdf'.
22:18:01 INFO  : 'configparams force-mem-access 1' command is executed.
22:18:01 INFO  : Context for 'APU' is selected.
22:18:01 INFO  : 'stop' command is executed.
22:18:02 INFO  : 'ps7_init' command is executed.
22:18:02 INFO  : 'ps7_post_config' command is executed.
22:18:02 INFO  : Context for processor 'ps7_cortexa9_0' is selected.
22:18:02 INFO  : Processor reset is completed for 'ps7_cortexa9_0'.
22:18:02 INFO  : Context for processor 'ps7_cortexa9_0' is selected.
22:18:02 INFO  : The application 'C:/Users/hrish/Downloads/ReRAM_Thesis/Project/ReRAM_Test/Debug/ReRAM_Test.elf' is downloaded to processor 'ps7_cortexa9_0'.
22:18:02 INFO  : 'configparams force-mem-access 0' command is executed.
22:18:02 INFO  : ----------------XSDB Script----------------
connect -url tcp:127.0.0.1:3121
source C:/Users/hrish/Downloads/ReRAM_Thesis/Project/system_bd_wrapper_hw_platform_0/ps7_init.tcl
targets -set -nocase -filter {name =~"APU*" && jtag_cable_name =~ "Digilent Zybo Z7 210351A81D96A"} -index 0
loadhw -hw C:/Users/hrish/Downloads/ReRAM_Thesis/Project/system_bd_wrapper_hw_platform_0/system.hdf -mem-ranges [list {0x40000000 0xbfffffff}]
configparams force-mem-access 1
targets -set -nocase -filter {name =~"APU*" && jtag_cable_name =~ "Digilent Zybo Z7 210351A81D96A"} -index 0
stop
ps7_init
ps7_post_config
targets -set -nocase -filter {name =~ "ARM*#0" && jtag_cable_name =~ "Digilent Zybo Z7 210351A81D96A"} -index 0
rst -processor
targets -set -nocase -filter {name =~ "ARM*#0" && jtag_cable_name =~ "Digilent Zybo Z7 210351A81D96A"} -index 0
dow C:/Users/hrish/Downloads/ReRAM_Thesis/Project/ReRAM_Test/Debug/ReRAM_Test.elf
configparams force-mem-access 0
----------------End of Script----------------

22:18:02 INFO  : Memory regions updated for context APU
22:18:02 INFO  : Context for processor 'ps7_cortexa9_0' is selected.
22:18:02 INFO  : 'con' command is executed.
22:18:02 INFO  : ----------------XSDB Script (After Launch)----------------
targets -set -nocase -filter {name =~ "ARM*#0" && jtag_cable_name =~ "Digilent Zybo Z7 210351A81D96A"} -index 0
con
----------------End of Script----------------

22:18:02 INFO  : Launch script is exported to file 'C:\Users\hrish\Downloads\ReRAM_Thesis\Project\.sdk\launch_scripts\xilinx_c-c++_application_(system_debugger)\system_debugger_using_debug_reram_test.elf_on_local.tcl'
22:24:18 INFO  : Connected to target on host '127.0.0.1' and port '3121'.
22:24:53 INFO  : Connected to target on host '127.0.0.1' and port '3121'.
22:25:22 INFO  : Connected to target on host '127.0.0.1' and port '3121'.
22:25:27 INFO  : Connected to target on host '127.0.0.1' and port '3121'.
22:25:27 INFO  : 'targets -set -filter {jtag_cable_name =~ "Digilent Zybo Z7 210351A81D96A" && level==0} -index 1' command is executed.
22:25:29 INFO  : FPGA configured successfully with bitstream "C:/Users/hrish/Downloads/ReRAM_Thesis/Project/system_bd_wrapper_hw_platform_0/system_bd_wrapper.bit"
22:28:38 INFO  : Disconnected from the channel tcfchan#2.
22:28:40 INFO  : 'targets -set -filter {jtag_cable_name =~ "Digilent Zybo Z7 210351A81D96A" && level==0} -index 1' command is executed.
22:28:40 INFO  : 'fpga -state' command is executed.
22:28:40 INFO  : Connected to target on host '127.0.0.1' and port '3121'.
22:28:40 INFO  : Jtag cable 'Digilent Zybo Z7 210351A81D96A' is selected.
22:28:40 INFO  : 'jtag frequency' command is executed.
22:28:40 INFO  : Sourcing of 'C:/Users/hrish/Downloads/ReRAM_Thesis/Project/system_bd_wrapper_hw_platform_0/ps7_init.tcl' is done.
22:28:40 INFO  : Context for 'APU' is selected.
22:28:40 INFO  : Hardware design information is loaded from 'C:/Users/hrish/Downloads/ReRAM_Thesis/Project/system_bd_wrapper_hw_platform_0/system.hdf'.
22:28:40 INFO  : 'configparams force-mem-access 1' command is executed.
22:28:40 INFO  : Context for 'APU' is selected.
22:28:40 INFO  : 'stop' command is executed.
22:28:41 INFO  : 'ps7_init' command is executed.
22:28:41 INFO  : 'ps7_post_config' command is executed.
22:28:41 INFO  : Context for processor 'ps7_cortexa9_0' is selected.
22:28:41 INFO  : Processor reset is completed for 'ps7_cortexa9_0'.
22:28:41 INFO  : Context for processor 'ps7_cortexa9_0' is selected.
22:28:41 INFO  : The application 'C:/Users/hrish/Downloads/ReRAM_Thesis/Project/ReRAM_Test/Debug/ReRAM_Test.elf' is downloaded to processor 'ps7_cortexa9_0'.
22:28:41 INFO  : 'configparams force-mem-access 0' command is executed.
22:28:41 INFO  : ----------------XSDB Script----------------
connect -url tcp:127.0.0.1:3121
source C:/Users/hrish/Downloads/ReRAM_Thesis/Project/system_bd_wrapper_hw_platform_0/ps7_init.tcl
targets -set -nocase -filter {name =~"APU*" && jtag_cable_name =~ "Digilent Zybo Z7 210351A81D96A"} -index 0
loadhw -hw C:/Users/hrish/Downloads/ReRAM_Thesis/Project/system_bd_wrapper_hw_platform_0/system.hdf -mem-ranges [list {0x40000000 0xbfffffff}]
configparams force-mem-access 1
targets -set -nocase -filter {name =~"APU*" && jtag_cable_name =~ "Digilent Zybo Z7 210351A81D96A"} -index 0
stop
ps7_init
ps7_post_config
targets -set -nocase -filter {name =~ "ARM*#0" && jtag_cable_name =~ "Digilent Zybo Z7 210351A81D96A"} -index 0
rst -processor
targets -set -nocase -filter {name =~ "ARM*#0" && jtag_cable_name =~ "Digilent Zybo Z7 210351A81D96A"} -index 0
dow C:/Users/hrish/Downloads/ReRAM_Thesis/Project/ReRAM_Test/Debug/ReRAM_Test.elf
configparams force-mem-access 0
----------------End of Script----------------

22:28:41 INFO  : Memory regions updated for context APU
22:28:41 INFO  : Context for processor 'ps7_cortexa9_0' is selected.
22:28:41 INFO  : 'con' command is executed.
22:28:41 INFO  : ----------------XSDB Script (After Launch)----------------
targets -set -nocase -filter {name =~ "ARM*#0" && jtag_cable_name =~ "Digilent Zybo Z7 210351A81D96A"} -index 0
con
----------------End of Script----------------

22:28:41 INFO  : Launch script is exported to file 'C:\Users\hrish\Downloads\ReRAM_Thesis\Project\.sdk\launch_scripts\xilinx_c-c++_application_(system_debugger)\system_debugger_using_debug_reram_test.elf_on_local.tcl'
22:30:23 INFO  : Disconnected from the channel tcfchan#3.
22:30:24 INFO  : 'targets -set -filter {jtag_cable_name =~ "Digilent Zybo Z7 210351A81D96A" && level==0} -index 1' command is executed.
22:30:24 INFO  : 'fpga -state' command is executed.
22:30:24 INFO  : Connected to target on host '127.0.0.1' and port '3121'.
22:30:25 INFO  : Jtag cable 'Digilent Zybo Z7 210351A81D96A' is selected.
22:30:25 INFO  : 'jtag frequency' command is executed.
22:30:25 INFO  : Sourcing of 'C:/Users/hrish/Downloads/ReRAM_Thesis/Project/system_bd_wrapper_hw_platform_0/ps7_init.tcl' is done.
22:30:25 INFO  : Context for 'APU' is selected.
22:30:25 INFO  : Hardware design information is loaded from 'C:/Users/hrish/Downloads/ReRAM_Thesis/Project/system_bd_wrapper_hw_platform_0/system.hdf'.
22:30:25 INFO  : 'configparams force-mem-access 1' command is executed.
22:30:25 INFO  : Context for 'APU' is selected.
22:30:25 INFO  : 'stop' command is executed.
22:30:28 INFO  : 'ps7_init' command is executed.
22:30:29 INFO  : 'ps7_post_config' command is executed.
22:30:29 INFO  : Context for processor 'ps7_cortexa9_0' is selected.
22:30:29 INFO  : Processor reset is completed for 'ps7_cortexa9_0'.
22:30:29 INFO  : Context for processor 'ps7_cortexa9_0' is selected.
22:30:31 ERROR : Memory write error at 0x100000. APB AP transaction error, DAP status f0000021
22:30:31 INFO  : ----------------XSDB Script----------------
connect -url tcp:127.0.0.1:3121
source C:/Users/hrish/Downloads/ReRAM_Thesis/Project/system_bd_wrapper_hw_platform_0/ps7_init.tcl
targets -set -nocase -filter {name =~"APU*" && jtag_cable_name =~ "Digilent Zybo Z7 210351A81D96A"} -index 0
loadhw -hw C:/Users/hrish/Downloads/ReRAM_Thesis/Project/system_bd_wrapper_hw_platform_0/system.hdf -mem-ranges [list {0x40000000 0xbfffffff}]
configparams force-mem-access 1
targets -set -nocase -filter {name =~"APU*" && jtag_cable_name =~ "Digilent Zybo Z7 210351A81D96A"} -index 0
stop
ps7_init
ps7_post_config
targets -set -nocase -filter {name =~ "ARM*#0" && jtag_cable_name =~ "Digilent Zybo Z7 210351A81D96A"} -index 0
rst -processor
targets -set -nocase -filter {name =~ "ARM*#0" && jtag_cable_name =~ "Digilent Zybo Z7 210351A81D96A"} -index 0
dow C:/Users/hrish/Downloads/ReRAM_Thesis/Project/ReRAM_Test/Debug/ReRAM_Test.elf
----------------End of Script----------------

22:31:06 INFO  : 'targets -set -filter {jtag_cable_name =~ "Digilent Zybo Z7 210351A81D96A" && level==0} -index 1' command is executed.
22:31:06 INFO  : 'fpga -state' command is executed.
22:31:06 INFO  : Connected to target on host '127.0.0.1' and port '3121'.
22:31:06 INFO  : Jtag cable 'Digilent Zybo Z7 210351A81D96A' is selected.
22:31:06 INFO  : 'jtag frequency' command is executed.
22:31:06 INFO  : Sourcing of 'C:/Users/hrish/Downloads/ReRAM_Thesis/Project/system_bd_wrapper_hw_platform_0/ps7_init.tcl' is done.
22:31:06 INFO  : Context for 'APU' is selected.
22:31:06 INFO  : Hardware design information is loaded from 'C:/Users/hrish/Downloads/ReRAM_Thesis/Project/system_bd_wrapper_hw_platform_0/system.hdf'.
22:31:06 INFO  : 'configparams force-mem-access 1' command is executed.
22:31:06 INFO  : Context for 'APU' is selected.
22:31:06 INFO  : 'stop' command is executed.
22:31:06 ERROR : AP transaction error, DAP status f0000021
22:31:06 INFO  : ----------------XSDB Script----------------
connect -url tcp:127.0.0.1:3121
source C:/Users/hrish/Downloads/ReRAM_Thesis/Project/system_bd_wrapper_hw_platform_0/ps7_init.tcl
targets -set -nocase -filter {name =~"APU*" && jtag_cable_name =~ "Digilent Zybo Z7 210351A81D96A"} -index 0
loadhw -hw C:/Users/hrish/Downloads/ReRAM_Thesis/Project/system_bd_wrapper_hw_platform_0/system.hdf -mem-ranges [list {0x40000000 0xbfffffff}]
configparams force-mem-access 1
targets -set -nocase -filter {name =~"APU*" && jtag_cable_name =~ "Digilent Zybo Z7 210351A81D96A"} -index 0
stop
ps7_init
----------------End of Script----------------

22:31:30 INFO  : Connected to target on host '127.0.0.1' and port '3121'.
22:31:30 INFO  : 'targets -set -filter {jtag_cable_name =~ "Digilent Zybo Z7 210351A81D96A" && level==0} -index 1' command is executed.
22:31:33 INFO  : FPGA configured successfully with bitstream "C:/Users/hrish/Downloads/ReRAM_Thesis/Project/system_bd_wrapper_hw_platform_0/system_bd_wrapper.bit"
22:31:44 INFO  : 'targets -set -filter {jtag_cable_name =~ "Digilent Zybo Z7 210351A81D96A" && level==0} -index 1' command is executed.
22:31:44 INFO  : 'fpga -state' command is executed.
22:31:44 INFO  : Connected to target on host '127.0.0.1' and port '3121'.
22:31:45 INFO  : Jtag cable 'Digilent Zybo Z7 210351A81D96A' is selected.
22:31:45 INFO  : 'jtag frequency' command is executed.
22:31:45 INFO  : Sourcing of 'C:/Users/hrish/Downloads/ReRAM_Thesis/Project/system_bd_wrapper_hw_platform_0/ps7_init.tcl' is done.
22:31:45 INFO  : Context for 'APU' is selected.
22:31:45 INFO  : Hardware design information is loaded from 'C:/Users/hrish/Downloads/ReRAM_Thesis/Project/system_bd_wrapper_hw_platform_0/system.hdf'.
22:31:45 INFO  : 'configparams force-mem-access 1' command is executed.
22:31:45 INFO  : Context for 'APU' is selected.
22:31:45 INFO  : 'stop' command is executed.
22:31:45 INFO  : 'ps7_init' command is executed.
22:31:45 INFO  : 'ps7_post_config' command is executed.
22:31:45 INFO  : Context for processor 'ps7_cortexa9_0' is selected.
22:31:46 INFO  : Processor reset is completed for 'ps7_cortexa9_0'.
22:31:46 INFO  : Context for processor 'ps7_cortexa9_0' is selected.
22:31:46 INFO  : The application 'C:/Users/hrish/Downloads/ReRAM_Thesis/Project/ReRAM_Test/Debug/ReRAM_Test.elf' is downloaded to processor 'ps7_cortexa9_0'.
22:31:46 INFO  : 'configparams force-mem-access 0' command is executed.
22:31:46 INFO  : ----------------XSDB Script----------------
connect -url tcp:127.0.0.1:3121
source C:/Users/hrish/Downloads/ReRAM_Thesis/Project/system_bd_wrapper_hw_platform_0/ps7_init.tcl
targets -set -nocase -filter {name =~"APU*" && jtag_cable_name =~ "Digilent Zybo Z7 210351A81D96A"} -index 0
loadhw -hw C:/Users/hrish/Downloads/ReRAM_Thesis/Project/system_bd_wrapper_hw_platform_0/system.hdf -mem-ranges [list {0x40000000 0xbfffffff}]
configparams force-mem-access 1
targets -set -nocase -filter {name =~"APU*" && jtag_cable_name =~ "Digilent Zybo Z7 210351A81D96A"} -index 0
stop
ps7_init
ps7_post_config
targets -set -nocase -filter {name =~ "ARM*#0" && jtag_cable_name =~ "Digilent Zybo Z7 210351A81D96A"} -index 0
rst -processor
targets -set -nocase -filter {name =~ "ARM*#0" && jtag_cable_name =~ "Digilent Zybo Z7 210351A81D96A"} -index 0
dow C:/Users/hrish/Downloads/ReRAM_Thesis/Project/ReRAM_Test/Debug/ReRAM_Test.elf
configparams force-mem-access 0
----------------End of Script----------------

22:31:46 INFO  : Memory regions updated for context APU
22:31:46 INFO  : Context for processor 'ps7_cortexa9_0' is selected.
22:31:46 INFO  : 'con' command is executed.
22:31:46 INFO  : ----------------XSDB Script (After Launch)----------------
targets -set -nocase -filter {name =~ "ARM*#0" && jtag_cable_name =~ "Digilent Zybo Z7 210351A81D96A"} -index 0
con
----------------End of Script----------------

22:31:46 INFO  : Launch script is exported to file 'C:\Users\hrish\Downloads\ReRAM_Thesis\Project\.sdk\launch_scripts\xilinx_c-c++_application_(system_debugger)\system_debugger_using_debug_reram_test.elf_on_local.tcl'
22:32:02 INFO  : Disconnected from the channel tcfchan#4.
22:32:03 INFO  : 'targets -set -filter {jtag_cable_name =~ "Digilent Zybo Z7 210351A81D96A" && level==0} -index 1' command is executed.
22:32:03 INFO  : 'fpga -state' command is executed.
22:32:03 INFO  : Connected to target on host '127.0.0.1' and port '3121'.
22:32:03 INFO  : Jtag cable 'Digilent Zybo Z7 210351A81D96A' is selected.
22:32:03 INFO  : 'jtag frequency' command is executed.
22:32:03 INFO  : Sourcing of 'C:/Users/hrish/Downloads/ReRAM_Thesis/Project/system_bd_wrapper_hw_platform_0/ps7_init.tcl' is done.
22:32:03 INFO  : Context for 'APU' is selected.
22:32:03 INFO  : Hardware design information is loaded from 'C:/Users/hrish/Downloads/ReRAM_Thesis/Project/system_bd_wrapper_hw_platform_0/system.hdf'.
22:32:03 INFO  : 'configparams force-mem-access 1' command is executed.
22:32:03 INFO  : Context for 'APU' is selected.
22:32:03 INFO  : 'stop' command is executed.
22:32:06 INFO  : 'ps7_init' command is executed.
22:32:06 INFO  : 'ps7_post_config' command is executed.
22:32:06 INFO  : Context for processor 'ps7_cortexa9_0' is selected.
22:32:06 INFO  : Processor reset is completed for 'ps7_cortexa9_0'.
22:32:06 INFO  : Context for processor 'ps7_cortexa9_0' is selected.
22:32:08 ERROR : Memory write error at 0x100000. APB AP transaction error, DAP status f0000021
22:32:08 INFO  : ----------------XSDB Script----------------
connect -url tcp:127.0.0.1:3121
source C:/Users/hrish/Downloads/ReRAM_Thesis/Project/system_bd_wrapper_hw_platform_0/ps7_init.tcl
targets -set -nocase -filter {name =~"APU*" && jtag_cable_name =~ "Digilent Zybo Z7 210351A81D96A"} -index 0
loadhw -hw C:/Users/hrish/Downloads/ReRAM_Thesis/Project/system_bd_wrapper_hw_platform_0/system.hdf -mem-ranges [list {0x40000000 0xbfffffff}]
configparams force-mem-access 1
targets -set -nocase -filter {name =~"APU*" && jtag_cable_name =~ "Digilent Zybo Z7 210351A81D96A"} -index 0
stop
ps7_init
ps7_post_config
targets -set -nocase -filter {name =~ "ARM*#0" && jtag_cable_name =~ "Digilent Zybo Z7 210351A81D96A"} -index 0
rst -processor
targets -set -nocase -filter {name =~ "ARM*#0" && jtag_cable_name =~ "Digilent Zybo Z7 210351A81D96A"} -index 0
dow C:/Users/hrish/Downloads/ReRAM_Thesis/Project/ReRAM_Test/Debug/ReRAM_Test.elf
----------------End of Script----------------

22:40:50 INFO  : Connected to target on host '127.0.0.1' and port '3121'.
22:40:50 INFO  : 'targets -set -filter {jtag_cable_name =~ "Digilent Zybo Z7 210351A81D96A" && level==0} -index 1' command is executed.
22:40:53 INFO  : FPGA configured successfully with bitstream "C:/Users/hrish/Downloads/ReRAM_Thesis/Project/system_bd_wrapper_hw_platform_0/system_bd_wrapper.bit"
22:41:07 INFO  : 'targets -set -filter {jtag_cable_name =~ "Digilent Zybo Z7 210351A81D96A" && level==0} -index 1' command is executed.
22:41:07 INFO  : 'fpga -state' command is executed.
22:41:07 INFO  : Connected to target on host '127.0.0.1' and port '3121'.
22:41:07 INFO  : Jtag cable 'Digilent Zybo Z7 210351A81D96A' is selected.
22:41:07 INFO  : 'jtag frequency' command is executed.
22:41:07 INFO  : Sourcing of 'C:/Users/hrish/Downloads/ReRAM_Thesis/Project/system_bd_wrapper_hw_platform_0/ps7_init.tcl' is done.
22:41:07 INFO  : Context for 'APU' is selected.
22:41:07 INFO  : Hardware design information is loaded from 'C:/Users/hrish/Downloads/ReRAM_Thesis/Project/system_bd_wrapper_hw_platform_0/system.hdf'.
22:41:07 INFO  : 'configparams force-mem-access 1' command is executed.
22:41:07 INFO  : Context for 'APU' is selected.
22:41:07 INFO  : 'stop' command is executed.
22:41:08 INFO  : 'ps7_init' command is executed.
22:41:08 INFO  : 'ps7_post_config' command is executed.
22:41:08 INFO  : Context for processor 'ps7_cortexa9_0' is selected.
22:41:08 INFO  : Processor reset is completed for 'ps7_cortexa9_0'.
22:41:08 INFO  : Context for processor 'ps7_cortexa9_0' is selected.
22:41:08 INFO  : The application 'C:/Users/hrish/Downloads/ReRAM_Thesis/Project/ReRAM_Test/Debug/ReRAM_Test.elf' is downloaded to processor 'ps7_cortexa9_0'.
22:41:08 INFO  : 'configparams force-mem-access 0' command is executed.
22:41:08 INFO  : ----------------XSDB Script----------------
connect -url tcp:127.0.0.1:3121
source C:/Users/hrish/Downloads/ReRAM_Thesis/Project/system_bd_wrapper_hw_platform_0/ps7_init.tcl
targets -set -nocase -filter {name =~"APU*" && jtag_cable_name =~ "Digilent Zybo Z7 210351A81D96A"} -index 0
loadhw -hw C:/Users/hrish/Downloads/ReRAM_Thesis/Project/system_bd_wrapper_hw_platform_0/system.hdf -mem-ranges [list {0x40000000 0xbfffffff}]
configparams force-mem-access 1
targets -set -nocase -filter {name =~"APU*" && jtag_cable_name =~ "Digilent Zybo Z7 210351A81D96A"} -index 0
stop
ps7_init
ps7_post_config
targets -set -nocase -filter {name =~ "ARM*#0" && jtag_cable_name =~ "Digilent Zybo Z7 210351A81D96A"} -index 0
rst -processor
targets -set -nocase -filter {name =~ "ARM*#0" && jtag_cable_name =~ "Digilent Zybo Z7 210351A81D96A"} -index 0
dow C:/Users/hrish/Downloads/ReRAM_Thesis/Project/ReRAM_Test/Debug/ReRAM_Test.elf
configparams force-mem-access 0
----------------End of Script----------------

22:41:08 INFO  : Context for processor 'ps7_cortexa9_0' is selected.
22:41:08 INFO  : 'con' command is executed.
22:41:08 INFO  : ----------------XSDB Script (After Launch)----------------
targets -set -nocase -filter {name =~ "ARM*#0" && jtag_cable_name =~ "Digilent Zybo Z7 210351A81D96A"} -index 0
con
----------------End of Script----------------

22:41:08 INFO  : Disconnected from the channel tcfchan#5.
22:41:31 INFO  : 'targets -set -filter {jtag_cable_name =~ "Digilent Zybo Z7 210351A81D96A" && level==0} -index 1' command is executed.
22:41:31 INFO  : 'fpga -state' command is executed.
22:41:31 INFO  : Connected to target on host '127.0.0.1' and port '3121'.
22:41:32 INFO  : Jtag cable 'Digilent Zybo Z7 210351A81D96A' is selected.
22:41:32 INFO  : 'jtag frequency' command is executed.
22:41:32 INFO  : Sourcing of 'C:/Users/hrish/Downloads/ReRAM_Thesis/Project/system_bd_wrapper_hw_platform_0/ps7_init.tcl' is done.
22:41:32 INFO  : Context for 'APU' is selected.
22:41:32 INFO  : Hardware design information is loaded from 'C:/Users/hrish/Downloads/ReRAM_Thesis/Project/system_bd_wrapper_hw_platform_0/system.hdf'.
22:41:32 INFO  : 'configparams force-mem-access 1' command is executed.
22:41:32 INFO  : Context for 'APU' is selected.
22:41:32 INFO  : 'stop' command is executed.
22:41:34 INFO  : 'ps7_init' command is executed.
22:41:34 INFO  : 'ps7_post_config' command is executed.
22:41:34 INFO  : Context for processor 'ps7_cortexa9_0' is selected.
22:41:35 INFO  : Processor reset is completed for 'ps7_cortexa9_0'.
22:41:35 INFO  : Context for processor 'ps7_cortexa9_0' is selected.
22:41:37 ERROR : Memory write error at 0x100000. APB AP transaction error, DAP status f0000021
22:41:37 INFO  : ----------------XSDB Script----------------
connect -url tcp:127.0.0.1:3121
source C:/Users/hrish/Downloads/ReRAM_Thesis/Project/system_bd_wrapper_hw_platform_0/ps7_init.tcl
targets -set -nocase -filter {name =~"APU*" && jtag_cable_name =~ "Digilent Zybo Z7 210351A81D96A"} -index 0
loadhw -hw C:/Users/hrish/Downloads/ReRAM_Thesis/Project/system_bd_wrapper_hw_platform_0/system.hdf -mem-ranges [list {0x40000000 0xbfffffff}]
configparams force-mem-access 1
targets -set -nocase -filter {name =~"APU*" && jtag_cable_name =~ "Digilent Zybo Z7 210351A81D96A"} -index 0
stop
ps7_init
ps7_post_config
targets -set -nocase -filter {name =~ "ARM*#0" && jtag_cable_name =~ "Digilent Zybo Z7 210351A81D96A"} -index 0
rst -processor
targets -set -nocase -filter {name =~ "ARM*#0" && jtag_cable_name =~ "Digilent Zybo Z7 210351A81D96A"} -index 0
dow C:/Users/hrish/Downloads/ReRAM_Thesis/Project/ReRAM_Test/Debug/ReRAM_Test.elf
----------------End of Script----------------

22:41:51 INFO  : 'targets -set -filter {jtag_cable_name =~ "Digilent Zybo Z7 210351A81D96A" && level==0} -index 1' command is executed.
22:41:51 INFO  : 'fpga -state' command is executed.
22:41:51 INFO  : Connected to target on host '127.0.0.1' and port '3121'.
22:41:52 INFO  : Jtag cable 'Digilent Zybo Z7 210351A81D96A' is selected.
22:41:52 INFO  : 'jtag frequency' command is executed.
22:41:52 INFO  : Sourcing of 'C:/Users/hrish/Downloads/ReRAM_Thesis/Project/system_bd_wrapper_hw_platform_0/ps7_init.tcl' is done.
22:41:52 INFO  : Context for 'APU' is selected.
22:41:52 INFO  : Hardware design information is loaded from 'C:/Users/hrish/Downloads/ReRAM_Thesis/Project/system_bd_wrapper_hw_platform_0/system.hdf'.
22:41:52 INFO  : 'configparams force-mem-access 1' command is executed.
22:41:52 INFO  : Context for 'APU' is selected.
22:41:52 INFO  : 'stop' command is executed.
22:41:52 ERROR : AP transaction error, DAP status f0000021
22:41:52 INFO  : ----------------XSDB Script----------------
connect -url tcp:127.0.0.1:3121
source C:/Users/hrish/Downloads/ReRAM_Thesis/Project/system_bd_wrapper_hw_platform_0/ps7_init.tcl
targets -set -nocase -filter {name =~"APU*" && jtag_cable_name =~ "Digilent Zybo Z7 210351A81D96A"} -index 0
loadhw -hw C:/Users/hrish/Downloads/ReRAM_Thesis/Project/system_bd_wrapper_hw_platform_0/system.hdf -mem-ranges [list {0x40000000 0xbfffffff}]
configparams force-mem-access 1
targets -set -nocase -filter {name =~"APU*" && jtag_cable_name =~ "Digilent Zybo Z7 210351A81D96A"} -index 0
stop
ps7_init
----------------End of Script----------------

22:42:18 INFO  : Connected to target on host '127.0.0.1' and port '3121'.
22:42:25 INFO  : Connected to target on host '127.0.0.1' and port '3121'.
22:42:26 INFO  : 'targets -set -filter {jtag_cable_name =~ "Digilent Zybo Z7 210351A81D96A" && level==0} -index 1' command is executed.
22:42:28 INFO  : FPGA configured successfully with bitstream "C:/Users/hrish/Downloads/ReRAM_Thesis/Project/system_bd_wrapper_hw_platform_0/system_bd_wrapper.bit"
22:42:40 INFO  : 'targets -set -filter {jtag_cable_name =~ "Digilent Zybo Z7 210351A81D96A" && level==0} -index 1' command is executed.
22:42:40 INFO  : 'fpga -state' command is executed.
22:42:40 INFO  : Connected to target on host '127.0.0.1' and port '3121'.
22:42:40 INFO  : Jtag cable 'Digilent Zybo Z7 210351A81D96A' is selected.
22:42:40 INFO  : 'jtag frequency' command is executed.
22:42:40 INFO  : Sourcing of 'C:/Users/hrish/Downloads/ReRAM_Thesis/Project/system_bd_wrapper_hw_platform_0/ps7_init.tcl' is done.
22:42:40 INFO  : Context for 'APU' is selected.
22:42:40 INFO  : Hardware design information is loaded from 'C:/Users/hrish/Downloads/ReRAM_Thesis/Project/system_bd_wrapper_hw_platform_0/system.hdf'.
22:42:40 INFO  : 'configparams force-mem-access 1' command is executed.
22:42:40 INFO  : Context for 'APU' is selected.
22:42:40 INFO  : 'stop' command is executed.
22:42:41 INFO  : 'ps7_init' command is executed.
22:42:41 INFO  : 'ps7_post_config' command is executed.
22:42:41 INFO  : Context for processor 'ps7_cortexa9_0' is selected.
22:42:41 INFO  : Processor reset is completed for 'ps7_cortexa9_0'.
22:42:41 INFO  : Context for processor 'ps7_cortexa9_0' is selected.
22:42:41 ERROR : Memory write error at 0x104000. Cannot flush JTAG server queue. FT_Write failed: io error
22:42:41 INFO  : ----------------XSDB Script----------------
connect -url tcp:127.0.0.1:3121
source C:/Users/hrish/Downloads/ReRAM_Thesis/Project/system_bd_wrapper_hw_platform_0/ps7_init.tcl
targets -set -nocase -filter {name =~"APU*" && jtag_cable_name =~ "Digilent Zybo Z7 210351A81D96A"} -index 0
loadhw -hw C:/Users/hrish/Downloads/ReRAM_Thesis/Project/system_bd_wrapper_hw_platform_0/system.hdf -mem-ranges [list {0x40000000 0xbfffffff}]
configparams force-mem-access 1
targets -set -nocase -filter {name =~"APU*" && jtag_cable_name =~ "Digilent Zybo Z7 210351A81D96A"} -index 0
stop
ps7_init
ps7_post_config
targets -set -nocase -filter {name =~ "ARM*#0" && jtag_cable_name =~ "Digilent Zybo Z7 210351A81D96A"} -index 0
rst -processor
targets -set -nocase -filter {name =~ "ARM*#0" && jtag_cable_name =~ "Digilent Zybo Z7 210351A81D96A"} -index 0
dow C:/Users/hrish/Downloads/ReRAM_Thesis/Project/ReRAM_Test/Debug/ReRAM_Test.elf
----------------End of Script----------------

22:43:09 INFO  : 'targets -set -filter {jtag_cable_name =~ "Digilent Zybo Z7 210351A81D96A" && level==0} -index 1' command is executed.
22:43:09 INFO  : 'fpga -state' command is executed.
22:43:09 INFO  : Connected to target on host '127.0.0.1' and port '3121'.
22:43:09 INFO  : Jtag cable 'Digilent Zybo Z7 210351A81D96A' is selected.
22:43:09 INFO  : 'jtag frequency' command is executed.
22:43:09 INFO  : Sourcing of 'C:/Users/hrish/Downloads/ReRAM_Thesis/Project/system_bd_wrapper_hw_platform_0/ps7_init.tcl' is done.
22:43:12 ERROR : no targets found with "name =~"APU*" && jtag_cable_name =~ "Digilent Zybo Z7 210351A81D96A"". available targets:
  1  DAP (JTAG port open error. AP transaction error, DAP status 30000021)
  4* xc7z020
22:43:12 INFO  : ----------------XSDB Script----------------
connect -url tcp:127.0.0.1:3121
source C:/Users/hrish/Downloads/ReRAM_Thesis/Project/system_bd_wrapper_hw_platform_0/ps7_init.tcl
targets -set -nocase -filter {name =~"APU*" && jtag_cable_name =~ "Digilent Zybo Z7 210351A81D96A"} -index 0
----------------End of Script----------------

22:44:41 INFO  : Connected to target on host '127.0.0.1' and port '3121'.
22:44:41 INFO  : 'targets -set -filter {jtag_cable_name =~ "Digilent Zybo Z7 210351A81D96A" && level==0} -index 1' command is executed.
22:44:43 INFO  : FPGA configured successfully with bitstream "C:/Users/hrish/Downloads/ReRAM_Thesis/Project/system_bd_wrapper_hw_platform_0/system_bd_wrapper.bit"
22:44:53 INFO  : 'targets -set -filter {jtag_cable_name =~ "Digilent Zybo Z7 210351A81D96A" && level==0} -index 1' command is executed.
22:44:53 INFO  : 'fpga -state' command is executed.
22:44:53 INFO  : Connected to target on host '127.0.0.1' and port '3121'.
22:44:54 INFO  : Jtag cable 'Digilent Zybo Z7 210351A81D96A' is selected.
22:44:54 INFO  : 'jtag frequency' command is executed.
22:44:54 INFO  : Sourcing of 'C:/Users/hrish/Downloads/ReRAM_Thesis/Project/system_bd_wrapper_hw_platform_0/ps7_init.tcl' is done.
22:44:54 INFO  : Context for 'APU' is selected.
22:44:54 INFO  : Hardware design information is loaded from 'C:/Users/hrish/Downloads/ReRAM_Thesis/Project/system_bd_wrapper_hw_platform_0/system.hdf'.
22:44:54 INFO  : 'configparams force-mem-access 1' command is executed.
22:44:54 INFO  : Context for 'APU' is selected.
22:44:54 INFO  : 'stop' command is executed.
22:44:54 INFO  : 'ps7_init' command is executed.
22:44:54 INFO  : 'ps7_post_config' command is executed.
22:44:54 INFO  : Context for processor 'ps7_cortexa9_0' is selected.
22:44:55 INFO  : Processor reset is completed for 'ps7_cortexa9_0'.
22:44:55 INFO  : Context for processor 'ps7_cortexa9_0' is selected.
22:44:55 INFO  : The application 'C:/Users/hrish/Downloads/ReRAM_Thesis/Project/ReRAM_Test/Debug/ReRAM_Test.elf' is downloaded to processor 'ps7_cortexa9_0'.
22:44:55 INFO  : 'configparams force-mem-access 0' command is executed.
22:44:55 INFO  : ----------------XSDB Script----------------
connect -url tcp:127.0.0.1:3121
source C:/Users/hrish/Downloads/ReRAM_Thesis/Project/system_bd_wrapper_hw_platform_0/ps7_init.tcl
targets -set -nocase -filter {name =~"APU*" && jtag_cable_name =~ "Digilent Zybo Z7 210351A81D96A"} -index 0
loadhw -hw C:/Users/hrish/Downloads/ReRAM_Thesis/Project/system_bd_wrapper_hw_platform_0/system.hdf -mem-ranges [list {0x40000000 0xbfffffff}]
configparams force-mem-access 1
targets -set -nocase -filter {name =~"APU*" && jtag_cable_name =~ "Digilent Zybo Z7 210351A81D96A"} -index 0
stop
ps7_init
ps7_post_config
targets -set -nocase -filter {name =~ "ARM*#0" && jtag_cable_name =~ "Digilent Zybo Z7 210351A81D96A"} -index 0
rst -processor
targets -set -nocase -filter {name =~ "ARM*#0" && jtag_cable_name =~ "Digilent Zybo Z7 210351A81D96A"} -index 0
dow C:/Users/hrish/Downloads/ReRAM_Thesis/Project/ReRAM_Test/Debug/ReRAM_Test.elf
configparams force-mem-access 0
----------------End of Script----------------

22:44:55 INFO  : Memory regions updated for context APU
22:44:55 INFO  : Context for processor 'ps7_cortexa9_0' is selected.
22:44:55 INFO  : 'con' command is executed.
22:44:55 INFO  : ----------------XSDB Script (After Launch)----------------
targets -set -nocase -filter {name =~ "ARM*#0" && jtag_cable_name =~ "Digilent Zybo Z7 210351A81D96A"} -index 0
con
----------------End of Script----------------

22:44:55 INFO  : Launch script is exported to file 'C:\Users\hrish\Downloads\ReRAM_Thesis\Project\.sdk\launch_scripts\xilinx_c-c++_application_(system_debugger)\system_debugger_using_debug_reram_test.elf_on_local.tcl'
22:47:15 INFO  : Disconnected from the channel tcfchan#6.
22:47:49 INFO  : 'targets -set -filter {jtag_cable_name =~ "Digilent Zybo Z7 210351A81D96A" && level==0} -index 1' command is executed.
22:47:49 INFO  : 'fpga -state' command is executed.
22:47:49 INFO  : Connected to target on host '127.0.0.1' and port '3121'.
22:47:49 INFO  : Jtag cable 'Digilent Zybo Z7 210351A81D96A' is selected.
22:47:49 INFO  : 'jtag frequency' command is executed.
22:47:49 INFO  : Sourcing of 'C:/Users/hrish/Downloads/ReRAM_Thesis/Project/system_bd_wrapper_hw_platform_0/ps7_init.tcl' is done.
22:47:49 INFO  : Context for 'APU' is selected.
22:47:49 INFO  : Hardware design information is loaded from 'C:/Users/hrish/Downloads/ReRAM_Thesis/Project/system_bd_wrapper_hw_platform_0/system.hdf'.
22:47:49 INFO  : 'configparams force-mem-access 1' command is executed.
22:47:49 INFO  : Context for 'APU' is selected.
22:47:50 INFO  : 'stop' command is executed.
22:47:52 INFO  : 'ps7_init' command is executed.
22:47:52 INFO  : 'ps7_post_config' command is executed.
22:47:52 INFO  : Context for processor 'ps7_cortexa9_0' is selected.
22:47:52 INFO  : Processor reset is completed for 'ps7_cortexa9_0'.
22:47:52 INFO  : Context for processor 'ps7_cortexa9_0' is selected.
22:47:54 ERROR : Memory write error at 0x100000. APB AP transaction error, DAP status f0000021
22:47:54 INFO  : ----------------XSDB Script----------------
connect -url tcp:127.0.0.1:3121
source C:/Users/hrish/Downloads/ReRAM_Thesis/Project/system_bd_wrapper_hw_platform_0/ps7_init.tcl
targets -set -nocase -filter {name =~"APU*" && jtag_cable_name =~ "Digilent Zybo Z7 210351A81D96A"} -index 0
loadhw -hw C:/Users/hrish/Downloads/ReRAM_Thesis/Project/system_bd_wrapper_hw_platform_0/system.hdf -mem-ranges [list {0x40000000 0xbfffffff}]
configparams force-mem-access 1
targets -set -nocase -filter {name =~"APU*" && jtag_cable_name =~ "Digilent Zybo Z7 210351A81D96A"} -index 0
stop
ps7_init
ps7_post_config
targets -set -nocase -filter {name =~ "ARM*#0" && jtag_cable_name =~ "Digilent Zybo Z7 210351A81D96A"} -index 0
rst -processor
targets -set -nocase -filter {name =~ "ARM*#0" && jtag_cable_name =~ "Digilent Zybo Z7 210351A81D96A"} -index 0
dow C:/Users/hrish/Downloads/ReRAM_Thesis/Project/ReRAM_Test/Debug/ReRAM_Test.elf
----------------End of Script----------------

22:48:17 INFO  : Connected to target on host '127.0.0.1' and port '3121'.
22:48:18 INFO  : 'targets -set -filter {jtag_cable_name =~ "Digilent Zybo Z7 210351A81D96A" && level==0} -index 1' command is executed.
22:48:20 INFO  : FPGA configured successfully with bitstream "C:/Users/hrish/Downloads/ReRAM_Thesis/Project/system_bd_wrapper_hw_platform_0/system_bd_wrapper.bit"
22:48:50 INFO  : 'targets -set -filter {jtag_cable_name =~ "Digilent Zybo Z7 210351A81D96A" && level==0} -index 1' command is executed.
22:48:50 INFO  : 'fpga -state' command is executed.
22:48:50 INFO  : Connected to target on host '127.0.0.1' and port '3121'.
22:48:50 INFO  : Jtag cable 'Digilent Zybo Z7 210351A81D96A' is selected.
22:48:50 INFO  : 'jtag frequency' command is executed.
22:48:50 INFO  : Sourcing of 'C:/Users/hrish/Downloads/ReRAM_Thesis/Project/system_bd_wrapper_hw_platform_0/ps7_init.tcl' is done.
22:48:50 INFO  : Context for 'APU' is selected.
22:48:50 INFO  : Hardware design information is loaded from 'C:/Users/hrish/Downloads/ReRAM_Thesis/Project/system_bd_wrapper_hw_platform_0/system.hdf'.
22:48:50 INFO  : 'configparams force-mem-access 1' command is executed.
22:48:50 INFO  : Context for 'APU' is selected.
22:48:50 INFO  : 'stop' command is executed.
22:48:51 INFO  : 'ps7_init' command is executed.
22:48:51 INFO  : 'ps7_post_config' command is executed.
22:48:51 INFO  : Context for processor 'ps7_cortexa9_0' is selected.
22:48:51 INFO  : Processor reset is completed for 'ps7_cortexa9_0'.
22:48:51 INFO  : Context for processor 'ps7_cortexa9_0' is selected.
22:48:51 INFO  : The application 'C:/Users/hrish/Downloads/ReRAM_Thesis/Project/ReRAM_Test/Debug/ReRAM_Test.elf' is downloaded to processor 'ps7_cortexa9_0'.
22:48:51 INFO  : 'configparams force-mem-access 0' command is executed.
22:48:51 INFO  : ----------------XSDB Script----------------
connect -url tcp:127.0.0.1:3121
source C:/Users/hrish/Downloads/ReRAM_Thesis/Project/system_bd_wrapper_hw_platform_0/ps7_init.tcl
targets -set -nocase -filter {name =~"APU*" && jtag_cable_name =~ "Digilent Zybo Z7 210351A81D96A"} -index 0
loadhw -hw C:/Users/hrish/Downloads/ReRAM_Thesis/Project/system_bd_wrapper_hw_platform_0/system.hdf -mem-ranges [list {0x40000000 0xbfffffff}]
configparams force-mem-access 1
targets -set -nocase -filter {name =~"APU*" && jtag_cable_name =~ "Digilent Zybo Z7 210351A81D96A"} -index 0
stop
ps7_init
ps7_post_config
targets -set -nocase -filter {name =~ "ARM*#0" && jtag_cable_name =~ "Digilent Zybo Z7 210351A81D96A"} -index 0
rst -processor
targets -set -nocase -filter {name =~ "ARM*#0" && jtag_cable_name =~ "Digilent Zybo Z7 210351A81D96A"} -index 0
dow C:/Users/hrish/Downloads/ReRAM_Thesis/Project/ReRAM_Test/Debug/ReRAM_Test.elf
configparams force-mem-access 0
----------------End of Script----------------

22:48:51 INFO  : Memory regions updated for context APU
22:48:51 INFO  : Context for processor 'ps7_cortexa9_0' is selected.
22:48:51 INFO  : 'con' command is executed.
22:48:51 INFO  : ----------------XSDB Script (After Launch)----------------
targets -set -nocase -filter {name =~ "ARM*#0" && jtag_cable_name =~ "Digilent Zybo Z7 210351A81D96A"} -index 0
con
----------------End of Script----------------

22:48:51 INFO  : Launch script is exported to file 'C:\Users\hrish\Downloads\ReRAM_Thesis\Project\.sdk\launch_scripts\xilinx_c-c++_application_(system_debugger)\system_debugger_using_debug_reram_test.elf_on_local.tcl'
22:50:13 INFO  : Disconnected from the channel tcfchan#7.
22:50:23 INFO  : 'targets -set -filter {jtag_cable_name =~ "Digilent Zybo Z7 210351A81D96A" && level==0} -index 1' command is executed.
22:50:23 INFO  : 'fpga -state' command is executed.
22:50:23 INFO  : Connected to target on host '127.0.0.1' and port '3121'.
22:50:23 INFO  : Jtag cable 'Digilent Zybo Z7 210351A81D96A' is selected.
22:50:23 INFO  : 'jtag frequency' command is executed.
22:50:23 INFO  : Sourcing of 'C:/Users/hrish/Downloads/ReRAM_Thesis/Project/system_bd_wrapper_hw_platform_0/ps7_init.tcl' is done.
22:50:23 INFO  : Context for 'APU' is selected.
22:50:23 INFO  : Hardware design information is loaded from 'C:/Users/hrish/Downloads/ReRAM_Thesis/Project/system_bd_wrapper_hw_platform_0/system.hdf'.
22:50:23 INFO  : 'configparams force-mem-access 1' command is executed.
22:50:24 INFO  : Context for 'APU' is selected.
22:50:24 INFO  : 'stop' command is executed.
22:50:26 INFO  : 'ps7_init' command is executed.
22:50:26 INFO  : 'ps7_post_config' command is executed.
22:50:26 INFO  : Context for processor 'ps7_cortexa9_0' is selected.
22:50:26 INFO  : Processor reset is completed for 'ps7_cortexa9_0'.
22:50:26 INFO  : Context for processor 'ps7_cortexa9_0' is selected.
22:50:28 ERROR : Memory write error at 0x100000. APB AP transaction error, DAP status f0000021
22:50:28 INFO  : ----------------XSDB Script----------------
connect -url tcp:127.0.0.1:3121
source C:/Users/hrish/Downloads/ReRAM_Thesis/Project/system_bd_wrapper_hw_platform_0/ps7_init.tcl
targets -set -nocase -filter {name =~"APU*" && jtag_cable_name =~ "Digilent Zybo Z7 210351A81D96A"} -index 0
loadhw -hw C:/Users/hrish/Downloads/ReRAM_Thesis/Project/system_bd_wrapper_hw_platform_0/system.hdf -mem-ranges [list {0x40000000 0xbfffffff}]
configparams force-mem-access 1
targets -set -nocase -filter {name =~"APU*" && jtag_cable_name =~ "Digilent Zybo Z7 210351A81D96A"} -index 0
stop
ps7_init
ps7_post_config
targets -set -nocase -filter {name =~ "ARM*#0" && jtag_cable_name =~ "Digilent Zybo Z7 210351A81D96A"} -index 0
rst -processor
targets -set -nocase -filter {name =~ "ARM*#0" && jtag_cable_name =~ "Digilent Zybo Z7 210351A81D96A"} -index 0
dow C:/Users/hrish/Downloads/ReRAM_Thesis/Project/ReRAM_Test/Debug/ReRAM_Test.elf
----------------End of Script----------------

22:50:57 INFO  : Connected to target on host '127.0.0.1' and port '3121'.
22:50:58 INFO  : 'targets -set -filter {jtag_cable_name =~ "Digilent Zybo Z7 210351A81D96A" && level==0} -index 1' command is executed.
22:51:00 INFO  : FPGA configured successfully with bitstream "C:/Users/hrish/Downloads/ReRAM_Thesis/Project/system_bd_wrapper_hw_platform_0/system_bd_wrapper.bit"
22:51:10 INFO  : 'targets -set -filter {jtag_cable_name =~ "Digilent Zybo Z7 210351A81D96A" && level==0} -index 1' command is executed.
22:51:10 INFO  : 'fpga -state' command is executed.
22:51:10 INFO  : Connected to target on host '127.0.0.1' and port '3121'.
22:51:10 INFO  : Jtag cable 'Digilent Zybo Z7 210351A81D96A' is selected.
22:51:10 INFO  : 'jtag frequency' command is executed.
22:51:10 INFO  : Sourcing of 'C:/Users/hrish/Downloads/ReRAM_Thesis/Project/system_bd_wrapper_hw_platform_0/ps7_init.tcl' is done.
22:51:10 INFO  : Context for 'APU' is selected.
22:51:10 INFO  : Hardware design information is loaded from 'C:/Users/hrish/Downloads/ReRAM_Thesis/Project/system_bd_wrapper_hw_platform_0/system.hdf'.
22:51:10 INFO  : 'configparams force-mem-access 1' command is executed.
22:51:10 INFO  : Context for 'APU' is selected.
22:51:10 INFO  : 'stop' command is executed.
22:51:11 INFO  : 'ps7_init' command is executed.
22:51:11 INFO  : 'ps7_post_config' command is executed.
22:51:11 INFO  : Context for processor 'ps7_cortexa9_0' is selected.
22:51:11 INFO  : Processor reset is completed for 'ps7_cortexa9_0'.
22:51:11 INFO  : Context for processor 'ps7_cortexa9_0' is selected.
22:51:11 INFO  : The application 'C:/Users/hrish/Downloads/ReRAM_Thesis/Project/ReRAM_Test/Debug/ReRAM_Test.elf' is downloaded to processor 'ps7_cortexa9_0'.
22:51:11 INFO  : 'configparams force-mem-access 0' command is executed.
22:51:11 INFO  : ----------------XSDB Script----------------
connect -url tcp:127.0.0.1:3121
source C:/Users/hrish/Downloads/ReRAM_Thesis/Project/system_bd_wrapper_hw_platform_0/ps7_init.tcl
targets -set -nocase -filter {name =~"APU*" && jtag_cable_name =~ "Digilent Zybo Z7 210351A81D96A"} -index 0
loadhw -hw C:/Users/hrish/Downloads/ReRAM_Thesis/Project/system_bd_wrapper_hw_platform_0/system.hdf -mem-ranges [list {0x40000000 0xbfffffff}]
configparams force-mem-access 1
targets -set -nocase -filter {name =~"APU*" && jtag_cable_name =~ "Digilent Zybo Z7 210351A81D96A"} -index 0
stop
ps7_init
ps7_post_config
targets -set -nocase -filter {name =~ "ARM*#0" && jtag_cable_name =~ "Digilent Zybo Z7 210351A81D96A"} -index 0
rst -processor
targets -set -nocase -filter {name =~ "ARM*#0" && jtag_cable_name =~ "Digilent Zybo Z7 210351A81D96A"} -index 0
dow C:/Users/hrish/Downloads/ReRAM_Thesis/Project/ReRAM_Test/Debug/ReRAM_Test.elf
configparams force-mem-access 0
----------------End of Script----------------

22:51:11 INFO  : Memory regions updated for context APU
22:51:11 INFO  : Context for processor 'ps7_cortexa9_0' is selected.
22:51:11 INFO  : 'con' command is executed.
22:51:11 INFO  : ----------------XSDB Script (After Launch)----------------
targets -set -nocase -filter {name =~ "ARM*#0" && jtag_cable_name =~ "Digilent Zybo Z7 210351A81D96A"} -index 0
con
----------------End of Script----------------

22:51:11 INFO  : Launch script is exported to file 'C:\Users\hrish\Downloads\ReRAM_Thesis\Project\.sdk\launch_scripts\xilinx_c-c++_application_(system_debugger)\system_debugger_using_debug_reram_test.elf_on_local.tcl'
22:52:42 INFO  : Connected to target on host '127.0.0.1' and port '3121'.
22:52:42 INFO  : 'targets -set -filter {jtag_cable_name =~ "Digilent Zybo Z7 210351A81D96A" && level==0} -index 1' command is executed.
22:52:44 INFO  : FPGA configured successfully with bitstream "C:/Users/hrish/Downloads/ReRAM_Thesis/Project/system_bd_wrapper_hw_platform_0/system_bd_wrapper.bit"
22:53:09 INFO  : Disconnected from the channel tcfchan#8.
22:53:10 INFO  : 'targets -set -filter {jtag_cable_name =~ "Digilent Zybo Z7 210351A81D96A" && level==0} -index 1' command is executed.
22:53:10 INFO  : 'fpga -state' command is executed.
22:53:10 INFO  : Connected to target on host '127.0.0.1' and port '3121'.
22:53:10 INFO  : Jtag cable 'Digilent Zybo Z7 210351A81D96A' is selected.
22:53:10 INFO  : 'jtag frequency' command is executed.
22:53:10 INFO  : Sourcing of 'C:/Users/hrish/Downloads/ReRAM_Thesis/Project/system_bd_wrapper_hw_platform_0/ps7_init.tcl' is done.
22:53:10 INFO  : Context for 'APU' is selected.
22:53:10 INFO  : Hardware design information is loaded from 'C:/Users/hrish/Downloads/ReRAM_Thesis/Project/system_bd_wrapper_hw_platform_0/system.hdf'.
22:53:10 INFO  : 'configparams force-mem-access 1' command is executed.
22:53:10 INFO  : Context for 'APU' is selected.
22:53:10 INFO  : 'stop' command is executed.
22:53:11 INFO  : 'ps7_init' command is executed.
22:53:11 INFO  : 'ps7_post_config' command is executed.
22:53:11 INFO  : Context for processor 'ps7_cortexa9_0' is selected.
22:53:11 INFO  : Processor reset is completed for 'ps7_cortexa9_0'.
22:53:11 INFO  : Context for processor 'ps7_cortexa9_0' is selected.
22:53:11 INFO  : The application 'C:/Users/hrish/Downloads/ReRAM_Thesis/Project/ReRAM_Test/Debug/ReRAM_Test.elf' is downloaded to processor 'ps7_cortexa9_0'.
22:53:11 INFO  : 'configparams force-mem-access 0' command is executed.
22:53:11 INFO  : ----------------XSDB Script----------------
connect -url tcp:127.0.0.1:3121
source C:/Users/hrish/Downloads/ReRAM_Thesis/Project/system_bd_wrapper_hw_platform_0/ps7_init.tcl
targets -set -nocase -filter {name =~"APU*" && jtag_cable_name =~ "Digilent Zybo Z7 210351A81D96A"} -index 0
loadhw -hw C:/Users/hrish/Downloads/ReRAM_Thesis/Project/system_bd_wrapper_hw_platform_0/system.hdf -mem-ranges [list {0x40000000 0xbfffffff}]
configparams force-mem-access 1
targets -set -nocase -filter {name =~"APU*" && jtag_cable_name =~ "Digilent Zybo Z7 210351A81D96A"} -index 0
stop
ps7_init
ps7_post_config
targets -set -nocase -filter {name =~ "ARM*#0" && jtag_cable_name =~ "Digilent Zybo Z7 210351A81D96A"} -index 0
rst -processor
targets -set -nocase -filter {name =~ "ARM*#0" && jtag_cable_name =~ "Digilent Zybo Z7 210351A81D96A"} -index 0
dow C:/Users/hrish/Downloads/ReRAM_Thesis/Project/ReRAM_Test/Debug/ReRAM_Test.elf
configparams force-mem-access 0
----------------End of Script----------------

22:53:11 INFO  : Memory regions updated for context APU
22:53:11 INFO  : Context for processor 'ps7_cortexa9_0' is selected.
22:53:11 INFO  : 'con' command is executed.
22:53:11 INFO  : ----------------XSDB Script (After Launch)----------------
targets -set -nocase -filter {name =~ "ARM*#0" && jtag_cable_name =~ "Digilent Zybo Z7 210351A81D96A"} -index 0
con
----------------End of Script----------------

22:53:11 INFO  : Launch script is exported to file 'C:\Users\hrish\Downloads\ReRAM_Thesis\Project\.sdk\launch_scripts\xilinx_c-c++_application_(system_debugger)\system_debugger_using_debug_reram_test.elf_on_local.tcl'
22:55:36 INFO  : Connected to target on host '127.0.0.1' and port '3121'.
22:55:36 INFO  : 'targets -set -filter {jtag_cable_name =~ "Digilent Zybo Z7 210351A81D96A" && level==0} -index 1' command is executed.
22:55:39 INFO  : FPGA configured successfully with bitstream "C:/Users/hrish/Downloads/ReRAM_Thesis/Project/system_bd_wrapper_hw_platform_0/system_bd_wrapper.bit"
22:56:09 INFO  : Disconnected from the channel tcfchan#9.
22:56:10 INFO  : 'targets -set -filter {jtag_cable_name =~ "Digilent Zybo Z7 210351A81D96A" && level==0} -index 1' command is executed.
22:56:10 INFO  : 'fpga -state' command is executed.
22:56:10 INFO  : Connected to target on host '127.0.0.1' and port '3121'.
22:56:10 INFO  : Jtag cable 'Digilent Zybo Z7 210351A81D96A' is selected.
22:56:10 INFO  : 'jtag frequency' command is executed.
22:56:10 INFO  : Sourcing of 'C:/Users/hrish/Downloads/ReRAM_Thesis/Project/system_bd_wrapper_hw_platform_0/ps7_init.tcl' is done.
22:56:11 INFO  : Context for 'APU' is selected.
22:56:11 INFO  : Hardware design information is loaded from 'C:/Users/hrish/Downloads/ReRAM_Thesis/Project/system_bd_wrapper_hw_platform_0/system.hdf'.
22:56:11 INFO  : 'configparams force-mem-access 1' command is executed.
22:56:11 INFO  : Context for 'APU' is selected.
22:56:11 INFO  : 'stop' command is executed.
22:56:11 INFO  : 'ps7_init' command is executed.
22:56:11 INFO  : 'ps7_post_config' command is executed.
22:56:11 INFO  : Context for processor 'ps7_cortexa9_0' is selected.
22:56:11 INFO  : Processor reset is completed for 'ps7_cortexa9_0'.
22:56:11 INFO  : Context for processor 'ps7_cortexa9_0' is selected.
22:56:11 INFO  : The application 'C:/Users/hrish/Downloads/ReRAM_Thesis/Project/ReRAM_Test/Debug/ReRAM_Test.elf' is downloaded to processor 'ps7_cortexa9_0'.
22:56:12 INFO  : 'configparams force-mem-access 0' command is executed.
22:56:12 INFO  : ----------------XSDB Script----------------
connect -url tcp:127.0.0.1:3121
source C:/Users/hrish/Downloads/ReRAM_Thesis/Project/system_bd_wrapper_hw_platform_0/ps7_init.tcl
targets -set -nocase -filter {name =~"APU*" && jtag_cable_name =~ "Digilent Zybo Z7 210351A81D96A"} -index 0
loadhw -hw C:/Users/hrish/Downloads/ReRAM_Thesis/Project/system_bd_wrapper_hw_platform_0/system.hdf -mem-ranges [list {0x40000000 0xbfffffff}]
configparams force-mem-access 1
targets -set -nocase -filter {name =~"APU*" && jtag_cable_name =~ "Digilent Zybo Z7 210351A81D96A"} -index 0
stop
ps7_init
ps7_post_config
targets -set -nocase -filter {name =~ "ARM*#0" && jtag_cable_name =~ "Digilent Zybo Z7 210351A81D96A"} -index 0
rst -processor
targets -set -nocase -filter {name =~ "ARM*#0" && jtag_cable_name =~ "Digilent Zybo Z7 210351A81D96A"} -index 0
dow C:/Users/hrish/Downloads/ReRAM_Thesis/Project/ReRAM_Test/Debug/ReRAM_Test.elf
configparams force-mem-access 0
----------------End of Script----------------

22:56:12 INFO  : Memory regions updated for context APU
22:56:12 INFO  : Context for processor 'ps7_cortexa9_0' is selected.
22:56:12 INFO  : 'con' command is executed.
22:56:12 INFO  : ----------------XSDB Script (After Launch)----------------
targets -set -nocase -filter {name =~ "ARM*#0" && jtag_cable_name =~ "Digilent Zybo Z7 210351A81D96A"} -index 0
con
----------------End of Script----------------

22:56:12 INFO  : Launch script is exported to file 'C:\Users\hrish\Downloads\ReRAM_Thesis\Project\.sdk\launch_scripts\xilinx_c-c++_application_(system_debugger)\system_debugger_using_debug_reram_test.elf_on_local.tcl'
22:56:57 INFO  : Connected to target on host '127.0.0.1' and port '3121'.
22:56:57 INFO  : 'targets -set -filter {jtag_cable_name =~ "Digilent Zybo Z7 210351A81D96A" && level==0} -index 1' command is executed.
22:56:59 INFO  : FPGA configured successfully with bitstream "C:/Users/hrish/Downloads/ReRAM_Thesis/Project/system_bd_wrapper_hw_platform_0/system_bd_wrapper.bit"
22:57:30 INFO  : Disconnected from the channel tcfchan#10.
22:57:32 INFO  : 'targets -set -filter {jtag_cable_name =~ "Digilent Zybo Z7 210351A81D96A" && level==0} -index 1' command is executed.
22:57:32 INFO  : 'fpga -state' command is executed.
22:57:32 INFO  : Connected to target on host '127.0.0.1' and port '3121'.
22:57:32 INFO  : Jtag cable 'Digilent Zybo Z7 210351A81D96A' is selected.
22:57:32 INFO  : 'jtag frequency' command is executed.
22:57:32 INFO  : Sourcing of 'C:/Users/hrish/Downloads/ReRAM_Thesis/Project/system_bd_wrapper_hw_platform_0/ps7_init.tcl' is done.
22:57:32 INFO  : Context for 'APU' is selected.
22:57:32 INFO  : Hardware design information is loaded from 'C:/Users/hrish/Downloads/ReRAM_Thesis/Project/system_bd_wrapper_hw_platform_0/system.hdf'.
22:57:32 INFO  : 'configparams force-mem-access 1' command is executed.
22:57:32 INFO  : Context for 'APU' is selected.
22:57:32 INFO  : 'stop' command is executed.
22:57:33 INFO  : 'ps7_init' command is executed.
22:57:33 INFO  : 'ps7_post_config' command is executed.
22:57:33 INFO  : Context for processor 'ps7_cortexa9_0' is selected.
22:57:33 INFO  : Processor reset is completed for 'ps7_cortexa9_0'.
22:57:33 INFO  : Context for processor 'ps7_cortexa9_0' is selected.
22:57:33 INFO  : The application 'C:/Users/hrish/Downloads/ReRAM_Thesis/Project/ReRAM_Test/Debug/ReRAM_Test.elf' is downloaded to processor 'ps7_cortexa9_0'.
22:57:33 INFO  : 'configparams force-mem-access 0' command is executed.
22:57:33 INFO  : ----------------XSDB Script----------------
connect -url tcp:127.0.0.1:3121
source C:/Users/hrish/Downloads/ReRAM_Thesis/Project/system_bd_wrapper_hw_platform_0/ps7_init.tcl
targets -set -nocase -filter {name =~"APU*" && jtag_cable_name =~ "Digilent Zybo Z7 210351A81D96A"} -index 0
loadhw -hw C:/Users/hrish/Downloads/ReRAM_Thesis/Project/system_bd_wrapper_hw_platform_0/system.hdf -mem-ranges [list {0x40000000 0xbfffffff}]
configparams force-mem-access 1
targets -set -nocase -filter {name =~"APU*" && jtag_cable_name =~ "Digilent Zybo Z7 210351A81D96A"} -index 0
stop
ps7_init
ps7_post_config
targets -set -nocase -filter {name =~ "ARM*#0" && jtag_cable_name =~ "Digilent Zybo Z7 210351A81D96A"} -index 0
rst -processor
targets -set -nocase -filter {name =~ "ARM*#0" && jtag_cable_name =~ "Digilent Zybo Z7 210351A81D96A"} -index 0
dow C:/Users/hrish/Downloads/ReRAM_Thesis/Project/ReRAM_Test/Debug/ReRAM_Test.elf
configparams force-mem-access 0
----------------End of Script----------------

22:57:33 INFO  : Memory regions updated for context APU
22:57:33 INFO  : Context for processor 'ps7_cortexa9_0' is selected.
22:57:33 INFO  : 'con' command is executed.
22:57:33 INFO  : ----------------XSDB Script (After Launch)----------------
targets -set -nocase -filter {name =~ "ARM*#0" && jtag_cable_name =~ "Digilent Zybo Z7 210351A81D96A"} -index 0
con
----------------End of Script----------------

22:57:33 INFO  : Launch script is exported to file 'C:\Users\hrish\Downloads\ReRAM_Thesis\Project\.sdk\launch_scripts\xilinx_c-c++_application_(system_debugger)\system_debugger_using_debug_reram_test.elf_on_local.tcl'
23:04:09 INFO  : Disconnected from the channel tcfchan#11.
13:58:55 INFO  : Registering command handlers for SDK TCF services
13:58:55 INFO  : Launching XSCT server: xsct.bat -interactive C:\Users\hrish\Downloads\ReRAM_Thesis\Project\temp_xsdb_launch_script.tcl
13:59:00 INFO  : XSCT server has started successfully.
13:59:00 INFO  : Successfully done setting XSCT server connection channel  
13:59:07 INFO  : Successfully done setting SDK workspace  
13:59:07 INFO  : Processing command line option -hwspec C:/Users/hrish/Downloads/ReRAM_Thesis/Project.
13:59:15 ERROR : Error occurred while creating hardware platform Project_hw_platform_1 from sysdef
java.io.FileNotFoundException: C:\Users\hrish\Downloads\ReRAM_Thesis\Project (Access is denied)
	at java.io.FileInputStream.open0(Native Method)
	at java.io.FileInputStream.open(FileInputStream.java:195)
	at java.io.FileInputStream.<init>(FileInputStream.java:138)
	at java.io.FileInputStream.<init>(FileInputStream.java:93)
	at com.xilinx.sdk.hw.internal.HwProjectCreator.createHwProjectFromZip(HwProjectCreator.java:100)
	at com.xilinx.sdk.hw.HwProjectUtil.internalCreate(HwProjectUtil.java:266)
	at com.xilinx.sdk.hw.HwProjectUtil.makeNewHardwareProject(HwProjectUtil.java:210)
	at com.xilinx.sdk.hw.HwProjectUtil.makeNewHardwareProject(HwProjectUtil.java:197)
	at com.xilinx.sdk.hw.HwProjectUtil.makeNewHardwareProject(HwProjectUtil.java:171)
	at com.xilinx.sdk.startup.InitSDK.processHwSpecArgumentTask(InitSDK.java:515)
	at com.xilinx.sdk.startup.InitSDK.access$8(InitSDK.java:497)
	at com.xilinx.sdk.startup.InitSDK$12.run(InitSDK.java:448)
	at org.eclipse.core.internal.jobs.Worker.run(Worker.java:55)
13:59:15 ERROR : Unable to create Hardware Specification Project with specification file: C:/Users/hrish/Downloads/ReRAM_Thesis/Project
14:02:34 INFO  : Connected to target on host '127.0.0.1' and port '3121'.
14:02:36 INFO  : 'targets -set -filter {jtag_cable_name =~ "Digilent Zybo Z7 210351A81D96A" && level==0} -index 1' command is executed.
14:02:39 INFO  : FPGA configured successfully with bitstream "C:/Users/hrish/Downloads/ReRAM_Thesis/Project/system_bd_wrapper_hw_platform_0/system_bd_wrapper.bit"
14:03:20 INFO  : 'targets -set -filter {jtag_cable_name =~ "Digilent Zybo Z7 210351A81D96A" && level==0} -index 1' command is executed.
14:03:20 INFO  : 'fpga -state' command is executed.
14:03:20 INFO  : Connected to target on host '127.0.0.1' and port '3121'.
14:03:20 INFO  : Jtag cable 'Digilent Zybo Z7 210351A81D96A' is selected.
14:03:20 INFO  : 'jtag frequency' command is executed.
14:03:20 INFO  : Sourcing of 'C:/Users/hrish/Downloads/ReRAM_Thesis/Project/system_bd_wrapper_hw_platform_0/ps7_init.tcl' is done.
14:03:20 INFO  : Context for 'APU' is selected.
14:03:20 INFO  : Hardware design information is loaded from 'C:/Users/hrish/Downloads/ReRAM_Thesis/Project/system_bd_wrapper_hw_platform_0/system.hdf'.
14:03:20 INFO  : 'configparams force-mem-access 1' command is executed.
14:03:20 INFO  : Context for 'APU' is selected.
14:03:20 INFO  : 'stop' command is executed.
14:03:20 ERROR : Memory write error at 0xF8000118. Cannot flush JTAG server queue. FT_Write failed: io error
14:03:20 INFO  : ----------------XSDB Script----------------
connect -url tcp:127.0.0.1:3121
source C:/Users/hrish/Downloads/ReRAM_Thesis/Project/system_bd_wrapper_hw_platform_0/ps7_init.tcl
targets -set -nocase -filter {name =~"APU*" && jtag_cable_name =~ "Digilent Zybo Z7 210351A81D96A"} -index 0
loadhw -hw C:/Users/hrish/Downloads/ReRAM_Thesis/Project/system_bd_wrapper_hw_platform_0/system.hdf -mem-ranges [list {0x40000000 0xbfffffff}]
configparams force-mem-access 1
targets -set -nocase -filter {name =~"APU*" && jtag_cable_name =~ "Digilent Zybo Z7 210351A81D96A"} -index 0
stop
ps7_init
----------------End of Script----------------

14:03:40 INFO  : 'targets -set -filter {jtag_cable_name =~ "Digilent Zybo Z7 210351A81D96A" && level==0} -index 1' command is executed.
14:03:40 INFO  : 'fpga -state' command is executed.
14:03:47 INFO  : Memory regions updated for context APU
14:03:54 INFO  : Connected to target on host '127.0.0.1' and port '3121'.
14:03:54 INFO  : 'targets -set -filter {jtag_cable_name =~ "Digilent Zybo Z7 210351A81D96A" && level==0} -index 1' command is executed.
14:03:56 INFO  : FPGA configured successfully with bitstream "C:/Users/hrish/Downloads/ReRAM_Thesis/Project/system_bd_wrapper_hw_platform_0/system_bd_wrapper.bit"
14:04:08 INFO  : 'targets -set -filter {jtag_cable_name =~ "Digilent Zybo Z7 210351A81D96A" && level==0} -index 1' command is executed.
14:04:08 INFO  : 'fpga -state' command is executed.
14:04:08 INFO  : Connected to target on host '127.0.0.1' and port '3121'.
14:04:08 INFO  : Jtag cable 'Digilent Zybo Z7 210351A81D96A' is selected.
14:04:08 INFO  : 'jtag frequency' command is executed.
14:04:08 INFO  : Sourcing of 'C:/Users/hrish/Downloads/ReRAM_Thesis/Project/system_bd_wrapper_hw_platform_0/ps7_init.tcl' is done.
14:04:08 INFO  : Context for 'APU' is selected.
14:04:08 INFO  : Hardware design information is loaded from 'C:/Users/hrish/Downloads/ReRAM_Thesis/Project/system_bd_wrapper_hw_platform_0/system.hdf'.
14:04:08 INFO  : 'configparams force-mem-access 1' command is executed.
14:04:08 INFO  : Context for 'APU' is selected.
14:04:08 INFO  : 'stop' command is executed.
14:04:08 ERROR : Memory read error at 0xF8000170. Cannot flush JTAG server queue. FT_Write failed: io error
14:04:08 INFO  : ----------------XSDB Script----------------
connect -url tcp:127.0.0.1:3121
source C:/Users/hrish/Downloads/ReRAM_Thesis/Project/system_bd_wrapper_hw_platform_0/ps7_init.tcl
targets -set -nocase -filter {name =~"APU*" && jtag_cable_name =~ "Digilent Zybo Z7 210351A81D96A"} -index 0
loadhw -hw C:/Users/hrish/Downloads/ReRAM_Thesis/Project/system_bd_wrapper_hw_platform_0/system.hdf -mem-ranges [list {0x40000000 0xbfffffff}]
configparams force-mem-access 1
targets -set -nocase -filter {name =~"APU*" && jtag_cable_name =~ "Digilent Zybo Z7 210351A81D96A"} -index 0
stop
ps7_init
----------------End of Script----------------

14:05:40 INFO  : Connected to target on host '127.0.0.1' and port '3121'.
14:05:41 INFO  : 'targets -set -filter {jtag_cable_name =~ "Digilent Zybo Z7 210351A81D96A" && level==0} -index 1' command is executed.
14:05:43 INFO  : FPGA configured successfully with bitstream "C:/Users/hrish/Downloads/ReRAM_Thesis/Project/system_bd_wrapper_hw_platform_0/system_bd_wrapper.bit"
14:05:49 INFO  : 'targets -set -filter {jtag_cable_name =~ "Digilent Zybo Z7 210351A81D96A" && level==0} -index 1' command is executed.
14:05:49 INFO  : 'fpga -state' command is executed.
14:05:49 INFO  : Connected to target on host '127.0.0.1' and port '3121'.
14:05:50 INFO  : Jtag cable 'Digilent Zybo Z7 210351A81D96A' is selected.
14:05:50 INFO  : 'jtag frequency' command is executed.
14:05:50 INFO  : Sourcing of 'C:/Users/hrish/Downloads/ReRAM_Thesis/Project/system_bd_wrapper_hw_platform_0/ps7_init.tcl' is done.
14:05:50 INFO  : Context for 'APU' is selected.
14:05:50 INFO  : Hardware design information is loaded from 'C:/Users/hrish/Downloads/ReRAM_Thesis/Project/system_bd_wrapper_hw_platform_0/system.hdf'.
14:05:50 INFO  : 'configparams force-mem-access 1' command is executed.
14:05:50 INFO  : Context for 'APU' is selected.
14:05:50 INFO  : 'stop' command is executed.
14:05:55 ERROR : Memory write error at 0xF8000118. Cannot flush JTAG server queue. FT_Read returned 0, expected 18
14:05:55 INFO  : ----------------XSDB Script----------------
connect -url tcp:127.0.0.1:3121
source C:/Users/hrish/Downloads/ReRAM_Thesis/Project/system_bd_wrapper_hw_platform_0/ps7_init.tcl
targets -set -nocase -filter {name =~"APU*" && jtag_cable_name =~ "Digilent Zybo Z7 210351A81D96A"} -index 0
loadhw -hw C:/Users/hrish/Downloads/ReRAM_Thesis/Project/system_bd_wrapper_hw_platform_0/system.hdf -mem-ranges [list {0x40000000 0xbfffffff}]
configparams force-mem-access 1
targets -set -nocase -filter {name =~"APU*" && jtag_cable_name =~ "Digilent Zybo Z7 210351A81D96A"} -index 0
stop
ps7_init
----------------End of Script----------------

14:06:51 INFO  : Connected to target on host '127.0.0.1' and port '3121'.
14:06:52 INFO  : 'targets -set -filter {jtag_cable_name =~ "Digilent Zybo Z7 210351A81D96A" && level==0} -index 1' command is executed.
14:06:54 INFO  : FPGA configured successfully with bitstream "C:/Users/hrish/Downloads/ReRAM_Thesis/Project/system_bd_wrapper_hw_platform_0/system_bd_wrapper.bit"
14:07:02 INFO  : 'targets -set -filter {jtag_cable_name =~ "Digilent Zybo Z7 210351A81D96A" && level==0} -index 1' command is executed.
14:07:02 INFO  : 'fpga -state' command is executed.
14:07:02 INFO  : Connected to target on host '127.0.0.1' and port '3121'.
14:07:02 INFO  : Jtag cable 'Digilent Zybo Z7 210351A81D96A' is selected.
14:07:02 INFO  : 'jtag frequency' command is executed.
14:07:02 INFO  : Sourcing of 'C:/Users/hrish/Downloads/ReRAM_Thesis/Project/system_bd_wrapper_hw_platform_0/ps7_init.tcl' is done.
14:07:02 INFO  : Context for 'APU' is selected.
14:07:02 INFO  : Hardware design information is loaded from 'C:/Users/hrish/Downloads/ReRAM_Thesis/Project/system_bd_wrapper_hw_platform_0/system.hdf'.
14:07:02 INFO  : 'configparams force-mem-access 1' command is executed.
14:07:02 INFO  : Context for 'APU' is selected.
14:07:02 INFO  : 'stop' command is executed.
14:07:03 INFO  : 'ps7_init' command is executed.
14:07:03 INFO  : 'ps7_post_config' command is executed.
14:07:03 INFO  : Context for processor 'ps7_cortexa9_0' is selected.
14:07:03 INFO  : Processor reset is completed for 'ps7_cortexa9_0'.
14:07:03 INFO  : Context for processor 'ps7_cortexa9_0' is selected.
14:07:03 INFO  : The application 'C:/Users/hrish/Downloads/ReRAM_Thesis/Project/ReRAM_Test/Debug/ReRAM_Test.elf' is downloaded to processor 'ps7_cortexa9_0'.
14:07:03 INFO  : 'configparams force-mem-access 0' command is executed.
14:07:03 INFO  : ----------------XSDB Script----------------
connect -url tcp:127.0.0.1:3121
source C:/Users/hrish/Downloads/ReRAM_Thesis/Project/system_bd_wrapper_hw_platform_0/ps7_init.tcl
targets -set -nocase -filter {name =~"APU*" && jtag_cable_name =~ "Digilent Zybo Z7 210351A81D96A"} -index 0
loadhw -hw C:/Users/hrish/Downloads/ReRAM_Thesis/Project/system_bd_wrapper_hw_platform_0/system.hdf -mem-ranges [list {0x40000000 0xbfffffff}]
configparams force-mem-access 1
targets -set -nocase -filter {name =~"APU*" && jtag_cable_name =~ "Digilent Zybo Z7 210351A81D96A"} -index 0
stop
ps7_init
ps7_post_config
targets -set -nocase -filter {name =~ "ARM*#0" && jtag_cable_name =~ "Digilent Zybo Z7 210351A81D96A"} -index 0
rst -processor
targets -set -nocase -filter {name =~ "ARM*#0" && jtag_cable_name =~ "Digilent Zybo Z7 210351A81D96A"} -index 0
dow C:/Users/hrish/Downloads/ReRAM_Thesis/Project/ReRAM_Test/Debug/ReRAM_Test.elf
configparams force-mem-access 0
----------------End of Script----------------

14:07:03 INFO  : Memory regions updated for context APU
14:07:03 INFO  : Context for processor 'ps7_cortexa9_0' is selected.
14:07:03 INFO  : 'con' command is executed.
14:07:03 INFO  : ----------------XSDB Script (After Launch)----------------
targets -set -nocase -filter {name =~ "ARM*#0" && jtag_cable_name =~ "Digilent Zybo Z7 210351A81D96A"} -index 0
con
----------------End of Script----------------

14:07:03 INFO  : Launch script is exported to file 'C:\Users\hrish\Downloads\ReRAM_Thesis\Project\.sdk\launch_scripts\xilinx_c-c++_application_(system_debugger)\system_debugger_using_debug_reram_test.elf_on_local.tcl'
14:09:23 INFO  : Connected to target on host '127.0.0.1' and port '3121'.
14:09:23 INFO  : 'targets -set -filter {jtag_cable_name =~ "Digilent Zybo Z7 210351A81D96A" && level==0} -index 1' command is executed.
14:09:26 INFO  : FPGA configured successfully with bitstream "C:/Users/hrish/Downloads/ReRAM_Thesis/Project/system_bd_wrapper_hw_platform_0/system_bd_wrapper.bit"
14:09:41 INFO  : Disconnected from the channel tcfchan#1.
14:09:42 INFO  : 'targets -set -filter {jtag_cable_name =~ "Digilent Zybo Z7 210351A81D96A" && level==0} -index 1' command is executed.
14:09:42 INFO  : 'fpga -state' command is executed.
14:09:42 INFO  : Connected to target on host '127.0.0.1' and port '3121'.
14:09:42 INFO  : Jtag cable 'Digilent Zybo Z7 210351A81D96A' is selected.
14:09:42 INFO  : 'jtag frequency' command is executed.
14:09:42 INFO  : Sourcing of 'C:/Users/hrish/Downloads/ReRAM_Thesis/Project/system_bd_wrapper_hw_platform_0/ps7_init.tcl' is done.
14:09:42 INFO  : Context for 'APU' is selected.
14:09:45 INFO  : Hardware design information is loaded from 'C:/Users/hrish/Downloads/ReRAM_Thesis/Project/system_bd_wrapper_hw_platform_0/system.hdf'.
14:09:45 INFO  : 'configparams force-mem-access 1' command is executed.
14:09:45 INFO  : Context for 'APU' is selected.
14:09:45 INFO  : 'stop' command is executed.
14:09:46 INFO  : 'ps7_init' command is executed.
14:09:46 INFO  : 'ps7_post_config' command is executed.
14:09:46 INFO  : Context for processor 'ps7_cortexa9_0' is selected.
14:09:46 INFO  : Processor reset is completed for 'ps7_cortexa9_0'.
14:09:46 INFO  : Context for processor 'ps7_cortexa9_0' is selected.
14:09:46 INFO  : The application 'C:/Users/hrish/Downloads/ReRAM_Thesis/Project/ReRAM_Test/Debug/ReRAM_Test.elf' is downloaded to processor 'ps7_cortexa9_0'.
14:09:46 INFO  : 'configparams force-mem-access 0' command is executed.
14:09:46 INFO  : ----------------XSDB Script----------------
connect -url tcp:127.0.0.1:3121
source C:/Users/hrish/Downloads/ReRAM_Thesis/Project/system_bd_wrapper_hw_platform_0/ps7_init.tcl
targets -set -nocase -filter {name =~"APU*" && jtag_cable_name =~ "Digilent Zybo Z7 210351A81D96A"} -index 0
loadhw -hw C:/Users/hrish/Downloads/ReRAM_Thesis/Project/system_bd_wrapper_hw_platform_0/system.hdf -mem-ranges [list {0x40000000 0xbfffffff}]
configparams force-mem-access 1
targets -set -nocase -filter {name =~"APU*" && jtag_cable_name =~ "Digilent Zybo Z7 210351A81D96A"} -index 0
stop
ps7_init
ps7_post_config
targets -set -nocase -filter {name =~ "ARM*#0" && jtag_cable_name =~ "Digilent Zybo Z7 210351A81D96A"} -index 0
rst -processor
targets -set -nocase -filter {name =~ "ARM*#0" && jtag_cable_name =~ "Digilent Zybo Z7 210351A81D96A"} -index 0
dow C:/Users/hrish/Downloads/ReRAM_Thesis/Project/ReRAM_Test/Debug/ReRAM_Test.elf
configparams force-mem-access 0
----------------End of Script----------------

14:09:46 INFO  : Memory regions updated for context APU
14:09:46 INFO  : Context for processor 'ps7_cortexa9_0' is selected.
14:09:46 INFO  : 'con' command is executed.
14:09:46 INFO  : ----------------XSDB Script (After Launch)----------------
targets -set -nocase -filter {name =~ "ARM*#0" && jtag_cable_name =~ "Digilent Zybo Z7 210351A81D96A"} -index 0
con
----------------End of Script----------------

14:09:46 INFO  : Launch script is exported to file 'C:\Users\hrish\Downloads\ReRAM_Thesis\Project\.sdk\launch_scripts\xilinx_c-c++_application_(system_debugger)\system_debugger_using_debug_reram_test.elf_on_local.tcl'
14:11:48 INFO  : Disconnected from the channel tcfchan#2.
14:12:12 INFO  : 'targets -set -filter {jtag_cable_name =~ "Digilent Zybo Z7 210351A81D96A" && level==0} -index 1' command is executed.
14:12:12 INFO  : 'fpga -state' command is executed.
14:12:12 INFO  : Connected to target on host '127.0.0.1' and port '3121'.
14:12:12 INFO  : Jtag cable 'Digilent Zybo Z7 210351A81D96A' is selected.
14:12:12 INFO  : 'jtag frequency' command is executed.
14:12:12 INFO  : Sourcing of 'C:/Users/hrish/Downloads/ReRAM_Thesis/Project/system_bd_wrapper_hw_platform_0/ps7_init.tcl' is done.
14:12:12 INFO  : Context for 'APU' is selected.
14:12:12 INFO  : Hardware design information is loaded from 'C:/Users/hrish/Downloads/ReRAM_Thesis/Project/system_bd_wrapper_hw_platform_0/system.hdf'.
14:12:12 INFO  : 'configparams force-mem-access 1' command is executed.
14:12:12 INFO  : Context for 'APU' is selected.
14:12:12 INFO  : 'stop' command is executed.
14:12:15 INFO  : 'ps7_init' command is executed.
14:12:15 INFO  : 'ps7_post_config' command is executed.
14:12:15 INFO  : Context for processor 'ps7_cortexa9_0' is selected.
14:12:15 INFO  : Processor reset is completed for 'ps7_cortexa9_0'.
14:12:15 INFO  : Context for processor 'ps7_cortexa9_0' is selected.
14:12:17 ERROR : Memory write error at 0x100000. APB AP transaction error, DAP status f0000021
14:12:17 INFO  : ----------------XSDB Script----------------
connect -url tcp:127.0.0.1:3121
source C:/Users/hrish/Downloads/ReRAM_Thesis/Project/system_bd_wrapper_hw_platform_0/ps7_init.tcl
targets -set -nocase -filter {name =~"APU*" && jtag_cable_name =~ "Digilent Zybo Z7 210351A81D96A"} -index 0
loadhw -hw C:/Users/hrish/Downloads/ReRAM_Thesis/Project/system_bd_wrapper_hw_platform_0/system.hdf -mem-ranges [list {0x40000000 0xbfffffff}]
configparams force-mem-access 1
targets -set -nocase -filter {name =~"APU*" && jtag_cable_name =~ "Digilent Zybo Z7 210351A81D96A"} -index 0
stop
ps7_init
ps7_post_config
targets -set -nocase -filter {name =~ "ARM*#0" && jtag_cable_name =~ "Digilent Zybo Z7 210351A81D96A"} -index 0
rst -processor
targets -set -nocase -filter {name =~ "ARM*#0" && jtag_cable_name =~ "Digilent Zybo Z7 210351A81D96A"} -index 0
dow C:/Users/hrish/Downloads/ReRAM_Thesis/Project/ReRAM_Test/Debug/ReRAM_Test.elf
----------------End of Script----------------

14:13:42 INFO  : Connected to target on host '127.0.0.1' and port '3121'.
14:13:44 INFO  : Connected to target on host '127.0.0.1' and port '3121'.
14:13:44 INFO  : 'targets -set -filter {jtag_cable_name =~ "Digilent Zybo Z7 210351A81D96A" && level==0} -index 1' command is executed.
14:13:47 INFO  : FPGA configured successfully with bitstream "C:/Users/hrish/Downloads/ReRAM_Thesis/Project/system_bd_wrapper_hw_platform_0/system_bd_wrapper.bit"
14:14:17 INFO  : 'targets -set -filter {jtag_cable_name =~ "Digilent Zybo Z7 210351A81D96A" && level==0} -index 1' command is executed.
14:14:17 INFO  : 'fpga -state' command is executed.
14:14:17 INFO  : Connected to target on host '127.0.0.1' and port '3121'.
14:14:17 INFO  : Jtag cable 'Digilent Zybo Z7 210351A81D96A' is selected.
14:14:17 INFO  : 'jtag frequency' command is executed.
14:14:17 INFO  : Sourcing of 'C:/Users/hrish/Downloads/ReRAM_Thesis/Project/system_bd_wrapper_hw_platform_0/ps7_init.tcl' is done.
14:14:18 INFO  : Context for 'APU' is selected.
14:14:18 INFO  : Hardware design information is loaded from 'C:/Users/hrish/Downloads/ReRAM_Thesis/Project/system_bd_wrapper_hw_platform_0/system.hdf'.
14:14:18 INFO  : 'configparams force-mem-access 1' command is executed.
14:14:18 INFO  : Context for 'APU' is selected.
14:14:18 INFO  : 'stop' command is executed.
14:14:18 INFO  : 'ps7_init' command is executed.
14:14:18 INFO  : 'ps7_post_config' command is executed.
14:14:18 INFO  : Context for processor 'ps7_cortexa9_0' is selected.
14:14:18 INFO  : Processor reset is completed for 'ps7_cortexa9_0'.
14:14:18 INFO  : Context for processor 'ps7_cortexa9_0' is selected.
14:14:18 INFO  : The application 'C:/Users/hrish/Downloads/ReRAM_Thesis/Project/ReRAM_Test/Debug/ReRAM_Test.elf' is downloaded to processor 'ps7_cortexa9_0'.
14:14:18 INFO  : 'configparams force-mem-access 0' command is executed.
14:14:18 INFO  : ----------------XSDB Script----------------
connect -url tcp:127.0.0.1:3121
source C:/Users/hrish/Downloads/ReRAM_Thesis/Project/system_bd_wrapper_hw_platform_0/ps7_init.tcl
targets -set -nocase -filter {name =~"APU*" && jtag_cable_name =~ "Digilent Zybo Z7 210351A81D96A"} -index 0
loadhw -hw C:/Users/hrish/Downloads/ReRAM_Thesis/Project/system_bd_wrapper_hw_platform_0/system.hdf -mem-ranges [list {0x40000000 0xbfffffff}]
configparams force-mem-access 1
targets -set -nocase -filter {name =~"APU*" && jtag_cable_name =~ "Digilent Zybo Z7 210351A81D96A"} -index 0
stop
ps7_init
ps7_post_config
targets -set -nocase -filter {name =~ "ARM*#0" && jtag_cable_name =~ "Digilent Zybo Z7 210351A81D96A"} -index 0
rst -processor
targets -set -nocase -filter {name =~ "ARM*#0" && jtag_cable_name =~ "Digilent Zybo Z7 210351A81D96A"} -index 0
dow C:/Users/hrish/Downloads/ReRAM_Thesis/Project/ReRAM_Test/Debug/ReRAM_Test.elf
configparams force-mem-access 0
----------------End of Script----------------

14:14:19 INFO  : Memory regions updated for context APU
14:14:19 INFO  : Context for processor 'ps7_cortexa9_0' is selected.
14:14:19 INFO  : 'con' command is executed.
14:14:19 INFO  : ----------------XSDB Script (After Launch)----------------
targets -set -nocase -filter {name =~ "ARM*#0" && jtag_cable_name =~ "Digilent Zybo Z7 210351A81D96A"} -index 0
con
----------------End of Script----------------

14:14:19 INFO  : Launch script is exported to file 'C:\Users\hrish\Downloads\ReRAM_Thesis\Project\.sdk\launch_scripts\xilinx_c-c++_application_(system_debugger)\system_debugger_using_debug_reram_test.elf_on_local.tcl'
14:36:27 INFO  : Connected to target on host '127.0.0.1' and port '3121'.
14:36:28 INFO  : 'targets -set -filter {jtag_cable_name =~ "Digilent Zybo Z7 210351A81D96A" && level==0} -index 1' command is executed.
14:36:30 INFO  : FPGA configured successfully with bitstream "C:/Users/hrish/Downloads/ReRAM_Thesis/Project/system_bd_wrapper_hw_platform_0/system_bd_wrapper.bit"
14:37:05 INFO  : 'targets -set -filter {jtag_cable_name =~ "Digilent Zybo Z7 210351A81D96A" && level==0} -index 1' command is executed.
14:37:05 INFO  : 'fpga -state' command is executed.
14:37:05 INFO  : Connected to target on host '127.0.0.1' and port '3121'.
14:37:05 INFO  : Jtag cable 'Digilent Zybo Z7 210351A81D96A' is selected.
14:37:05 INFO  : 'jtag frequency' command is executed.
14:37:05 INFO  : Sourcing of 'C:/Users/hrish/Downloads/ReRAM_Thesis/Project/system_bd_wrapper_hw_platform_0/ps7_init.tcl' is done.
14:37:05 INFO  : Context for 'APU' is selected.
14:37:05 INFO  : Hardware design information is loaded from 'C:/Users/hrish/Downloads/ReRAM_Thesis/Project/system_bd_wrapper_hw_platform_0/system.hdf'.
14:37:05 INFO  : 'configparams force-mem-access 1' command is executed.
14:37:05 INFO  : Context for 'APU' is selected.
14:37:06 INFO  : 'stop' command is executed.
14:37:06 INFO  : 'ps7_init' command is executed.
14:37:06 INFO  : 'ps7_post_config' command is executed.
14:37:06 INFO  : Context for processor 'ps7_cortexa9_0' is selected.
14:37:06 INFO  : Processor reset is completed for 'ps7_cortexa9_0'.
14:37:06 INFO  : Context for processor 'ps7_cortexa9_0' is selected.
14:37:07 INFO  : The application 'C:/Users/hrish/Downloads/ReRAM_Thesis/Project/ReRAM_Test/Debug/ReRAM_Test.elf' is downloaded to processor 'ps7_cortexa9_0'.
14:37:07 INFO  : 'configparams force-mem-access 0' command is executed.
14:37:07 INFO  : ----------------XSDB Script----------------
connect -url tcp:127.0.0.1:3121
source C:/Users/hrish/Downloads/ReRAM_Thesis/Project/system_bd_wrapper_hw_platform_0/ps7_init.tcl
targets -set -nocase -filter {name =~"APU*" && jtag_cable_name =~ "Digilent Zybo Z7 210351A81D96A"} -index 0
loadhw -hw C:/Users/hrish/Downloads/ReRAM_Thesis/Project/system_bd_wrapper_hw_platform_0/system.hdf -mem-ranges [list {0x40000000 0xbfffffff}]
configparams force-mem-access 1
targets -set -nocase -filter {name =~"APU*" && jtag_cable_name =~ "Digilent Zybo Z7 210351A81D96A"} -index 0
stop
ps7_init
ps7_post_config
targets -set -nocase -filter {name =~ "ARM*#0" && jtag_cable_name =~ "Digilent Zybo Z7 210351A81D96A"} -index 0
rst -processor
targets -set -nocase -filter {name =~ "ARM*#0" && jtag_cable_name =~ "Digilent Zybo Z7 210351A81D96A"} -index 0
dow C:/Users/hrish/Downloads/ReRAM_Thesis/Project/ReRAM_Test/Debug/ReRAM_Test.elf
configparams force-mem-access 0
----------------End of Script----------------

16:33:20 INFO  : Disconnected from the channel tcfchan#3.
12:26:42 INFO  : Registering command handlers for SDK TCF services
12:26:42 INFO  : Launching XSCT server: xsct.bat -interactive C:\Users\hrish\Downloads\ReRAM_Thesis\Project\temp_xsdb_launch_script.tcl
12:26:48 INFO  : XSCT server has started successfully.
12:26:52 INFO  : Successfully done setting XSCT server connection channel  
12:26:52 INFO  : Successfully done setting SDK workspace  
12:26:52 INFO  : Processing command line option -hwspec C:/Users/hrish/Downloads/ReRAM_Thesis/Project.
12:26:58 ERROR : Error occurred while creating hardware platform Project_hw_platform_2 from sysdef
java.io.FileNotFoundException: C:\Users\hrish\Downloads\ReRAM_Thesis\Project (Access is denied)
	at java.io.FileInputStream.open0(Native Method)
	at java.io.FileInputStream.open(FileInputStream.java:195)
	at java.io.FileInputStream.<init>(FileInputStream.java:138)
	at java.io.FileInputStream.<init>(FileInputStream.java:93)
	at com.xilinx.sdk.hw.internal.HwProjectCreator.createHwProjectFromZip(HwProjectCreator.java:100)
	at com.xilinx.sdk.hw.HwProjectUtil.internalCreate(HwProjectUtil.java:266)
	at com.xilinx.sdk.hw.HwProjectUtil.makeNewHardwareProject(HwProjectUtil.java:210)
	at com.xilinx.sdk.hw.HwProjectUtil.makeNewHardwareProject(HwProjectUtil.java:197)
	at com.xilinx.sdk.hw.HwProjectUtil.makeNewHardwareProject(HwProjectUtil.java:171)
	at com.xilinx.sdk.startup.InitSDK.processHwSpecArgumentTask(InitSDK.java:515)
	at com.xilinx.sdk.startup.InitSDK.access$8(InitSDK.java:497)
	at com.xilinx.sdk.startup.InitSDK$12.run(InitSDK.java:448)
	at org.eclipse.core.internal.jobs.Worker.run(Worker.java:55)
12:26:58 ERROR : Unable to create Hardware Specification Project with specification file: C:/Users/hrish/Downloads/ReRAM_Thesis/Project
12:42:47 INFO  : Connected to target on host '127.0.0.1' and port '3121'.
12:42:47 INFO  : 'targets -set -filter {jtag_cable_name =~ "Digilent Zybo Z7 210351A81D96A" && level==0} -index 1' command is executed.
12:42:50 INFO  : FPGA configured successfully with bitstream "C:/Users/hrish/Downloads/ReRAM_Thesis/Project/system_bd_wrapper_hw_platform_0/system_bd_wrapper.bit"
12:43:09 INFO  : 'targets -set -filter {jtag_cable_name =~ "Digilent Zybo Z7 210351A81D96A" && level==0} -index 1' command is executed.
12:43:09 INFO  : 'fpga -state' command is executed.
12:43:09 INFO  : Connected to target on host '127.0.0.1' and port '3121'.
12:43:10 INFO  : Jtag cable 'Digilent Zybo Z7 210351A81D96A' is selected.
12:43:10 INFO  : 'jtag frequency' command is executed.
12:43:10 INFO  : Sourcing of 'C:/Users/hrish/Downloads/ReRAM_Thesis/Project/system_bd_wrapper_hw_platform_0/ps7_init.tcl' is done.
12:43:10 INFO  : Context for 'APU' is selected.
12:43:10 INFO  : Hardware design information is loaded from 'C:/Users/hrish/Downloads/ReRAM_Thesis/Project/system_bd_wrapper_hw_platform_0/system.hdf'.
12:43:10 INFO  : 'configparams force-mem-access 1' command is executed.
12:43:10 INFO  : Context for 'APU' is selected.
12:43:10 INFO  : 'stop' command is executed.
12:43:10 INFO  : 'ps7_init' command is executed.
12:43:10 INFO  : 'ps7_post_config' command is executed.
12:43:10 INFO  : Context for processor 'ps7_cortexa9_0' is selected.
12:43:10 INFO  : Processor reset is completed for 'ps7_cortexa9_0'.
12:43:10 INFO  : Context for processor 'ps7_cortexa9_0' is selected.
12:43:10 INFO  : The application 'C:/Users/hrish/Downloads/ReRAM_Thesis/Project/ReRAM_Test/Debug/ReRAM_Test.elf' is downloaded to processor 'ps7_cortexa9_0'.
12:43:10 INFO  : 'configparams force-mem-access 0' command is executed.
12:43:10 INFO  : ----------------XSDB Script----------------
connect -url tcp:127.0.0.1:3121
source C:/Users/hrish/Downloads/ReRAM_Thesis/Project/system_bd_wrapper_hw_platform_0/ps7_init.tcl
targets -set -nocase -filter {name =~"APU*" && jtag_cable_name =~ "Digilent Zybo Z7 210351A81D96A"} -index 0
loadhw -hw C:/Users/hrish/Downloads/ReRAM_Thesis/Project/system_bd_wrapper_hw_platform_0/system.hdf -mem-ranges [list {0x40000000 0xbfffffff}]
configparams force-mem-access 1
targets -set -nocase -filter {name =~"APU*" && jtag_cable_name =~ "Digilent Zybo Z7 210351A81D96A"} -index 0
stop
ps7_init
ps7_post_config
targets -set -nocase -filter {name =~ "ARM*#0" && jtag_cable_name =~ "Digilent Zybo Z7 210351A81D96A"} -index 0
rst -processor
targets -set -nocase -filter {name =~ "ARM*#0" && jtag_cable_name =~ "Digilent Zybo Z7 210351A81D96A"} -index 0
dow C:/Users/hrish/Downloads/ReRAM_Thesis/Project/ReRAM_Test/Debug/ReRAM_Test.elf
configparams force-mem-access 0
----------------End of Script----------------

12:43:35 INFO  : 'targets -set -filter {jtag_cable_name =~ "Digilent Zybo Z7 210351A81D96A" && level==0} -index 1' command is executed.
12:43:35 INFO  : 'fpga -state' command is executed.
12:43:35 INFO  : Connected to target on host '127.0.0.1' and port '3121'.
12:43:36 INFO  : Jtag cable 'Digilent Zybo Z7 210351A81D96A' is selected.
12:43:36 INFO  : 'jtag frequency' command is executed.
12:43:36 INFO  : Sourcing of 'C:/Users/hrish/Downloads/ReRAM_Thesis/Project/system_bd_wrapper_hw_platform_0/ps7_init.tcl' is done.
12:43:36 INFO  : Context for 'APU' is selected.
12:43:36 INFO  : Hardware design information is loaded from 'C:/Users/hrish/Downloads/ReRAM_Thesis/Project/system_bd_wrapper_hw_platform_0/system.hdf'.
12:43:36 INFO  : 'configparams force-mem-access 1' command is executed.
12:43:36 INFO  : Context for 'APU' is selected.
12:43:36 INFO  : 'stop' command is executed.
12:43:36 INFO  : 'ps7_init' command is executed.
12:43:36 INFO  : 'ps7_post_config' command is executed.
12:43:36 INFO  : Context for processor 'ps7_cortexa9_0' is selected.
12:43:36 INFO  : Processor reset is completed for 'ps7_cortexa9_0'.
12:43:36 INFO  : Context for processor 'ps7_cortexa9_0' is selected.
12:43:36 INFO  : The application 'C:/Users/hrish/Downloads/ReRAM_Thesis/Project/ReRAM_Test/Debug/ReRAM_Test.elf' is downloaded to processor 'ps7_cortexa9_0'.
12:43:36 INFO  : 'configparams force-mem-access 0' command is executed.
12:43:36 INFO  : ----------------XSDB Script----------------
connect -url tcp:127.0.0.1:3121
source C:/Users/hrish/Downloads/ReRAM_Thesis/Project/system_bd_wrapper_hw_platform_0/ps7_init.tcl
targets -set -nocase -filter {name =~"APU*" && jtag_cable_name =~ "Digilent Zybo Z7 210351A81D96A"} -index 0
loadhw -hw C:/Users/hrish/Downloads/ReRAM_Thesis/Project/system_bd_wrapper_hw_platform_0/system.hdf -mem-ranges [list {0x40000000 0xbfffffff}]
configparams force-mem-access 1
targets -set -nocase -filter {name =~"APU*" && jtag_cable_name =~ "Digilent Zybo Z7 210351A81D96A"} -index 0
stop
ps7_init
ps7_post_config
targets -set -nocase -filter {name =~ "ARM*#0" && jtag_cable_name =~ "Digilent Zybo Z7 210351A81D96A"} -index 0
rst -processor
targets -set -nocase -filter {name =~ "ARM*#0" && jtag_cable_name =~ "Digilent Zybo Z7 210351A81D96A"} -index 0
dow C:/Users/hrish/Downloads/ReRAM_Thesis/Project/ReRAM_Test/Debug/ReRAM_Test.elf
configparams force-mem-access 0
----------------End of Script----------------

12:43:36 INFO  : Memory regions updated for context APU
12:43:37 INFO  : Context for processor 'ps7_cortexa9_0' is selected.
12:43:37 INFO  : 'con' command is executed.
12:43:37 INFO  : ----------------XSDB Script (After Launch)----------------
targets -set -nocase -filter {name =~ "ARM*#0" && jtag_cable_name =~ "Digilent Zybo Z7 210351A81D96A"} -index 0
con
----------------End of Script----------------

12:43:37 INFO  : Launch script is exported to file 'C:\Users\hrish\Downloads\ReRAM_Thesis\Project\.sdk\launch_scripts\xilinx_c-c++_application_(system_debugger)\system_debugger_using_debug_reram_test.elf_on_local.tcl'
12:44:43 INFO  : Disconnected from the channel tcfchan#1.
12:44:45 INFO  : 'targets -set -filter {jtag_cable_name =~ "Digilent Zybo Z7 210351A81D96A" && level==0} -index 1' command is executed.
12:44:45 INFO  : 'fpga -state' command is executed.
12:44:45 INFO  : Connected to target on host '127.0.0.1' and port '3121'.
12:44:45 INFO  : Jtag cable 'Digilent Zybo Z7 210351A81D96A' is selected.
12:44:45 INFO  : 'jtag frequency' command is executed.
12:44:45 INFO  : Sourcing of 'C:/Users/hrish/Downloads/ReRAM_Thesis/Project/system_bd_wrapper_hw_platform_0/ps7_init.tcl' is done.
12:44:45 INFO  : Context for 'APU' is selected.
12:44:47 INFO  : Hardware design information is loaded from 'C:/Users/hrish/Downloads/ReRAM_Thesis/Project/system_bd_wrapper_hw_platform_0/system.hdf'.
12:44:47 INFO  : 'configparams force-mem-access 1' command is executed.
12:44:47 INFO  : Context for 'APU' is selected.
12:44:47 INFO  : 'stop' command is executed.
12:44:49 INFO  : 'ps7_init' command is executed.
12:44:49 INFO  : 'ps7_post_config' command is executed.
12:44:49 INFO  : Context for processor 'ps7_cortexa9_0' is selected.
12:44:50 INFO  : Processor reset is completed for 'ps7_cortexa9_0'.
12:44:50 INFO  : Context for processor 'ps7_cortexa9_0' is selected.
12:44:52 ERROR : Memory write error at 0x100000. APB AP transaction error, DAP status f0000021
12:44:52 INFO  : ----------------XSDB Script----------------
connect -url tcp:127.0.0.1:3121
source C:/Users/hrish/Downloads/ReRAM_Thesis/Project/system_bd_wrapper_hw_platform_0/ps7_init.tcl
targets -set -nocase -filter {name =~"APU*" && jtag_cable_name =~ "Digilent Zybo Z7 210351A81D96A"} -index 0
loadhw -hw C:/Users/hrish/Downloads/ReRAM_Thesis/Project/system_bd_wrapper_hw_platform_0/system.hdf -mem-ranges [list {0x40000000 0xbfffffff}]
configparams force-mem-access 1
targets -set -nocase -filter {name =~"APU*" && jtag_cable_name =~ "Digilent Zybo Z7 210351A81D96A"} -index 0
stop
ps7_init
ps7_post_config
targets -set -nocase -filter {name =~ "ARM*#0" && jtag_cable_name =~ "Digilent Zybo Z7 210351A81D96A"} -index 0
rst -processor
targets -set -nocase -filter {name =~ "ARM*#0" && jtag_cable_name =~ "Digilent Zybo Z7 210351A81D96A"} -index 0
dow C:/Users/hrish/Downloads/ReRAM_Thesis/Project/ReRAM_Test/Debug/ReRAM_Test.elf
----------------End of Script----------------

12:44:52 WARN  : channel "tcfchan#1" closed
12:45:04 INFO  : 'targets -set -filter {jtag_cable_name =~ "Digilent Zybo Z7 210351A81D96A" && level==0} -index 1' command is executed.
12:45:04 INFO  : 'fpga -state' command is executed.
12:45:04 INFO  : Connected to target on host '127.0.0.1' and port '3121'.
12:45:05 INFO  : Jtag cable 'Digilent Zybo Z7 210351A81D96A' is selected.
12:45:05 INFO  : 'jtag frequency' command is executed.
12:45:05 INFO  : Sourcing of 'C:/Users/hrish/Downloads/ReRAM_Thesis/Project/system_bd_wrapper_hw_platform_0/ps7_init.tcl' is done.
12:45:05 INFO  : Context for 'APU' is selected.
12:45:05 INFO  : Hardware design information is loaded from 'C:/Users/hrish/Downloads/ReRAM_Thesis/Project/system_bd_wrapper_hw_platform_0/system.hdf'.
12:45:05 INFO  : 'configparams force-mem-access 1' command is executed.
12:45:05 INFO  : Context for 'APU' is selected.
12:45:05 INFO  : 'stop' command is executed.
12:45:05 ERROR : AP transaction error, DAP status f0000021
12:45:05 INFO  : ----------------XSDB Script----------------
connect -url tcp:127.0.0.1:3121
source C:/Users/hrish/Downloads/ReRAM_Thesis/Project/system_bd_wrapper_hw_platform_0/ps7_init.tcl
targets -set -nocase -filter {name =~"APU*" && jtag_cable_name =~ "Digilent Zybo Z7 210351A81D96A"} -index 0
loadhw -hw C:/Users/hrish/Downloads/ReRAM_Thesis/Project/system_bd_wrapper_hw_platform_0/system.hdf -mem-ranges [list {0x40000000 0xbfffffff}]
configparams force-mem-access 1
targets -set -nocase -filter {name =~"APU*" && jtag_cable_name =~ "Digilent Zybo Z7 210351A81D96A"} -index 0
stop
ps7_init
----------------End of Script----------------

12:45:49 INFO  : 'targets -set -filter {jtag_cable_name =~ "Digilent Zybo Z7 210351A81D96A" && level==0} -index 1' command is executed.
12:45:49 INFO  : 'fpga -state' command is executed.
12:46:01 INFO  : Connected to target on host '127.0.0.1' and port '3121'.
12:46:01 INFO  : Jtag cable 'Digilent Zybo Z7 210351A81D96A' is selected.
12:46:01 INFO  : 'jtag frequency' command is executed.
12:46:01 INFO  : Sourcing of 'C:/Users/hrish/Downloads/ReRAM_Thesis/Project/system_bd_wrapper_hw_platform_0/ps7_init.tcl' is done.
12:46:01 INFO  : Context for 'APU' is selected.
12:46:01 INFO  : Hardware design information is loaded from 'C:/Users/hrish/Downloads/ReRAM_Thesis/Project/system_bd_wrapper_hw_platform_0/system.hdf'.
12:46:01 INFO  : 'configparams force-mem-access 1' command is executed.
12:46:01 INFO  : Context for 'APU' is selected.
12:46:01 INFO  : 'stop' command is executed.
12:46:02 INFO  : 'ps7_init' command is executed.
12:46:02 INFO  : 'ps7_post_config' command is executed.
12:46:02 INFO  : Context for processor 'ps7_cortexa9_0' is selected.
12:46:02 INFO  : Processor reset is completed for 'ps7_cortexa9_0'.
12:46:02 INFO  : Context for processor 'ps7_cortexa9_0' is selected.
12:46:02 INFO  : The application 'C:/Users/hrish/Downloads/ReRAM_Thesis/Project/ReRAM_Test/Debug/ReRAM_Test.elf' is downloaded to processor 'ps7_cortexa9_0'.
12:46:02 INFO  : 'configparams force-mem-access 0' command is executed.
12:46:02 INFO  : ----------------XSDB Script----------------
connect -url tcp:127.0.0.1:3121
source C:/Users/hrish/Downloads/ReRAM_Thesis/Project/system_bd_wrapper_hw_platform_0/ps7_init.tcl
targets -set -nocase -filter {name =~"APU*" && jtag_cable_name =~ "Digilent Zybo Z7 210351A81D96A"} -index 0
loadhw -hw C:/Users/hrish/Downloads/ReRAM_Thesis/Project/system_bd_wrapper_hw_platform_0/system.hdf -mem-ranges [list {0x40000000 0xbfffffff}]
configparams force-mem-access 1
targets -set -nocase -filter {name =~"APU*" && jtag_cable_name =~ "Digilent Zybo Z7 210351A81D96A"} -index 0
stop
ps7_init
ps7_post_config
targets -set -nocase -filter {name =~ "ARM*#0" && jtag_cable_name =~ "Digilent Zybo Z7 210351A81D96A"} -index 0
rst -processor
targets -set -nocase -filter {name =~ "ARM*#0" && jtag_cable_name =~ "Digilent Zybo Z7 210351A81D96A"} -index 0
dow C:/Users/hrish/Downloads/ReRAM_Thesis/Project/ReRAM_Test/Debug/ReRAM_Test.elf
configparams force-mem-access 0
----------------End of Script----------------

12:46:02 INFO  : Memory regions updated for context APU
12:46:02 INFO  : Context for processor 'ps7_cortexa9_0' is selected.
12:46:02 INFO  : 'con' command is executed.
12:46:02 INFO  : ----------------XSDB Script (After Launch)----------------
targets -set -nocase -filter {name =~ "ARM*#0" && jtag_cable_name =~ "Digilent Zybo Z7 210351A81D96A"} -index 0
con
----------------End of Script----------------

12:46:02 INFO  : Launch script is exported to file 'C:\Users\hrish\Downloads\ReRAM_Thesis\Project\.sdk\launch_scripts\xilinx_c-c++_application_(system_debugger)\system_debugger_using_debug_reram_test.elf_on_local.tcl'
12:46:58 INFO  : Disconnected from the channel tcfchan#2.
12:46:59 INFO  : 'targets -set -filter {jtag_cable_name =~ "Digilent Zybo Z7 210351A81D96A" && level==0} -index 1' command is executed.
12:46:59 INFO  : 'fpga -state' command is executed.
12:46:59 INFO  : Connected to target on host '127.0.0.1' and port '3121'.
12:46:59 INFO  : Jtag cable 'Digilent Zybo Z7 210351A81D96A' is selected.
12:46:59 INFO  : 'jtag frequency' command is executed.
12:46:59 INFO  : Sourcing of 'C:/Users/hrish/Downloads/ReRAM_Thesis/Project/system_bd_wrapper_hw_platform_0/ps7_init.tcl' is done.
12:46:59 INFO  : Context for 'APU' is selected.
12:47:01 INFO  : Hardware design information is loaded from 'C:/Users/hrish/Downloads/ReRAM_Thesis/Project/system_bd_wrapper_hw_platform_0/system.hdf'.
12:47:01 INFO  : 'configparams force-mem-access 1' command is executed.
12:47:01 INFO  : Context for 'APU' is selected.
12:47:02 INFO  : 'stop' command is executed.
12:47:03 INFO  : 'ps7_init' command is executed.
12:47:03 INFO  : 'ps7_post_config' command is executed.
12:47:03 INFO  : Context for processor 'ps7_cortexa9_0' is selected.
12:47:04 INFO  : Processor reset is completed for 'ps7_cortexa9_0'.
12:47:04 INFO  : Context for processor 'ps7_cortexa9_0' is selected.
12:47:06 ERROR : Memory write error at 0x100000. APB AP transaction error, DAP status f0000021
12:47:06 INFO  : ----------------XSDB Script----------------
connect -url tcp:127.0.0.1:3121
source C:/Users/hrish/Downloads/ReRAM_Thesis/Project/system_bd_wrapper_hw_platform_0/ps7_init.tcl
targets -set -nocase -filter {name =~"APU*" && jtag_cable_name =~ "Digilent Zybo Z7 210351A81D96A"} -index 0
loadhw -hw C:/Users/hrish/Downloads/ReRAM_Thesis/Project/system_bd_wrapper_hw_platform_0/system.hdf -mem-ranges [list {0x40000000 0xbfffffff}]
configparams force-mem-access 1
targets -set -nocase -filter {name =~"APU*" && jtag_cable_name =~ "Digilent Zybo Z7 210351A81D96A"} -index 0
stop
ps7_init
ps7_post_config
targets -set -nocase -filter {name =~ "ARM*#0" && jtag_cable_name =~ "Digilent Zybo Z7 210351A81D96A"} -index 0
rst -processor
targets -set -nocase -filter {name =~ "ARM*#0" && jtag_cable_name =~ "Digilent Zybo Z7 210351A81D96A"} -index 0
dow C:/Users/hrish/Downloads/ReRAM_Thesis/Project/ReRAM_Test/Debug/ReRAM_Test.elf
----------------End of Script----------------

12:48:05 INFO  : 'targets -set -filter {jtag_cable_name =~ "Digilent Zybo Z7 210351A81D96A" && level==0} -index 1' command is executed.
12:48:05 INFO  : 'fpga -state' command is executed.
12:48:13 INFO  : Memory regions updated for context APU
15:38:44 INFO  : Launching XSCT server: xsct.bat -interactive C:\Users\hrish\Downloads\ReRAM_Thesis\Project\temp_xsdb_launch_script.tcl
15:38:48 INFO  : XSCT server has started successfully.
15:38:48 INFO  : Successfully done setting XSCT server connection channel  
15:38:54 INFO  : Successfully done setting SDK workspace  
15:39:06 INFO  : Registering command handlers for SDK TCF services
15:39:06 INFO  : Processing command line option -hwspec C:/Users/hrish/Downloads/ReRAM_Thesis/Project.
15:39:07 ERROR : Error occurred while creating hardware platform Project_hw_platform_3 from sysdef
java.io.FileNotFoundException: C:\Users\hrish\Downloads\ReRAM_Thesis\Project (Access is denied)
	at java.io.FileInputStream.open0(Native Method)
	at java.io.FileInputStream.open(FileInputStream.java:195)
	at java.io.FileInputStream.<init>(FileInputStream.java:138)
	at java.io.FileInputStream.<init>(FileInputStream.java:93)
	at com.xilinx.sdk.hw.internal.HwProjectCreator.createHwProjectFromZip(HwProjectCreator.java:100)
	at com.xilinx.sdk.hw.HwProjectUtil.internalCreate(HwProjectUtil.java:266)
	at com.xilinx.sdk.hw.HwProjectUtil.makeNewHardwareProject(HwProjectUtil.java:210)
	at com.xilinx.sdk.hw.HwProjectUtil.makeNewHardwareProject(HwProjectUtil.java:197)
	at com.xilinx.sdk.hw.HwProjectUtil.makeNewHardwareProject(HwProjectUtil.java:171)
	at com.xilinx.sdk.startup.InitSDK.processHwSpecArgumentTask(InitSDK.java:515)
	at com.xilinx.sdk.startup.InitSDK.access$8(InitSDK.java:497)
	at com.xilinx.sdk.startup.InitSDK$12.run(InitSDK.java:448)
	at org.eclipse.core.internal.jobs.Worker.run(Worker.java:55)
15:39:07 ERROR : Unable to create Hardware Specification Project with specification file: C:/Users/hrish/Downloads/ReRAM_Thesis/Project
15:40:52 INFO  : Connected to target on host '127.0.0.1' and port '3121'.
15:40:53 INFO  : 'targets -set -filter {jtag_cable_name =~ "Digilent Zybo Z7 210351A81D96A" && level==0} -index 1' command is executed.
15:40:56 INFO  : FPGA configured successfully with bitstream "C:/Users/hrish/Downloads/ReRAM_Thesis/Project/system_bd_wrapper_hw_platform_0/system_bd_wrapper.bit"
15:41:53 INFO  : 'targets -set -filter {jtag_cable_name =~ "Digilent Zybo Z7 210351A81D96A" && level==0} -index 1' command is executed.
15:41:53 INFO  : 'fpga -state' command is executed.
15:41:53 INFO  : Connected to target on host '127.0.0.1' and port '3121'.
15:41:53 INFO  : Jtag cable 'Digilent Zybo Z7 210351A81D96A' is selected.
15:41:53 INFO  : 'jtag frequency' command is executed.
15:41:53 INFO  : Sourcing of 'C:/Users/hrish/Downloads/ReRAM_Thesis/Project/system_bd_wrapper_hw_platform_0/ps7_init.tcl' is done.
15:41:53 INFO  : Context for 'APU' is selected.
15:41:53 INFO  : Hardware design information is loaded from 'C:/Users/hrish/Downloads/ReRAM_Thesis/Project/system_bd_wrapper_hw_platform_0/system.hdf'.
15:41:53 INFO  : 'configparams force-mem-access 1' command is executed.
15:41:53 INFO  : Context for 'APU' is selected.
15:41:53 INFO  : 'stop' command is executed.
15:41:54 INFO  : 'ps7_init' command is executed.
15:41:54 INFO  : 'ps7_post_config' command is executed.
15:41:54 INFO  : Context for processor 'ps7_cortexa9_0' is selected.
15:41:54 INFO  : Processor reset is completed for 'ps7_cortexa9_0'.
15:41:54 INFO  : Context for processor 'ps7_cortexa9_0' is selected.
15:41:55 INFO  : The application 'C:/Users/hrish/Downloads/ReRAM_Thesis/Project/ReRAM_Test/Debug/ReRAM_Test.elf' is downloaded to processor 'ps7_cortexa9_0'.
15:41:55 INFO  : 'configparams force-mem-access 0' command is executed.
15:41:55 INFO  : ----------------XSDB Script----------------
connect -url tcp:127.0.0.1:3121
source C:/Users/hrish/Downloads/ReRAM_Thesis/Project/system_bd_wrapper_hw_platform_0/ps7_init.tcl
targets -set -nocase -filter {name =~"APU*" && jtag_cable_name =~ "Digilent Zybo Z7 210351A81D96A"} -index 0
loadhw -hw C:/Users/hrish/Downloads/ReRAM_Thesis/Project/system_bd_wrapper_hw_platform_0/system.hdf -mem-ranges [list {0x40000000 0xbfffffff}]
configparams force-mem-access 1
targets -set -nocase -filter {name =~"APU*" && jtag_cable_name =~ "Digilent Zybo Z7 210351A81D96A"} -index 0
stop
ps7_init
ps7_post_config
targets -set -nocase -filter {name =~ "ARM*#0" && jtag_cable_name =~ "Digilent Zybo Z7 210351A81D96A"} -index 0
rst -processor
targets -set -nocase -filter {name =~ "ARM*#0" && jtag_cable_name =~ "Digilent Zybo Z7 210351A81D96A"} -index 0
dow C:/Users/hrish/Downloads/ReRAM_Thesis/Project/ReRAM_Test/Debug/ReRAM_Test.elf
configparams force-mem-access 0
----------------End of Script----------------

15:41:55 INFO  : Memory regions updated for context APU
15:41:55 INFO  : Context for processor 'ps7_cortexa9_0' is selected.
15:41:55 INFO  : 'con' command is executed.
15:41:55 INFO  : ----------------XSDB Script (After Launch)----------------
targets -set -nocase -filter {name =~ "ARM*#0" && jtag_cable_name =~ "Digilent Zybo Z7 210351A81D96A"} -index 0
con
----------------End of Script----------------

15:41:55 INFO  : Launch script is exported to file 'C:\Users\hrish\Downloads\ReRAM_Thesis\Project\.sdk\launch_scripts\xilinx_c-c++_application_(system_debugger)\system_debugger_using_debug_reram_test.elf_on_local.tcl'
15:42:38 INFO  : Disconnected from the channel tcfchan#1.
15:42:39 INFO  : 'targets -set -filter {jtag_cable_name =~ "Digilent Zybo Z7 210351A81D96A" && level==0} -index 1' command is executed.
15:42:39 INFO  : 'fpga -state' command is executed.
15:42:39 INFO  : Connected to target on host '127.0.0.1' and port '3121'.
15:42:39 INFO  : Jtag cable 'Digilent Zybo Z7 210351A81D96A' is selected.
15:42:39 INFO  : 'jtag frequency' command is executed.
15:42:39 INFO  : Sourcing of 'C:/Users/hrish/Downloads/ReRAM_Thesis/Project/system_bd_wrapper_hw_platform_0/ps7_init.tcl' is done.
15:42:39 INFO  : Context for 'APU' is selected.
15:42:41 INFO  : Hardware design information is loaded from 'C:/Users/hrish/Downloads/ReRAM_Thesis/Project/system_bd_wrapper_hw_platform_0/system.hdf'.
15:42:41 INFO  : 'configparams force-mem-access 1' command is executed.
15:42:41 INFO  : Context for 'APU' is selected.
15:42:42 INFO  : 'stop' command is executed.
15:42:45 INFO  : 'ps7_init' command is executed.
15:42:45 INFO  : 'ps7_post_config' command is executed.
15:42:45 INFO  : Context for processor 'ps7_cortexa9_0' is selected.
15:42:45 INFO  : Processor reset is completed for 'ps7_cortexa9_0'.
15:42:45 INFO  : Context for processor 'ps7_cortexa9_0' is selected.
15:42:48 ERROR : Memory write error at 0x100000. APB AP transaction error, DAP status f0000021
15:42:48 INFO  : ----------------XSDB Script----------------
connect -url tcp:127.0.0.1:3121
source C:/Users/hrish/Downloads/ReRAM_Thesis/Project/system_bd_wrapper_hw_platform_0/ps7_init.tcl
targets -set -nocase -filter {name =~"APU*" && jtag_cable_name =~ "Digilent Zybo Z7 210351A81D96A"} -index 0
loadhw -hw C:/Users/hrish/Downloads/ReRAM_Thesis/Project/system_bd_wrapper_hw_platform_0/system.hdf -mem-ranges [list {0x40000000 0xbfffffff}]
configparams force-mem-access 1
targets -set -nocase -filter {name =~"APU*" && jtag_cable_name =~ "Digilent Zybo Z7 210351A81D96A"} -index 0
stop
ps7_init
ps7_post_config
targets -set -nocase -filter {name =~ "ARM*#0" && jtag_cable_name =~ "Digilent Zybo Z7 210351A81D96A"} -index 0
rst -processor
targets -set -nocase -filter {name =~ "ARM*#0" && jtag_cable_name =~ "Digilent Zybo Z7 210351A81D96A"} -index 0
dow C:/Users/hrish/Downloads/ReRAM_Thesis/Project/ReRAM_Test/Debug/ReRAM_Test.elf
----------------End of Script----------------

15:43:05 INFO  : Connected to target on host '127.0.0.1' and port '3121'.
15:43:06 INFO  : 'targets -set -filter {jtag_cable_name =~ "Digilent Zybo Z7 210351A81D96A" && level==0} -index 1' command is executed.
15:43:08 INFO  : FPGA configured successfully with bitstream "C:/Users/hrish/Downloads/ReRAM_Thesis/Project/system_bd_wrapper_hw_platform_0/system_bd_wrapper.bit"
15:43:24 INFO  : 'targets -set -filter {jtag_cable_name =~ "Digilent Zybo Z7 210351A81D96A" && level==0} -index 1' command is executed.
15:43:24 INFO  : 'fpga -state' command is executed.
15:43:24 INFO  : Connected to target on host '127.0.0.1' and port '3121'.
15:43:24 INFO  : Jtag cable 'Digilent Zybo Z7 210351A81D96A' is selected.
15:43:24 INFO  : 'jtag frequency' command is executed.
15:43:25 INFO  : Sourcing of 'C:/Users/hrish/Downloads/ReRAM_Thesis/Project/system_bd_wrapper_hw_platform_0/ps7_init.tcl' is done.
15:43:25 INFO  : Context for 'APU' is selected.
15:43:25 INFO  : Hardware design information is loaded from 'C:/Users/hrish/Downloads/ReRAM_Thesis/Project/system_bd_wrapper_hw_platform_0/system.hdf'.
15:43:25 INFO  : 'configparams force-mem-access 1' command is executed.
15:43:25 INFO  : Context for 'APU' is selected.
15:43:25 INFO  : 'stop' command is executed.
15:43:25 INFO  : 'ps7_init' command is executed.
15:43:25 INFO  : 'ps7_post_config' command is executed.
15:43:26 INFO  : Context for processor 'ps7_cortexa9_0' is selected.
15:43:26 INFO  : Processor reset is completed for 'ps7_cortexa9_0'.
15:43:26 INFO  : Context for processor 'ps7_cortexa9_0' is selected.
15:43:26 INFO  : The application 'C:/Users/hrish/Downloads/ReRAM_Thesis/Project/ReRAM_Test/Debug/ReRAM_Test.elf' is downloaded to processor 'ps7_cortexa9_0'.
15:43:26 INFO  : 'configparams force-mem-access 0' command is executed.
15:43:26 INFO  : ----------------XSDB Script----------------
connect -url tcp:127.0.0.1:3121
source C:/Users/hrish/Downloads/ReRAM_Thesis/Project/system_bd_wrapper_hw_platform_0/ps7_init.tcl
targets -set -nocase -filter {name =~"APU*" && jtag_cable_name =~ "Digilent Zybo Z7 210351A81D96A"} -index 0
loadhw -hw C:/Users/hrish/Downloads/ReRAM_Thesis/Project/system_bd_wrapper_hw_platform_0/system.hdf -mem-ranges [list {0x40000000 0xbfffffff}]
configparams force-mem-access 1
targets -set -nocase -filter {name =~"APU*" && jtag_cable_name =~ "Digilent Zybo Z7 210351A81D96A"} -index 0
stop
ps7_init
ps7_post_config
targets -set -nocase -filter {name =~ "ARM*#0" && jtag_cable_name =~ "Digilent Zybo Z7 210351A81D96A"} -index 0
rst -processor
targets -set -nocase -filter {name =~ "ARM*#0" && jtag_cable_name =~ "Digilent Zybo Z7 210351A81D96A"} -index 0
dow C:/Users/hrish/Downloads/ReRAM_Thesis/Project/ReRAM_Test/Debug/ReRAM_Test.elf
configparams force-mem-access 0
----------------End of Script----------------

15:43:26 INFO  : Memory regions updated for context APU
15:43:26 INFO  : Context for processor 'ps7_cortexa9_0' is selected.
15:43:26 INFO  : 'con' command is executed.
15:43:26 INFO  : ----------------XSDB Script (After Launch)----------------
targets -set -nocase -filter {name =~ "ARM*#0" && jtag_cable_name =~ "Digilent Zybo Z7 210351A81D96A"} -index 0
con
----------------End of Script----------------

15:43:26 INFO  : Launch script is exported to file 'C:\Users\hrish\Downloads\ReRAM_Thesis\Project\.sdk\launch_scripts\xilinx_c-c++_application_(system_debugger)\system_debugger_using_debug_reram_test.elf_on_local.tcl'
15:46:06 INFO  : Disconnected from the channel tcfchan#2.
15:49:09 INFO  : Registering command handlers for SDK TCF services
15:49:10 INFO  : Launching XSCT server: xsct.bat -interactive C:\Users\hrish\Downloads\ReRAM_Thesis\Project\temp_xsdb_launch_script.tcl
15:49:13 INFO  : XSCT server has started successfully.
15:49:13 INFO  : Successfully done setting XSCT server connection channel  
15:49:13 INFO  : Successfully done setting SDK workspace  
15:49:13 INFO  : Processing command line option -hwspec C:/Users/hrish/OneDrive/Desktop/ids2/system_bd_wrapper.hdf.
