#-----------------------------------------------------------
# Vivado v2018.1 (64-bit)
# SW Build 2188600 on Wed Apr  4 18:40:38 MDT 2018
# IP Build 2185939 on Wed Apr  4 20:55:05 MDT 2018
# Start of session at: Thu Oct 23 01:16:45 2025
# Process ID: 4352
# Current directory: C:/Users/hrish/Downloads/ReRAM_Thesis/Project Folder/ReRam_Redefined
# Command line: vivado.exe -gui_launcher_event rodinguilauncherevent9520 C:\Users\hrish\Downloads\ReRAM_Thesis\Project Folder\ReRam_Redefined\ReRam_Redefined.xpr
# Log file: C:/Users/hrish/Downloads/ReRAM_Thesis/Project Folder/ReRam_Redefined/vivado.log
# Journal file: C:/Users/hrish/Downloads/ReRAM_Thesis/Project Folder/ReRam_Redefined\vivado.jou
#-----------------------------------------------------------
start_gui
open_project {C:/Users/hrish/Downloads/ReRAM_Thesis/Project Folder/ReRam_Redefined/ReRam_Redefined.xpr}
Scanning sources...
Finished scanning sources
INFO: [IP_Flow 19-234] Refreshing IP repositories
INFO: [IP_Flow 19-1704] No user IP repositories specified
INFO: [IP_Flow 19-2313] Loaded Vivado IP repository 'C:/Xilinx/Vivado/2018.1/data/ip'.
open_project: Time (s): cpu = 00:00:09 ; elapsed = 00:00:10 . Memory (MB): peak = 789.664 ; gain = 62.578
update_compile_order -fileset sources_1
reset_simulation -simset sim_1 -mode behavioral
INFO: [Vivado 12-2266] Removing simulation data...
INFO: [Vivado 12-2267] Reset complete
reset_simulation -simset sim_1 -mode behavioral
INFO: [Vivado 12-2266] Removing simulation data...
INFO: [Vivado 12-2267] Reset complete
launch_simulation
INFO: [Vivado 12-5682] Launching behavioral simulation in 'C:/Users/hrish/Downloads/ReRAM_Thesis/Project Folder/ReRam_Redefined/ReRam_Redefined.sim/sim_1/behav/xsim'
INFO: [SIM-utils-51] Simulation object is 'sim_1'
INFO: [SIM-utils-54] Inspecting design source files for 'tb_reram_memory_controller_blocking' in fileset 'sim_1'...
INFO: [USF-XSim-97] Finding global include files...
INFO: [USF-XSim-98] Fetching design files from 'sim_1'...
INFO: [USF-XSim-2] XSim::Compile design
INFO: [USF-XSim-61] Executing 'COMPILE and ANALYZE' step in 'C:/Users/hrish/Downloads/ReRAM_Thesis/Project Folder/ReRam_Redefined/ReRam_Redefined.sim/sim_1/behav/xsim'
"xvlog --incr --relax -L xil_defaultlib -prj tb_reram_memory_controller_blocking_vlog.prj"
INFO: [VRFC 10-2263] Analyzing SystemVerilog file "C:/Xilinx/Vivado/2018.1/data/xilinx_vip/hdl/axi4stream_vip_axi4streampc.sv" into library xilinx_vip
INFO: [VRFC 10-2263] Analyzing SystemVerilog file "C:/Xilinx/Vivado/2018.1/data/xilinx_vip/hdl/axi_vip_axi4pc.sv" into library xilinx_vip
INFO: [VRFC 10-2263] Analyzing SystemVerilog file "C:/Xilinx/Vivado/2018.1/data/xilinx_vip/hdl/xil_common_vip_pkg.sv" into library xilinx_vip
INFO: [VRFC 10-2263] Analyzing SystemVerilog file "C:/Xilinx/Vivado/2018.1/data/xilinx_vip/hdl/axi4stream_vip_pkg.sv" into library xilinx_vip
INFO: [VRFC 10-2263] Analyzing SystemVerilog file "C:/Xilinx/Vivado/2018.1/data/xilinx_vip/hdl/axi_vip_pkg.sv" into library xilinx_vip
INFO: [VRFC 10-2263] Analyzing SystemVerilog file "C:/Xilinx/Vivado/2018.1/data/xilinx_vip/hdl/axi4stream_vip_if.sv" into library xilinx_vip
INFO: [VRFC 10-2263] Analyzing SystemVerilog file "C:/Xilinx/Vivado/2018.1/data/xilinx_vip/hdl/axi_vip_if.sv" into library xilinx_vip
WARNING: [VRFC 10-998] macro ARESET_XCHECK redefined [C:/Xilinx/Vivado/2018.1/data/xilinx_vip/hdl/axi_vip_if.sv:79]
WARNING: [VRFC 10-998] macro ARESET_XCHECK_SOL redefined [C:/Xilinx/Vivado/2018.1/data/xilinx_vip/hdl/axi_vip_if.sv:80]
INFO: [VRFC 10-2263] Analyzing SystemVerilog file "C:/Xilinx/Vivado/2018.1/data/xilinx_vip/hdl/clk_vip_if.sv" into library xilinx_vip
INFO: [VRFC 10-2263] Analyzing SystemVerilog file "C:/Xilinx/Vivado/2018.1/data/xilinx_vip/hdl/rst_vip_if.sv" into library xilinx_vip
INFO: [VRFC 10-2263] Analyzing SystemVerilog file "C:/Users/hrish/Downloads/ReRAM_Thesis/Project Folder/ReRam_Redefined/ReRam_Redefined.srcs/sources_1/imports/Downloads/reram_cell_simple.sv" into library xil_defaultlib
INFO: [VRFC 10-311] analyzing module reram_cell_simple
INFO: [VRFC 10-2263] Analyzing SystemVerilog file "C:/Users/hrish/Downloads/ReRAM_Thesis/Project Folder/ReRam_Redefined/ReRam_Redefined.srcs/sources_1/imports/3.0/reram_memory_controller_blocking.sv" into library xil_defaultlib
INFO: [VRFC 10-311] analyzing module reram_memory_controller_blocking
INFO: [VRFC 10-2263] Analyzing SystemVerilog file "C:/Users/hrish/Downloads/ReRAM_Thesis/Project Folder/ReRam_Redefined/ReRam_Redefined.srcs/sources_1/imports/2.0/reram_word_array_simple.sv" into library xil_defaultlib
INFO: [VRFC 10-311] analyzing module reram_word_array_simple
INFO: [VRFC 10-2263] Analyzing SystemVerilog file "C:/Users/hrish/Downloads/ReRAM_Thesis/Project Folder/ReRam_Redefined/ReRam_Redefined.srcs/sources_1/imports/3.0/tb_reram_memory_controller_blocking.sv" into library xil_defaultlib
INFO: [VRFC 10-311] analyzing module tb_reram_memory_controller_blocking
INFO: [VRFC 10-2263] Analyzing Verilog file "C:/Users/hrish/Downloads/ReRAM_Thesis/Project Folder/ReRam_Redefined/ReRam_Redefined.sim/sim_1/behav/xsim/glbl.v" into library xil_defaultlib
INFO: [VRFC 10-311] analyzing module glbl
INFO: [USF-XSim-69] 'compile' step finished in '2' seconds
INFO: [USF-XSim-3] XSim::Elaborate design
INFO: [USF-XSim-61] Executing 'ELABORATE' step in 'C:/Users/hrish/Downloads/ReRAM_Thesis/Project Folder/ReRam_Redefined/ReRam_Redefined.sim/sim_1/behav/xsim'
Vivado Simulator 2018.1
Copyright 1986-1999, 2001-2017 Xilinx, Inc. All Rights Reserved.
Running: C:/Xilinx/Vivado/2018.1/bin/unwrapped/win64.o/xelab.exe -wto 2413a4e8c8dd4490957e722b50b7e2e6 --incr --debug typical --relax --mt 2 -L xilinx_vip -L xil_defaultlib -L unisims_ver -L unimacro_ver -L secureip --snapshot tb_reram_memory_controller_blocking_behav xil_defaultlib.tb_reram_memory_controller_blocking xil_defaultlib.glbl -log elaborate.log 
Using 2 slave threads.
Starting static elaboration
Completed static elaboration
Starting simulation data flow analysis
WARNING: [XSIM 43-4100] "C:/Users/hrish/Downloads/ReRAM_Thesis/Project Folder/ReRam_Redefined/ReRam_Redefined.sim/sim_1/behav/xsim/glbl.v" Line 6. Module glbl has a timescale but at least one module in design doesn't have timescale.
Completed simulation data flow analysis
Time Resolution for simulation is 1ps
Compiling module xil_defaultlib.reram_cell_simple(MAX_WRITE_CYCL...
Compiling module xil_defaultlib.reram_word_array_simple_default
Compiling module xil_defaultlib.reram_memory_controller_blocking...
Compiling module xil_defaultlib.tb_reram_memory_controller_block...
Compiling module xil_defaultlib.glbl
Built simulation snapshot tb_reram_memory_controller_blocking_behav

****** Webtalk v2018.1 (64-bit)
  **** SW Build 2188600 on Wed Apr  4 18:40:38 MDT 2018
  **** IP Build 2185939 on Wed Apr  4 20:55:05 MDT 2018
    ** Copyright 1986-2018 Xilinx, Inc. All Rights Reserved.

source C:/Users/hrish/Downloads/ReRAM_Thesis/Project -notrace
couldn't read file "C:/Users/hrish/Downloads/ReRAM_Thesis/Project": permission denied
INFO: [Common 17-206] Exiting Webtalk at Thu Oct 23 01:19:07 2025...
INFO: [USF-XSim-69] 'elaborate' step finished in '4' seconds
INFO: [USF-XSim-4] XSim::Simulate design
INFO: [USF-XSim-61] Executing 'SIMULATE' step in 'C:/Users/hrish/Downloads/ReRAM_Thesis/Project Folder/ReRam_Redefined/ReRam_Redefined.sim/sim_1/behav/xsim'
INFO: [USF-XSim-98] *** Running xsim
   with args "tb_reram_memory_controller_blocking_behav -key {Behavioral:sim_1:Functional:tb_reram_memory_controller_blocking} -tclbatch {tb_reram_memory_controller_blocking.tcl} -log {simulate.log}"
INFO: [USF-XSim-8] Loading simulator feature
Vivado Simulator 2018.1
Time resolution is 1 ps
source tb_reram_memory_controller_blocking.tcl
# set curr_wave [current_wave_config]
# if { [string length $curr_wave] == 0 } {
#   if { [llength [get_objects]] > 0} {
#     add_wave /
#     set_property needs_save false [current_wave_config]
#   } else {
#      send_msg_id Add_Wave-1 WARNING "No top level signals found. Simulator will start without a wave window. If you want to open a wave window go to 'File->New Waveform Configuration' or type 'create_wave_config' in the TCL console."
#   }
# }
# run 1000ns
=========================================================================
Simple Blocking ReRAM Memory Controller Test
=========================================================================
Memory size: 16 words (64 bytes)
Address width: 4 bits
Data width: 32 bits
[0] Resetting memory controller...
[65000] Reset complete

--- Phase 1: Basic Read/Write Operations ---
[65000] Writing 0xdeadbeef to address 0x0000
[205000] Write completed successfully
[205000] Reading from address 0x0000
[275000] Read data: 0xdeadbeef
[PASS] Data verification passed at 0x0000
[275000] Writing 0xcafebabe to address 0x0001
[415000] Write completed successfully
[415000] Reading from address 0x0001
[485000] Read data: 0xcafebabe
[PASS] Data verification passed at 0x0001
[485000] Writing 0x12345678 to address 0x0002
[625000] Write completed successfully
[625000] Reading from address 0x0002
[695000] Read data: 0x12345678
[PASS] Data verification passed at 0x0002
[695000] Writing 0xa5a5a5a5 to address 0x000f
[835000] Write completed successfully
[835000] Reading from address 0x000f
[905000] Read data: 0xa5a5a5a5
[PASS] Data verification passed at 0x000f
Phase 1 completed with 0 errors

--- Phase 2: Address Boundary Testing ---
[905000] Writing 0x00000001 to address 0x0000
INFO: [USF-XSim-96] XSim completed. Design snapshot 'tb_reram_memory_controller_blocking_behav' loaded.
INFO: [USF-XSim-97] XSim simulation ran for 1000ns
launch_simulation: Time (s): cpu = 00:00:05 ; elapsed = 00:00:10 . Memory (MB): peak = 842.887 ; gain = 18.715
restart
INFO: [Simtcl 6-17] Simulation restarted
run all
=========================================================================
Simple Blocking ReRAM Memory Controller Test
=========================================================================
Memory size: 16 words (64 bytes)
Address width: 4 bits
Data width: 32 bits
[0] Resetting memory controller...
[65000] Reset complete

--- Phase 1: Basic Read/Write Operations ---
[65000] Writing 0xdeadbeef to address 0x0000
[205000] Write completed successfully
[205000] Reading from address 0x0000
[275000] Read data: 0xdeadbeef
[PASS] Data verification passed at 0x0000
[275000] Writing 0xcafebabe to address 0x0001
[415000] Write completed successfully
[415000] Reading from address 0x0001
[485000] Read data: 0xcafebabe
[PASS] Data verification passed at 0x0001
[485000] Writing 0x12345678 to address 0x0002
[625000] Write completed successfully
[625000] Reading from address 0x0002
[695000] Read data: 0x12345678
[PASS] Data verification passed at 0x0002
[695000] Writing 0xa5a5a5a5 to address 0x000f
[835000] Write completed successfully
[835000] Reading from address 0x000f
[905000] Read data: 0xa5a5a5a5
[PASS] Data verification passed at 0x000f
Phase 1 completed with 0 errors

--- Phase 2: Address Boundary Testing ---
[905000] Writing 0x00000001 to address 0x0000
[1045000] Write completed successfully
[1045000] Reading from address 0x0000
[1115000] Read data: 0x00000001
[PASS] Data verification passed at 0x0000
[1115000] Writing 0xffffffff to address 0x000f
[1255000] Write completed successfully
[1255000] Reading from address 0x000f
[1325000] Read data: 0xffffffff
[PASS] Data verification passed at 0x000f
[1325000] Writing 0x12345678 to address 0x0007
[1465000] Write completed successfully
[1465000] Reading from address 0x0007
[1535000] Read data: 0x12345678
[PASS] Data verification passed at 0x0007
[1535000] Writing 0x87654321 to address 0x0008
[1675000] Write completed successfully
[1675000] Reading from address 0x0008
[1745000] Read data: 0x87654321
[PASS] Data verification passed at 0x0008
Phase 2 completed with 0 errors

--- Phase 3: Data Pattern Testing ---
[1745000] Writing 0x00000000 to address 0x000a
[1885000] Write completed successfully
[1885000] Reading from address 0x000a
[1955000] Read data: 0x00000000
[PASS] Data verification passed at 0x000a
[1955000] Writing 0xffffffff to address 0x000b
[2095000] Write completed successfully
[2095000] Reading from address 0x000b
[2165000] Read data: 0xffffffff
[PASS] Data verification passed at 0x000b
[2165000] Writing 0xaaaaaaaa to address 0x000c
[2305000] Write completed successfully
[2305000] Reading from address 0x000c
[2375000] Read data: 0xaaaaaaaa
[PASS] Data verification passed at 0x000c
[2375000] Writing 0x55555555 to address 0x000d
[2515000] Write completed successfully
[2515000] Reading from address 0x000d
[2585000] Read data: 0x55555555
[PASS] Data verification passed at 0x000d
Testing walking 1s patterns...
[2585000] Writing 0x00000001 to address 0x0003
[2725000] Write completed successfully
[2725000] Reading from address 0x0003
[2795000] Read data: 0x00000001
[PASS] Data verification passed at 0x0003
[2795000] Writing 0x00000100 to address 0x0004
[2935000] Write completed successfully
[2935000] Reading from address 0x0004
[3005000] Read data: 0x00000100
[PASS] Data verification passed at 0x0004
[3005000] Writing 0x00010000 to address 0x0005
[3145000] Write completed successfully
[3145000] Reading from address 0x0005
[3215000] Read data: 0x00010000
[PASS] Data verification passed at 0x0005
[3215000] Writing 0x01000000 to address 0x0006
[3355000] Write completed successfully
[3355000] Reading from address 0x0006
[3425000] Read data: 0x01000000
[PASS] Data verification passed at 0x0006
Phase 3 completed with 0 errors

--- Phase 4: Multiple Address Testing ---
[3425000] Writing 0x80000000 to address 0x0000
[3565000] Write completed successfully
[3565000] Writing 0x80000001 to address 0x0001
[3705000] Write completed successfully
[3705000] Writing 0x80000002 to address 0x0002
[3845000] Write completed successfully
[3845000] Writing 0x80000003 to address 0x0003
[3985000] Write completed successfully
[3985000] Writing 0x80000004 to address 0x0004
[4125000] Write completed successfully
[4125000] Writing 0x80000005 to address 0x0005
[4265000] Write completed successfully
[4265000] Writing 0x80000006 to address 0x0006
[4405000] Write completed successfully
[4405000] Writing 0x80000007 to address 0x0007
[4545000] Write completed successfully
[4545000] Reading from address 0x0000
[4615000] Read data: 0x80000000
[4615000] Reading from address 0x0001
[4685000] Read data: 0x80000001
[4685000] Reading from address 0x0002
[4755000] Read data: 0x80000002
[4755000] Reading from address 0x0003
[4825000] Read data: 0x80000003
[4825000] Reading from address 0x0004
[4895000] Read data: 0x80000004
[4895000] Reading from address 0x0005
[4965000] Read data: 0x80000005
[4965000] Reading from address 0x0006
[5035000] Read data: 0x80000006
[5035000] Reading from address 0x0007
[5105000] Read data: 0x80000007
Phase 4 completed with 0 errors

--- Phase 5: Status and Statistics ---
Total reads performed: 23
Total writes performed: 24
Word errors: 0x0000
Endurance monitoring:
  Word 0: write_cycles=3, cell_errors_any=0, cell_errors=0x00000000
  Word 1: write_cycles=2, cell_errors_any=0, cell_errors=0x00000000
  Word 2: write_cycles=2, cell_errors_any=0, cell_errors=0x00000000
  Word 3: write_cycles=2, cell_errors_any=0, cell_errors=0x00000000
Phase 5 completed with 0 errors

--- Phase 6: Endurance Counter Testing ---
Initial write cycles - Addr 0x0: 3, Addr 0x1: 2
Performing 10 writes to address 0x0...
[5105000] Writing 0x12345678 to address 0x0000
[5245000] Write completed successfully
  Write 1: cycles now = 4
[5245000] Writing 0x12345679 to address 0x0000
[5385000] Write completed successfully
  Write 2: cycles now = 5
[5385000] Writing 0x1234567a to address 0x0000
[5525000] Write completed successfully
  Write 3: cycles now = 6
[5525000] Writing 0x1234567b to address 0x0000
[5665000] Write completed successfully
  Write 4: cycles now = 7
[5665000] Writing 0x1234567c to address 0x0000
[5805000] Write completed successfully
  Write 5: cycles now = 8
[5805000] Writing 0x1234567d to address 0x0000
[5945000] Write completed successfully
  Write 6: cycles now = 9
[5945000] Writing 0x1234567e to address 0x0000
[6085000] Write completed successfully
  Write 7: cycles now = 10
[6085000] Writing 0x1234567f to address 0x0000
[6225000] Write completed successfully
  Write 8: cycles now = 11
[6225000] Writing 0x12345680 to address 0x0000
[6365000] Write completed successfully
  Write 9: cycles now = 12
[6365000] Writing 0x12345681 to address 0x0000
[6505000] Write completed successfully
  Write 10: cycles now = 13
Performing 5 writes to address 0x1...
[6505000] Writing 0xabcdef00 to address 0x0001
[6645000] Write completed successfully
  Write 1: cycles now = 3
[6645000] Writing 0xabcdef01 to address 0x0001
[6785000] Write completed successfully
  Write 2: cycles now = 4
[6785000] Writing 0xabcdef02 to address 0x0001
[6925000] Write completed successfully
  Write 3: cycles now = 5
[6925000] Writing 0xabcdef03 to address 0x0001
[7065000] Write completed successfully
  Write 4: cycles now = 6
[7065000] Writing 0xabcdef04 to address 0x0001
[7205000] Write completed successfully
  Write 5: cycles now = 7
Final write cycles - Addr 0x0: 13, Addr 0x1: 7
[PASS] Address 0x0 write counter correctly incremented by 10
[PASS] Address 0x1 write counter correctly incremented by 5
Testing that reads don't affect write counters...
[7205000] Reading from address 0x0000
[7275000] Read data: 0x12345681
[7275000] Reading from address 0x0000
[7345000] Read data: 0x12345681
[7345000] Reading from address 0x0000
[7415000] Read data: 0x12345681
[7415000] Reading from address 0x0000
[7485000] Read data: 0x12345681
[7485000] Reading from address 0x0000
[7555000] Read data: 0x12345681
[PASS] Read operations correctly did not affect write counter
Checking cell error flags for low write counts...
[PASS] Address 0x00000000 shows no cell errors with 13 writes
[PASS] Address 0x00000001 shows no cell errors with 7 writes
[PASS] Address 0x00000002 shows no cell errors with 2 writes
[PASS] Address 0x00000003 shows no cell errors with 2 writes

Comprehensive endurance status:
  Word  0: cycles= 13, errors_any=0, errors=0x00000000
  Word  1: cycles=  7, errors_any=0, errors=0x00000000
  Word  2: cycles=  2, errors_any=0, errors=0x00000000
  Word  3: cycles=  2, errors_any=0, errors=0x00000000
  Word  4: cycles=  2, errors_any=0, errors=0x00000000
  Word  5: cycles=  2, errors_any=0, errors=0x00000000
  Word  6: cycles=  2, errors_any=0, errors=0x00000000
  Word  7: cycles=  2, errors_any=0, errors=0x00000000
  Word  8: cycles=  1, errors_any=0, errors=0x00000000
  Word  9: cycles=  0, errors_any=0, errors=0x00000000
  Word 10: cycles=  1, errors_any=0, errors=0x00000000
  Word 11: cycles=  1, errors_any=0, errors=0x00000000
  Word 12: cycles=  1, errors_any=0, errors=0x00000000
  Word 13: cycles=  1, errors_any=0, errors=0x00000000
  Word 14: cycles=  0, errors_any=0, errors=0x00000000
  Word 15: cycles=  2, errors_any=0, errors=0x00000000

Testing counter independence...
[PASS] Address 0x00000002 has expected low write count: 2
[PASS] Address 0x00000003 has expected low write count: 2
[PASS] Address 0x00000004 has expected low write count: 2
[PASS] Address 0x00000005 has expected low write count: 2
[PASS] Address 0x00000006 has expected low write count: 2
[PASS] Address 0x00000007 has expected low write count: 2
[PASS] Address 0x00000008 has expected low write count: 1
[PASS] Address 0x00000009 has expected low write count: 0
[PASS] Address 0x0000000a has expected low write count: 1
[PASS] Address 0x0000000b has expected low write count: 1
[PASS] Address 0x0000000c has expected low write count: 1
[PASS] Address 0x0000000d has expected low write count: 1
[PASS] Address 0x0000000e has expected low write count: 0
[PASS] Address 0x0000000f has expected low write count: 2
Phase 6 completed with 0 errors

--- Phase 7: Wear-Out Testing ---
Wearing out address 0x000f to exactly 200 write cycles...
Initial state - cycles: 2, cell_errors_any: 0
[INFO] Wearing out address 0x000f: 2 -> 200 cycles (198 writes needed)
[7555000] Writing 0xaead0000 to address 0x000f
[7695000] Write completed successfully
[7695000] Writing 0xaead0001 to address 0x000f
[7835000] Write completed successfully
[7835000] Writing 0xaead0002 to address 0x000f
[7975000] Write completed successfully
[7975000] Writing 0xaead0003 to address 0x000f
[8115000] Write completed successfully
[8115000] Writing 0xaead0004 to address 0x000f
[8255000] Write completed successfully
[8255000] Writing 0xaead0005 to address 0x000f
[8395000] Write completed successfully
[8395000] Writing 0xaead0006 to address 0x000f
[8535000] Write completed successfully
[8535000] Writing 0xaead0007 to address 0x000f
[8675000] Write completed successfully
[8675000] Writing 0xaead0008 to address 0x000f
[8815000] Write completed successfully
[8815000] Writing 0xaead0009 to address 0x000f
[8955000] Write completed successfully
[8955000] Writing 0xaead000a to address 0x000f
[9095000] Write completed successfully
[9095000] Writing 0xaead000b to address 0x000f
[9235000] Write completed successfully
[9235000] Writing 0xaead000c to address 0x000f
[9375000] Write completed successfully
[9375000] Writing 0xaead000d to address 0x000f
[9515000] Write completed successfully
[9515000] Writing 0xaead000e to address 0x000f
[9655000] Write completed successfully
[9655000] Writing 0xaead000f to address 0x000f
[9795000] Write completed successfully
[9795000] Writing 0xaead0010 to address 0x000f
[9935000] Write completed successfully
[9935000] Writing 0xaead0011 to address 0x000f
[10075000] Write completed successfully
[10075000] Writing 0xaead0012 to address 0x000f
[10215000] Write completed successfully
[10215000] Writing 0xaead0013 to address 0x000f
[10355000] Write completed successfully
[10355000] Writing 0xaead0014 to address 0x000f
[10495000] Write completed successfully
[10495000] Writing 0xaead0015 to address 0x000f
[10635000] Write completed successfully
[10635000] Writing 0xaead0016 to address 0x000f
[10775000] Write completed successfully
[10775000] Writing 0xaead0017 to address 0x000f
[10915000] Write completed successfully
[10915000] Writing 0xaead0018 to address 0x000f
[11055000] Write completed successfully
  Progress: 25/198 writes completed, cycles now = 27
[11055000] Writing 0xaead0019 to address 0x000f
[11195000] Write completed successfully
[11195000] Writing 0xaead001a to address 0x000f
[11335000] Write completed successfully
[11335000] Writing 0xaead001b to address 0x000f
[11475000] Write completed successfully
[11475000] Writing 0xaead001c to address 0x000f
[11615000] Write completed successfully
[11615000] Writing 0xaead001d to address 0x000f
[11755000] Write completed successfully
[11755000] Writing 0xaead001e to address 0x000f
[11895000] Write completed successfully
[11895000] Writing 0xaead001f to address 0x000f
[12035000] Write completed successfully
[12035000] Writing 0xaead0020 to address 0x000f
[12175000] Write completed successfully
[12175000] Writing 0xaead0021 to address 0x000f
[12315000] Write completed successfully
[12315000] Writing 0xaead0022 to address 0x000f
[12455000] Write completed successfully
[12455000] Writing 0xaead0023 to address 0x000f
[12595000] Write completed successfully
[12595000] Writing 0xaead0024 to address 0x000f
[12735000] Write completed successfully
[12735000] Writing 0xaead0025 to address 0x000f
[12875000] Write completed successfully
[12875000] Writing 0xaead0026 to address 0x000f
[13015000] Write completed successfully
[13015000] Writing 0xaead0027 to address 0x000f
[13155000] Write completed successfully
[13155000] Writing 0xaead0028 to address 0x000f
[13295000] Write completed successfully
[13295000] Writing 0xaead0029 to address 0x000f
[13435000] Write completed successfully
[13435000] Writing 0xaead002a to address 0x000f
[13575000] Write completed successfully
[13575000] Writing 0xaead002b to address 0x000f
[13715000] Write completed successfully
[13715000] Writing 0xaead002c to address 0x000f
[13855000] Write completed successfully
[13855000] Writing 0xaead002d to address 0x000f
[13995000] Write completed successfully
[13995000] Writing 0xaead002e to address 0x000f
[14135000] Write completed successfully
[14135000] Writing 0xaead002f to address 0x000f
[14275000] Write completed successfully
[14275000] Writing 0xaead0030 to address 0x000f
[14415000] Write completed successfully
[14415000] Writing 0xaead0031 to address 0x000f
[14555000] Write completed successfully
  Progress: 50/198 writes completed, cycles now = 52
[14555000] Writing 0xaead0032 to address 0x000f
[14695000] Write completed successfully
[14695000] Writing 0xaead0033 to address 0x000f
[14835000] Write completed successfully
[14835000] Writing 0xaead0034 to address 0x000f
[14975000] Write completed successfully
[14975000] Writing 0xaead0035 to address 0x000f
[15115000] Write completed successfully
[15115000] Writing 0xaead0036 to address 0x000f
[15255000] Write completed successfully
[15255000] Writing 0xaead0037 to address 0x000f
[15395000] Write completed successfully
[15395000] Writing 0xaead0038 to address 0x000f
[15535000] Write completed successfully
[15535000] Writing 0xaead0039 to address 0x000f
[15675000] Write completed successfully
[15675000] Writing 0xaead003a to address 0x000f
[15815000] Write completed successfully
[15815000] Writing 0xaead003b to address 0x000f
[15955000] Write completed successfully
[15955000] Writing 0xaead003c to address 0x000f
[16095000] Write completed successfully
[16095000] Writing 0xaead003d to address 0x000f
[16235000] Write completed successfully
[16235000] Writing 0xaead003e to address 0x000f
[16375000] Write completed successfully
[16375000] Writing 0xaead003f to address 0x000f
[16515000] Write completed successfully
[16515000] Writing 0xaead0040 to address 0x000f
[16655000] Write completed successfully
[16655000] Writing 0xaead0041 to address 0x000f
[16795000] Write completed successfully
[16795000] Writing 0xaead0042 to address 0x000f
[16935000] Write completed successfully
[16935000] Writing 0xaead0043 to address 0x000f
[17075000] Write completed successfully
[17075000] Writing 0xaead0044 to address 0x000f
[17215000] Write completed successfully
[17215000] Writing 0xaead0045 to address 0x000f
[17355000] Write completed successfully
[17355000] Writing 0xaead0046 to address 0x000f
[17495000] Write completed successfully
[17495000] Writing 0xaead0047 to address 0x000f
[17635000] Write completed successfully
[17635000] Writing 0xaead0048 to address 0x000f
[17775000] Write completed successfully
[17775000] Writing 0xaead0049 to address 0x000f
[17915000] Write completed successfully
[17915000] Writing 0xaead004a to address 0x000f
[18055000] Write completed successfully
  Progress: 75/198 writes completed, cycles now = 77
[18055000] Writing 0xaead004b to address 0x000f
[18195000] Write completed successfully
[18195000] Writing 0xaead004c to address 0x000f
[18335000] Write completed successfully
[18335000] Writing 0xaead004d to address 0x000f
[18475000] Write completed successfully
[18475000] Writing 0xaead004e to address 0x000f
[18615000] Write completed successfully
[18615000] Writing 0xaead004f to address 0x000f
[18755000] Write completed successfully
[18755000] Writing 0xaead0050 to address 0x000f
[18895000] Write completed successfully
[18895000] Writing 0xaead0051 to address 0x000f
[19035000] Write completed successfully
[19035000] Writing 0xaead0052 to address 0x000f
[19175000] Write completed successfully
[19175000] Writing 0xaead0053 to address 0x000f
[19315000] Write completed successfully
[19315000] Writing 0xaead0054 to address 0x000f
[19455000] Write completed successfully
[19455000] Writing 0xaead0055 to address 0x000f
[19595000] Write completed successfully
[19595000] Writing 0xaead0056 to address 0x000f
[19735000] Write completed successfully
[19735000] Writing 0xaead0057 to address 0x000f
[19875000] Write completed successfully
[19875000] Writing 0xaead0058 to address 0x000f
[20015000] Write completed successfully
[20015000] Writing 0xaead0059 to address 0x000f
[20155000] Write completed successfully
[20155000] Writing 0xaead005a to address 0x000f
[20295000] Write completed successfully
[20295000] Writing 0xaead005b to address 0x000f
[20435000] Write completed successfully
[20435000] Writing 0xaead005c to address 0x000f
[20575000] Write completed successfully
[20575000] Writing 0xaead005d to address 0x000f
[20715000] Write completed successfully
[20715000] Writing 0xaead005e to address 0x000f
[20855000] Write completed successfully
[20855000] Writing 0xaead005f to address 0x000f
[20995000] Write completed successfully
[20995000] Writing 0xaead0060 to address 0x000f
[21135000] Write completed successfully
[21135000] Writing 0xaead0061 to address 0x000f
[21275000] Write completed successfully
[21275000] Writing 0xaead0062 to address 0x000f
[21415000] Write completed successfully
[21415000] Writing 0xaead0063 to address 0x000f
[21555000] Write completed successfully
  Progress: 100/198 writes completed, cycles now = 102
[21555000] Writing 0xaead0064 to address 0x000f
[21695000] Write completed successfully
[21695000] Writing 0xaead0065 to address 0x000f
[21835000] Write completed successfully
[21835000] Writing 0xaead0066 to address 0x000f
[21975000] Write completed successfully
[21975000] Writing 0xaead0067 to address 0x000f
[22115000] Write completed successfully
[22115000] Writing 0xaead0068 to address 0x000f
[22255000] Write completed successfully
[22255000] Writing 0xaead0069 to address 0x000f
[22395000] Write completed successfully
[22395000] Writing 0xaead006a to address 0x000f
[22535000] Write completed successfully
[22535000] Writing 0xaead006b to address 0x000f
[22675000] Write completed successfully
[22675000] Writing 0xaead006c to address 0x000f
[22815000] Write completed successfully
[22815000] Writing 0xaead006d to address 0x000f
[22955000] Write completed successfully
[22955000] Writing 0xaead006e to address 0x000f
[23095000] Write completed successfully
[23095000] Writing 0xaead006f to address 0x000f
[23235000] Write completed successfully
[23235000] Writing 0xaead0070 to address 0x000f
[23375000] Write completed successfully
[23375000] Writing 0xaead0071 to address 0x000f
[23515000] Write completed successfully
[23515000] Writing 0xaead0072 to address 0x000f
[23655000] Write completed successfully
[23655000] Writing 0xaead0073 to address 0x000f
[23795000] Write completed successfully
[23795000] Writing 0xaead0074 to address 0x000f
[23935000] Write completed successfully
[23935000] Writing 0xaead0075 to address 0x000f
[24075000] Write completed successfully
[24075000] Writing 0xaead0076 to address 0x000f
[24215000] Write completed successfully
[24215000] Writing 0xaead0077 to address 0x000f
[24355000] Write completed successfully
[24355000] Writing 0xaead0078 to address 0x000f
[24495000] Write completed successfully
[24495000] Writing 0xaead0079 to address 0x000f
[24635000] Write completed successfully
[24635000] Writing 0xaead007a to address 0x000f
[24775000] Write completed successfully
[24775000] Writing 0xaead007b to address 0x000f
[24915000] Write completed successfully
[24915000] Writing 0xaead007c to address 0x000f
[25055000] Write completed successfully
  Progress: 125/198 writes completed, cycles now = 127
[25055000] Writing 0xaead007d to address 0x000f
[25195000] Write completed successfully
[25195000] Writing 0xaead007e to address 0x000f
[25335000] Write completed successfully
[25335000] Writing 0xaead007f to address 0x000f
[25475000] Write completed successfully
[25475000] Writing 0xaead0080 to address 0x000f
[25615000] Write completed successfully
[25615000] Writing 0xaead0081 to address 0x000f
[25755000] Write completed successfully
[25755000] Writing 0xaead0082 to address 0x000f
[25895000] Write completed successfully
[25895000] Writing 0xaead0083 to address 0x000f
[26035000] Write completed successfully
[26035000] Writing 0xaead0084 to address 0x000f
[26175000] Write completed successfully
[26175000] Writing 0xaead0085 to address 0x000f
[26315000] Write completed successfully
[26315000] Writing 0xaead0086 to address 0x000f
[26455000] Write completed successfully
[26455000] Writing 0xaead0087 to address 0x000f
[26595000] Write completed successfully
[26595000] Writing 0xaead0088 to address 0x000f
[26735000] Write completed successfully
[26735000] Writing 0xaead0089 to address 0x000f
[26875000] Write completed successfully
[26875000] Writing 0xaead008a to address 0x000f
[27015000] Write completed successfully
[27015000] Writing 0xaead008b to address 0x000f
[27155000] Write completed successfully
[27155000] Writing 0xaead008c to address 0x000f
[27295000] Write completed successfully
[27295000] Writing 0xaead008d to address 0x000f
[27435000] Write completed successfully
[27435000] Writing 0xaead008e to address 0x000f
[27575000] Write completed successfully
[27575000] Writing 0xaead008f to address 0x000f
[27715000] Write completed successfully
[27715000] Writing 0xaead0090 to address 0x000f
[27855000] Write completed successfully
[27855000] Writing 0xaead0091 to address 0x000f
[27995000] Write completed successfully
[27995000] Writing 0xaead0092 to address 0x000f
[28135000] Write completed successfully
[28135000] Writing 0xaead0093 to address 0x000f
[28275000] Write completed successfully
[28275000] Writing 0xaead0094 to address 0x000f
[28415000] Write completed successfully
[28415000] Writing 0xaead0095 to address 0x000f
[28555000] Write completed successfully
  Progress: 150/198 writes completed, cycles now = 152
[28555000] Writing 0xaead0096 to address 0x000f
[28695000] Write completed successfully
[28695000] Writing 0xaead0097 to address 0x000f
[28835000] Write completed successfully
[28835000] Writing 0xaead0098 to address 0x000f
[28975000] Write completed successfully
[28975000] Writing 0xaead0099 to address 0x000f
[29115000] Write completed successfully
[29115000] Writing 0xaead009a to address 0x000f
[29255000] Write completed successfully
[29255000] Writing 0xaead009b to address 0x000f
[29395000] Write completed successfully
[29395000] Writing 0xaead009c to address 0x000f
[29535000] Write completed successfully
[29535000] Writing 0xaead009d to address 0x000f
[29675000] Write completed successfully
[29675000] Writing 0xaead009e to address 0x000f
[29815000] Write completed successfully
[29815000] Writing 0xaead009f to address 0x000f
[29955000] Write completed successfully
[29955000] Writing 0xaead00a0 to address 0x000f
[30095000] Write completed successfully
[30095000] Writing 0xaead00a1 to address 0x000f
[30235000] Write completed successfully
[30235000] Writing 0xaead00a2 to address 0x000f
[30375000] Write completed successfully
[30375000] Writing 0xaead00a3 to address 0x000f
[30515000] Write completed successfully
[30515000] Writing 0xaead00a4 to address 0x000f
[30655000] Write completed successfully
[30655000] Writing 0xaead00a5 to address 0x000f
[30795000] Write completed successfully
[30795000] Writing 0xaead00a6 to address 0x000f
[30935000] Write completed successfully
[30935000] Writing 0xaead00a7 to address 0x000f
[31075000] Write completed successfully
[31075000] Writing 0xaead00a8 to address 0x000f
[31215000] Write completed successfully
[31215000] Writing 0xaead00a9 to address 0x000f
[31355000] Write completed successfully
[31355000] Writing 0xaead00aa to address 0x000f
[31495000] Write completed successfully
[31495000] Writing 0xaead00ab to address 0x000f
[31635000] Write completed successfully
[31635000] Writing 0xaead00ac to address 0x000f
[31775000] Write completed successfully
[31775000] Writing 0xaead00ad to address 0x000f
[31915000] Write completed successfully
[31915000] Writing 0xaead00ae to address 0x000f
[32055000] Write completed successfully
  Progress: 175/198 writes completed, cycles now = 177
[32055000] Writing 0xaead00af to address 0x000f
[32195000] Write completed successfully
[32195000] Writing 0xaead00b0 to address 0x000f
[32335000] Write completed successfully
[32335000] Writing 0xaead00b1 to address 0x000f
[32475000] Write completed successfully
[32475000] Writing 0xaead00b2 to address 0x000f
[32615000] Write completed successfully
[32615000] Writing 0xaead00b3 to address 0x000f
[32755000] Write completed successfully
[32755000] Writing 0xaead00b4 to address 0x000f
[32895000] Write completed successfully
[32895000] Writing 0xaead00b5 to address 0x000f
[33035000] Write completed successfully
[33035000] Writing 0xaead00b6 to address 0x000f
[33175000] Write completed successfully
[33175000] Writing 0xaead00b7 to address 0x000f
[33315000] Write completed successfully
[33315000] Writing 0xaead00b8 to address 0x000f
[33455000] Write completed successfully
[33455000] Writing 0xaead00b9 to address 0x000f
[33595000] Write completed successfully
[33595000] Writing 0xaead00ba to address 0x000f
[33735000] Write completed successfully
[33735000] Writing 0xaead00bb to address 0x000f
[33875000] Write completed successfully
[33875000] Writing 0xaead00bc to address 0x000f
[34015000] Write completed successfully
[34015000] Writing 0xaead00bd to address 0x000f
[34155000] Write completed successfully
[34155000] Writing 0xaead00be to address 0x000f
[34295000] Write completed successfully
[34295000] Writing 0xaead00bf to address 0x000f
[34435000] Write completed successfully
[34435000] Writing 0xaead00c0 to address 0x000f
[34575000] Write completed successfully
[34575000] Writing 0xaead00c1 to address 0x000f
[34715000] Write completed successfully
[34715000] Writing 0xaead00c2 to address 0x000f
[34855000] Write completed successfully
[34855000] Writing 0xaead00c3 to address 0x000f
[34995000] Write completed successfully
[34995000] Writing 0xaead00c4 to address 0x000f
[35135000] Write completed successfully
[35135000] Writing 0xaead00c5 to address 0x000f
[35275000] Write completed with ERROR to address 0x000f (address may be worn out)
[INFO] Address 0x000f reached target cycles: 200
[INFO] Wear-out complete. Address 0x000f final cycles: 200, cell_errors_any: 1
Final state - cycles: 200, cell_errors_any: 1
[PASS] Address 0x000f correctly shows cell errors after reaching limit

Testing operations on worn-out address...
Attempting write to worn-out address 0x000f...
[35275000] Writing 0xdeadbeef to address 0x000f
run: Time (s): cpu = 00:00:14 ; elapsed = 00:01:15 . Memory (MB): peak = 869.102 ; gain = 7.500
close_sim
INFO: [Simtcl 6-16] Simulation closed
reset_simulation -simset sim_1 -mode behavioral
INFO: [Vivado 12-2266] Removing simulation data...
INFO: [Vivado 12-2267] Reset complete
launch_simulation
INFO: [Vivado 12-5682] Launching behavioral simulation in 'C:/Users/hrish/Downloads/ReRAM_Thesis/Project Folder/ReRam_Redefined/ReRam_Redefined.sim/sim_1/behav/xsim'
INFO: [SIM-utils-51] Simulation object is 'sim_1'
INFO: [SIM-utils-54] Inspecting design source files for 'tb_reram_memory_controller_blocking' in fileset 'sim_1'...
INFO: [USF-XSim-97] Finding global include files...
INFO: [USF-XSim-98] Fetching design files from 'sim_1'...
INFO: [USF-XSim-2] XSim::Compile design
INFO: [USF-XSim-61] Executing 'COMPILE and ANALYZE' step in 'C:/Users/hrish/Downloads/ReRAM_Thesis/Project Folder/ReRam_Redefined/ReRam_Redefined.sim/sim_1/behav/xsim'
"xvlog --incr --relax -L xil_defaultlib -prj tb_reram_memory_controller_blocking_vlog.prj"
INFO: [VRFC 10-2263] Analyzing SystemVerilog file "C:/Xilinx/Vivado/2018.1/data/xilinx_vip/hdl/axi4stream_vip_axi4streampc.sv" into library xilinx_vip
INFO: [VRFC 10-2263] Analyzing SystemVerilog file "C:/Xilinx/Vivado/2018.1/data/xilinx_vip/hdl/axi_vip_axi4pc.sv" into library xilinx_vip
INFO: [VRFC 10-2263] Analyzing SystemVerilog file "C:/Xilinx/Vivado/2018.1/data/xilinx_vip/hdl/xil_common_vip_pkg.sv" into library xilinx_vip
INFO: [VRFC 10-2263] Analyzing SystemVerilog file "C:/Xilinx/Vivado/2018.1/data/xilinx_vip/hdl/axi4stream_vip_pkg.sv" into library xilinx_vip
INFO: [VRFC 10-2263] Analyzing SystemVerilog file "C:/Xilinx/Vivado/2018.1/data/xilinx_vip/hdl/axi_vip_pkg.sv" into library xilinx_vip
INFO: [VRFC 10-2263] Analyzing SystemVerilog file "C:/Xilinx/Vivado/2018.1/data/xilinx_vip/hdl/axi4stream_vip_if.sv" into library xilinx_vip
INFO: [VRFC 10-2263] Analyzing SystemVerilog file "C:/Xilinx/Vivado/2018.1/data/xilinx_vip/hdl/axi_vip_if.sv" into library xilinx_vip
WARNING: [VRFC 10-998] macro ARESET_XCHECK redefined [C:/Xilinx/Vivado/2018.1/data/xilinx_vip/hdl/axi_vip_if.sv:79]
WARNING: [VRFC 10-998] macro ARESET_XCHECK_SOL redefined [C:/Xilinx/Vivado/2018.1/data/xilinx_vip/hdl/axi_vip_if.sv:80]
INFO: [VRFC 10-2263] Analyzing SystemVerilog file "C:/Xilinx/Vivado/2018.1/data/xilinx_vip/hdl/clk_vip_if.sv" into library xilinx_vip
INFO: [VRFC 10-2263] Analyzing SystemVerilog file "C:/Xilinx/Vivado/2018.1/data/xilinx_vip/hdl/rst_vip_if.sv" into library xilinx_vip
INFO: [VRFC 10-2263] Analyzing SystemVerilog file "C:/Users/hrish/Downloads/ReRAM_Thesis/Project Folder/ReRam_Redefined/ReRam_Redefined.srcs/sources_1/imports/Downloads/reram_cell_simple.sv" into library xil_defaultlib
INFO: [VRFC 10-311] analyzing module reram_cell_simple
INFO: [VRFC 10-2263] Analyzing SystemVerilog file "C:/Users/hrish/Downloads/ReRAM_Thesis/Project Folder/ReRam_Redefined/ReRam_Redefined.srcs/sources_1/imports/3.0/reram_memory_controller_blocking.sv" into library xil_defaultlib
INFO: [VRFC 10-311] analyzing module reram_memory_controller_blocking
INFO: [VRFC 10-2263] Analyzing SystemVerilog file "C:/Users/hrish/Downloads/ReRAM_Thesis/Project Folder/ReRam_Redefined/ReRam_Redefined.srcs/sources_1/imports/2.0/reram_word_array_simple.sv" into library xil_defaultlib
INFO: [VRFC 10-311] analyzing module reram_word_array_simple
INFO: [VRFC 10-2263] Analyzing SystemVerilog file "C:/Users/hrish/Downloads/ReRAM_Thesis/Project Folder/ReRam_Redefined/ReRam_Redefined.srcs/sources_1/imports/3.0/tb_reram_memory_controller_blocking.sv" into library xil_defaultlib
INFO: [VRFC 10-311] analyzing module tb_reram_memory_controller_blocking
INFO: [VRFC 10-2263] Analyzing Verilog file "C:/Users/hrish/Downloads/ReRAM_Thesis/Project Folder/ReRam_Redefined/ReRam_Redefined.sim/sim_1/behav/xsim/glbl.v" into library xil_defaultlib
INFO: [VRFC 10-311] analyzing module glbl
INFO: [USF-XSim-69] 'compile' step finished in '1' seconds
INFO: [USF-XSim-3] XSim::Elaborate design
INFO: [USF-XSim-61] Executing 'ELABORATE' step in 'C:/Users/hrish/Downloads/ReRAM_Thesis/Project Folder/ReRam_Redefined/ReRam_Redefined.sim/sim_1/behav/xsim'
Vivado Simulator 2018.1
Copyright 1986-1999, 2001-2017 Xilinx, Inc. All Rights Reserved.
Running: C:/Xilinx/Vivado/2018.1/bin/unwrapped/win64.o/xelab.exe -wto 2413a4e8c8dd4490957e722b50b7e2e6 --incr --debug typical --relax --mt 2 -L xilinx_vip -L xil_defaultlib -L unisims_ver -L unimacro_ver -L secureip --snapshot tb_reram_memory_controller_blocking_behav xil_defaultlib.tb_reram_memory_controller_blocking xil_defaultlib.glbl -log elaborate.log 
Using 2 slave threads.
Starting static elaboration
Completed static elaboration
Starting simulation data flow analysis
WARNING: [XSIM 43-4100] "C:/Users/hrish/Downloads/ReRAM_Thesis/Project Folder/ReRam_Redefined/ReRam_Redefined.sim/sim_1/behav/xsim/glbl.v" Line 6. Module glbl has a timescale but at least one module in design doesn't have timescale.
Completed simulation data flow analysis
Time Resolution for simulation is 1ps
Compiling module xil_defaultlib.reram_cell_simple(MAX_WRITE_CYCL...
Compiling module xil_defaultlib.reram_word_array_simple_default
Compiling module xil_defaultlib.reram_memory_controller_blocking...
Compiling module xil_defaultlib.tb_reram_memory_controller_block...
Compiling module xil_defaultlib.glbl
Built simulation snapshot tb_reram_memory_controller_blocking_behav

****** Webtalk v2018.1 (64-bit)
  **** SW Build 2188600 on Wed Apr  4 18:40:38 MDT 2018
  **** IP Build 2185939 on Wed Apr  4 20:55:05 MDT 2018
    ** Copyright 1986-2018 Xilinx, Inc. All Rights Reserved.

source C:/Users/hrish/Downloads/ReRAM_Thesis/Project -notrace
couldn't read file "C:/Users/hrish/Downloads/ReRAM_Thesis/Project": permission denied
INFO: [Common 17-206] Exiting Webtalk at Thu Oct 23 01:30:18 2025...
INFO: [USF-XSim-69] 'elaborate' step finished in '4' seconds
INFO: [USF-XSim-4] XSim::Simulate design
INFO: [USF-XSim-61] Executing 'SIMULATE' step in 'C:/Users/hrish/Downloads/ReRAM_Thesis/Project Folder/ReRam_Redefined/ReRam_Redefined.sim/sim_1/behav/xsim'
INFO: [USF-XSim-98] *** Running xsim
   with args "tb_reram_memory_controller_blocking_behav -key {Behavioral:sim_1:Functional:tb_reram_memory_controller_blocking} -tclbatch {tb_reram_memory_controller_blocking.tcl} -log {simulate.log}"
INFO: [USF-XSim-8] Loading simulator feature
Vivado Simulator 2018.1
Time resolution is 1 ps
source tb_reram_memory_controller_blocking.tcl
# set curr_wave [current_wave_config]
# if { [string length $curr_wave] == 0 } {
#   if { [llength [get_objects]] > 0} {
#     add_wave /
#     set_property needs_save false [current_wave_config]
#   } else {
#      send_msg_id Add_Wave-1 WARNING "No top level signals found. Simulator will start without a wave window. If you want to open a wave window go to 'File->New Waveform Configuration' or type 'create_wave_config' in the TCL console."
#   }
# }
# run 1000ns
=========================================================================
Simple Blocking ReRAM Memory Controller Test
=========================================================================
Memory size: 16 words (64 bytes)
Address width: 4 bits
Data width: 32 bits
[0] Resetting memory controller...
[65000] Reset complete

--- Phase 1: Basic Read/Write Operations ---
[65000] Writing 0xdeadbeef to address 0x0000
[205000] Write completed successfully
[205000] Reading from address 0x0000
[275000] Read data: 0xdeadbeef
[PASS] Data verification passed at 0x0000
[275000] Writing 0xcafebabe to address 0x0001
[415000] Write completed successfully
[415000] Reading from address 0x0001
[485000] Read data: 0xcafebabe
[PASS] Data verification passed at 0x0001
[485000] Writing 0x12345678 to address 0x0002
[625000] Write completed successfully
[625000] Reading from address 0x0002
[695000] Read data: 0x12345678
[PASS] Data verification passed at 0x0002
[695000] Writing 0xa5a5a5a5 to address 0x000f
[835000] Write completed successfully
[835000] Reading from address 0x000f
[905000] Read data: 0xa5a5a5a5
[PASS] Data verification passed at 0x000f
Phase 1 completed with 0 errors

--- Phase 2: Address Boundary Testing ---
[905000] Writing 0x00000001 to address 0x0000
INFO: [USF-XSim-96] XSim completed. Design snapshot 'tb_reram_memory_controller_blocking_behav' loaded.
INFO: [USF-XSim-97] XSim simulation ran for 1000ns
launch_simulation: Time (s): cpu = 00:00:02 ; elapsed = 00:00:07 . Memory (MB): peak = 872.262 ; gain = 0.000
restart
INFO: [Simtcl 6-17] Simulation restarted
run all
=========================================================================
Simple Blocking ReRAM Memory Controller Test
=========================================================================
Memory size: 16 words (64 bytes)
Address width: 4 bits
Data width: 32 bits
[0] Resetting memory controller...
[65000] Reset complete

--- Phase 1: Basic Read/Write Operations ---
[65000] Writing 0xdeadbeef to address 0x0000
[205000] Write completed successfully
[205000] Reading from address 0x0000
[275000] Read data: 0xdeadbeef
[PASS] Data verification passed at 0x0000
[275000] Writing 0xcafebabe to address 0x0001
[415000] Write completed successfully
[415000] Reading from address 0x0001
[485000] Read data: 0xcafebabe
[PASS] Data verification passed at 0x0001
[485000] Writing 0x12345678 to address 0x0002
[625000] Write completed successfully
[625000] Reading from address 0x0002
[695000] Read data: 0x12345678
[PASS] Data verification passed at 0x0002
[695000] Writing 0xa5a5a5a5 to address 0x000f
[835000] Write completed successfully
[835000] Reading from address 0x000f
[905000] Read data: 0xa5a5a5a5
[PASS] Data verification passed at 0x000f
Phase 1 completed with 0 errors

--- Phase 2: Address Boundary Testing ---
[905000] Writing 0x00000001 to address 0x0000
[1045000] Write completed successfully
[1045000] Reading from address 0x0000
[1115000] Read data: 0x00000001
[PASS] Data verification passed at 0x0000
[1115000] Writing 0xffffffff to address 0x000f
[1255000] Write completed successfully
[1255000] Reading from address 0x000f
[1325000] Read data: 0xffffffff
[PASS] Data verification passed at 0x000f
[1325000] Writing 0x12345678 to address 0x0007
[1465000] Write completed successfully
[1465000] Reading from address 0x0007
[1535000] Read data: 0x12345678
[PASS] Data verification passed at 0x0007
[1535000] Writing 0x87654321 to address 0x0008
[1675000] Write completed successfully
[1675000] Reading from address 0x0008
[1745000] Read data: 0x87654321
[PASS] Data verification passed at 0x0008
Phase 2 completed with 0 errors

--- Phase 3: Data Pattern Testing ---
[1745000] Writing 0x00000000 to address 0x000a
[1885000] Write completed successfully
[1885000] Reading from address 0x000a
[1955000] Read data: 0x00000000
[PASS] Data verification passed at 0x000a
[1955000] Writing 0xffffffff to address 0x000b
[2095000] Write completed successfully
[2095000] Reading from address 0x000b
[2165000] Read data: 0xffffffff
[PASS] Data verification passed at 0x000b
[2165000] Writing 0xaaaaaaaa to address 0x000c
[2305000] Write completed successfully
[2305000] Reading from address 0x000c
[2375000] Read data: 0xaaaaaaaa
[PASS] Data verification passed at 0x000c
[2375000] Writing 0x55555555 to address 0x000d
[2515000] Write completed successfully
[2515000] Reading from address 0x000d
[2585000] Read data: 0x55555555
[PASS] Data verification passed at 0x000d
Testing walking 1s patterns...
[2585000] Writing 0x00000001 to address 0x0003
[2725000] Write completed successfully
[2725000] Reading from address 0x0003
[2795000] Read data: 0x00000001
[PASS] Data verification passed at 0x0003
[2795000] Writing 0x00000100 to address 0x0004
[2935000] Write completed successfully
[2935000] Reading from address 0x0004
[3005000] Read data: 0x00000100
[PASS] Data verification passed at 0x0004
[3005000] Writing 0x00010000 to address 0x0005
[3145000] Write completed successfully
[3145000] Reading from address 0x0005
[3215000] Read data: 0x00010000
[PASS] Data verification passed at 0x0005
[3215000] Writing 0x01000000 to address 0x0006
[3355000] Write completed successfully
[3355000] Reading from address 0x0006
[3425000] Read data: 0x01000000
[PASS] Data verification passed at 0x0006
Phase 3 completed with 0 errors

--- Phase 4: Multiple Address Testing ---
[3425000] Writing 0x80000000 to address 0x0000
[3565000] Write completed successfully
[3565000] Writing 0x80000001 to address 0x0001
[3705000] Write completed successfully
[3705000] Writing 0x80000002 to address 0x0002
[3845000] Write completed successfully
[3845000] Writing 0x80000003 to address 0x0003
[3985000] Write completed successfully
[3985000] Writing 0x80000004 to address 0x0004
[4125000] Write completed successfully
[4125000] Writing 0x80000005 to address 0x0005
[4265000] Write completed successfully
[4265000] Writing 0x80000006 to address 0x0006
[4405000] Write completed successfully
[4405000] Writing 0x80000007 to address 0x0007
[4545000] Write completed successfully
[4545000] Reading from address 0x0000
[4615000] Read data: 0x80000000
[4615000] Reading from address 0x0001
[4685000] Read data: 0x80000001
[4685000] Reading from address 0x0002
[4755000] Read data: 0x80000002
[4755000] Reading from address 0x0003
[4825000] Read data: 0x80000003
[4825000] Reading from address 0x0004
[4895000] Read data: 0x80000004
[4895000] Reading from address 0x0005
[4965000] Read data: 0x80000005
[4965000] Reading from address 0x0006
[5035000] Read data: 0x80000006
[5035000] Reading from address 0x0007
[5105000] Read data: 0x80000007
Phase 4 completed with 0 errors

--- Phase 5: Status and Statistics ---
Total reads performed: 23
Total writes performed: 24
Word errors: 0x0000
Endurance monitoring:
  Word 0: write_cycles=3, cell_errors_any=0, cell_errors=0x00000000
  Word 1: write_cycles=2, cell_errors_any=0, cell_errors=0x00000000
  Word 2: write_cycles=2, cell_errors_any=0, cell_errors=0x00000000
  Word 3: write_cycles=2, cell_errors_any=0, cell_errors=0x00000000
Phase 5 completed with 0 errors

--- Phase 6: Endurance Counter Testing ---
Initial write cycles - Addr 0x0: 3, Addr 0x1: 2
Performing 10 writes to address 0x0...
[5105000] Writing 0x12345678 to address 0x0000
[5245000] Write completed successfully
  Write 1: cycles now = 4
[5245000] Writing 0x12345679 to address 0x0000
[5385000] Write completed successfully
  Write 2: cycles now = 5
[5385000] Writing 0x1234567a to address 0x0000
[5525000] Write completed successfully
  Write 3: cycles now = 6
[5525000] Writing 0x1234567b to address 0x0000
[5665000] Write completed successfully
  Write 4: cycles now = 7
[5665000] Writing 0x1234567c to address 0x0000
[5805000] Write completed successfully
  Write 5: cycles now = 8
[5805000] Writing 0x1234567d to address 0x0000
[5945000] Write completed successfully
  Write 6: cycles now = 9
[5945000] Writing 0x1234567e to address 0x0000
[6085000] Write completed successfully
  Write 7: cycles now = 10
[6085000] Writing 0x1234567f to address 0x0000
[6225000] Write completed successfully
  Write 8: cycles now = 11
[6225000] Writing 0x12345680 to address 0x0000
[6365000] Write completed successfully
  Write 9: cycles now = 12
[6365000] Writing 0x12345681 to address 0x0000
[6505000] Write completed successfully
  Write 10: cycles now = 13
Performing 5 writes to address 0x1...
[6505000] Writing 0xabcdef00 to address 0x0001
[6645000] Write completed successfully
  Write 1: cycles now = 3
[6645000] Writing 0xabcdef01 to address 0x0001
[6785000] Write completed successfully
  Write 2: cycles now = 4
[6785000] Writing 0xabcdef02 to address 0x0001
[6925000] Write completed successfully
  Write 3: cycles now = 5
[6925000] Writing 0xabcdef03 to address 0x0001
[7065000] Write completed successfully
  Write 4: cycles now = 6
[7065000] Writing 0xabcdef04 to address 0x0001
[7205000] Write completed successfully
  Write 5: cycles now = 7
Final write cycles - Addr 0x0: 13, Addr 0x1: 7
[PASS] Address 0x0 write counter correctly incremented by 10
[PASS] Address 0x1 write counter correctly incremented by 5
Testing that reads don't affect write counters...
[7205000] Reading from address 0x0000
[7275000] Read data: 0x12345681
[7275000] Reading from address 0x0000
[7345000] Read data: 0x12345681
[7345000] Reading from address 0x0000
[7415000] Read data: 0x12345681
[7415000] Reading from address 0x0000
[7485000] Read data: 0x12345681
[7485000] Reading from address 0x0000
[7555000] Read data: 0x12345681
[PASS] Read operations correctly did not affect write counter
Checking cell error flags for low write counts...
[PASS] Address 0x00000000 shows no cell errors with 13 writes
[PASS] Address 0x00000001 shows no cell errors with 7 writes
[PASS] Address 0x00000002 shows no cell errors with 2 writes
[PASS] Address 0x00000003 shows no cell errors with 2 writes

Comprehensive endurance status:
  Word  0: cycles= 13, errors_any=0, errors=0x00000000
  Word  1: cycles=  7, errors_any=0, errors=0x00000000
  Word  2: cycles=  2, errors_any=0, errors=0x00000000
  Word  3: cycles=  2, errors_any=0, errors=0x00000000
  Word  4: cycles=  2, errors_any=0, errors=0x00000000
  Word  5: cycles=  2, errors_any=0, errors=0x00000000
  Word  6: cycles=  2, errors_any=0, errors=0x00000000
  Word  7: cycles=  2, errors_any=0, errors=0x00000000
  Word  8: cycles=  1, errors_any=0, errors=0x00000000
  Word  9: cycles=  0, errors_any=0, errors=0x00000000
  Word 10: cycles=  1, errors_any=0, errors=0x00000000
  Word 11: cycles=  1, errors_any=0, errors=0x00000000
  Word 12: cycles=  1, errors_any=0, errors=0x00000000
  Word 13: cycles=  1, errors_any=0, errors=0x00000000
  Word 14: cycles=  0, errors_any=0, errors=0x00000000
  Word 15: cycles=  2, errors_any=0, errors=0x00000000

Testing counter independence...
[PASS] Address 0x00000002 has expected low write count: 2
[PASS] Address 0x00000003 has expected low write count: 2
[PASS] Address 0x00000004 has expected low write count: 2
[PASS] Address 0x00000005 has expected low write count: 2
[PASS] Address 0x00000006 has expected low write count: 2
[PASS] Address 0x00000007 has expected low write count: 2
[PASS] Address 0x00000008 has expected low write count: 1
[PASS] Address 0x00000009 has expected low write count: 0
[PASS] Address 0x0000000a has expected low write count: 1
[PASS] Address 0x0000000b has expected low write count: 1
[PASS] Address 0x0000000c has expected low write count: 1
[PASS] Address 0x0000000d has expected low write count: 1
[PASS] Address 0x0000000e has expected low write count: 0
[PASS] Address 0x0000000f has expected low write count: 2
Phase 6 completed with 0 errors

--- Phase 7: Wear-Out Testing ---
Wearing out address 0x000f to exactly 200 write cycles...
Initial state - cycles: 2, cell_errors_any: 0
[INFO] Wearing out address 0x000f: 2 -> 200 cycles (198 writes needed)
[7555000] Writing 0xaead0000 to address 0x000f
[7695000] Write completed successfully
[7695000] Writing 0xaead0001 to address 0x000f
[7835000] Write completed successfully
[7835000] Writing 0xaead0002 to address 0x000f
[7975000] Write completed successfully
[7975000] Writing 0xaead0003 to address 0x000f
[8115000] Write completed successfully
[8115000] Writing 0xaead0004 to address 0x000f
[8255000] Write completed successfully
[8255000] Writing 0xaead0005 to address 0x000f
[8395000] Write completed successfully
[8395000] Writing 0xaead0006 to address 0x000f
[8535000] Write completed successfully
[8535000] Writing 0xaead0007 to address 0x000f
[8675000] Write completed successfully
[8675000] Writing 0xaead0008 to address 0x000f
[8815000] Write completed successfully
[8815000] Writing 0xaead0009 to address 0x000f
[8955000] Write completed successfully
[8955000] Writing 0xaead000a to address 0x000f
[9095000] Write completed successfully
[9095000] Writing 0xaead000b to address 0x000f
[9235000] Write completed successfully
[9235000] Writing 0xaead000c to address 0x000f
[9375000] Write completed successfully
[9375000] Writing 0xaead000d to address 0x000f
[9515000] Write completed successfully
[9515000] Writing 0xaead000e to address 0x000f
[9655000] Write completed successfully
[9655000] Writing 0xaead000f to address 0x000f
[9795000] Write completed successfully
[9795000] Writing 0xaead0010 to address 0x000f
[9935000] Write completed successfully
[9935000] Writing 0xaead0011 to address 0x000f
[10075000] Write completed successfully
[10075000] Writing 0xaead0012 to address 0x000f
[10215000] Write completed successfully
[10215000] Writing 0xaead0013 to address 0x000f
[10355000] Write completed successfully
[10355000] Writing 0xaead0014 to address 0x000f
[10495000] Write completed successfully
[10495000] Writing 0xaead0015 to address 0x000f
[10635000] Write completed successfully
[10635000] Writing 0xaead0016 to address 0x000f
[10775000] Write completed successfully
[10775000] Writing 0xaead0017 to address 0x000f
[10915000] Write completed successfully
[10915000] Writing 0xaead0018 to address 0x000f
[11055000] Write completed successfully
  Progress: 25/198 writes completed, cycles now = 27
[11055000] Writing 0xaead0019 to address 0x000f
[11195000] Write completed successfully
[11195000] Writing 0xaead001a to address 0x000f
[11335000] Write completed successfully
[11335000] Writing 0xaead001b to address 0x000f
[11475000] Write completed successfully
[11475000] Writing 0xaead001c to address 0x000f
[11615000] Write completed successfully
[11615000] Writing 0xaead001d to address 0x000f
[11755000] Write completed successfully
[11755000] Writing 0xaead001e to address 0x000f
[11895000] Write completed successfully
[11895000] Writing 0xaead001f to address 0x000f
[12035000] Write completed successfully
[12035000] Writing 0xaead0020 to address 0x000f
[12175000] Write completed successfully
[12175000] Writing 0xaead0021 to address 0x000f
[12315000] Write completed successfully
[12315000] Writing 0xaead0022 to address 0x000f
[12455000] Write completed successfully
[12455000] Writing 0xaead0023 to address 0x000f
[12595000] Write completed successfully
[12595000] Writing 0xaead0024 to address 0x000f
[12735000] Write completed successfully
[12735000] Writing 0xaead0025 to address 0x000f
[12875000] Write completed successfully
[12875000] Writing 0xaead0026 to address 0x000f
[13015000] Write completed successfully
[13015000] Writing 0xaead0027 to address 0x000f
[13155000] Write completed successfully
[13155000] Writing 0xaead0028 to address 0x000f
[13295000] Write completed successfully
[13295000] Writing 0xaead0029 to address 0x000f
[13435000] Write completed successfully
[13435000] Writing 0xaead002a to address 0x000f
[13575000] Write completed successfully
[13575000] Writing 0xaead002b to address 0x000f
[13715000] Write completed successfully
[13715000] Writing 0xaead002c to address 0x000f
[13855000] Write completed successfully
[13855000] Writing 0xaead002d to address 0x000f
[13995000] Write completed successfully
[13995000] Writing 0xaead002e to address 0x000f
[14135000] Write completed successfully
[14135000] Writing 0xaead002f to address 0x000f
[14275000] Write completed successfully
[14275000] Writing 0xaead0030 to address 0x000f
[14415000] Write completed successfully
[14415000] Writing 0xaead0031 to address 0x000f
[14555000] Write completed successfully
  Progress: 50/198 writes completed, cycles now = 52
[14555000] Writing 0xaead0032 to address 0x000f
[14695000] Write completed successfully
[14695000] Writing 0xaead0033 to address 0x000f
[14835000] Write completed successfully
[14835000] Writing 0xaead0034 to address 0x000f
[14975000] Write completed successfully
[14975000] Writing 0xaead0035 to address 0x000f
[15115000] Write completed successfully
[15115000] Writing 0xaead0036 to address 0x000f
[15255000] Write completed successfully
[15255000] Writing 0xaead0037 to address 0x000f
[15395000] Write completed successfully
[15395000] Writing 0xaead0038 to address 0x000f
[15535000] Write completed successfully
[15535000] Writing 0xaead0039 to address 0x000f
[15675000] Write completed successfully
[15675000] Writing 0xaead003a to address 0x000f
[15815000] Write completed successfully
[15815000] Writing 0xaead003b to address 0x000f
[15955000] Write completed successfully
[15955000] Writing 0xaead003c to address 0x000f
[16095000] Write completed successfully
[16095000] Writing 0xaead003d to address 0x000f
[16235000] Write completed successfully
[16235000] Writing 0xaead003e to address 0x000f
[16375000] Write completed successfully
[16375000] Writing 0xaead003f to address 0x000f
[16515000] Write completed successfully
[16515000] Writing 0xaead0040 to address 0x000f
[16655000] Write completed successfully
[16655000] Writing 0xaead0041 to address 0x000f
[16795000] Write completed successfully
[16795000] Writing 0xaead0042 to address 0x000f
[16935000] Write completed successfully
[16935000] Writing 0xaead0043 to address 0x000f
[17075000] Write completed successfully
[17075000] Writing 0xaead0044 to address 0x000f
[17215000] Write completed successfully
[17215000] Writing 0xaead0045 to address 0x000f
[17355000] Write completed successfully
[17355000] Writing 0xaead0046 to address 0x000f
[17495000] Write completed successfully
[17495000] Writing 0xaead0047 to address 0x000f
[17635000] Write completed successfully
[17635000] Writing 0xaead0048 to address 0x000f
[17775000] Write completed successfully
[17775000] Writing 0xaead0049 to address 0x000f
[17915000] Write completed successfully
[17915000] Writing 0xaead004a to address 0x000f
[18055000] Write completed successfully
  Progress: 75/198 writes completed, cycles now = 77
[18055000] Writing 0xaead004b to address 0x000f
[18195000] Write completed successfully
[18195000] Writing 0xaead004c to address 0x000f
[18335000] Write completed successfully
[18335000] Writing 0xaead004d to address 0x000f
[18475000] Write completed successfully
[18475000] Writing 0xaead004e to address 0x000f
[18615000] Write completed successfully
[18615000] Writing 0xaead004f to address 0x000f
[18755000] Write completed successfully
[18755000] Writing 0xaead0050 to address 0x000f
[18895000] Write completed successfully
[18895000] Writing 0xaead0051 to address 0x000f
[19035000] Write completed successfully
[19035000] Writing 0xaead0052 to address 0x000f
[19175000] Write completed successfully
[19175000] Writing 0xaead0053 to address 0x000f
[19315000] Write completed successfully
[19315000] Writing 0xaead0054 to address 0x000f
[19455000] Write completed successfully
[19455000] Writing 0xaead0055 to address 0x000f
[19595000] Write completed successfully
[19595000] Writing 0xaead0056 to address 0x000f
[19735000] Write completed successfully
[19735000] Writing 0xaead0057 to address 0x000f
[19875000] Write completed successfully
[19875000] Writing 0xaead0058 to address 0x000f
[20015000] Write completed successfully
[20015000] Writing 0xaead0059 to address 0x000f
[20155000] Write completed successfully
[20155000] Writing 0xaead005a to address 0x000f
[20295000] Write completed successfully
[20295000] Writing 0xaead005b to address 0x000f
[20435000] Write completed successfully
[20435000] Writing 0xaead005c to address 0x000f
[20575000] Write completed successfully
[20575000] Writing 0xaead005d to address 0x000f
[20715000] Write completed successfully
[20715000] Writing 0xaead005e to address 0x000f
[20855000] Write completed successfully
[20855000] Writing 0xaead005f to address 0x000f
[20995000] Write completed successfully
[20995000] Writing 0xaead0060 to address 0x000f
[21135000] Write completed successfully
[21135000] Writing 0xaead0061 to address 0x000f
[21275000] Write completed successfully
[21275000] Writing 0xaead0062 to address 0x000f
[21415000] Write completed successfully
[21415000] Writing 0xaead0063 to address 0x000f
[21555000] Write completed successfully
  Progress: 100/198 writes completed, cycles now = 102
[21555000] Writing 0xaead0064 to address 0x000f
[21695000] Write completed successfully
[21695000] Writing 0xaead0065 to address 0x000f
[21835000] Write completed successfully
[21835000] Writing 0xaead0066 to address 0x000f
[21975000] Write completed successfully
[21975000] Writing 0xaead0067 to address 0x000f
[22115000] Write completed successfully
[22115000] Writing 0xaead0068 to address 0x000f
[22255000] Write completed successfully
[22255000] Writing 0xaead0069 to address 0x000f
[22395000] Write completed successfully
[22395000] Writing 0xaead006a to address 0x000f
[22535000] Write completed successfully
[22535000] Writing 0xaead006b to address 0x000f
[22675000] Write completed successfully
[22675000] Writing 0xaead006c to address 0x000f
[22815000] Write completed successfully
[22815000] Writing 0xaead006d to address 0x000f
[22955000] Write completed successfully
[22955000] Writing 0xaead006e to address 0x000f
[23095000] Write completed successfully
[23095000] Writing 0xaead006f to address 0x000f
[23235000] Write completed successfully
[23235000] Writing 0xaead0070 to address 0x000f
[23375000] Write completed successfully
[23375000] Writing 0xaead0071 to address 0x000f
[23515000] Write completed successfully
[23515000] Writing 0xaead0072 to address 0x000f
[23655000] Write completed successfully
[23655000] Writing 0xaead0073 to address 0x000f
[23795000] Write completed successfully
[23795000] Writing 0xaead0074 to address 0x000f
[23935000] Write completed successfully
[23935000] Writing 0xaead0075 to address 0x000f
[24075000] Write completed successfully
[24075000] Writing 0xaead0076 to address 0x000f
[24215000] Write completed successfully
[24215000] Writing 0xaead0077 to address 0x000f
[24355000] Write completed successfully
[24355000] Writing 0xaead0078 to address 0x000f
[24495000] Write completed successfully
[24495000] Writing 0xaead0079 to address 0x000f
[24635000] Write completed successfully
[24635000] Writing 0xaead007a to address 0x000f
[24775000] Write completed successfully
[24775000] Writing 0xaead007b to address 0x000f
[24915000] Write completed successfully
[24915000] Writing 0xaead007c to address 0x000f
[25055000] Write completed successfully
  Progress: 125/198 writes completed, cycles now = 127
[25055000] Writing 0xaead007d to address 0x000f
[25195000] Write completed successfully
[25195000] Writing 0xaead007e to address 0x000f
[25335000] Write completed successfully
[25335000] Writing 0xaead007f to address 0x000f
[25475000] Write completed successfully
[25475000] Writing 0xaead0080 to address 0x000f
[25615000] Write completed successfully
[25615000] Writing 0xaead0081 to address 0x000f
[25755000] Write completed successfully
[25755000] Writing 0xaead0082 to address 0x000f
[25895000] Write completed successfully
[25895000] Writing 0xaead0083 to address 0x000f
[26035000] Write completed successfully
[26035000] Writing 0xaead0084 to address 0x000f
[26175000] Write completed successfully
[26175000] Writing 0xaead0085 to address 0x000f
[26315000] Write completed successfully
[26315000] Writing 0xaead0086 to address 0x000f
[26455000] Write completed successfully
[26455000] Writing 0xaead0087 to address 0x000f
[26595000] Write completed successfully
[26595000] Writing 0xaead0088 to address 0x000f
[26735000] Write completed successfully
[26735000] Writing 0xaead0089 to address 0x000f
[26875000] Write completed successfully
[26875000] Writing 0xaead008a to address 0x000f
[27015000] Write completed successfully
[27015000] Writing 0xaead008b to address 0x000f
[27155000] Write completed successfully
[27155000] Writing 0xaead008c to address 0x000f
[27295000] Write completed successfully
[27295000] Writing 0xaead008d to address 0x000f
[27435000] Write completed successfully
[27435000] Writing 0xaead008e to address 0x000f
[27575000] Write completed successfully
[27575000] Writing 0xaead008f to address 0x000f
[27715000] Write completed successfully
[27715000] Writing 0xaead0090 to address 0x000f
[27855000] Write completed successfully
[27855000] Writing 0xaead0091 to address 0x000f
[27995000] Write completed successfully
[27995000] Writing 0xaead0092 to address 0x000f
[28135000] Write completed successfully
[28135000] Writing 0xaead0093 to address 0x000f
[28275000] Write completed successfully
[28275000] Writing 0xaead0094 to address 0x000f
[28415000] Write completed successfully
[28415000] Writing 0xaead0095 to address 0x000f
[28555000] Write completed successfully
  Progress: 150/198 writes completed, cycles now = 152
[28555000] Writing 0xaead0096 to address 0x000f
[28695000] Write completed successfully
[28695000] Writing 0xaead0097 to address 0x000f
[28835000] Write completed successfully
[28835000] Writing 0xaead0098 to address 0x000f
[28975000] Write completed successfully
[28975000] Writing 0xaead0099 to address 0x000f
[29115000] Write completed successfully
[29115000] Writing 0xaead009a to address 0x000f
[29255000] Write completed successfully
[29255000] Writing 0xaead009b to address 0x000f
[29395000] Write completed successfully
[29395000] Writing 0xaead009c to address 0x000f
[29535000] Write completed successfully
[29535000] Writing 0xaead009d to address 0x000f
[29675000] Write completed successfully
[29675000] Writing 0xaead009e to address 0x000f
[29815000] Write completed successfully
[29815000] Writing 0xaead009f to address 0x000f
[29955000] Write completed successfully
[29955000] Writing 0xaead00a0 to address 0x000f
[30095000] Write completed successfully
[30095000] Writing 0xaead00a1 to address 0x000f
[30235000] Write completed successfully
[30235000] Writing 0xaead00a2 to address 0x000f
[30375000] Write completed successfully
[30375000] Writing 0xaead00a3 to address 0x000f
[30515000] Write completed successfully
[30515000] Writing 0xaead00a4 to address 0x000f
[30655000] Write completed successfully
[30655000] Writing 0xaead00a5 to address 0x000f
[30795000] Write completed successfully
[30795000] Writing 0xaead00a6 to address 0x000f
[30935000] Write completed successfully
[30935000] Writing 0xaead00a7 to address 0x000f
[31075000] Write completed successfully
[31075000] Writing 0xaead00a8 to address 0x000f
[31215000] Write completed successfully
[31215000] Writing 0xaead00a9 to address 0x000f
[31355000] Write completed successfully
[31355000] Writing 0xaead00aa to address 0x000f
[31495000] Write completed successfully
[31495000] Writing 0xaead00ab to address 0x000f
[31635000] Write completed successfully
[31635000] Writing 0xaead00ac to address 0x000f
[31775000] Write completed successfully
[31775000] Writing 0xaead00ad to address 0x000f
[31915000] Write completed successfully
[31915000] Writing 0xaead00ae to address 0x000f
[32055000] Write completed successfully
  Progress: 175/198 writes completed, cycles now = 177
[32055000] Writing 0xaead00af to address 0x000f
[32195000] Write completed successfully
[32195000] Writing 0xaead00b0 to address 0x000f
[32335000] Write completed successfully
[32335000] Writing 0xaead00b1 to address 0x000f
[32475000] Write completed successfully
[32475000] Writing 0xaead00b2 to address 0x000f
[32615000] Write completed successfully
[32615000] Writing 0xaead00b3 to address 0x000f
[32755000] Write completed successfully
[32755000] Writing 0xaead00b4 to address 0x000f
[32895000] Write completed successfully
[32895000] Writing 0xaead00b5 to address 0x000f
[33035000] Write completed successfully
[33035000] Writing 0xaead00b6 to address 0x000f
[33175000] Write completed successfully
[33175000] Writing 0xaead00b7 to address 0x000f
[33315000] Write completed successfully
[33315000] Writing 0xaead00b8 to address 0x000f
[33455000] Write completed successfully
[33455000] Writing 0xaead00b9 to address 0x000f
[33595000] Write completed successfully
[33595000] Writing 0xaead00ba to address 0x000f
[33735000] Write completed successfully
[33735000] Writing 0xaead00bb to address 0x000f
[33875000] Write completed successfully
[33875000] Writing 0xaead00bc to address 0x000f
[34015000] Write completed successfully
[34015000] Writing 0xaead00bd to address 0x000f
[34155000] Write completed successfully
[34155000] Writing 0xaead00be to address 0x000f
[34295000] Write completed successfully
[34295000] Writing 0xaead00bf to address 0x000f
[34435000] Write completed successfully
[34435000] Writing 0xaead00c0 to address 0x000f
[34575000] Write completed successfully
[34575000] Writing 0xaead00c1 to address 0x000f
[34715000] Write completed successfully
[34715000] Writing 0xaead00c2 to address 0x000f
[34855000] Write completed successfully
[34855000] Writing 0xaead00c3 to address 0x000f
[34995000] Write completed successfully
[34995000] Writing 0xaead00c4 to address 0x000f
[35135000] Write completed successfully
[35135000] Writing 0xaead00c5 to address 0x000f
[35275000] Write completed with ERROR to address 0x000f (address may be worn out)
[INFO] Address 0x000f reached target cycles: 200
[INFO] Wear-out complete. Address 0x000f final cycles: 200, cell_errors_any: 1
Final state - cycles: 200, cell_errors_any: 1
[PASS] Address 0x000f correctly shows cell errors after reaching limit

Testing operations on worn-out address...
Attempting write to worn-out address 0x000f...
[35275000] Writing 0xdeadbeef to address 0x000f
run: Time (s): cpu = 00:00:02 ; elapsed = 00:00:07 . Memory (MB): peak = 872.262 ; gain = 0.000
close_sim
INFO: [Simtcl 6-16] Simulation closed
reset_simulation -simset sim_1 -mode behavioral
INFO: [Vivado 12-2266] Removing simulation data...
INFO: [Vivado 12-2267] Reset complete
launch_simulation
INFO: [Vivado 12-5682] Launching behavioral simulation in 'C:/Users/hrish/Downloads/ReRAM_Thesis/Project Folder/ReRam_Redefined/ReRam_Redefined.sim/sim_1/behav/xsim'
INFO: [SIM-utils-51] Simulation object is 'sim_1'
INFO: [SIM-utils-54] Inspecting design source files for 'tb_reram_memory_controller_blocking' in fileset 'sim_1'...
INFO: [USF-XSim-97] Finding global include files...
INFO: [USF-XSim-98] Fetching design files from 'sim_1'...
INFO: [USF-XSim-2] XSim::Compile design
INFO: [USF-XSim-61] Executing 'COMPILE and ANALYZE' step in 'C:/Users/hrish/Downloads/ReRAM_Thesis/Project Folder/ReRam_Redefined/ReRam_Redefined.sim/sim_1/behav/xsim'
"xvlog --incr --relax -L xil_defaultlib -prj tb_reram_memory_controller_blocking_vlog.prj"
INFO: [VRFC 10-2263] Analyzing SystemVerilog file "C:/Xilinx/Vivado/2018.1/data/xilinx_vip/hdl/axi4stream_vip_axi4streampc.sv" into library xilinx_vip
INFO: [VRFC 10-2263] Analyzing SystemVerilog file "C:/Xilinx/Vivado/2018.1/data/xilinx_vip/hdl/axi_vip_axi4pc.sv" into library xilinx_vip
INFO: [VRFC 10-2263] Analyzing SystemVerilog file "C:/Xilinx/Vivado/2018.1/data/xilinx_vip/hdl/xil_common_vip_pkg.sv" into library xilinx_vip
INFO: [VRFC 10-2263] Analyzing SystemVerilog file "C:/Xilinx/Vivado/2018.1/data/xilinx_vip/hdl/axi4stream_vip_pkg.sv" into library xilinx_vip
INFO: [VRFC 10-2263] Analyzing SystemVerilog file "C:/Xilinx/Vivado/2018.1/data/xilinx_vip/hdl/axi_vip_pkg.sv" into library xilinx_vip
INFO: [VRFC 10-2263] Analyzing SystemVerilog file "C:/Xilinx/Vivado/2018.1/data/xilinx_vip/hdl/axi4stream_vip_if.sv" into library xilinx_vip
INFO: [VRFC 10-2263] Analyzing SystemVerilog file "C:/Xilinx/Vivado/2018.1/data/xilinx_vip/hdl/axi_vip_if.sv" into library xilinx_vip
WARNING: [VRFC 10-998] macro ARESET_XCHECK redefined [C:/Xilinx/Vivado/2018.1/data/xilinx_vip/hdl/axi_vip_if.sv:79]
WARNING: [VRFC 10-998] macro ARESET_XCHECK_SOL redefined [C:/Xilinx/Vivado/2018.1/data/xilinx_vip/hdl/axi_vip_if.sv:80]
INFO: [VRFC 10-2263] Analyzing SystemVerilog file "C:/Xilinx/Vivado/2018.1/data/xilinx_vip/hdl/clk_vip_if.sv" into library xilinx_vip
INFO: [VRFC 10-2263] Analyzing SystemVerilog file "C:/Xilinx/Vivado/2018.1/data/xilinx_vip/hdl/rst_vip_if.sv" into library xilinx_vip
INFO: [VRFC 10-2263] Analyzing SystemVerilog file "C:/Users/hrish/Downloads/ReRAM_Thesis/Project Folder/ReRam_Redefined/ReRam_Redefined.srcs/sources_1/imports/Downloads/reram_cell_simple.sv" into library xil_defaultlib
INFO: [VRFC 10-311] analyzing module reram_cell_simple
INFO: [VRFC 10-2263] Analyzing SystemVerilog file "C:/Users/hrish/Downloads/ReRAM_Thesis/Project Folder/ReRam_Redefined/ReRam_Redefined.srcs/sources_1/imports/3.0/reram_memory_controller_blocking.sv" into library xil_defaultlib
INFO: [VRFC 10-311] analyzing module reram_memory_controller_blocking
INFO: [VRFC 10-2263] Analyzing SystemVerilog file "C:/Users/hrish/Downloads/ReRAM_Thesis/Project Folder/ReRam_Redefined/ReRam_Redefined.srcs/sources_1/imports/2.0/reram_word_array_simple.sv" into library xil_defaultlib
INFO: [VRFC 10-311] analyzing module reram_word_array_simple
INFO: [VRFC 10-2263] Analyzing SystemVerilog file "C:/Users/hrish/Downloads/ReRAM_Thesis/Project Folder/ReRam_Redefined/ReRam_Redefined.srcs/sources_1/imports/3.0/tb_reram_memory_controller_blocking.sv" into library xil_defaultlib
INFO: [VRFC 10-311] analyzing module tb_reram_memory_controller_blocking
INFO: [VRFC 10-2263] Analyzing Verilog file "C:/Users/hrish/Downloads/ReRAM_Thesis/Project Folder/ReRam_Redefined/ReRam_Redefined.sim/sim_1/behav/xsim/glbl.v" into library xil_defaultlib
INFO: [VRFC 10-311] analyzing module glbl
INFO: [USF-XSim-69] 'compile' step finished in '2' seconds
INFO: [USF-XSim-3] XSim::Elaborate design
INFO: [USF-XSim-61] Executing 'ELABORATE' step in 'C:/Users/hrish/Downloads/ReRAM_Thesis/Project Folder/ReRam_Redefined/ReRam_Redefined.sim/sim_1/behav/xsim'
Vivado Simulator 2018.1
Copyright 1986-1999, 2001-2017 Xilinx, Inc. All Rights Reserved.
Running: C:/Xilinx/Vivado/2018.1/bin/unwrapped/win64.o/xelab.exe -wto 2413a4e8c8dd4490957e722b50b7e2e6 --incr --debug typical --relax --mt 2 -L xilinx_vip -L xil_defaultlib -L unisims_ver -L unimacro_ver -L secureip --snapshot tb_reram_memory_controller_blocking_behav xil_defaultlib.tb_reram_memory_controller_blocking xil_defaultlib.glbl -log elaborate.log 
Using 2 slave threads.
Starting static elaboration
Completed static elaboration
Starting simulation data flow analysis
WARNING: [XSIM 43-4100] "C:/Users/hrish/Downloads/ReRAM_Thesis/Project Folder/ReRam_Redefined/ReRam_Redefined.sim/sim_1/behav/xsim/glbl.v" Line 6. Module glbl has a timescale but at least one module in design doesn't have timescale.
Completed simulation data flow analysis
Time Resolution for simulation is 1ps
Compiling module xil_defaultlib.reram_cell_simple(MAX_WRITE_CYCL...
Compiling module xil_defaultlib.reram_word_array_simple_default
Compiling module xil_defaultlib.reram_memory_controller_blocking...
Compiling module xil_defaultlib.tb_reram_memory_controller_block...
Compiling module xil_defaultlib.glbl
Built simulation snapshot tb_reram_memory_controller_blocking_behav

****** Webtalk v2018.1 (64-bit)
  **** SW Build 2188600 on Wed Apr  4 18:40:38 MDT 2018
  **** IP Build 2185939 on Wed Apr  4 20:55:05 MDT 2018
    ** Copyright 1986-2018 Xilinx, Inc. All Rights Reserved.

source C:/Users/hrish/Downloads/ReRAM_Thesis/Project -notrace
couldn't read file "C:/Users/hrish/Downloads/ReRAM_Thesis/Project": permission denied
INFO: [Common 17-206] Exiting Webtalk at Thu Oct 23 01:47:21 2025...
INFO: [USF-XSim-69] 'elaborate' step finished in '4' seconds
INFO: [USF-XSim-4] XSim::Simulate design
INFO: [USF-XSim-61] Executing 'SIMULATE' step in 'C:/Users/hrish/Downloads/ReRAM_Thesis/Project Folder/ReRam_Redefined/ReRam_Redefined.sim/sim_1/behav/xsim'
INFO: [USF-XSim-98] *** Running xsim
   with args "tb_reram_memory_controller_blocking_behav -key {Behavioral:sim_1:Functional:tb_reram_memory_controller_blocking} -tclbatch {tb_reram_memory_controller_blocking.tcl} -log {simulate.log}"
INFO: [USF-XSim-8] Loading simulator feature
Vivado Simulator 2018.1
Time resolution is 1 ps
source tb_reram_memory_controller_blocking.tcl
# set curr_wave [current_wave_config]
# if { [string length $curr_wave] == 0 } {
#   if { [llength [get_objects]] > 0} {
#     add_wave /
#     set_property needs_save false [current_wave_config]
#   } else {
#      send_msg_id Add_Wave-1 WARNING "No top level signals found. Simulator will start without a wave window. If you want to open a wave window go to 'File->New Waveform Configuration' or type 'create_wave_config' in the TCL console."
#   }
# }
# run 1000ns
=========================================================================
Simple Blocking ReRAM Memory Controller Test
=========================================================================
Memory size: 16 words (64 bytes)
Address width: 4 bits
Data width: 32 bits
[0] Resetting memory controller...
[65000] Reset complete

--- Phase 1: Basic Read/Write Operations ---
[65000] Writing 0xdeadbeef to address 0x0000
[205000] Write completed successfully
[205000] Reading from address 0x0000
[275000] Read data: 0xdeadbeef
[PASS] Data verification passed at 0x0000
[275000] Writing 0xcafebabe to address 0x0001
[415000] Write completed successfully
[415000] Reading from address 0x0001
[485000] Read data: 0xcafebabe
[PASS] Data verification passed at 0x0001
[485000] Writing 0x12345678 to address 0x0002
[625000] Write completed successfully
[625000] Reading from address 0x0002
[695000] Read data: 0x12345678
[PASS] Data verification passed at 0x0002
[695000] Writing 0xa5a5a5a5 to address 0x000f
[835000] Write completed successfully
[835000] Reading from address 0x000f
[905000] Read data: 0xa5a5a5a5
[PASS] Data verification passed at 0x000f
Phase 1 completed with 0 errors

--- Phase 2: Address Boundary Testing ---
[905000] Writing 0x00000001 to address 0x0000
INFO: [USF-XSim-96] XSim completed. Design snapshot 'tb_reram_memory_controller_blocking_behav' loaded.
INFO: [USF-XSim-97] XSim simulation ran for 1000ns
launch_simulation: Time (s): cpu = 00:00:04 ; elapsed = 00:00:09 . Memory (MB): peak = 882.980 ; gain = 0.000
restart
INFO: [Simtcl 6-17] Simulation restarted
run all
=========================================================================
Simple Blocking ReRAM Memory Controller Test
=========================================================================
Memory size: 16 words (64 bytes)
Address width: 4 bits
Data width: 32 bits
[0] Resetting memory controller...
[65000] Reset complete

--- Phase 1: Basic Read/Write Operations ---
[65000] Writing 0xdeadbeef to address 0x0000
[205000] Write completed successfully
[205000] Reading from address 0x0000
[275000] Read data: 0xdeadbeef
[PASS] Data verification passed at 0x0000
[275000] Writing 0xcafebabe to address 0x0001
[415000] Write completed successfully
[415000] Reading from address 0x0001
[485000] Read data: 0xcafebabe
[PASS] Data verification passed at 0x0001
[485000] Writing 0x12345678 to address 0x0002
[625000] Write completed successfully
[625000] Reading from address 0x0002
[695000] Read data: 0x12345678
[PASS] Data verification passed at 0x0002
[695000] Writing 0xa5a5a5a5 to address 0x000f
[835000] Write completed successfully
[835000] Reading from address 0x000f
[905000] Read data: 0xa5a5a5a5
[PASS] Data verification passed at 0x000f
Phase 1 completed with 0 errors

--- Phase 2: Address Boundary Testing ---
[905000] Writing 0x00000001 to address 0x0000
[1045000] Write completed successfully
[1045000] Reading from address 0x0000
[1115000] Read data: 0x00000001
[PASS] Data verification passed at 0x0000
[1115000] Writing 0xffffffff to address 0x000f
[1255000] Write completed successfully
[1255000] Reading from address 0x000f
[1325000] Read data: 0xffffffff
[PASS] Data verification passed at 0x000f
[1325000] Writing 0x12345678 to address 0x0007
[1465000] Write completed successfully
[1465000] Reading from address 0x0007
[1535000] Read data: 0x12345678
[PASS] Data verification passed at 0x0007
[1535000] Writing 0x87654321 to address 0x0008
[1675000] Write completed successfully
[1675000] Reading from address 0x0008
[1745000] Read data: 0x87654321
[PASS] Data verification passed at 0x0008
Phase 2 completed with 0 errors

--- Phase 3: Data Pattern Testing ---
[1745000] Writing 0x00000000 to address 0x000a
[1885000] Write completed successfully
[1885000] Reading from address 0x000a
[1955000] Read data: 0x00000000
[PASS] Data verification passed at 0x000a
[1955000] Writing 0xffffffff to address 0x000b
[2095000] Write completed successfully
[2095000] Reading from address 0x000b
[2165000] Read data: 0xffffffff
[PASS] Data verification passed at 0x000b
[2165000] Writing 0xaaaaaaaa to address 0x000c
[2305000] Write completed successfully
[2305000] Reading from address 0x000c
[2375000] Read data: 0xaaaaaaaa
[PASS] Data verification passed at 0x000c
[2375000] Writing 0x55555555 to address 0x000d
[2515000] Write completed successfully
[2515000] Reading from address 0x000d
[2585000] Read data: 0x55555555
[PASS] Data verification passed at 0x000d
Testing walking 1s patterns...
[2585000] Writing 0x00000001 to address 0x0003
[2725000] Write completed successfully
[2725000] Reading from address 0x0003
[2795000] Read data: 0x00000001
[PASS] Data verification passed at 0x0003
[2795000] Writing 0x00000100 to address 0x0004
[2935000] Write completed successfully
[2935000] Reading from address 0x0004
[3005000] Read data: 0x00000100
[PASS] Data verification passed at 0x0004
[3005000] Writing 0x00010000 to address 0x0005
[3145000] Write completed successfully
[3145000] Reading from address 0x0005
[3215000] Read data: 0x00010000
[PASS] Data verification passed at 0x0005
[3215000] Writing 0x01000000 to address 0x0006
[3355000] Write completed successfully
[3355000] Reading from address 0x0006
[3425000] Read data: 0x01000000
[PASS] Data verification passed at 0x0006
Phase 3 completed with 0 errors

--- Phase 4: Multiple Address Testing ---
[3425000] Writing 0x80000000 to address 0x0000
[3565000] Write completed successfully
[3565000] Writing 0x80000001 to address 0x0001
[3705000] Write completed successfully
[3705000] Writing 0x80000002 to address 0x0002
[3845000] Write completed successfully
[3845000] Writing 0x80000003 to address 0x0003
[3985000] Write completed successfully
[3985000] Writing 0x80000004 to address 0x0004
[4125000] Write completed successfully
[4125000] Writing 0x80000005 to address 0x0005
[4265000] Write completed successfully
[4265000] Writing 0x80000006 to address 0x0006
[4405000] Write completed successfully
[4405000] Writing 0x80000007 to address 0x0007
[4545000] Write completed successfully
[4545000] Reading from address 0x0000
[4615000] Read data: 0x80000000
[4615000] Reading from address 0x0001
[4685000] Read data: 0x80000001
[4685000] Reading from address 0x0002
[4755000] Read data: 0x80000002
[4755000] Reading from address 0x0003
[4825000] Read data: 0x80000003
[4825000] Reading from address 0x0004
[4895000] Read data: 0x80000004
[4895000] Reading from address 0x0005
[4965000] Read data: 0x80000005
[4965000] Reading from address 0x0006
[5035000] Read data: 0x80000006
[5035000] Reading from address 0x0007
[5105000] Read data: 0x80000007
Phase 4 completed with 0 errors

--- Phase 5: Status and Statistics ---
Total reads performed: 23
Total writes performed: 24
Word errors: 0x0000
Endurance monitoring:
  Word 0: write_cycles=3, cell_errors_any=0, cell_errors=0x00000000
  Word 1: write_cycles=2, cell_errors_any=0, cell_errors=0x00000000
  Word 2: write_cycles=2, cell_errors_any=0, cell_errors=0x00000000
  Word 3: write_cycles=2, cell_errors_any=0, cell_errors=0x00000000
Phase 5 completed with 0 errors

--- Phase 6: Endurance Counter Testing ---
Initial write cycles - Addr 0x0: 3, Addr 0x1: 2
Performing 10 writes to address 0x0...
[5105000] Writing 0x12345678 to address 0x0000
[5245000] Write completed successfully
  Write 1: cycles now = 4
[5245000] Writing 0x12345679 to address 0x0000
[5385000] Write completed successfully
  Write 2: cycles now = 5
[5385000] Writing 0x1234567a to address 0x0000
[5525000] Write completed successfully
  Write 3: cycles now = 6
[5525000] Writing 0x1234567b to address 0x0000
[5665000] Write completed successfully
  Write 4: cycles now = 7
[5665000] Writing 0x1234567c to address 0x0000
[5805000] Write completed successfully
  Write 5: cycles now = 8
[5805000] Writing 0x1234567d to address 0x0000
[5945000] Write completed successfully
  Write 6: cycles now = 9
[5945000] Writing 0x1234567e to address 0x0000
[6085000] Write completed successfully
  Write 7: cycles now = 10
[6085000] Writing 0x1234567f to address 0x0000
[6225000] Write completed successfully
  Write 8: cycles now = 11
[6225000] Writing 0x12345680 to address 0x0000
[6365000] Write completed successfully
  Write 9: cycles now = 12
[6365000] Writing 0x12345681 to address 0x0000
[6505000] Write completed successfully
  Write 10: cycles now = 13
Performing 5 writes to address 0x1...
[6505000] Writing 0xabcdef00 to address 0x0001
[6645000] Write completed successfully
  Write 1: cycles now = 3
[6645000] Writing 0xabcdef01 to address 0x0001
[6785000] Write completed successfully
  Write 2: cycles now = 4
[6785000] Writing 0xabcdef02 to address 0x0001
[6925000] Write completed successfully
  Write 3: cycles now = 5
[6925000] Writing 0xabcdef03 to address 0x0001
[7065000] Write completed successfully
  Write 4: cycles now = 6
[7065000] Writing 0xabcdef04 to address 0x0001
[7205000] Write completed successfully
  Write 5: cycles now = 7
Final write cycles - Addr 0x0: 13, Addr 0x1: 7
[PASS] Address 0x0 write counter correctly incremented by 10
[PASS] Address 0x1 write counter correctly incremented by 5
Testing that reads don't affect write counters...
[7205000] Reading from address 0x0000
[7275000] Read data: 0x12345681
[7275000] Reading from address 0x0000
[7345000] Read data: 0x12345681
[7345000] Reading from address 0x0000
[7415000] Read data: 0x12345681
[7415000] Reading from address 0x0000
[7485000] Read data: 0x12345681
[7485000] Reading from address 0x0000
[7555000] Read data: 0x12345681
[PASS] Read operations correctly did not affect write counter
Checking cell error flags for low write counts...
[PASS] Address 0x00000000 shows no cell errors with 13 writes
[PASS] Address 0x00000001 shows no cell errors with 7 writes
[PASS] Address 0x00000002 shows no cell errors with 2 writes
[PASS] Address 0x00000003 shows no cell errors with 2 writes

Comprehensive endurance status:
  Word  0: cycles= 13, errors_any=0, errors=0x00000000
  Word  1: cycles=  7, errors_any=0, errors=0x00000000
  Word  2: cycles=  2, errors_any=0, errors=0x00000000
  Word  3: cycles=  2, errors_any=0, errors=0x00000000
  Word  4: cycles=  2, errors_any=0, errors=0x00000000
  Word  5: cycles=  2, errors_any=0, errors=0x00000000
  Word  6: cycles=  2, errors_any=0, errors=0x00000000
  Word  7: cycles=  2, errors_any=0, errors=0x00000000
  Word  8: cycles=  1, errors_any=0, errors=0x00000000
  Word  9: cycles=  0, errors_any=0, errors=0x00000000
  Word 10: cycles=  1, errors_any=0, errors=0x00000000
  Word 11: cycles=  1, errors_any=0, errors=0x00000000
  Word 12: cycles=  1, errors_any=0, errors=0x00000000
  Word 13: cycles=  1, errors_any=0, errors=0x00000000
  Word 14: cycles=  0, errors_any=0, errors=0x00000000
  Word 15: cycles=  2, errors_any=0, errors=0x00000000

Testing counter independence...
[PASS] Address 0x00000002 has expected low write count: 2
[PASS] Address 0x00000003 has expected low write count: 2
[PASS] Address 0x00000004 has expected low write count: 2
[PASS] Address 0x00000005 has expected low write count: 2
[PASS] Address 0x00000006 has expected low write count: 2
[PASS] Address 0x00000007 has expected low write count: 2
[PASS] Address 0x00000008 has expected low write count: 1
[PASS] Address 0x00000009 has expected low write count: 0
[PASS] Address 0x0000000a has expected low write count: 1
[PASS] Address 0x0000000b has expected low write count: 1
[PASS] Address 0x0000000c has expected low write count: 1
[PASS] Address 0x0000000d has expected low write count: 1
[PASS] Address 0x0000000e has expected low write count: 0
[PASS] Address 0x0000000f has expected low write count: 2
Phase 6 completed with 0 errors

--- Phase 7: Wear-Out Testing ---
Wearing out address 0x000f to exactly 200 write cycles...
Initial state - cycles: 2, cell_errors_any: 0
[INFO] Wearing out address 0x000f: 2 -> 200 cycles (198 writes needed)
[7555000] Writing 0xaead0000 to address 0x000f
[7695000] Write completed successfully
[7695000] Writing 0xaead0001 to address 0x000f
[7835000] Write completed successfully
[7835000] Writing 0xaead0002 to address 0x000f
[7975000] Write completed successfully
[7975000] Writing 0xaead0003 to address 0x000f
[8115000] Write completed successfully
[8115000] Writing 0xaead0004 to address 0x000f
[8255000] Write completed successfully
[8255000] Writing 0xaead0005 to address 0x000f
[8395000] Write completed successfully
[8395000] Writing 0xaead0006 to address 0x000f
[8535000] Write completed successfully
[8535000] Writing 0xaead0007 to address 0x000f
[8675000] Write completed successfully
[8675000] Writing 0xaead0008 to address 0x000f
[8815000] Write completed successfully
[8815000] Writing 0xaead0009 to address 0x000f
[8955000] Write completed successfully
[8955000] Writing 0xaead000a to address 0x000f
[9095000] Write completed successfully
[9095000] Writing 0xaead000b to address 0x000f
[9235000] Write completed successfully
[9235000] Writing 0xaead000c to address 0x000f
[9375000] Write completed successfully
[9375000] Writing 0xaead000d to address 0x000f
[9515000] Write completed successfully
[9515000] Writing 0xaead000e to address 0x000f
[9655000] Write completed successfully
[9655000] Writing 0xaead000f to address 0x000f
[9795000] Write completed successfully
[9795000] Writing 0xaead0010 to address 0x000f
[9935000] Write completed successfully
[9935000] Writing 0xaead0011 to address 0x000f
[10075000] Write completed successfully
[10075000] Writing 0xaead0012 to address 0x000f
[10215000] Write completed successfully
[10215000] Writing 0xaead0013 to address 0x000f
[10355000] Write completed successfully
[10355000] Writing 0xaead0014 to address 0x000f
[10495000] Write completed successfully
[10495000] Writing 0xaead0015 to address 0x000f
[10635000] Write completed successfully
[10635000] Writing 0xaead0016 to address 0x000f
[10775000] Write completed successfully
[10775000] Writing 0xaead0017 to address 0x000f
[10915000] Write completed successfully
[10915000] Writing 0xaead0018 to address 0x000f
[11055000] Write completed successfully
  Progress: 25/198 writes completed, cycles now = 27
[11055000] Writing 0xaead0019 to address 0x000f
[11195000] Write completed successfully
[11195000] Writing 0xaead001a to address 0x000f
[11335000] Write completed successfully
[11335000] Writing 0xaead001b to address 0x000f
[11475000] Write completed successfully
[11475000] Writing 0xaead001c to address 0x000f
[11615000] Write completed successfully
[11615000] Writing 0xaead001d to address 0x000f
[11755000] Write completed successfully
[11755000] Writing 0xaead001e to address 0x000f
[11895000] Write completed successfully
[11895000] Writing 0xaead001f to address 0x000f
[12035000] Write completed successfully
[12035000] Writing 0xaead0020 to address 0x000f
[12175000] Write completed successfully
[12175000] Writing 0xaead0021 to address 0x000f
[12315000] Write completed successfully
[12315000] Writing 0xaead0022 to address 0x000f
[12455000] Write completed successfully
[12455000] Writing 0xaead0023 to address 0x000f
[12595000] Write completed successfully
[12595000] Writing 0xaead0024 to address 0x000f
[12735000] Write completed successfully
[12735000] Writing 0xaead0025 to address 0x000f
[12875000] Write completed successfully
[12875000] Writing 0xaead0026 to address 0x000f
[13015000] Write completed successfully
[13015000] Writing 0xaead0027 to address 0x000f
[13155000] Write completed successfully
[13155000] Writing 0xaead0028 to address 0x000f
[13295000] Write completed successfully
[13295000] Writing 0xaead0029 to address 0x000f
[13435000] Write completed successfully
[13435000] Writing 0xaead002a to address 0x000f
[13575000] Write completed successfully
[13575000] Writing 0xaead002b to address 0x000f
[13715000] Write completed successfully
[13715000] Writing 0xaead002c to address 0x000f
[13855000] Write completed successfully
[13855000] Writing 0xaead002d to address 0x000f
[13995000] Write completed successfully
[13995000] Writing 0xaead002e to address 0x000f
[14135000] Write completed successfully
[14135000] Writing 0xaead002f to address 0x000f
[14275000] Write completed successfully
[14275000] Writing 0xaead0030 to address 0x000f
[14415000] Write completed successfully
[14415000] Writing 0xaead0031 to address 0x000f
[14555000] Write completed successfully
  Progress: 50/198 writes completed, cycles now = 52
[14555000] Writing 0xaead0032 to address 0x000f
[14695000] Write completed successfully
[14695000] Writing 0xaead0033 to address 0x000f
[14835000] Write completed successfully
[14835000] Writing 0xaead0034 to address 0x000f
[14975000] Write completed successfully
[14975000] Writing 0xaead0035 to address 0x000f
[15115000] Write completed successfully
[15115000] Writing 0xaead0036 to address 0x000f
[15255000] Write completed successfully
[15255000] Writing 0xaead0037 to address 0x000f
[15395000] Write completed successfully
[15395000] Writing 0xaead0038 to address 0x000f
[15535000] Write completed successfully
[15535000] Writing 0xaead0039 to address 0x000f
[15675000] Write completed successfully
[15675000] Writing 0xaead003a to address 0x000f
[15815000] Write completed successfully
[15815000] Writing 0xaead003b to address 0x000f
[15955000] Write completed successfully
[15955000] Writing 0xaead003c to address 0x000f
[16095000] Write completed successfully
[16095000] Writing 0xaead003d to address 0x000f
[16235000] Write completed successfully
[16235000] Writing 0xaead003e to address 0x000f
[16375000] Write completed successfully
[16375000] Writing 0xaead003f to address 0x000f
[16515000] Write completed successfully
[16515000] Writing 0xaead0040 to address 0x000f
[16655000] Write completed successfully
[16655000] Writing 0xaead0041 to address 0x000f
[16795000] Write completed successfully
[16795000] Writing 0xaead0042 to address 0x000f
[16935000] Write completed successfully
[16935000] Writing 0xaead0043 to address 0x000f
[17075000] Write completed successfully
[17075000] Writing 0xaead0044 to address 0x000f
[17215000] Write completed successfully
[17215000] Writing 0xaead0045 to address 0x000f
[17355000] Write completed successfully
[17355000] Writing 0xaead0046 to address 0x000f
[17495000] Write completed successfully
[17495000] Writing 0xaead0047 to address 0x000f
[17635000] Write completed successfully
[17635000] Writing 0xaead0048 to address 0x000f
[17775000] Write completed successfully
[17775000] Writing 0xaead0049 to address 0x000f
[17915000] Write completed successfully
[17915000] Writing 0xaead004a to address 0x000f
[18055000] Write completed successfully
  Progress: 75/198 writes completed, cycles now = 77
[18055000] Writing 0xaead004b to address 0x000f
[18195000] Write completed successfully
[18195000] Writing 0xaead004c to address 0x000f
[18335000] Write completed successfully
[18335000] Writing 0xaead004d to address 0x000f
[18475000] Write completed successfully
[18475000] Writing 0xaead004e to address 0x000f
[18615000] Write completed successfully
[18615000] Writing 0xaead004f to address 0x000f
[18755000] Write completed successfully
[18755000] Writing 0xaead0050 to address 0x000f
[18895000] Write completed successfully
[18895000] Writing 0xaead0051 to address 0x000f
[19035000] Write completed successfully
[19035000] Writing 0xaead0052 to address 0x000f
[19175000] Write completed successfully
[19175000] Writing 0xaead0053 to address 0x000f
[19315000] Write completed successfully
[19315000] Writing 0xaead0054 to address 0x000f
[19455000] Write completed successfully
[19455000] Writing 0xaead0055 to address 0x000f
[19595000] Write completed successfully
[19595000] Writing 0xaead0056 to address 0x000f
[19735000] Write completed successfully
[19735000] Writing 0xaead0057 to address 0x000f
[19875000] Write completed successfully
[19875000] Writing 0xaead0058 to address 0x000f
[20015000] Write completed successfully
[20015000] Writing 0xaead0059 to address 0x000f
[20155000] Write completed successfully
[20155000] Writing 0xaead005a to address 0x000f
[20295000] Write completed successfully
[20295000] Writing 0xaead005b to address 0x000f
[20435000] Write completed successfully
[20435000] Writing 0xaead005c to address 0x000f
[20575000] Write completed successfully
[20575000] Writing 0xaead005d to address 0x000f
[20715000] Write completed successfully
[20715000] Writing 0xaead005e to address 0x000f
[20855000] Write completed successfully
[20855000] Writing 0xaead005f to address 0x000f
[20995000] Write completed successfully
[20995000] Writing 0xaead0060 to address 0x000f
[21135000] Write completed successfully
[21135000] Writing 0xaead0061 to address 0x000f
[21275000] Write completed successfully
[21275000] Writing 0xaead0062 to address 0x000f
[21415000] Write completed successfully
[21415000] Writing 0xaead0063 to address 0x000f
[21555000] Write completed successfully
  Progress: 100/198 writes completed, cycles now = 102
[21555000] Writing 0xaead0064 to address 0x000f
[21695000] Write completed successfully
[21695000] Writing 0xaead0065 to address 0x000f
[21835000] Write completed successfully
[21835000] Writing 0xaead0066 to address 0x000f
[21975000] Write completed successfully
[21975000] Writing 0xaead0067 to address 0x000f
[22115000] Write completed successfully
[22115000] Writing 0xaead0068 to address 0x000f
[22255000] Write completed successfully
[22255000] Writing 0xaead0069 to address 0x000f
[22395000] Write completed successfully
[22395000] Writing 0xaead006a to address 0x000f
[22535000] Write completed successfully
[22535000] Writing 0xaead006b to address 0x000f
[22675000] Write completed successfully
[22675000] Writing 0xaead006c to address 0x000f
[22815000] Write completed successfully
[22815000] Writing 0xaead006d to address 0x000f
[22955000] Write completed successfully
[22955000] Writing 0xaead006e to address 0x000f
[23095000] Write completed successfully
[23095000] Writing 0xaead006f to address 0x000f
[23235000] Write completed successfully
[23235000] Writing 0xaead0070 to address 0x000f
[23375000] Write completed successfully
[23375000] Writing 0xaead0071 to address 0x000f
[23515000] Write completed successfully
[23515000] Writing 0xaead0072 to address 0x000f
[23655000] Write completed successfully
[23655000] Writing 0xaead0073 to address 0x000f
[23795000] Write completed successfully
[23795000] Writing 0xaead0074 to address 0x000f
[23935000] Write completed successfully
[23935000] Writing 0xaead0075 to address 0x000f
[24075000] Write completed successfully
[24075000] Writing 0xaead0076 to address 0x000f
[24215000] Write completed successfully
[24215000] Writing 0xaead0077 to address 0x000f
[24355000] Write completed successfully
[24355000] Writing 0xaead0078 to address 0x000f
[24495000] Write completed successfully
[24495000] Writing 0xaead0079 to address 0x000f
[24635000] Write completed successfully
[24635000] Writing 0xaead007a to address 0x000f
[24775000] Write completed successfully
[24775000] Writing 0xaead007b to address 0x000f
[24915000] Write completed successfully
[24915000] Writing 0xaead007c to address 0x000f
[25055000] Write completed successfully
  Progress: 125/198 writes completed, cycles now = 127
[25055000] Writing 0xaead007d to address 0x000f
[25195000] Write completed successfully
[25195000] Writing 0xaead007e to address 0x000f
[25335000] Write completed successfully
[25335000] Writing 0xaead007f to address 0x000f
[25475000] Write completed successfully
[25475000] Writing 0xaead0080 to address 0x000f
[25615000] Write completed successfully
[25615000] Writing 0xaead0081 to address 0x000f
[25755000] Write completed successfully
[25755000] Writing 0xaead0082 to address 0x000f
[25895000] Write completed successfully
[25895000] Writing 0xaead0083 to address 0x000f
[26035000] Write completed successfully
[26035000] Writing 0xaead0084 to address 0x000f
[26175000] Write completed successfully
[26175000] Writing 0xaead0085 to address 0x000f
[26315000] Write completed successfully
[26315000] Writing 0xaead0086 to address 0x000f
[26455000] Write completed successfully
[26455000] Writing 0xaead0087 to address 0x000f
[26595000] Write completed successfully
[26595000] Writing 0xaead0088 to address 0x000f
[26735000] Write completed successfully
[26735000] Writing 0xaead0089 to address 0x000f
[26875000] Write completed successfully
[26875000] Writing 0xaead008a to address 0x000f
[27015000] Write completed successfully
[27015000] Writing 0xaead008b to address 0x000f
[27155000] Write completed successfully
[27155000] Writing 0xaead008c to address 0x000f
[27295000] Write completed successfully
[27295000] Writing 0xaead008d to address 0x000f
[27435000] Write completed successfully
[27435000] Writing 0xaead008e to address 0x000f
[27575000] Write completed successfully
[27575000] Writing 0xaead008f to address 0x000f
[27715000] Write completed successfully
[27715000] Writing 0xaead0090 to address 0x000f
[27855000] Write completed successfully
[27855000] Writing 0xaead0091 to address 0x000f
[27995000] Write completed successfully
[27995000] Writing 0xaead0092 to address 0x000f
[28135000] Write completed successfully
[28135000] Writing 0xaead0093 to address 0x000f
[28275000] Write completed successfully
[28275000] Writing 0xaead0094 to address 0x000f
[28415000] Write completed successfully
[28415000] Writing 0xaead0095 to address 0x000f
[28555000] Write completed successfully
  Progress: 150/198 writes completed, cycles now = 152
[28555000] Writing 0xaead0096 to address 0x000f
[28695000] Write completed successfully
[28695000] Writing 0xaead0097 to address 0x000f
[28835000] Write completed successfully
[28835000] Writing 0xaead0098 to address 0x000f
[28975000] Write completed successfully
[28975000] Writing 0xaead0099 to address 0x000f
[29115000] Write completed successfully
[29115000] Writing 0xaead009a to address 0x000f
[29255000] Write completed successfully
[29255000] Writing 0xaead009b to address 0x000f
[29395000] Write completed successfully
[29395000] Writing 0xaead009c to address 0x000f
[29535000] Write completed successfully
[29535000] Writing 0xaead009d to address 0x000f
[29675000] Write completed successfully
[29675000] Writing 0xaead009e to address 0x000f
[29815000] Write completed successfully
[29815000] Writing 0xaead009f to address 0x000f
[29955000] Write completed successfully
[29955000] Writing 0xaead00a0 to address 0x000f
[30095000] Write completed successfully
[30095000] Writing 0xaead00a1 to address 0x000f
[30235000] Write completed successfully
[30235000] Writing 0xaead00a2 to address 0x000f
[30375000] Write completed successfully
[30375000] Writing 0xaead00a3 to address 0x000f
[30515000] Write completed successfully
[30515000] Writing 0xaead00a4 to address 0x000f
[30655000] Write completed successfully
[30655000] Writing 0xaead00a5 to address 0x000f
[30795000] Write completed successfully
[30795000] Writing 0xaead00a6 to address 0x000f
[30935000] Write completed successfully
[30935000] Writing 0xaead00a7 to address 0x000f
[31075000] Write completed successfully
[31075000] Writing 0xaead00a8 to address 0x000f
[31215000] Write completed successfully
[31215000] Writing 0xaead00a9 to address 0x000f
[31355000] Write completed successfully
[31355000] Writing 0xaead00aa to address 0x000f
[31495000] Write completed successfully
[31495000] Writing 0xaead00ab to address 0x000f
[31635000] Write completed successfully
[31635000] Writing 0xaead00ac to address 0x000f
[31775000] Write completed successfully
[31775000] Writing 0xaead00ad to address 0x000f
[31915000] Write completed successfully
[31915000] Writing 0xaead00ae to address 0x000f
[32055000] Write completed successfully
  Progress: 175/198 writes completed, cycles now = 177
[32055000] Writing 0xaead00af to address 0x000f
[32195000] Write completed successfully
[32195000] Writing 0xaead00b0 to address 0x000f
[32335000] Write completed successfully
[32335000] Writing 0xaead00b1 to address 0x000f
[32475000] Write completed successfully
[32475000] Writing 0xaead00b2 to address 0x000f
[32615000] Write completed successfully
[32615000] Writing 0xaead00b3 to address 0x000f
[32755000] Write completed successfully
[32755000] Writing 0xaead00b4 to address 0x000f
[32895000] Write completed successfully
[32895000] Writing 0xaead00b5 to address 0x000f
[33035000] Write completed successfully
[33035000] Writing 0xaead00b6 to address 0x000f
[33175000] Write completed successfully
[33175000] Writing 0xaead00b7 to address 0x000f
[33315000] Write completed successfully
[33315000] Writing 0xaead00b8 to address 0x000f
[33455000] Write completed successfully
[33455000] Writing 0xaead00b9 to address 0x000f
[33595000] Write completed successfully
[33595000] Writing 0xaead00ba to address 0x000f
[33735000] Write completed successfully
[33735000] Writing 0xaead00bb to address 0x000f
[33875000] Write completed successfully
[33875000] Writing 0xaead00bc to address 0x000f
[34015000] Write completed successfully
[34015000] Writing 0xaead00bd to address 0x000f
[34155000] Write completed successfully
[34155000] Writing 0xaead00be to address 0x000f
[34295000] Write completed successfully
[34295000] Writing 0xaead00bf to address 0x000f
[34435000] Write completed successfully
[34435000] Writing 0xaead00c0 to address 0x000f
[34575000] Write completed successfully
[34575000] Writing 0xaead00c1 to address 0x000f
[34715000] Write completed successfully
[34715000] Writing 0xaead00c2 to address 0x000f
[34855000] Write completed successfully
[34855000] Writing 0xaead00c3 to address 0x000f
[34995000] Write completed successfully
[34995000] Writing 0xaead00c4 to address 0x000f
[35135000] Write completed successfully
[35135000] Writing 0xaead00c5 to address 0x000f
[35275000] Write completed with ERROR to address 0x000f (address may be worn out)
[INFO] Address 0x000f reached target cycles: 200
[INFO] Wear-out complete. Address 0x000f final cycles: 200, cell_errors_any: 1
Final state - cycles: 200, cell_errors_any: 1
[PASS] Address 0x000f correctly shows cell errors after reaching limit

Testing operations on worn-out address...
Attempting write to worn-out address 0x000f...
[35275000] Writing 0xdeadbeef to address 0x000f
[35305000] Write completed with ERROR to address 0x000f (address may be worn out)
[PASS] Write to worn-out address correctly returned error
Attempting read from worn-out address 0x000f...
[35305000] Reading from address 0x000f
[35335000] Read completed with ERROR from address 0x000f (address may be worn out)
[PASS] Read from worn-out address correctly returned error

Verifying other addresses still work after one is worn out...
[35335000] Writing 0x12345678 to address 0x0000
[35475000] Write completed successfully
[35475000] Reading from address 0x0000
[35545000] Read data: 0x12345678
[PASS] Data verification passed at 0x0000
Phase 7 completed with 0 errors

--- Phase 8: Error Condition Testing ---
Testing out-of-bounds address...
[ERROR] Out-of-bounds address should have generated error
Testing simultaneous read/write...
[ERROR] Simultaneous read/write should have generated immediate error
Phase 8 completed with 2 errors

=========================================================================
Blocking Memory Controller Test Summary
=========================================================================
Total test errors: 2
Final read count: 30
Final write count: 238
Memory size tested: 16 words
*** 2 TESTS FAILED ***
=========================================================================
$finish called at time : 35805 ns : File "C:/Users/hrish/Downloads/ReRAM_Thesis/Project Folder/ReRam_Redefined/ReRam_Redefined.srcs/sources_1/imports/3.0/tb_reram_memory_controller_blocking.sv" Line 644
close_sim
INFO: [Simtcl 6-16] Simulation closed
reset_simulation -simset sim_1 -mode behavioral
INFO: [Vivado 12-2266] Removing simulation data...
INFO: [Vivado 12-2267] Reset complete
launch_simulation
INFO: [Vivado 12-5682] Launching behavioral simulation in 'C:/Users/hrish/Downloads/ReRAM_Thesis/Project Folder/ReRam_Redefined/ReRam_Redefined.sim/sim_1/behav/xsim'
INFO: [SIM-utils-51] Simulation object is 'sim_1'
INFO: [SIM-utils-54] Inspecting design source files for 'tb_reram_memory_controller_blocking' in fileset 'sim_1'...
INFO: [USF-XSim-97] Finding global include files...
INFO: [USF-XSim-98] Fetching design files from 'sim_1'...
INFO: [USF-XSim-2] XSim::Compile design
INFO: [USF-XSim-61] Executing 'COMPILE and ANALYZE' step in 'C:/Users/hrish/Downloads/ReRAM_Thesis/Project Folder/ReRam_Redefined/ReRam_Redefined.sim/sim_1/behav/xsim'
"xvlog --incr --relax -L xil_defaultlib -prj tb_reram_memory_controller_blocking_vlog.prj"
INFO: [VRFC 10-2263] Analyzing SystemVerilog file "C:/Xilinx/Vivado/2018.1/data/xilinx_vip/hdl/axi4stream_vip_axi4streampc.sv" into library xilinx_vip
INFO: [VRFC 10-2263] Analyzing SystemVerilog file "C:/Xilinx/Vivado/2018.1/data/xilinx_vip/hdl/axi_vip_axi4pc.sv" into library xilinx_vip
INFO: [VRFC 10-2263] Analyzing SystemVerilog file "C:/Xilinx/Vivado/2018.1/data/xilinx_vip/hdl/xil_common_vip_pkg.sv" into library xilinx_vip
INFO: [VRFC 10-2263] Analyzing SystemVerilog file "C:/Xilinx/Vivado/2018.1/data/xilinx_vip/hdl/axi4stream_vip_pkg.sv" into library xilinx_vip
INFO: [VRFC 10-2263] Analyzing SystemVerilog file "C:/Xilinx/Vivado/2018.1/data/xilinx_vip/hdl/axi_vip_pkg.sv" into library xilinx_vip
INFO: [VRFC 10-2263] Analyzing SystemVerilog file "C:/Xilinx/Vivado/2018.1/data/xilinx_vip/hdl/axi4stream_vip_if.sv" into library xilinx_vip
INFO: [VRFC 10-2263] Analyzing SystemVerilog file "C:/Xilinx/Vivado/2018.1/data/xilinx_vip/hdl/axi_vip_if.sv" into library xilinx_vip
WARNING: [VRFC 10-998] macro ARESET_XCHECK redefined [C:/Xilinx/Vivado/2018.1/data/xilinx_vip/hdl/axi_vip_if.sv:79]
WARNING: [VRFC 10-998] macro ARESET_XCHECK_SOL redefined [C:/Xilinx/Vivado/2018.1/data/xilinx_vip/hdl/axi_vip_if.sv:80]
INFO: [VRFC 10-2263] Analyzing SystemVerilog file "C:/Xilinx/Vivado/2018.1/data/xilinx_vip/hdl/clk_vip_if.sv" into library xilinx_vip
INFO: [VRFC 10-2263] Analyzing SystemVerilog file "C:/Xilinx/Vivado/2018.1/data/xilinx_vip/hdl/rst_vip_if.sv" into library xilinx_vip
INFO: [VRFC 10-2263] Analyzing SystemVerilog file "C:/Users/hrish/Downloads/ReRAM_Thesis/Project Folder/ReRam_Redefined/ReRam_Redefined.srcs/sources_1/imports/Downloads/reram_cell_simple.sv" into library xil_defaultlib
INFO: [VRFC 10-311] analyzing module reram_cell_simple
INFO: [VRFC 10-2263] Analyzing SystemVerilog file "C:/Users/hrish/Downloads/ReRAM_Thesis/Project Folder/ReRam_Redefined/ReRam_Redefined.srcs/sources_1/imports/3.0/reram_memory_controller_blocking.sv" into library xil_defaultlib
INFO: [VRFC 10-311] analyzing module reram_memory_controller_blocking
INFO: [VRFC 10-2263] Analyzing SystemVerilog file "C:/Users/hrish/Downloads/ReRAM_Thesis/Project Folder/ReRam_Redefined/ReRam_Redefined.srcs/sources_1/imports/2.0/reram_word_array_simple.sv" into library xil_defaultlib
INFO: [VRFC 10-311] analyzing module reram_word_array_simple
INFO: [VRFC 10-2263] Analyzing SystemVerilog file "C:/Users/hrish/Downloads/ReRAM_Thesis/Project Folder/ReRam_Redefined/ReRam_Redefined.srcs/sources_1/imports/3.0/tb_reram_memory_controller_blocking.sv" into library xil_defaultlib
INFO: [VRFC 10-311] analyzing module tb_reram_memory_controller_blocking
INFO: [VRFC 10-2263] Analyzing Verilog file "C:/Users/hrish/Downloads/ReRAM_Thesis/Project Folder/ReRam_Redefined/ReRam_Redefined.sim/sim_1/behav/xsim/glbl.v" into library xil_defaultlib
INFO: [VRFC 10-311] analyzing module glbl
INFO: [USF-XSim-69] 'compile' step finished in '2' seconds
INFO: [USF-XSim-3] XSim::Elaborate design
INFO: [USF-XSim-61] Executing 'ELABORATE' step in 'C:/Users/hrish/Downloads/ReRAM_Thesis/Project Folder/ReRam_Redefined/ReRam_Redefined.sim/sim_1/behav/xsim'
Vivado Simulator 2018.1
Copyright 1986-1999, 2001-2017 Xilinx, Inc. All Rights Reserved.
Running: C:/Xilinx/Vivado/2018.1/bin/unwrapped/win64.o/xelab.exe -wto 2413a4e8c8dd4490957e722b50b7e2e6 --incr --debug typical --relax --mt 2 -L xilinx_vip -L xil_defaultlib -L unisims_ver -L unimacro_ver -L secureip --snapshot tb_reram_memory_controller_blocking_behav xil_defaultlib.tb_reram_memory_controller_blocking xil_defaultlib.glbl -log elaborate.log 
Using 2 slave threads.
Starting static elaboration
Completed static elaboration
Starting simulation data flow analysis
WARNING: [XSIM 43-4100] "C:/Users/hrish/Downloads/ReRAM_Thesis/Project Folder/ReRam_Redefined/ReRam_Redefined.sim/sim_1/behav/xsim/glbl.v" Line 6. Module glbl has a timescale but at least one module in design doesn't have timescale.
Completed simulation data flow analysis
Time Resolution for simulation is 1ps
Compiling module xil_defaultlib.reram_cell_simple(MAX_WRITE_CYCL...
Compiling module xil_defaultlib.reram_word_array_simple_default
Compiling module xil_defaultlib.reram_memory_controller_blocking...
Compiling module xil_defaultlib.tb_reram_memory_controller_block...
Compiling module xil_defaultlib.glbl
Built simulation snapshot tb_reram_memory_controller_blocking_behav

****** Webtalk v2018.1 (64-bit)
  **** SW Build 2188600 on Wed Apr  4 18:40:38 MDT 2018
  **** IP Build 2185939 on Wed Apr  4 20:55:05 MDT 2018
    ** Copyright 1986-2018 Xilinx, Inc. All Rights Reserved.

source C:/Users/hrish/Downloads/ReRAM_Thesis/Project -notrace
couldn't read file "C:/Users/hrish/Downloads/ReRAM_Thesis/Project": permission denied
INFO: [Common 17-206] Exiting Webtalk at Thu Oct 23 02:06:39 2025...
INFO: [USF-XSim-69] 'elaborate' step finished in '4' seconds
INFO: [USF-XSim-4] XSim::Simulate design
INFO: [USF-XSim-61] Executing 'SIMULATE' step in 'C:/Users/hrish/Downloads/ReRAM_Thesis/Project Folder/ReRam_Redefined/ReRam_Redefined.sim/sim_1/behav/xsim'
INFO: [USF-XSim-98] *** Running xsim
   with args "tb_reram_memory_controller_blocking_behav -key {Behavioral:sim_1:Functional:tb_reram_memory_controller_blocking} -tclbatch {tb_reram_memory_controller_blocking.tcl} -log {simulate.log}"
INFO: [USF-XSim-8] Loading simulator feature
Vivado Simulator 2018.1
Time resolution is 1 ps
source tb_reram_memory_controller_blocking.tcl
# set curr_wave [current_wave_config]
# if { [string length $curr_wave] == 0 } {
#   if { [llength [get_objects]] > 0} {
#     add_wave /
#     set_property needs_save false [current_wave_config]
#   } else {
#      send_msg_id Add_Wave-1 WARNING "No top level signals found. Simulator will start without a wave window. If you want to open a wave window go to 'File->New Waveform Configuration' or type 'create_wave_config' in the TCL console."
#   }
# }
# run 1000ns
=========================================================================
Simple Blocking ReRAM Memory Controller Test
=========================================================================
Memory size: 16 words (64 bytes)
Address width: 4 bits
Data width: 32 bits
[0] Resetting memory controller...
[65000] Reset complete

--- Phase 1: Basic Read/Write Operations ---
[65000] Writing 0xdeadbeef to address 0x0000
[205000] Write completed successfully
[205000] Reading from address 0x0000
[275000] Read data: 0xdeadbeef
[PASS] Data verification passed at 0x0000
[275000] Writing 0xcafebabe to address 0x0001
[415000] Write completed successfully
[415000] Reading from address 0x0001
[485000] Read data: 0xcafebabe
[PASS] Data verification passed at 0x0001
[485000] Writing 0x12345678 to address 0x0002
[625000] Write completed successfully
[625000] Reading from address 0x0002
[695000] Read data: 0x12345678
[PASS] Data verification passed at 0x0002
[695000] Writing 0xa5a5a5a5 to address 0x000f
[835000] Write completed successfully
[835000] Reading from address 0x000f
[905000] Read data: 0xa5a5a5a5
[PASS] Data verification passed at 0x000f
Phase 1 completed with 0 errors

--- Phase 2: Address Boundary Testing ---
[905000] Writing 0x00000001 to address 0x0000
INFO: [USF-XSim-96] XSim completed. Design snapshot 'tb_reram_memory_controller_blocking_behav' loaded.
INFO: [USF-XSim-97] XSim simulation ran for 1000ns
launch_simulation: Time (s): cpu = 00:00:02 ; elapsed = 00:00:08 . Memory (MB): peak = 891.090 ; gain = 0.000
restart
INFO: [Simtcl 6-17] Simulation restarted
run all
=========================================================================
Simple Blocking ReRAM Memory Controller Test
=========================================================================
Memory size: 16 words (64 bytes)
Address width: 4 bits
Data width: 32 bits
[0] Resetting memory controller...
[65000] Reset complete

--- Phase 1: Basic Read/Write Operations ---
[65000] Writing 0xdeadbeef to address 0x0000
[205000] Write completed successfully
[205000] Reading from address 0x0000
[275000] Read data: 0xdeadbeef
[PASS] Data verification passed at 0x0000
[275000] Writing 0xcafebabe to address 0x0001
[415000] Write completed successfully
[415000] Reading from address 0x0001
[485000] Read data: 0xcafebabe
[PASS] Data verification passed at 0x0001
[485000] Writing 0x12345678 to address 0x0002
[625000] Write completed successfully
[625000] Reading from address 0x0002
[695000] Read data: 0x12345678
[PASS] Data verification passed at 0x0002
[695000] Writing 0xa5a5a5a5 to address 0x000f
[835000] Write completed successfully
[835000] Reading from address 0x000f
[905000] Read data: 0xa5a5a5a5
[PASS] Data verification passed at 0x000f
Phase 1 completed with 0 errors

--- Phase 2: Address Boundary Testing ---
[905000] Writing 0x00000001 to address 0x0000
[1045000] Write completed successfully
[1045000] Reading from address 0x0000
[1115000] Read data: 0x00000001
[PASS] Data verification passed at 0x0000
[1115000] Writing 0xffffffff to address 0x000f
[1255000] Write completed successfully
[1255000] Reading from address 0x000f
[1325000] Read data: 0xffffffff
[PASS] Data verification passed at 0x000f
[1325000] Writing 0x12345678 to address 0x0007
[1465000] Write completed successfully
[1465000] Reading from address 0x0007
[1535000] Read data: 0x12345678
[PASS] Data verification passed at 0x0007
[1535000] Writing 0x87654321 to address 0x0008
[1675000] Write completed successfully
[1675000] Reading from address 0x0008
[1745000] Read data: 0x87654321
[PASS] Data verification passed at 0x0008
Phase 2 completed with 0 errors

--- Phase 3: Data Pattern Testing ---
[1745000] Writing 0x00000000 to address 0x000a
[1885000] Write completed successfully
[1885000] Reading from address 0x000a
[1955000] Read data: 0x00000000
[PASS] Data verification passed at 0x000a
[1955000] Writing 0xffffffff to address 0x000b
[2095000] Write completed successfully
[2095000] Reading from address 0x000b
[2165000] Read data: 0xffffffff
[PASS] Data verification passed at 0x000b
[2165000] Writing 0xaaaaaaaa to address 0x000c
[2305000] Write completed successfully
[2305000] Reading from address 0x000c
[2375000] Read data: 0xaaaaaaaa
[PASS] Data verification passed at 0x000c
[2375000] Writing 0x55555555 to address 0x000d
[2515000] Write completed successfully
[2515000] Reading from address 0x000d
[2585000] Read data: 0x55555555
[PASS] Data verification passed at 0x000d
Testing walking 1s patterns...
[2585000] Writing 0x00000001 to address 0x0003
[2725000] Write completed successfully
[2725000] Reading from address 0x0003
[2795000] Read data: 0x00000001
[PASS] Data verification passed at 0x0003
[2795000] Writing 0x00000100 to address 0x0004
[2935000] Write completed successfully
[2935000] Reading from address 0x0004
[3005000] Read data: 0x00000100
[PASS] Data verification passed at 0x0004
[3005000] Writing 0x00010000 to address 0x0005
[3145000] Write completed successfully
[3145000] Reading from address 0x0005
[3215000] Read data: 0x00010000
[PASS] Data verification passed at 0x0005
[3215000] Writing 0x01000000 to address 0x0006
[3355000] Write completed successfully
[3355000] Reading from address 0x0006
[3425000] Read data: 0x01000000
[PASS] Data verification passed at 0x0006
Phase 3 completed with 0 errors

--- Phase 4: Multiple Address Testing ---
[3425000] Writing 0x80000000 to address 0x0000
[3565000] Write completed successfully
[3565000] Writing 0x80000001 to address 0x0001
[3705000] Write completed successfully
[3705000] Writing 0x80000002 to address 0x0002
[3845000] Write completed successfully
[3845000] Writing 0x80000003 to address 0x0003
[3985000] Write completed successfully
[3985000] Writing 0x80000004 to address 0x0004
[4125000] Write completed successfully
[4125000] Writing 0x80000005 to address 0x0005
[4265000] Write completed successfully
[4265000] Writing 0x80000006 to address 0x0006
[4405000] Write completed successfully
[4405000] Writing 0x80000007 to address 0x0007
[4545000] Write completed successfully
[4545000] Reading from address 0x0000
[4615000] Read data: 0x80000000
[4615000] Reading from address 0x0001
[4685000] Read data: 0x80000001
[4685000] Reading from address 0x0002
[4755000] Read data: 0x80000002
[4755000] Reading from address 0x0003
[4825000] Read data: 0x80000003
[4825000] Reading from address 0x0004
[4895000] Read data: 0x80000004
[4895000] Reading from address 0x0005
[4965000] Read data: 0x80000005
[4965000] Reading from address 0x0006
[5035000] Read data: 0x80000006
[5035000] Reading from address 0x0007
[5105000] Read data: 0x80000007
Phase 4 completed with 0 errors

--- Phase 5: Status and Statistics ---
Total reads performed: 23
Total writes performed: 24
Word errors: 0x0000
Endurance monitoring:
  Word 0: write_cycles=3, cell_errors_any=0, cell_errors=0x00000000
  Word 1: write_cycles=2, cell_errors_any=0, cell_errors=0x00000000
  Word 2: write_cycles=2, cell_errors_any=0, cell_errors=0x00000000
  Word 3: write_cycles=2, cell_errors_any=0, cell_errors=0x00000000
Phase 5 completed with 0 errors

--- Phase 6: Endurance Counter Testing ---
Initial write cycles - Addr 0x0: 3, Addr 0x1: 2
Performing 10 writes to address 0x0...
[5105000] Writing 0x12345678 to address 0x0000
[5245000] Write completed successfully
  Write 1: cycles now = 4
[5245000] Writing 0x12345679 to address 0x0000
[5385000] Write completed successfully
  Write 2: cycles now = 5
[5385000] Writing 0x1234567a to address 0x0000
[5525000] Write completed successfully
  Write 3: cycles now = 6
[5525000] Writing 0x1234567b to address 0x0000
[5665000] Write completed successfully
  Write 4: cycles now = 7
[5665000] Writing 0x1234567c to address 0x0000
[5805000] Write completed successfully
  Write 5: cycles now = 8
[5805000] Writing 0x1234567d to address 0x0000
[5945000] Write completed successfully
  Write 6: cycles now = 9
[5945000] Writing 0x1234567e to address 0x0000
[6085000] Write completed successfully
  Write 7: cycles now = 10
[6085000] Writing 0x1234567f to address 0x0000
[6225000] Write completed successfully
  Write 8: cycles now = 11
[6225000] Writing 0x12345680 to address 0x0000
[6365000] Write completed successfully
  Write 9: cycles now = 12
[6365000] Writing 0x12345681 to address 0x0000
[6505000] Write completed successfully
  Write 10: cycles now = 13
Performing 5 writes to address 0x1...
[6505000] Writing 0xabcdef00 to address 0x0001
[6645000] Write completed successfully
  Write 1: cycles now = 3
[6645000] Writing 0xabcdef01 to address 0x0001
[6785000] Write completed successfully
  Write 2: cycles now = 4
[6785000] Writing 0xabcdef02 to address 0x0001
[6925000] Write completed successfully
  Write 3: cycles now = 5
[6925000] Writing 0xabcdef03 to address 0x0001
[7065000] Write completed successfully
  Write 4: cycles now = 6
[7065000] Writing 0xabcdef04 to address 0x0001
[7205000] Write completed successfully
  Write 5: cycles now = 7
Final write cycles - Addr 0x0: 13, Addr 0x1: 7
[PASS] Address 0x0 write counter correctly incremented by 10
[PASS] Address 0x1 write counter correctly incremented by 5
Testing that reads don't affect write counters...
[7205000] Reading from address 0x0000
[7275000] Read data: 0x12345681
[7275000] Reading from address 0x0000
[7345000] Read data: 0x12345681
[7345000] Reading from address 0x0000
[7415000] Read data: 0x12345681
[7415000] Reading from address 0x0000
[7485000] Read data: 0x12345681
[7485000] Reading from address 0x0000
[7555000] Read data: 0x12345681
[PASS] Read operations correctly did not affect write counter
Checking cell error flags for low write counts...
[PASS] Address 0x00000000 shows no cell errors with 13 writes
[PASS] Address 0x00000001 shows no cell errors with 7 writes
[PASS] Address 0x00000002 shows no cell errors with 2 writes
[PASS] Address 0x00000003 shows no cell errors with 2 writes

Comprehensive endurance status:
  Word  0: cycles= 13, errors_any=0, errors=0x00000000
  Word  1: cycles=  7, errors_any=0, errors=0x00000000
  Word  2: cycles=  2, errors_any=0, errors=0x00000000
  Word  3: cycles=  2, errors_any=0, errors=0x00000000
  Word  4: cycles=  2, errors_any=0, errors=0x00000000
  Word  5: cycles=  2, errors_any=0, errors=0x00000000
  Word  6: cycles=  2, errors_any=0, errors=0x00000000
  Word  7: cycles=  2, errors_any=0, errors=0x00000000
  Word  8: cycles=  1, errors_any=0, errors=0x00000000
  Word  9: cycles=  0, errors_any=0, errors=0x00000000
  Word 10: cycles=  1, errors_any=0, errors=0x00000000
  Word 11: cycles=  1, errors_any=0, errors=0x00000000
  Word 12: cycles=  1, errors_any=0, errors=0x00000000
  Word 13: cycles=  1, errors_any=0, errors=0x00000000
  Word 14: cycles=  0, errors_any=0, errors=0x00000000
  Word 15: cycles=  2, errors_any=0, errors=0x00000000

Testing counter independence...
[PASS] Address 0x00000002 has expected low write count: 2
[PASS] Address 0x00000003 has expected low write count: 2
[PASS] Address 0x00000004 has expected low write count: 2
[PASS] Address 0x00000005 has expected low write count: 2
[PASS] Address 0x00000006 has expected low write count: 2
[PASS] Address 0x00000007 has expected low write count: 2
[PASS] Address 0x00000008 has expected low write count: 1
[PASS] Address 0x00000009 has expected low write count: 0
[PASS] Address 0x0000000a has expected low write count: 1
[PASS] Address 0x0000000b has expected low write count: 1
[PASS] Address 0x0000000c has expected low write count: 1
[PASS] Address 0x0000000d has expected low write count: 1
[PASS] Address 0x0000000e has expected low write count: 0
[PASS] Address 0x0000000f has expected low write count: 2
Phase 6 completed with 0 errors

--- Phase 7: Wear-Out Testing ---
Wearing out address 0x000f to exactly 200 write cycles...
Initial state - cycles: 2, cell_errors_any: 0
[INFO] Wearing out address 0x000f: 2 -> 200 cycles (198 writes needed)
[7555000] Writing 0xaead0000 to address 0x000f
[7695000] Write completed successfully
[7695000] Writing 0xaead0001 to address 0x000f
[7835000] Write completed successfully
[7835000] Writing 0xaead0002 to address 0x000f
[7975000] Write completed successfully
[7975000] Writing 0xaead0003 to address 0x000f
[8115000] Write completed successfully
[8115000] Writing 0xaead0004 to address 0x000f
[8255000] Write completed successfully
[8255000] Writing 0xaead0005 to address 0x000f
[8395000] Write completed successfully
[8395000] Writing 0xaead0006 to address 0x000f
[8535000] Write completed successfully
[8535000] Writing 0xaead0007 to address 0x000f
[8675000] Write completed successfully
[8675000] Writing 0xaead0008 to address 0x000f
[8815000] Write completed successfully
[8815000] Writing 0xaead0009 to address 0x000f
[8955000] Write completed successfully
[8955000] Writing 0xaead000a to address 0x000f
[9095000] Write completed successfully
[9095000] Writing 0xaead000b to address 0x000f
[9235000] Write completed successfully
[9235000] Writing 0xaead000c to address 0x000f
[9375000] Write completed successfully
[9375000] Writing 0xaead000d to address 0x000f
[9515000] Write completed successfully
[9515000] Writing 0xaead000e to address 0x000f
[9655000] Write completed successfully
[9655000] Writing 0xaead000f to address 0x000f
[9795000] Write completed successfully
[9795000] Writing 0xaead0010 to address 0x000f
[9935000] Write completed successfully
[9935000] Writing 0xaead0011 to address 0x000f
[10075000] Write completed successfully
[10075000] Writing 0xaead0012 to address 0x000f
[10215000] Write completed successfully
[10215000] Writing 0xaead0013 to address 0x000f
[10355000] Write completed successfully
[10355000] Writing 0xaead0014 to address 0x000f
[10495000] Write completed successfully
[10495000] Writing 0xaead0015 to address 0x000f
[10635000] Write completed successfully
[10635000] Writing 0xaead0016 to address 0x000f
[10775000] Write completed successfully
[10775000] Writing 0xaead0017 to address 0x000f
[10915000] Write completed successfully
[10915000] Writing 0xaead0018 to address 0x000f
[11055000] Write completed successfully
  Progress: 25/198 writes completed, cycles now = 27
[11055000] Writing 0xaead0019 to address 0x000f
[11195000] Write completed successfully
[11195000] Writing 0xaead001a to address 0x000f
[11335000] Write completed successfully
[11335000] Writing 0xaead001b to address 0x000f
[11475000] Write completed successfully
[11475000] Writing 0xaead001c to address 0x000f
[11615000] Write completed successfully
[11615000] Writing 0xaead001d to address 0x000f
[11755000] Write completed successfully
[11755000] Writing 0xaead001e to address 0x000f
[11895000] Write completed successfully
[11895000] Writing 0xaead001f to address 0x000f
[12035000] Write completed successfully
[12035000] Writing 0xaead0020 to address 0x000f
[12175000] Write completed successfully
[12175000] Writing 0xaead0021 to address 0x000f
[12315000] Write completed successfully
[12315000] Writing 0xaead0022 to address 0x000f
[12455000] Write completed successfully
[12455000] Writing 0xaead0023 to address 0x000f
[12595000] Write completed successfully
[12595000] Writing 0xaead0024 to address 0x000f
[12735000] Write completed successfully
[12735000] Writing 0xaead0025 to address 0x000f
[12875000] Write completed successfully
[12875000] Writing 0xaead0026 to address 0x000f
[13015000] Write completed successfully
[13015000] Writing 0xaead0027 to address 0x000f
[13155000] Write completed successfully
[13155000] Writing 0xaead0028 to address 0x000f
[13295000] Write completed successfully
[13295000] Writing 0xaead0029 to address 0x000f
[13435000] Write completed successfully
[13435000] Writing 0xaead002a to address 0x000f
[13575000] Write completed successfully
[13575000] Writing 0xaead002b to address 0x000f
[13715000] Write completed successfully
[13715000] Writing 0xaead002c to address 0x000f
[13855000] Write completed successfully
[13855000] Writing 0xaead002d to address 0x000f
[13995000] Write completed successfully
[13995000] Writing 0xaead002e to address 0x000f
[14135000] Write completed successfully
[14135000] Writing 0xaead002f to address 0x000f
[14275000] Write completed successfully
[14275000] Writing 0xaead0030 to address 0x000f
[14415000] Write completed successfully
[14415000] Writing 0xaead0031 to address 0x000f
[14555000] Write completed successfully
  Progress: 50/198 writes completed, cycles now = 52
[14555000] Writing 0xaead0032 to address 0x000f
[14695000] Write completed successfully
[14695000] Writing 0xaead0033 to address 0x000f
[14835000] Write completed successfully
[14835000] Writing 0xaead0034 to address 0x000f
[14975000] Write completed successfully
[14975000] Writing 0xaead0035 to address 0x000f
[15115000] Write completed successfully
[15115000] Writing 0xaead0036 to address 0x000f
[15255000] Write completed successfully
[15255000] Writing 0xaead0037 to address 0x000f
[15395000] Write completed successfully
[15395000] Writing 0xaead0038 to address 0x000f
[15535000] Write completed successfully
[15535000] Writing 0xaead0039 to address 0x000f
[15675000] Write completed successfully
[15675000] Writing 0xaead003a to address 0x000f
[15815000] Write completed successfully
[15815000] Writing 0xaead003b to address 0x000f
[15955000] Write completed successfully
[15955000] Writing 0xaead003c to address 0x000f
[16095000] Write completed successfully
[16095000] Writing 0xaead003d to address 0x000f
[16235000] Write completed successfully
[16235000] Writing 0xaead003e to address 0x000f
[16375000] Write completed successfully
[16375000] Writing 0xaead003f to address 0x000f
[16515000] Write completed successfully
[16515000] Writing 0xaead0040 to address 0x000f
[16655000] Write completed successfully
[16655000] Writing 0xaead0041 to address 0x000f
[16795000] Write completed successfully
[16795000] Writing 0xaead0042 to address 0x000f
[16935000] Write completed successfully
[16935000] Writing 0xaead0043 to address 0x000f
[17075000] Write completed successfully
[17075000] Writing 0xaead0044 to address 0x000f
[17215000] Write completed successfully
[17215000] Writing 0xaead0045 to address 0x000f
[17355000] Write completed successfully
[17355000] Writing 0xaead0046 to address 0x000f
[17495000] Write completed successfully
[17495000] Writing 0xaead0047 to address 0x000f
[17635000] Write completed successfully
[17635000] Writing 0xaead0048 to address 0x000f
[17775000] Write completed successfully
[17775000] Writing 0xaead0049 to address 0x000f
[17915000] Write completed successfully
[17915000] Writing 0xaead004a to address 0x000f
[18055000] Write completed successfully
  Progress: 75/198 writes completed, cycles now = 77
[18055000] Writing 0xaead004b to address 0x000f
[18195000] Write completed successfully
[18195000] Writing 0xaead004c to address 0x000f
[18335000] Write completed successfully
[18335000] Writing 0xaead004d to address 0x000f
[18475000] Write completed successfully
[18475000] Writing 0xaead004e to address 0x000f
[18615000] Write completed successfully
[18615000] Writing 0xaead004f to address 0x000f
[18755000] Write completed successfully
[18755000] Writing 0xaead0050 to address 0x000f
[18895000] Write completed successfully
[18895000] Writing 0xaead0051 to address 0x000f
[19035000] Write completed successfully
[19035000] Writing 0xaead0052 to address 0x000f
[19175000] Write completed successfully
[19175000] Writing 0xaead0053 to address 0x000f
[19315000] Write completed successfully
[19315000] Writing 0xaead0054 to address 0x000f
[19455000] Write completed successfully
[19455000] Writing 0xaead0055 to address 0x000f
[19595000] Write completed successfully
[19595000] Writing 0xaead0056 to address 0x000f
[19735000] Write completed successfully
[19735000] Writing 0xaead0057 to address 0x000f
[19875000] Write completed successfully
[19875000] Writing 0xaead0058 to address 0x000f
[20015000] Write completed successfully
[20015000] Writing 0xaead0059 to address 0x000f
[20155000] Write completed successfully
[20155000] Writing 0xaead005a to address 0x000f
[20295000] Write completed successfully
[20295000] Writing 0xaead005b to address 0x000f
[20435000] Write completed successfully
[20435000] Writing 0xaead005c to address 0x000f
[20575000] Write completed successfully
[20575000] Writing 0xaead005d to address 0x000f
[20715000] Write completed successfully
[20715000] Writing 0xaead005e to address 0x000f
[20855000] Write completed successfully
[20855000] Writing 0xaead005f to address 0x000f
[20995000] Write completed successfully
[20995000] Writing 0xaead0060 to address 0x000f
[21135000] Write completed successfully
[21135000] Writing 0xaead0061 to address 0x000f
[21275000] Write completed successfully
[21275000] Writing 0xaead0062 to address 0x000f
[21415000] Write completed successfully
[21415000] Writing 0xaead0063 to address 0x000f
[21555000] Write completed successfully
  Progress: 100/198 writes completed, cycles now = 102
[21555000] Writing 0xaead0064 to address 0x000f
[21695000] Write completed successfully
[21695000] Writing 0xaead0065 to address 0x000f
[21835000] Write completed successfully
[21835000] Writing 0xaead0066 to address 0x000f
[21975000] Write completed successfully
[21975000] Writing 0xaead0067 to address 0x000f
[22115000] Write completed successfully
[22115000] Writing 0xaead0068 to address 0x000f
[22255000] Write completed successfully
[22255000] Writing 0xaead0069 to address 0x000f
[22395000] Write completed successfully
[22395000] Writing 0xaead006a to address 0x000f
[22535000] Write completed successfully
[22535000] Writing 0xaead006b to address 0x000f
[22675000] Write completed successfully
[22675000] Writing 0xaead006c to address 0x000f
[22815000] Write completed successfully
[22815000] Writing 0xaead006d to address 0x000f
[22955000] Write completed successfully
[22955000] Writing 0xaead006e to address 0x000f
[23095000] Write completed successfully
[23095000] Writing 0xaead006f to address 0x000f
[23235000] Write completed successfully
[23235000] Writing 0xaead0070 to address 0x000f
[23375000] Write completed successfully
[23375000] Writing 0xaead0071 to address 0x000f
[23515000] Write completed successfully
[23515000] Writing 0xaead0072 to address 0x000f
[23655000] Write completed successfully
[23655000] Writing 0xaead0073 to address 0x000f
[23795000] Write completed successfully
[23795000] Writing 0xaead0074 to address 0x000f
[23935000] Write completed successfully
[23935000] Writing 0xaead0075 to address 0x000f
[24075000] Write completed successfully
[24075000] Writing 0xaead0076 to address 0x000f
[24215000] Write completed successfully
[24215000] Writing 0xaead0077 to address 0x000f
[24355000] Write completed successfully
[24355000] Writing 0xaead0078 to address 0x000f
[24495000] Write completed successfully
[24495000] Writing 0xaead0079 to address 0x000f
[24635000] Write completed successfully
[24635000] Writing 0xaead007a to address 0x000f
[24775000] Write completed successfully
[24775000] Writing 0xaead007b to address 0x000f
[24915000] Write completed successfully
[24915000] Writing 0xaead007c to address 0x000f
[25055000] Write completed successfully
  Progress: 125/198 writes completed, cycles now = 127
[25055000] Writing 0xaead007d to address 0x000f
[25195000] Write completed successfully
[25195000] Writing 0xaead007e to address 0x000f
[25335000] Write completed successfully
[25335000] Writing 0xaead007f to address 0x000f
[25475000] Write completed successfully
[25475000] Writing 0xaead0080 to address 0x000f
[25615000] Write completed successfully
[25615000] Writing 0xaead0081 to address 0x000f
[25755000] Write completed successfully
[25755000] Writing 0xaead0082 to address 0x000f
[25895000] Write completed successfully
[25895000] Writing 0xaead0083 to address 0x000f
[26035000] Write completed successfully
[26035000] Writing 0xaead0084 to address 0x000f
[26175000] Write completed successfully
[26175000] Writing 0xaead0085 to address 0x000f
[26315000] Write completed successfully
[26315000] Writing 0xaead0086 to address 0x000f
[26455000] Write completed successfully
[26455000] Writing 0xaead0087 to address 0x000f
[26595000] Write completed successfully
[26595000] Writing 0xaead0088 to address 0x000f
[26735000] Write completed successfully
[26735000] Writing 0xaead0089 to address 0x000f
[26875000] Write completed successfully
[26875000] Writing 0xaead008a to address 0x000f
[27015000] Write completed successfully
[27015000] Writing 0xaead008b to address 0x000f
[27155000] Write completed successfully
[27155000] Writing 0xaead008c to address 0x000f
[27295000] Write completed successfully
[27295000] Writing 0xaead008d to address 0x000f
[27435000] Write completed successfully
[27435000] Writing 0xaead008e to address 0x000f
[27575000] Write completed successfully
[27575000] Writing 0xaead008f to address 0x000f
[27715000] Write completed successfully
[27715000] Writing 0xaead0090 to address 0x000f
[27855000] Write completed successfully
[27855000] Writing 0xaead0091 to address 0x000f
[27995000] Write completed successfully
[27995000] Writing 0xaead0092 to address 0x000f
[28135000] Write completed successfully
[28135000] Writing 0xaead0093 to address 0x000f
[28275000] Write completed successfully
[28275000] Writing 0xaead0094 to address 0x000f
[28415000] Write completed successfully
[28415000] Writing 0xaead0095 to address 0x000f
[28555000] Write completed successfully
  Progress: 150/198 writes completed, cycles now = 152
[28555000] Writing 0xaead0096 to address 0x000f
[28695000] Write completed successfully
[28695000] Writing 0xaead0097 to address 0x000f
[28835000] Write completed successfully
[28835000] Writing 0xaead0098 to address 0x000f
[28975000] Write completed successfully
[28975000] Writing 0xaead0099 to address 0x000f
[29115000] Write completed successfully
[29115000] Writing 0xaead009a to address 0x000f
[29255000] Write completed successfully
[29255000] Writing 0xaead009b to address 0x000f
[29395000] Write completed successfully
[29395000] Writing 0xaead009c to address 0x000f
[29535000] Write completed successfully
[29535000] Writing 0xaead009d to address 0x000f
[29675000] Write completed successfully
[29675000] Writing 0xaead009e to address 0x000f
[29815000] Write completed successfully
[29815000] Writing 0xaead009f to address 0x000f
[29955000] Write completed successfully
[29955000] Writing 0xaead00a0 to address 0x000f
[30095000] Write completed successfully
[30095000] Writing 0xaead00a1 to address 0x000f
[30235000] Write completed successfully
[30235000] Writing 0xaead00a2 to address 0x000f
[30375000] Write completed successfully
[30375000] Writing 0xaead00a3 to address 0x000f
[30515000] Write completed successfully
[30515000] Writing 0xaead00a4 to address 0x000f
[30655000] Write completed successfully
[30655000] Writing 0xaead00a5 to address 0x000f
[30795000] Write completed successfully
[30795000] Writing 0xaead00a6 to address 0x000f
[30935000] Write completed successfully
[30935000] Writing 0xaead00a7 to address 0x000f
[31075000] Write completed successfully
[31075000] Writing 0xaead00a8 to address 0x000f
[31215000] Write completed successfully
[31215000] Writing 0xaead00a9 to address 0x000f
[31355000] Write completed successfully
[31355000] Writing 0xaead00aa to address 0x000f
[31495000] Write completed successfully
[31495000] Writing 0xaead00ab to address 0x000f
[31635000] Write completed successfully
[31635000] Writing 0xaead00ac to address 0x000f
[31775000] Write completed successfully
[31775000] Writing 0xaead00ad to address 0x000f
[31915000] Write completed successfully
[31915000] Writing 0xaead00ae to address 0x000f
[32055000] Write completed successfully
  Progress: 175/198 writes completed, cycles now = 177
[32055000] Writing 0xaead00af to address 0x000f
[32195000] Write completed successfully
[32195000] Writing 0xaead00b0 to address 0x000f
[32335000] Write completed successfully
[32335000] Writing 0xaead00b1 to address 0x000f
[32475000] Write completed successfully
[32475000] Writing 0xaead00b2 to address 0x000f
[32615000] Write completed successfully
[32615000] Writing 0xaead00b3 to address 0x000f
[32755000] Write completed successfully
[32755000] Writing 0xaead00b4 to address 0x000f
[32895000] Write completed successfully
[32895000] Writing 0xaead00b5 to address 0x000f
[33035000] Write completed successfully
[33035000] Writing 0xaead00b6 to address 0x000f
[33175000] Write completed successfully
[33175000] Writing 0xaead00b7 to address 0x000f
[33315000] Write completed successfully
[33315000] Writing 0xaead00b8 to address 0x000f
[33455000] Write completed successfully
[33455000] Writing 0xaead00b9 to address 0x000f
[33595000] Write completed successfully
[33595000] Writing 0xaead00ba to address 0x000f
[33735000] Write completed successfully
[33735000] Writing 0xaead00bb to address 0x000f
[33875000] Write completed successfully
[33875000] Writing 0xaead00bc to address 0x000f
[34015000] Write completed successfully
[34015000] Writing 0xaead00bd to address 0x000f
[34155000] Write completed successfully
[34155000] Writing 0xaead00be to address 0x000f
[34295000] Write completed successfully
[34295000] Writing 0xaead00bf to address 0x000f
[34435000] Write completed successfully
[34435000] Writing 0xaead00c0 to address 0x000f
[34575000] Write completed successfully
[34575000] Writing 0xaead00c1 to address 0x000f
[34715000] Write completed successfully
[34715000] Writing 0xaead00c2 to address 0x000f
[34855000] Write completed successfully
[34855000] Writing 0xaead00c3 to address 0x000f
[34995000] Write completed successfully
[34995000] Writing 0xaead00c4 to address 0x000f
[35135000] Write completed successfully
[35135000] Writing 0xaead00c5 to address 0x000f
[35275000] Write completed with ERROR to address 0x000f (address may be worn out)
[INFO] Address 0x000f reached target cycles: 200
[INFO] Wear-out complete. Address 0x000f final cycles: 200, cell_errors_any: 1
Final state - cycles: 200, cell_errors_any: 1
[PASS] Address 0x000f correctly shows cell errors after reaching limit

Testing operations on worn-out address...
Attempting write to worn-out address 0x000f...
[35275000] Writing 0xdeadbeef to address 0x000f
[35305000] Write completed with ERROR to address 0x000f (address may be worn out)
[PASS] Write to worn-out address correctly returned error
Attempting read from worn-out address 0x000f...
[35305000] Reading from address 0x000f
[35335000] Read completed with ERROR from address 0x000f (address may be worn out)
[PASS] Read from worn-out address correctly returned error

Verifying other addresses still work after one is worn out...
[35335000] Writing 0x12345678 to address 0x0000
[35475000] Write completed successfully
[35475000] Reading from address 0x0000
[35545000] Read data: 0x12345678
[PASS] Data verification passed at 0x0000
Phase 7 completed with 0 errors

--- Phase 8: Error Condition Testing ---
Testing simultaneous read/write...
[PASS] Simultaneous read/write correctly flagged as error
Phase 8 completed with 0 errors

=========================================================================
Blocking Memory Controller Test Summary
=========================================================================
Total test errors: 0
Final read count: 30
Final write count: 237
Memory size tested: 16 words
*** ALL TESTS PASSED! ***
Blocking memory controller is functioning correctly.
=========================================================================
$finish called at time : 35675 ns : File "C:/Users/hrish/Downloads/ReRAM_Thesis/Project Folder/ReRam_Redefined/ReRam_Redefined.srcs/sources_1/imports/3.0/tb_reram_memory_controller_blocking.sv" Line 626
close_sim
INFO: [Simtcl 6-16] Simulation closed
set_property top tb_reram_word_array_simple [get_filesets sim_1]
set_property top_lib xil_defaultlib [get_filesets sim_1]
reset_simulation -simset sim_1 -mode behavioral
INFO: [Vivado 12-2266] Removing simulation data...
INFO: [Vivado 12-2267] Reset complete
launch_simulation
INFO: [Vivado 12-5682] Launching behavioral simulation in 'C:/Users/hrish/Downloads/ReRAM_Thesis/Project Folder/ReRam_Redefined/ReRam_Redefined.sim/sim_1/behav/xsim'
INFO: [SIM-utils-51] Simulation object is 'sim_1'
INFO: [SIM-utils-54] Inspecting design source files for 'tb_reram_word_array_simple' in fileset 'sim_1'...
INFO: [USF-XSim-97] Finding global include files...
INFO: [USF-XSim-98] Fetching design files from 'sim_1'...
INFO: [USF-XSim-2] XSim::Compile design
INFO: [USF-XSim-61] Executing 'COMPILE and ANALYZE' step in 'C:/Users/hrish/Downloads/ReRAM_Thesis/Project Folder/ReRam_Redefined/ReRam_Redefined.sim/sim_1/behav/xsim'
"xvlog --incr --relax -L xil_defaultlib -prj tb_reram_word_array_simple_vlog.prj"
INFO: [VRFC 10-2263] Analyzing SystemVerilog file "C:/Xilinx/Vivado/2018.1/data/xilinx_vip/hdl/axi4stream_vip_axi4streampc.sv" into library xilinx_vip
INFO: [VRFC 10-2263] Analyzing SystemVerilog file "C:/Xilinx/Vivado/2018.1/data/xilinx_vip/hdl/axi_vip_axi4pc.sv" into library xilinx_vip
INFO: [VRFC 10-2263] Analyzing SystemVerilog file "C:/Xilinx/Vivado/2018.1/data/xilinx_vip/hdl/xil_common_vip_pkg.sv" into library xilinx_vip
INFO: [VRFC 10-2263] Analyzing SystemVerilog file "C:/Xilinx/Vivado/2018.1/data/xilinx_vip/hdl/axi4stream_vip_pkg.sv" into library xilinx_vip
INFO: [VRFC 10-2263] Analyzing SystemVerilog file "C:/Xilinx/Vivado/2018.1/data/xilinx_vip/hdl/axi_vip_pkg.sv" into library xilinx_vip
INFO: [VRFC 10-2263] Analyzing SystemVerilog file "C:/Xilinx/Vivado/2018.1/data/xilinx_vip/hdl/axi4stream_vip_if.sv" into library xilinx_vip
INFO: [VRFC 10-2263] Analyzing SystemVerilog file "C:/Xilinx/Vivado/2018.1/data/xilinx_vip/hdl/axi_vip_if.sv" into library xilinx_vip
WARNING: [VRFC 10-998] macro ARESET_XCHECK redefined [C:/Xilinx/Vivado/2018.1/data/xilinx_vip/hdl/axi_vip_if.sv:79]
WARNING: [VRFC 10-998] macro ARESET_XCHECK_SOL redefined [C:/Xilinx/Vivado/2018.1/data/xilinx_vip/hdl/axi_vip_if.sv:80]
INFO: [VRFC 10-2263] Analyzing SystemVerilog file "C:/Xilinx/Vivado/2018.1/data/xilinx_vip/hdl/clk_vip_if.sv" into library xilinx_vip
INFO: [VRFC 10-2263] Analyzing SystemVerilog file "C:/Xilinx/Vivado/2018.1/data/xilinx_vip/hdl/rst_vip_if.sv" into library xilinx_vip
INFO: [VRFC 10-2263] Analyzing SystemVerilog file "C:/Users/hrish/Downloads/ReRAM_Thesis/Project Folder/ReRam_Redefined/ReRam_Redefined.srcs/sources_1/imports/Downloads/reram_cell_simple.sv" into library xil_defaultlib
INFO: [VRFC 10-311] analyzing module reram_cell_simple
INFO: [VRFC 10-2263] Analyzing SystemVerilog file "C:/Users/hrish/Downloads/ReRAM_Thesis/Project Folder/ReRam_Redefined/ReRam_Redefined.srcs/sources_1/imports/2.0/reram_word_array_simple.sv" into library xil_defaultlib
INFO: [VRFC 10-311] analyzing module reram_word_array_simple
INFO: [VRFC 10-2263] Analyzing SystemVerilog file "C:/Users/hrish/Downloads/ReRAM_Thesis/Project Folder/ReRam_Redefined/ReRam_Redefined.srcs/sources_1/imports/2.0/tb_reram_word_array_simple.sv" into library xil_defaultlib
INFO: [VRFC 10-311] analyzing module tb_reram_word_array_simple
WARNING: [VRFC 10-2167] variable i must explicitly be declared as automatic or static [C:/Users/hrish/Downloads/ReRAM_Thesis/Project Folder/ReRam_Redefined/ReRam_Redefined.srcs/sources_1/imports/2.0/tb_reram_word_array_simple.sv:344]
WARNING: [VRFC 10-2167] variable i must explicitly be declared as automatic or static [C:/Users/hrish/Downloads/ReRAM_Thesis/Project Folder/ReRam_Redefined/ReRam_Redefined.srcs/sources_1/imports/2.0/tb_reram_word_array_simple.sv:353]
INFO: [VRFC 10-2263] Analyzing Verilog file "C:/Users/hrish/Downloads/ReRAM_Thesis/Project Folder/ReRam_Redefined/ReRam_Redefined.sim/sim_1/behav/xsim/glbl.v" into library xil_defaultlib
INFO: [VRFC 10-311] analyzing module glbl
INFO: [USF-XSim-69] 'compile' step finished in '2' seconds
INFO: [USF-XSim-3] XSim::Elaborate design
INFO: [USF-XSim-61] Executing 'ELABORATE' step in 'C:/Users/hrish/Downloads/ReRAM_Thesis/Project Folder/ReRam_Redefined/ReRam_Redefined.sim/sim_1/behav/xsim'
Vivado Simulator 2018.1
Copyright 1986-1999, 2001-2017 Xilinx, Inc. All Rights Reserved.
Running: C:/Xilinx/Vivado/2018.1/bin/unwrapped/win64.o/xelab.exe -wto 2413a4e8c8dd4490957e722b50b7e2e6 --incr --debug typical --relax --mt 2 -L xilinx_vip -L xil_defaultlib -L unisims_ver -L unimacro_ver -L secureip --snapshot tb_reram_word_array_simple_behav xil_defaultlib.tb_reram_word_array_simple xil_defaultlib.glbl -log elaborate.log 
Using 2 slave threads.
Starting static elaboration
Completed static elaboration
Starting simulation data flow analysis
WARNING: [XSIM 43-4100] "C:/Users/hrish/Downloads/ReRAM_Thesis/Project Folder/ReRam_Redefined/ReRam_Redefined.sim/sim_1/behav/xsim/glbl.v" Line 6. Module glbl has a timescale but at least one module in design doesn't have timescale.
Completed simulation data flow analysis
Time Resolution for simulation is 1ps
Compiling module xil_defaultlib.reram_cell_simple(MAX_WRITE_CYCL...
Compiling module xil_defaultlib.reram_word_array_simple_default
Compiling module xil_defaultlib.tb_reram_word_array_simple
Compiling module xil_defaultlib.glbl
Built simulation snapshot tb_reram_word_array_simple_behav

****** Webtalk v2018.1 (64-bit)
  **** SW Build 2188600 on Wed Apr  4 18:40:38 MDT 2018
  **** IP Build 2185939 on Wed Apr  4 20:55:05 MDT 2018
    ** Copyright 1986-2018 Xilinx, Inc. All Rights Reserved.

source C:/Users/hrish/Downloads/ReRAM_Thesis/Project -notrace
couldn't read file "C:/Users/hrish/Downloads/ReRAM_Thesis/Project": permission denied
INFO: [Common 17-206] Exiting Webtalk at Thu Oct 23 02:09:23 2025...
INFO: [USF-XSim-69] 'elaborate' step finished in '3' seconds
INFO: [USF-XSim-4] XSim::Simulate design
INFO: [USF-XSim-61] Executing 'SIMULATE' step in 'C:/Users/hrish/Downloads/ReRAM_Thesis/Project Folder/ReRam_Redefined/ReRam_Redefined.sim/sim_1/behav/xsim'
INFO: [USF-XSim-98] *** Running xsim
   with args "tb_reram_word_array_simple_behav -key {Behavioral:sim_1:Functional:tb_reram_word_array_simple} -tclbatch {tb_reram_word_array_simple.tcl} -log {simulate.log}"
INFO: [USF-XSim-8] Loading simulator feature
Vivado Simulator 2018.1
Time resolution is 1 ps
source tb_reram_word_array_simple.tcl
# set curr_wave [current_wave_config]
# if { [string length $curr_wave] == 0 } {
#   if { [llength [get_objects]] > 0} {
#     add_wave /
#     set_property needs_save false [current_wave_config]
#   } else {
#      send_msg_id Add_Wave-1 WARNING "No top level signals found. Simulator will start without a wave window. If you want to open a wave window go to 'File->New Waveform Configuration' or type 'create_wave_config' in the TCL console."
#   }
# }
# run 1000ns
==========================================================================
Simple ReRAM Word Array Testbench
==========================================================================
[0] Resetting simple word array...
[65000] Reset complete

--- Phase 1: Basic Word Read/Write Operations ---
[65000] Writing word: 0xdeadbeef (TB count: 0, DUT cycles: 0)
[75000] Monitor: busy=0, cmd=10, enable=1, error=0, total_writes=0
[95000] Monitor: busy=1, cmd=00, enable=0, error=0, total_writes=0
[105000] Monitor: busy=1, cmd=00, enable=0, error=0, total_writes=0
[115000] Monitor: busy=1, cmd=00, enable=0, error=0, total_writes=0
[125000] Monitor: busy=1, cmd=00, enable=0, error=0, total_writes=0
[135000] Monitor: busy=1, cmd=00, enable=0, error=0, total_writes=0
[145000] Monitor: busy=1, cmd=00, enable=0, error=0, total_writes=0
[155000] Monitor: busy=1, cmd=00, enable=0, error=0, total_writes=0
[165000] Monitor: busy=1, cmd=00, enable=0, error=0, total_writes=0
[175000] Monitor: busy=1, cmd=00, enable=0, error=0, total_writes=0
[185000] Monitor: busy=1, cmd=00, enable=0, error=0, total_writes=0
[195000] Monitor: busy=1, cmd=00, enable=0, error=0, total_writes=0
[205000] Write completed successfully (TB count now: 1, DUT cycles: 1)
[205000] Reading word from array...
[205000] Monitor: busy=1, cmd=00, enable=0, error=0, total_writes=1
[215000] Monitor: busy=0, cmd=01, enable=1, error=0, total_writes=1
[235000] Monitor: busy=1, cmd=00, enable=0, error=0, total_writes=1
[245000] Monitor: busy=1, cmd=00, enable=0, error=0, total_writes=1
[255000] Monitor: busy=1, cmd=00, enable=0, error=0, total_writes=1
[265000] Monitor: busy=1, cmd=00, enable=0, error=0, total_writes=1
[275000] Read data: 0xdeadbeef
[PASS] Data verification passed: 0xdeadbeef
[275000] Writing word: 0xcafebabe (TB count: 1, DUT cycles: 1)
[275000] Monitor: busy=1, cmd=00, enable=0, error=0, total_writes=1
[285000] Monitor: busy=0, cmd=10, enable=1, error=0, total_writes=1
[305000] Monitor: busy=1, cmd=00, enable=0, error=0, total_writes=1
[315000] Monitor: busy=1, cmd=00, enable=0, error=0, total_writes=1
[325000] Monitor: busy=1, cmd=00, enable=0, error=0, total_writes=1
[335000] Monitor: busy=1, cmd=00, enable=0, error=0, total_writes=1
[345000] Monitor: busy=1, cmd=00, enable=0, error=0, total_writes=1
[355000] Monitor: busy=1, cmd=00, enable=0, error=0, total_writes=1
[365000] Monitor: busy=1, cmd=00, enable=0, error=0, total_writes=1
[375000] Monitor: busy=1, cmd=00, enable=0, error=0, total_writes=1
[385000] Monitor: busy=1, cmd=00, enable=0, error=0, total_writes=1
[395000] Monitor: busy=1, cmd=00, enable=0, error=0, total_writes=1
[405000] Monitor: busy=1, cmd=00, enable=0, error=0, total_writes=1
[415000] Write completed successfully (TB count now: 2, DUT cycles: 2)
[415000] Reading word from array...
[415000] Monitor: busy=1, cmd=00, enable=0, error=0, total_writes=2
[425000] Monitor: busy=0, cmd=01, enable=1, error=0, total_writes=2
[445000] Monitor: busy=1, cmd=00, enable=0, error=0, total_writes=2
[455000] Monitor: busy=1, cmd=00, enable=0, error=0, total_writes=2
[465000] Monitor: busy=1, cmd=00, enable=0, error=0, total_writes=2
[475000] Monitor: busy=1, cmd=00, enable=0, error=0, total_writes=2
[485000] Read data: 0xcafebabe
[PASS] Data verification passed: 0xcafebabe
[485000] Writing word: 0x12345678 (TB count: 2, DUT cycles: 2)
[485000] Monitor: busy=1, cmd=00, enable=0, error=0, total_writes=2
[495000] Monitor: busy=0, cmd=10, enable=1, error=0, total_writes=2
[515000] Monitor: busy=1, cmd=00, enable=0, error=0, total_writes=2
[525000] Monitor: busy=1, cmd=00, enable=0, error=0, total_writes=2
[535000] Monitor: busy=1, cmd=00, enable=0, error=0, total_writes=2
[545000] Monitor: busy=1, cmd=00, enable=0, error=0, total_writes=2
[555000] Monitor: busy=1, cmd=00, enable=0, error=0, total_writes=2
[565000] Monitor: busy=1, cmd=00, enable=0, error=0, total_writes=2
[575000] Monitor: busy=1, cmd=00, enable=0, error=0, total_writes=2
[585000] Monitor: busy=1, cmd=00, enable=0, error=0, total_writes=2
[595000] Monitor: busy=1, cmd=00, enable=0, error=0, total_writes=2
[605000] Monitor: busy=1, cmd=00, enable=0, error=0, total_writes=2
[615000] Monitor: busy=1, cmd=00, enable=0, error=0, total_writes=2
[625000] Write completed successfully (TB count now: 3, DUT cycles: 3)
[625000] Reading word from array...
[625000] Monitor: busy=1, cmd=00, enable=0, error=0, total_writes=3
[635000] Monitor: busy=0, cmd=01, enable=1, error=0, total_writes=3
[655000] Monitor: busy=1, cmd=00, enable=0, error=0, total_writes=3
[665000] Monitor: busy=1, cmd=00, enable=0, error=0, total_writes=3
[675000] Monitor: busy=1, cmd=00, enable=0, error=0, total_writes=3
[685000] Monitor: busy=1, cmd=00, enable=0, error=0, total_writes=3
[695000] Read data: 0x12345678
[PASS] Data verification passed: 0x12345678
Phase 1 completed with 0 errors

--- Phase 2: Bit Pattern Testing ---
Testing All Zeros pattern (0x00000000)...
[695000] Writing word: 0x00000000 (TB count: 3, DUT cycles: 3)
[695000] Monitor: busy=1, cmd=00, enable=0, error=0, total_writes=3
[705000] Monitor: busy=0, cmd=10, enable=1, error=0, total_writes=3
[725000] Monitor: busy=1, cmd=00, enable=0, error=0, total_writes=3
[735000] Monitor: busy=1, cmd=00, enable=0, error=0, total_writes=3
[745000] Monitor: busy=1, cmd=00, enable=0, error=0, total_writes=3
[755000] Monitor: busy=1, cmd=00, enable=0, error=0, total_writes=3
[765000] Monitor: busy=1, cmd=00, enable=0, error=0, total_writes=3
[775000] Monitor: busy=1, cmd=00, enable=0, error=0, total_writes=3
[785000] Monitor: busy=1, cmd=00, enable=0, error=0, total_writes=3
[795000] Monitor: busy=1, cmd=00, enable=0, error=0, total_writes=3
[805000] Monitor: busy=1, cmd=00, enable=0, error=0, total_writes=3
[815000] Monitor: busy=1, cmd=00, enable=0, error=0, total_writes=3
[825000] Monitor: busy=1, cmd=00, enable=0, error=0, total_writes=3
[835000] Write completed successfully (TB count now: 4, DUT cycles: 4)
[835000] Reading word from array...
[835000] Monitor: busy=1, cmd=00, enable=0, error=0, total_writes=4
[845000] Monitor: busy=0, cmd=01, enable=1, error=0, total_writes=4
[865000] Monitor: busy=1, cmd=00, enable=0, error=0, total_writes=4
[875000] Monitor: busy=1, cmd=00, enable=0, error=0, total_writes=4
[885000] Monitor: busy=1, cmd=00, enable=0, error=0, total_writes=4
[895000] Monitor: busy=1, cmd=00, enable=0, error=0, total_writes=4
[905000] Read data: 0x00000000
[PASS] Data verification passed: 0x00000000
Testing All Ones pattern (0xffffffff)...
[905000] Writing word: 0xffffffff (TB count: 4, DUT cycles: 4)
[905000] Monitor: busy=1, cmd=00, enable=0, error=0, total_writes=4
[915000] Monitor: busy=0, cmd=10, enable=1, error=0, total_writes=4
[935000] Monitor: busy=1, cmd=00, enable=0, error=0, total_writes=4
[945000] Monitor: busy=1, cmd=00, enable=0, error=0, total_writes=4
[955000] Monitor: busy=1, cmd=00, enable=0, error=0, total_writes=4
[965000] Monitor: busy=1, cmd=00, enable=0, error=0, total_writes=4
[975000] Monitor: busy=1, cmd=00, enable=0, error=0, total_writes=4
[985000] Monitor: busy=1, cmd=00, enable=0, error=0, total_writes=4
[995000] Monitor: busy=1, cmd=00, enable=0, error=0, total_writes=4
INFO: [USF-XSim-96] XSim completed. Design snapshot 'tb_reram_word_array_simple_behav' loaded.
INFO: [USF-XSim-97] XSim simulation ran for 1000ns
launch_simulation: Time (s): cpu = 00:00:03 ; elapsed = 00:00:07 . Memory (MB): peak = 896.062 ; gain = 0.000
restart
INFO: [Simtcl 6-17] Simulation restarted
run all
==========================================================================
Simple ReRAM Word Array Testbench
==========================================================================
[0] Resetting simple word array...
[65000] Reset complete

--- Phase 1: Basic Word Read/Write Operations ---
[65000] Writing word: 0xdeadbeef (TB count: 0, DUT cycles: 0)
[75000] Monitor: busy=0, cmd=10, enable=1, error=0, total_writes=0
[95000] Monitor: busy=1, cmd=00, enable=0, error=0, total_writes=0
[105000] Monitor: busy=1, cmd=00, enable=0, error=0, total_writes=0
[115000] Monitor: busy=1, cmd=00, enable=0, error=0, total_writes=0
[125000] Monitor: busy=1, cmd=00, enable=0, error=0, total_writes=0
[135000] Monitor: busy=1, cmd=00, enable=0, error=0, total_writes=0
[145000] Monitor: busy=1, cmd=00, enable=0, error=0, total_writes=0
[155000] Monitor: busy=1, cmd=00, enable=0, error=0, total_writes=0
[165000] Monitor: busy=1, cmd=00, enable=0, error=0, total_writes=0
[175000] Monitor: busy=1, cmd=00, enable=0, error=0, total_writes=0
[185000] Monitor: busy=1, cmd=00, enable=0, error=0, total_writes=0
[195000] Monitor: busy=1, cmd=00, enable=0, error=0, total_writes=0
[205000] Write completed successfully (TB count now: 1, DUT cycles: 1)
[205000] Reading word from array...
[205000] Monitor: busy=1, cmd=00, enable=0, error=0, total_writes=1
[215000] Monitor: busy=0, cmd=01, enable=1, error=0, total_writes=1
[235000] Monitor: busy=1, cmd=00, enable=0, error=0, total_writes=1
[245000] Monitor: busy=1, cmd=00, enable=0, error=0, total_writes=1
[255000] Monitor: busy=1, cmd=00, enable=0, error=0, total_writes=1
[265000] Monitor: busy=1, cmd=00, enable=0, error=0, total_writes=1
[275000] Read data: 0xdeadbeef
[PASS] Data verification passed: 0xdeadbeef
[275000] Writing word: 0xcafebabe (TB count: 1, DUT cycles: 1)
[275000] Monitor: busy=1, cmd=00, enable=0, error=0, total_writes=1
[285000] Monitor: busy=0, cmd=10, enable=1, error=0, total_writes=1
[305000] Monitor: busy=1, cmd=00, enable=0, error=0, total_writes=1
[315000] Monitor: busy=1, cmd=00, enable=0, error=0, total_writes=1
[325000] Monitor: busy=1, cmd=00, enable=0, error=0, total_writes=1
[335000] Monitor: busy=1, cmd=00, enable=0, error=0, total_writes=1
[345000] Monitor: busy=1, cmd=00, enable=0, error=0, total_writes=1
[355000] Monitor: busy=1, cmd=00, enable=0, error=0, total_writes=1
[365000] Monitor: busy=1, cmd=00, enable=0, error=0, total_writes=1
[375000] Monitor: busy=1, cmd=00, enable=0, error=0, total_writes=1
[385000] Monitor: busy=1, cmd=00, enable=0, error=0, total_writes=1
[395000] Monitor: busy=1, cmd=00, enable=0, error=0, total_writes=1
[405000] Monitor: busy=1, cmd=00, enable=0, error=0, total_writes=1
[415000] Write completed successfully (TB count now: 2, DUT cycles: 2)
[415000] Reading word from array...
[415000] Monitor: busy=1, cmd=00, enable=0, error=0, total_writes=2
[425000] Monitor: busy=0, cmd=01, enable=1, error=0, total_writes=2
[445000] Monitor: busy=1, cmd=00, enable=0, error=0, total_writes=2
[455000] Monitor: busy=1, cmd=00, enable=0, error=0, total_writes=2
[465000] Monitor: busy=1, cmd=00, enable=0, error=0, total_writes=2
[475000] Monitor: busy=1, cmd=00, enable=0, error=0, total_writes=2
[485000] Read data: 0xcafebabe
[PASS] Data verification passed: 0xcafebabe
[485000] Writing word: 0x12345678 (TB count: 2, DUT cycles: 2)
[485000] Monitor: busy=1, cmd=00, enable=0, error=0, total_writes=2
[495000] Monitor: busy=0, cmd=10, enable=1, error=0, total_writes=2
[515000] Monitor: busy=1, cmd=00, enable=0, error=0, total_writes=2
[525000] Monitor: busy=1, cmd=00, enable=0, error=0, total_writes=2
[535000] Monitor: busy=1, cmd=00, enable=0, error=0, total_writes=2
[545000] Monitor: busy=1, cmd=00, enable=0, error=0, total_writes=2
[555000] Monitor: busy=1, cmd=00, enable=0, error=0, total_writes=2
[565000] Monitor: busy=1, cmd=00, enable=0, error=0, total_writes=2
[575000] Monitor: busy=1, cmd=00, enable=0, error=0, total_writes=2
[585000] Monitor: busy=1, cmd=00, enable=0, error=0, total_writes=2
[595000] Monitor: busy=1, cmd=00, enable=0, error=0, total_writes=2
[605000] Monitor: busy=1, cmd=00, enable=0, error=0, total_writes=2
[615000] Monitor: busy=1, cmd=00, enable=0, error=0, total_writes=2
[625000] Write completed successfully (TB count now: 3, DUT cycles: 3)
[625000] Reading word from array...
[625000] Monitor: busy=1, cmd=00, enable=0, error=0, total_writes=3
[635000] Monitor: busy=0, cmd=01, enable=1, error=0, total_writes=3
[655000] Monitor: busy=1, cmd=00, enable=0, error=0, total_writes=3
[665000] Monitor: busy=1, cmd=00, enable=0, error=0, total_writes=3
[675000] Monitor: busy=1, cmd=00, enable=0, error=0, total_writes=3
[685000] Monitor: busy=1, cmd=00, enable=0, error=0, total_writes=3
[695000] Read data: 0x12345678
[PASS] Data verification passed: 0x12345678
Phase 1 completed with 0 errors

--- Phase 2: Bit Pattern Testing ---
Testing All Zeros pattern (0x00000000)...
[695000] Writing word: 0x00000000 (TB count: 3, DUT cycles: 3)
[695000] Monitor: busy=1, cmd=00, enable=0, error=0, total_writes=3
[705000] Monitor: busy=0, cmd=10, enable=1, error=0, total_writes=3
[725000] Monitor: busy=1, cmd=00, enable=0, error=0, total_writes=3
[735000] Monitor: busy=1, cmd=00, enable=0, error=0, total_writes=3
[745000] Monitor: busy=1, cmd=00, enable=0, error=0, total_writes=3
[755000] Monitor: busy=1, cmd=00, enable=0, error=0, total_writes=3
[765000] Monitor: busy=1, cmd=00, enable=0, error=0, total_writes=3
[775000] Monitor: busy=1, cmd=00, enable=0, error=0, total_writes=3
[785000] Monitor: busy=1, cmd=00, enable=0, error=0, total_writes=3
[795000] Monitor: busy=1, cmd=00, enable=0, error=0, total_writes=3
[805000] Monitor: busy=1, cmd=00, enable=0, error=0, total_writes=3
[815000] Monitor: busy=1, cmd=00, enable=0, error=0, total_writes=3
[825000] Monitor: busy=1, cmd=00, enable=0, error=0, total_writes=3
[835000] Write completed successfully (TB count now: 4, DUT cycles: 4)
[835000] Reading word from array...
[835000] Monitor: busy=1, cmd=00, enable=0, error=0, total_writes=4
[845000] Monitor: busy=0, cmd=01, enable=1, error=0, total_writes=4
[865000] Monitor: busy=1, cmd=00, enable=0, error=0, total_writes=4
[875000] Monitor: busy=1, cmd=00, enable=0, error=0, total_writes=4
[885000] Monitor: busy=1, cmd=00, enable=0, error=0, total_writes=4
[895000] Monitor: busy=1, cmd=00, enable=0, error=0, total_writes=4
[905000] Read data: 0x00000000
[PASS] Data verification passed: 0x00000000
Testing All Ones pattern (0xffffffff)...
[905000] Writing word: 0xffffffff (TB count: 4, DUT cycles: 4)
[905000] Monitor: busy=1, cmd=00, enable=0, error=0, total_writes=4
[915000] Monitor: busy=0, cmd=10, enable=1, error=0, total_writes=4
[935000] Monitor: busy=1, cmd=00, enable=0, error=0, total_writes=4
[945000] Monitor: busy=1, cmd=00, enable=0, error=0, total_writes=4
[955000] Monitor: busy=1, cmd=00, enable=0, error=0, total_writes=4
[965000] Monitor: busy=1, cmd=00, enable=0, error=0, total_writes=4
[975000] Monitor: busy=1, cmd=00, enable=0, error=0, total_writes=4
[985000] Monitor: busy=1, cmd=00, enable=0, error=0, total_writes=4
[995000] Monitor: busy=1, cmd=00, enable=0, error=0, total_writes=4
[1005000] Monitor: busy=1, cmd=00, enable=0, error=0, total_writes=4
[1015000] Monitor: busy=1, cmd=00, enable=0, error=0, total_writes=4
[1025000] Monitor: busy=1, cmd=00, enable=0, error=0, total_writes=4
[1035000] Monitor: busy=1, cmd=00, enable=0, error=0, total_writes=4
[1045000] Write completed successfully (TB count now: 5, DUT cycles: 5)
[1045000] Reading word from array...
[1045000] Monitor: busy=1, cmd=00, enable=0, error=0, total_writes=5
[1055000] Monitor: busy=0, cmd=01, enable=1, error=0, total_writes=5
[1075000] Monitor: busy=1, cmd=00, enable=0, error=0, total_writes=5
[1085000] Monitor: busy=1, cmd=00, enable=0, error=0, total_writes=5
[1095000] Monitor: busy=1, cmd=00, enable=0, error=0, total_writes=5
[1105000] Monitor: busy=1, cmd=00, enable=0, error=0, total_writes=5
[1115000] Read data: 0xffffffff
[PASS] Data verification passed: 0xffffffff
Testing Alternating 1010 pattern (0xaaaaaaaa)...
[1115000] Writing word: 0xaaaaaaaa (TB count: 5, DUT cycles: 5)
[1115000] Monitor: busy=1, cmd=00, enable=0, error=0, total_writes=5
[1125000] Monitor: busy=0, cmd=10, enable=1, error=0, total_writes=5
[1145000] Monitor: busy=1, cmd=00, enable=0, error=0, total_writes=5
[1155000] Monitor: busy=1, cmd=00, enable=0, error=0, total_writes=5
[1165000] Monitor: busy=1, cmd=00, enable=0, error=0, total_writes=5
[1175000] Monitor: busy=1, cmd=00, enable=0, error=0, total_writes=5
[1185000] Monitor: busy=1, cmd=00, enable=0, error=0, total_writes=5
[1195000] Monitor: busy=1, cmd=00, enable=0, error=0, total_writes=5
[1205000] Monitor: busy=1, cmd=00, enable=0, error=0, total_writes=5
[1215000] Monitor: busy=1, cmd=00, enable=0, error=0, total_writes=5
[1225000] Monitor: busy=1, cmd=00, enable=0, error=0, total_writes=5
[1235000] Monitor: busy=1, cmd=00, enable=0, error=0, total_writes=5
[1245000] Monitor: busy=1, cmd=00, enable=0, error=0, total_writes=5
[1255000] Write completed successfully (TB count now: 6, DUT cycles: 6)
[1255000] Reading word from array...
[1255000] Monitor: busy=1, cmd=00, enable=0, error=0, total_writes=6
[1265000] Monitor: busy=0, cmd=01, enable=1, error=0, total_writes=6
[1285000] Monitor: busy=1, cmd=00, enable=0, error=0, total_writes=6
[1295000] Monitor: busy=1, cmd=00, enable=0, error=0, total_writes=6
[1305000] Monitor: busy=1, cmd=00, enable=0, error=0, total_writes=6
[1315000] Monitor: busy=1, cmd=00, enable=0, error=0, total_writes=6
[1325000] Read data: 0xaaaaaaaa
[PASS] Data verification passed: 0xaaaaaaaa
Testing Alternating 0101 pattern (0x55555555)...
[1325000] Writing word: 0x55555555 (TB count: 6, DUT cycles: 6)
[1325000] Monitor: busy=1, cmd=00, enable=0, error=0, total_writes=6
[1335000] Monitor: busy=0, cmd=10, enable=1, error=0, total_writes=6
[1355000] Monitor: busy=1, cmd=00, enable=0, error=0, total_writes=6
[1365000] Monitor: busy=1, cmd=00, enable=0, error=0, total_writes=6
[1375000] Monitor: busy=1, cmd=00, enable=0, error=0, total_writes=6
[1385000] Monitor: busy=1, cmd=00, enable=0, error=0, total_writes=6
[1395000] Monitor: busy=1, cmd=00, enable=0, error=0, total_writes=6
[1405000] Monitor: busy=1, cmd=00, enable=0, error=0, total_writes=6
[1415000] Monitor: busy=1, cmd=00, enable=0, error=0, total_writes=6
[1425000] Monitor: busy=1, cmd=00, enable=0, error=0, total_writes=6
[1435000] Monitor: busy=1, cmd=00, enable=0, error=0, total_writes=6
[1445000] Monitor: busy=1, cmd=00, enable=0, error=0, total_writes=6
[1455000] Monitor: busy=1, cmd=00, enable=0, error=0, total_writes=6
[1465000] Write completed successfully (TB count now: 7, DUT cycles: 7)
[1465000] Reading word from array...
[1465000] Monitor: busy=1, cmd=00, enable=0, error=0, total_writes=7
[1475000] Monitor: busy=0, cmd=01, enable=1, error=0, total_writes=7
[1495000] Monitor: busy=1, cmd=00, enable=0, error=0, total_writes=7
[1505000] Monitor: busy=1, cmd=00, enable=0, error=0, total_writes=7
[1515000] Monitor: busy=1, cmd=00, enable=0, error=0, total_writes=7
[1525000] Monitor: busy=1, cmd=00, enable=0, error=0, total_writes=7
[1535000] Read data: 0x55555555
[PASS] Data verification passed: 0x55555555
Testing Walking 1s patterns (reduced set)...
Testing Walking 1s bit 0 pattern (0x00000001)...
[1535000] Writing word: 0x00000001 (TB count: 7, DUT cycles: 7)
[1535000] Monitor: busy=1, cmd=00, enable=0, error=0, total_writes=7
[1545000] Monitor: busy=0, cmd=10, enable=1, error=0, total_writes=7
[1565000] Monitor: busy=1, cmd=00, enable=0, error=0, total_writes=7
[1575000] Monitor: busy=1, cmd=00, enable=0, error=0, total_writes=7
[1585000] Monitor: busy=1, cmd=00, enable=0, error=0, total_writes=7
[1595000] Monitor: busy=1, cmd=00, enable=0, error=0, total_writes=7
[1605000] Monitor: busy=1, cmd=00, enable=0, error=0, total_writes=7
[1615000] Monitor: busy=1, cmd=00, enable=0, error=0, total_writes=7
[1625000] Monitor: busy=1, cmd=00, enable=0, error=0, total_writes=7
[1635000] Monitor: busy=1, cmd=00, enable=0, error=0, total_writes=7
[1645000] Monitor: busy=1, cmd=00, enable=0, error=0, total_writes=7
[1655000] Monitor: busy=1, cmd=00, enable=0, error=0, total_writes=7
[1665000] Monitor: busy=1, cmd=00, enable=0, error=0, total_writes=7
[1675000] Write completed successfully (TB count now: 8, DUT cycles: 8)
[1675000] Reading word from array...
[1675000] Monitor: busy=1, cmd=00, enable=0, error=0, total_writes=8
[1685000] Monitor: busy=0, cmd=01, enable=1, error=0, total_writes=8
[1705000] Monitor: busy=1, cmd=00, enable=0, error=0, total_writes=8
[1715000] Monitor: busy=1, cmd=00, enable=0, error=0, total_writes=8
[1725000] Monitor: busy=1, cmd=00, enable=0, error=0, total_writes=8
[1735000] Monitor: busy=1, cmd=00, enable=0, error=0, total_writes=8
[1745000] Read data: 0x00000001
[PASS] Data verification passed: 0x00000001
Testing Walking 1s bit 1 pattern (0x00000002)...
[1745000] Writing word: 0x00000002 (TB count: 8, DUT cycles: 8)
[1745000] Monitor: busy=1, cmd=00, enable=0, error=0, total_writes=8
[1755000] Monitor: busy=0, cmd=10, enable=1, error=0, total_writes=8
[1775000] Monitor: busy=1, cmd=00, enable=0, error=0, total_writes=8
[1785000] Monitor: busy=1, cmd=00, enable=0, error=0, total_writes=8
[1795000] Monitor: busy=1, cmd=00, enable=0, error=0, total_writes=8
[1805000] Monitor: busy=1, cmd=00, enable=0, error=0, total_writes=8
[1815000] Monitor: busy=1, cmd=00, enable=0, error=0, total_writes=8
[1825000] Monitor: busy=1, cmd=00, enable=0, error=0, total_writes=8
[1835000] Monitor: busy=1, cmd=00, enable=0, error=0, total_writes=8
[1845000] Monitor: busy=1, cmd=00, enable=0, error=0, total_writes=8
[1855000] Monitor: busy=1, cmd=00, enable=0, error=0, total_writes=8
[1865000] Monitor: busy=1, cmd=00, enable=0, error=0, total_writes=8
[1875000] Monitor: busy=1, cmd=00, enable=0, error=0, total_writes=8
[1885000] Write completed successfully (TB count now: 9, DUT cycles: 9)
[1885000] Reading word from array...
[1885000] Monitor: busy=1, cmd=00, enable=0, error=0, total_writes=9
[1895000] Monitor: busy=0, cmd=01, enable=1, error=0, total_writes=9
[1915000] Monitor: busy=1, cmd=00, enable=0, error=0, total_writes=9
[1925000] Monitor: busy=1, cmd=00, enable=0, error=0, total_writes=9
[1935000] Monitor: busy=1, cmd=00, enable=0, error=0, total_writes=9
[1945000] Monitor: busy=1, cmd=00, enable=0, error=0, total_writes=9
[1955000] Read data: 0x00000002
[PASS] Data verification passed: 0x00000002
Testing Walking 1s bit 7 pattern (0x00000080)...
[1955000] Writing word: 0x00000080 (TB count: 9, DUT cycles: 9)
[1955000] Monitor: busy=1, cmd=00, enable=0, error=0, total_writes=9
[1965000] Monitor: busy=0, cmd=10, enable=1, error=0, total_writes=9
[1985000] Monitor: busy=1, cmd=00, enable=0, error=0, total_writes=9
[1995000] Monitor: busy=1, cmd=00, enable=0, error=0, total_writes=9
[2005000] Monitor: busy=1, cmd=00, enable=0, error=0, total_writes=9
[2015000] Monitor: busy=1, cmd=00, enable=0, error=0, total_writes=9
[2025000] Monitor: busy=1, cmd=00, enable=0, error=0, total_writes=9
[2035000] Monitor: busy=1, cmd=00, enable=0, error=0, total_writes=9
[2045000] Monitor: busy=1, cmd=00, enable=0, error=0, total_writes=9
[2055000] Monitor: busy=1, cmd=00, enable=0, error=0, total_writes=9
[2065000] Monitor: busy=1, cmd=00, enable=0, error=0, total_writes=9
[2075000] Monitor: busy=1, cmd=00, enable=0, error=0, total_writes=9
[2085000] Monitor: busy=1, cmd=00, enable=0, error=0, total_writes=9
[2095000] Write completed successfully (TB count now: 10, DUT cycles: 10)
[2095000] Reading word from array...
[2095000] Monitor: busy=1, cmd=00, enable=0, error=0, total_writes=10
[2105000] Monitor: busy=0, cmd=01, enable=1, error=0, total_writes=10
[2125000] Monitor: busy=1, cmd=00, enable=0, error=0, total_writes=10
[2135000] Monitor: busy=1, cmd=00, enable=0, error=0, total_writes=10
[2145000] Monitor: busy=1, cmd=00, enable=0, error=0, total_writes=10
[2155000] Monitor: busy=1, cmd=00, enable=0, error=0, total_writes=10
[2165000] Read data: 0x00000080
[PASS] Data verification passed: 0x00000080
Testing Walking 1s bit 8 pattern (0x00000100)...
[2165000] Writing word: 0x00000100 (TB count: 10, DUT cycles: 10)
[2165000] Monitor: busy=1, cmd=00, enable=0, error=0, total_writes=10
[2175000] Monitor: busy=0, cmd=10, enable=1, error=0, total_writes=10
[2195000] Monitor: busy=1, cmd=00, enable=0, error=0, total_writes=10
[2205000] Monitor: busy=1, cmd=00, enable=0, error=0, total_writes=10
[2215000] Monitor: busy=1, cmd=00, enable=0, error=0, total_writes=10
[2225000] Monitor: busy=1, cmd=00, enable=0, error=0, total_writes=10
[2235000] Monitor: busy=1, cmd=00, enable=0, error=0, total_writes=10
[2245000] Monitor: busy=1, cmd=00, enable=0, error=0, total_writes=10
[2255000] Monitor: busy=1, cmd=00, enable=0, error=0, total_writes=10
[2265000] Monitor: busy=1, cmd=00, enable=0, error=0, total_writes=10
[2275000] Monitor: busy=1, cmd=00, enable=0, error=0, total_writes=10
[2285000] Monitor: busy=1, cmd=00, enable=0, error=0, total_writes=10
[2295000] Monitor: busy=1, cmd=00, enable=0, error=0, total_writes=10
[2305000] Write completed successfully (TB count now: 11, DUT cycles: 11)
[2305000] Reading word from array...
[2305000] Monitor: busy=1, cmd=00, enable=0, error=0, total_writes=11
[2315000] Monitor: busy=0, cmd=01, enable=1, error=0, total_writes=11
[2335000] Monitor: busy=1, cmd=00, enable=0, error=0, total_writes=11
[2345000] Monitor: busy=1, cmd=00, enable=0, error=0, total_writes=11
[2355000] Monitor: busy=1, cmd=00, enable=0, error=0, total_writes=11
[2365000] Monitor: busy=1, cmd=00, enable=0, error=0, total_writes=11
[2375000] Read data: 0x00000100
[PASS] Data verification passed: 0x00000100
Testing Walking 1s bit 15 pattern (0x00008000)...
[2375000] Writing word: 0x00008000 (TB count: 11, DUT cycles: 11)
[2375000] Monitor: busy=1, cmd=00, enable=0, error=0, total_writes=11
[2385000] Monitor: busy=0, cmd=10, enable=1, error=0, total_writes=11
[2405000] Monitor: busy=1, cmd=00, enable=0, error=0, total_writes=11
[2415000] Monitor: busy=1, cmd=00, enable=0, error=0, total_writes=11
[2425000] Monitor: busy=1, cmd=00, enable=0, error=0, total_writes=11
[2435000] Monitor: busy=1, cmd=00, enable=0, error=0, total_writes=11
[2445000] Monitor: busy=1, cmd=00, enable=0, error=0, total_writes=11
[2455000] Monitor: busy=1, cmd=00, enable=0, error=0, total_writes=11
[2465000] Monitor: busy=1, cmd=00, enable=0, error=0, total_writes=11
[2475000] Monitor: busy=1, cmd=00, enable=0, error=0, total_writes=11
[2485000] Monitor: busy=1, cmd=00, enable=0, error=0, total_writes=11
[2495000] Monitor: busy=1, cmd=00, enable=0, error=0, total_writes=11
[2505000] Monitor: busy=1, cmd=00, enable=0, error=0, total_writes=11
[2515000] Write completed successfully (TB count now: 12, DUT cycles: 12)
[2515000] Reading word from array...
[2515000] Monitor: busy=1, cmd=00, enable=0, error=0, total_writes=12
[2525000] Monitor: busy=0, cmd=01, enable=1, error=0, total_writes=12
[2545000] Monitor: busy=1, cmd=00, enable=0, error=0, total_writes=12
[2555000] Monitor: busy=1, cmd=00, enable=0, error=0, total_writes=12
[2565000] Monitor: busy=1, cmd=00, enable=0, error=0, total_writes=12
[2575000] Monitor: busy=1, cmd=00, enable=0, error=0, total_writes=12
[2585000] Read data: 0x00008000
[PASS] Data verification passed: 0x00008000
Testing Walking 1s bit 16 pattern (0x00010000)...
[2585000] Writing word: 0x00010000 (TB count: 12, DUT cycles: 12)
[2585000] Monitor: busy=1, cmd=00, enable=0, error=0, total_writes=12
[2595000] Monitor: busy=0, cmd=10, enable=1, error=0, total_writes=12
[2615000] Monitor: busy=1, cmd=00, enable=0, error=0, total_writes=12
[2625000] Monitor: busy=1, cmd=00, enable=0, error=0, total_writes=12
[2635000] Monitor: busy=1, cmd=00, enable=0, error=0, total_writes=12
[2645000] Monitor: busy=1, cmd=00, enable=0, error=0, total_writes=12
[2655000] Monitor: busy=1, cmd=00, enable=0, error=0, total_writes=12
[2665000] Monitor: busy=1, cmd=00, enable=0, error=0, total_writes=12
[2675000] Monitor: busy=1, cmd=00, enable=0, error=0, total_writes=12
[2685000] Monitor: busy=1, cmd=00, enable=0, error=0, total_writes=12
[2695000] Monitor: busy=1, cmd=00, enable=0, error=0, total_writes=12
[2705000] Monitor: busy=1, cmd=00, enable=0, error=0, total_writes=12
[2715000] Monitor: busy=1, cmd=00, enable=0, error=0, total_writes=12
[2725000] Write completed successfully (TB count now: 13, DUT cycles: 13)
[2725000] Reading word from array...
[2725000] Monitor: busy=1, cmd=00, enable=0, error=0, total_writes=13
[2735000] Monitor: busy=0, cmd=01, enable=1, error=0, total_writes=13
[2755000] Monitor: busy=1, cmd=00, enable=0, error=0, total_writes=13
[2765000] Monitor: busy=1, cmd=00, enable=0, error=0, total_writes=13
[2775000] Monitor: busy=1, cmd=00, enable=0, error=0, total_writes=13
[2785000] Monitor: busy=1, cmd=00, enable=0, error=0, total_writes=13
[2795000] Read data: 0x00010000
[PASS] Data verification passed: 0x00010000
Testing Walking 1s bit 23 pattern (0x00800000)...
[2795000] Writing word: 0x00800000 (TB count: 13, DUT cycles: 13)
[2795000] Monitor: busy=1, cmd=00, enable=0, error=0, total_writes=13
[2805000] Monitor: busy=0, cmd=10, enable=1, error=0, total_writes=13
[2825000] Monitor: busy=1, cmd=00, enable=0, error=0, total_writes=13
[2835000] Monitor: busy=1, cmd=00, enable=0, error=0, total_writes=13
[2845000] Monitor: busy=1, cmd=00, enable=0, error=0, total_writes=13
[2855000] Monitor: busy=1, cmd=00, enable=0, error=0, total_writes=13
[2865000] Monitor: busy=1, cmd=00, enable=0, error=0, total_writes=13
[2875000] Monitor: busy=1, cmd=00, enable=0, error=0, total_writes=13
[2885000] Monitor: busy=1, cmd=00, enable=0, error=0, total_writes=13
[2895000] Monitor: busy=1, cmd=00, enable=0, error=0, total_writes=13
[2905000] Monitor: busy=1, cmd=00, enable=0, error=0, total_writes=13
[2915000] Monitor: busy=1, cmd=00, enable=0, error=0, total_writes=13
[2925000] Monitor: busy=1, cmd=00, enable=0, error=0, total_writes=13
[2935000] Write completed successfully (TB count now: 14, DUT cycles: 14)
[2935000] Reading word from array...
[2935000] Monitor: busy=1, cmd=00, enable=0, error=0, total_writes=14
[2945000] Monitor: busy=0, cmd=01, enable=1, error=0, total_writes=14
[2965000] Monitor: busy=1, cmd=00, enable=0, error=0, total_writes=14
[2975000] Monitor: busy=1, cmd=00, enable=0, error=0, total_writes=14
[2985000] Monitor: busy=1, cmd=00, enable=0, error=0, total_writes=14
[2995000] Monitor: busy=1, cmd=00, enable=0, error=0, total_writes=14
[3005000] Read data: 0x00800000
[PASS] Data verification passed: 0x00800000
Testing Walking 1s bit 31 pattern (0x80000000)...
[3005000] Writing word: 0x80000000 (TB count: 14, DUT cycles: 14)
[3005000] Monitor: busy=1, cmd=00, enable=0, error=0, total_writes=14
[3015000] Monitor: busy=0, cmd=10, enable=1, error=0, total_writes=14
[3035000] Monitor: busy=1, cmd=00, enable=0, error=0, total_writes=14
[3045000] Monitor: busy=1, cmd=00, enable=0, error=0, total_writes=14
[3055000] Monitor: busy=1, cmd=00, enable=0, error=0, total_writes=14
[3065000] Monitor: busy=1, cmd=00, enable=0, error=0, total_writes=14
[3075000] Monitor: busy=1, cmd=00, enable=0, error=0, total_writes=14
[3085000] Monitor: busy=1, cmd=00, enable=0, error=0, total_writes=14
[3095000] Monitor: busy=1, cmd=00, enable=0, error=0, total_writes=14
[3105000] Monitor: busy=1, cmd=00, enable=0, error=0, total_writes=14
[3115000] Monitor: busy=1, cmd=00, enable=0, error=0, total_writes=14
[3125000] Monitor: busy=1, cmd=00, enable=0, error=0, total_writes=14
[3135000] Monitor: busy=1, cmd=00, enable=0, error=0, total_writes=14
[3145000] Write completed successfully (TB count now: 15, DUT cycles: 15)
[3145000] Reading word from array...
[3145000] Monitor: busy=1, cmd=00, enable=0, error=0, total_writes=15
[3155000] Monitor: busy=0, cmd=01, enable=1, error=0, total_writes=15
[3175000] Monitor: busy=1, cmd=00, enable=0, error=0, total_writes=15
[3185000] Monitor: busy=1, cmd=00, enable=0, error=0, total_writes=15
[3195000] Monitor: busy=1, cmd=00, enable=0, error=0, total_writes=15
[3205000] Monitor: busy=1, cmd=00, enable=0, error=0, total_writes=15
[3215000] Read data: 0x80000000
[PASS] Data verification passed: 0x80000000
Testing Walking 0s patterns (reduced set)...
Testing Walking 0s bit 0 pattern (0xfffffffe)...
[3215000] Writing word: 0xfffffffe (TB count: 15, DUT cycles: 15)
[3215000] Monitor: busy=1, cmd=00, enable=0, error=0, total_writes=15
[3225000] Monitor: busy=0, cmd=10, enable=1, error=0, total_writes=15
[3245000] Monitor: busy=1, cmd=00, enable=0, error=0, total_writes=15
[3255000] Monitor: busy=1, cmd=00, enable=0, error=0, total_writes=15
[3265000] Monitor: busy=1, cmd=00, enable=0, error=0, total_writes=15
[3275000] Monitor: busy=1, cmd=00, enable=0, error=0, total_writes=15
[3285000] Monitor: busy=1, cmd=00, enable=0, error=0, total_writes=15
[3295000] Monitor: busy=1, cmd=00, enable=0, error=0, total_writes=15
[3305000] Monitor: busy=1, cmd=00, enable=0, error=0, total_writes=15
[3315000] Monitor: busy=1, cmd=00, enable=0, error=0, total_writes=15
[3325000] Monitor: busy=1, cmd=00, enable=0, error=0, total_writes=15
[3335000] Monitor: busy=1, cmd=00, enable=0, error=0, total_writes=15
[3345000] Monitor: busy=1, cmd=00, enable=0, error=0, total_writes=15
[3355000] Write completed successfully (TB count now: 16, DUT cycles: 16)
[3355000] Reading word from array...
[3355000] Monitor: busy=1, cmd=00, enable=0, error=0, total_writes=16
[3365000] Monitor: busy=0, cmd=01, enable=1, error=0, total_writes=16
[3385000] Monitor: busy=1, cmd=00, enable=0, error=0, total_writes=16
[3395000] Monitor: busy=1, cmd=00, enable=0, error=0, total_writes=16
[3405000] Monitor: busy=1, cmd=00, enable=0, error=0, total_writes=16
[3415000] Monitor: busy=1, cmd=00, enable=0, error=0, total_writes=16
[3425000] Read data: 0xfffffffe
[PASS] Data verification passed: 0xfffffffe
Testing Walking 0s bit 1 pattern (0xfffffffd)...
[3425000] Writing word: 0xfffffffd (TB count: 16, DUT cycles: 16)
[3425000] Monitor: busy=1, cmd=00, enable=0, error=0, total_writes=16
[3435000] Monitor: busy=0, cmd=10, enable=1, error=0, total_writes=16
[3455000] Monitor: busy=1, cmd=00, enable=0, error=0, total_writes=16
[3465000] Monitor: busy=1, cmd=00, enable=0, error=0, total_writes=16
[3475000] Monitor: busy=1, cmd=00, enable=0, error=0, total_writes=16
[3485000] Monitor: busy=1, cmd=00, enable=0, error=0, total_writes=16
[3495000] Monitor: busy=1, cmd=00, enable=0, error=0, total_writes=16
[3505000] Monitor: busy=1, cmd=00, enable=0, error=0, total_writes=16
[3515000] Monitor: busy=1, cmd=00, enable=0, error=0, total_writes=16
[3525000] Monitor: busy=1, cmd=00, enable=0, error=0, total_writes=16
[3535000] Monitor: busy=1, cmd=00, enable=0, error=0, total_writes=16
[3545000] Monitor: busy=1, cmd=00, enable=0, error=0, total_writes=16
[3555000] Monitor: busy=1, cmd=00, enable=0, error=0, total_writes=16
[3565000] Write completed successfully (TB count now: 17, DUT cycles: 17)
[3565000] Reading word from array...
[3565000] Monitor: busy=1, cmd=00, enable=0, error=0, total_writes=17
[3575000] Monitor: busy=0, cmd=01, enable=1, error=0, total_writes=17
[3595000] Monitor: busy=1, cmd=00, enable=0, error=0, total_writes=17
[3605000] Monitor: busy=1, cmd=00, enable=0, error=0, total_writes=17
[3615000] Monitor: busy=1, cmd=00, enable=0, error=0, total_writes=17
[3625000] Monitor: busy=1, cmd=00, enable=0, error=0, total_writes=17
[3635000] Read data: 0xfffffffd
[PASS] Data verification passed: 0xfffffffd
Testing Walking 0s bit 7 pattern (0xffffff7f)...
[3635000] Writing word: 0xffffff7f (TB count: 17, DUT cycles: 17)
[3635000] Monitor: busy=1, cmd=00, enable=0, error=0, total_writes=17
[3645000] Monitor: busy=0, cmd=10, enable=1, error=0, total_writes=17
[3665000] Monitor: busy=1, cmd=00, enable=0, error=0, total_writes=17
[3675000] Monitor: busy=1, cmd=00, enable=0, error=0, total_writes=17
[3685000] Monitor: busy=1, cmd=00, enable=0, error=0, total_writes=17
[3695000] Monitor: busy=1, cmd=00, enable=0, error=0, total_writes=17
[3705000] Monitor: busy=1, cmd=00, enable=0, error=0, total_writes=17
[3715000] Monitor: busy=1, cmd=00, enable=0, error=0, total_writes=17
[3725000] Monitor: busy=1, cmd=00, enable=0, error=0, total_writes=17
[3735000] Monitor: busy=1, cmd=00, enable=0, error=0, total_writes=17
[3745000] Monitor: busy=1, cmd=00, enable=0, error=0, total_writes=17
[3755000] Monitor: busy=1, cmd=00, enable=0, error=0, total_writes=17
[3765000] Monitor: busy=1, cmd=00, enable=0, error=0, total_writes=17
[3775000] Write completed successfully (TB count now: 18, DUT cycles: 18)
[3775000] Reading word from array...
[3775000] Monitor: busy=1, cmd=00, enable=0, error=0, total_writes=18
[3785000] Monitor: busy=0, cmd=01, enable=1, error=0, total_writes=18
[3805000] Monitor: busy=1, cmd=00, enable=0, error=0, total_writes=18
[3815000] Monitor: busy=1, cmd=00, enable=0, error=0, total_writes=18
[3825000] Monitor: busy=1, cmd=00, enable=0, error=0, total_writes=18
[3835000] Monitor: busy=1, cmd=00, enable=0, error=0, total_writes=18
[3845000] Read data: 0xffffff7f
[PASS] Data verification passed: 0xffffff7f
Testing Walking 0s bit 8 pattern (0xfffffeff)...
[3845000] Writing word: 0xfffffeff (TB count: 18, DUT cycles: 18)
[3845000] Monitor: busy=1, cmd=00, enable=0, error=0, total_writes=18
[3855000] Monitor: busy=0, cmd=10, enable=1, error=0, total_writes=18
[3875000] Monitor: busy=1, cmd=00, enable=0, error=0, total_writes=18
[3885000] Monitor: busy=1, cmd=00, enable=0, error=0, total_writes=18
[3895000] Monitor: busy=1, cmd=00, enable=0, error=0, total_writes=18
[3905000] Monitor: busy=1, cmd=00, enable=0, error=0, total_writes=18
[3915000] Monitor: busy=1, cmd=00, enable=0, error=0, total_writes=18
[3925000] Monitor: busy=1, cmd=00, enable=0, error=0, total_writes=18
[3935000] Monitor: busy=1, cmd=00, enable=0, error=0, total_writes=18
[3945000] Monitor: busy=1, cmd=00, enable=0, error=0, total_writes=18
[3955000] Monitor: busy=1, cmd=00, enable=0, error=0, total_writes=18
[3965000] Monitor: busy=1, cmd=00, enable=0, error=0, total_writes=18
[3975000] Monitor: busy=1, cmd=00, enable=0, error=0, total_writes=18
[3985000] Write completed successfully (TB count now: 19, DUT cycles: 19)
[3985000] Reading word from array...
[3985000] Monitor: busy=1, cmd=00, enable=0, error=0, total_writes=19
[3995000] Monitor: busy=0, cmd=01, enable=1, error=0, total_writes=19
[4015000] Monitor: busy=1, cmd=00, enable=0, error=0, total_writes=19
[4025000] Monitor: busy=1, cmd=00, enable=0, error=0, total_writes=19
[4035000] Monitor: busy=1, cmd=00, enable=0, error=0, total_writes=19
[4045000] Monitor: busy=1, cmd=00, enable=0, error=0, total_writes=19
[4055000] Read data: 0xfffffeff
[PASS] Data verification passed: 0xfffffeff
Testing Walking 0s bit 15 pattern (0xffff7fff)...
[4055000] Writing word: 0xffff7fff (TB count: 19, DUT cycles: 19)
[4055000] Monitor: busy=1, cmd=00, enable=0, error=0, total_writes=19
[4065000] Monitor: busy=0, cmd=10, enable=1, error=0, total_writes=19
[4085000] Monitor: busy=1, cmd=00, enable=0, error=0, total_writes=19
[4095000] Monitor: busy=1, cmd=00, enable=0, error=0, total_writes=19
[4105000] Monitor: busy=1, cmd=00, enable=0, error=0, total_writes=19
[4115000] Monitor: busy=1, cmd=00, enable=0, error=0, total_writes=19
[4125000] Monitor: busy=1, cmd=00, enable=0, error=0, total_writes=19
[4135000] Monitor: busy=1, cmd=00, enable=0, error=0, total_writes=19
[4145000] Monitor: busy=1, cmd=00, enable=0, error=0, total_writes=19
[4155000] Monitor: busy=1, cmd=00, enable=0, error=0, total_writes=19
[4165000] Monitor: busy=1, cmd=00, enable=0, error=0, total_writes=19
[4175000] Monitor: busy=1, cmd=00, enable=0, error=0, total_writes=19
[4185000] Monitor: busy=1, cmd=00, enable=0, error=0, total_writes=19
[4195000] Write completed successfully (TB count now: 20, DUT cycles: 20)
[4195000] Reading word from array...
[4195000] Monitor: busy=1, cmd=00, enable=0, error=0, total_writes=20
[4205000] Monitor: busy=0, cmd=01, enable=1, error=0, total_writes=20
[4225000] Monitor: busy=1, cmd=00, enable=0, error=0, total_writes=20
[4235000] Monitor: busy=1, cmd=00, enable=0, error=0, total_writes=20
[4245000] Monitor: busy=1, cmd=00, enable=0, error=0, total_writes=20
[4255000] Monitor: busy=1, cmd=00, enable=0, error=0, total_writes=20
[4265000] Read data: 0xffff7fff
[PASS] Data verification passed: 0xffff7fff
Testing Walking 0s bit 16 pattern (0xfffeffff)...
[4265000] Writing word: 0xfffeffff (TB count: 20, DUT cycles: 20)
[4265000] Monitor: busy=1, cmd=00, enable=0, error=0, total_writes=20
[4275000] Monitor: busy=0, cmd=10, enable=1, error=0, total_writes=20
[4295000] Monitor: busy=1, cmd=00, enable=0, error=0, total_writes=20
[4305000] Monitor: busy=1, cmd=00, enable=0, error=0, total_writes=20
[4315000] Monitor: busy=1, cmd=00, enable=0, error=0, total_writes=20
[4325000] Monitor: busy=1, cmd=00, enable=0, error=0, total_writes=20
[4335000] Monitor: busy=1, cmd=00, enable=0, error=0, total_writes=20
[4345000] Monitor: busy=1, cmd=00, enable=0, error=0, total_writes=20
[4355000] Monitor: busy=1, cmd=00, enable=0, error=0, total_writes=20
[4365000] Monitor: busy=1, cmd=00, enable=0, error=0, total_writes=20
[4375000] Monitor: busy=1, cmd=00, enable=0, error=0, total_writes=20
[4385000] Monitor: busy=1, cmd=00, enable=0, error=0, total_writes=20
[4395000] Monitor: busy=1, cmd=00, enable=0, error=0, total_writes=20
[4405000] Write completed successfully (TB count now: 21, DUT cycles: 21)
[4405000] Reading word from array...
[4405000] Monitor: busy=1, cmd=00, enable=0, error=0, total_writes=21
[4415000] Monitor: busy=0, cmd=01, enable=1, error=0, total_writes=21
[4435000] Monitor: busy=1, cmd=00, enable=0, error=0, total_writes=21
[4445000] Monitor: busy=1, cmd=00, enable=0, error=0, total_writes=21
[4455000] Monitor: busy=1, cmd=00, enable=0, error=0, total_writes=21
[4465000] Monitor: busy=1, cmd=00, enable=0, error=0, total_writes=21
[4475000] Read data: 0xfffeffff
[PASS] Data verification passed: 0xfffeffff
Testing Walking 0s bit 23 pattern (0xff7fffff)...
[4475000] Writing word: 0xff7fffff (TB count: 21, DUT cycles: 21)
[4475000] Monitor: busy=1, cmd=00, enable=0, error=0, total_writes=21
[4485000] Monitor: busy=0, cmd=10, enable=1, error=0, total_writes=21
[4505000] Monitor: busy=1, cmd=00, enable=0, error=0, total_writes=21
[4515000] Monitor: busy=1, cmd=00, enable=0, error=0, total_writes=21
[4525000] Monitor: busy=1, cmd=00, enable=0, error=0, total_writes=21
[4535000] Monitor: busy=1, cmd=00, enable=0, error=0, total_writes=21
[4545000] Monitor: busy=1, cmd=00, enable=0, error=0, total_writes=21
[4555000] Monitor: busy=1, cmd=00, enable=0, error=0, total_writes=21
[4565000] Monitor: busy=1, cmd=00, enable=0, error=0, total_writes=21
[4575000] Monitor: busy=1, cmd=00, enable=0, error=0, total_writes=21
[4585000] Monitor: busy=1, cmd=00, enable=0, error=0, total_writes=21
[4595000] Monitor: busy=1, cmd=00, enable=0, error=0, total_writes=21
[4605000] Monitor: busy=1, cmd=00, enable=0, error=0, total_writes=21
[4615000] Write completed successfully (TB count now: 22, DUT cycles: 22)
[4615000] Reading word from array...
[4615000] Monitor: busy=1, cmd=00, enable=0, error=0, total_writes=22
[4625000] Monitor: busy=0, cmd=01, enable=1, error=0, total_writes=22
[4645000] Monitor: busy=1, cmd=00, enable=0, error=0, total_writes=22
[4655000] Monitor: busy=1, cmd=00, enable=0, error=0, total_writes=22
[4665000] Monitor: busy=1, cmd=00, enable=0, error=0, total_writes=22
[4675000] Monitor: busy=1, cmd=00, enable=0, error=0, total_writes=22
[4685000] Read data: 0xff7fffff
[PASS] Data verification passed: 0xff7fffff
Testing Walking 0s bit 31 pattern (0x7fffffff)...
[4685000] Writing word: 0x7fffffff (TB count: 22, DUT cycles: 22)
[4685000] Monitor: busy=1, cmd=00, enable=0, error=0, total_writes=22
[4695000] Monitor: busy=0, cmd=10, enable=1, error=0, total_writes=22
[4715000] Monitor: busy=1, cmd=00, enable=0, error=0, total_writes=22
[4725000] Monitor: busy=1, cmd=00, enable=0, error=0, total_writes=22
[4735000] Monitor: busy=1, cmd=00, enable=0, error=0, total_writes=22
[4745000] Monitor: busy=1, cmd=00, enable=0, error=0, total_writes=22
[4755000] Monitor: busy=1, cmd=00, enable=0, error=0, total_writes=22
[4765000] Monitor: busy=1, cmd=00, enable=0, error=0, total_writes=22
[4775000] Monitor: busy=1, cmd=00, enable=0, error=0, total_writes=22
[4785000] Monitor: busy=1, cmd=00, enable=0, error=0, total_writes=22
[4795000] Monitor: busy=1, cmd=00, enable=0, error=0, total_writes=22
[4805000] Monitor: busy=1, cmd=00, enable=0, error=0, total_writes=22
[4815000] Monitor: busy=1, cmd=00, enable=0, error=0, total_writes=22
[4825000] Write completed successfully (TB count now: 23, DUT cycles: 23)
[4825000] Reading word from array...
[4825000] Monitor: busy=1, cmd=00, enable=0, error=0, total_writes=23
[4835000] Monitor: busy=0, cmd=01, enable=1, error=0, total_writes=23
[4855000] Monitor: busy=1, cmd=00, enable=0, error=0, total_writes=23
[4865000] Monitor: busy=1, cmd=00, enable=0, error=0, total_writes=23
[4875000] Monitor: busy=1, cmd=00, enable=0, error=0, total_writes=23
[4885000] Monitor: busy=1, cmd=00, enable=0, error=0, total_writes=23
[4895000] Read data: 0x7fffffff
[PASS] Data verification passed: 0x7fffffff
Phase 2 completed with 0 errors
[HEALTH] All cells healthy, no error flags
[HEALTH] Write utilization: 23/200 (11%)

--- Phase 3: Parallel Cell Access Verification ---
[4895000] Writing word: 0xa5c3f0e7 (TB count: 23, DUT cycles: 23)
[4895000] Monitor: busy=1, cmd=00, enable=0, error=0, total_writes=23
[4905000] Monitor: busy=0, cmd=10, enable=1, error=0, total_writes=23
[4925000] Monitor: busy=1, cmd=00, enable=0, error=0, total_writes=23
[4935000] Monitor: busy=1, cmd=00, enable=0, error=0, total_writes=23
[4945000] Monitor: busy=1, cmd=00, enable=0, error=0, total_writes=23
[4955000] Monitor: busy=1, cmd=00, enable=0, error=0, total_writes=23
[4965000] Monitor: busy=1, cmd=00, enable=0, error=0, total_writes=23
[4975000] Monitor: busy=1, cmd=00, enable=0, error=0, total_writes=23
[4985000] Monitor: busy=1, cmd=00, enable=0, error=0, total_writes=23
[4995000] Monitor: busy=1, cmd=00, enable=0, error=0, total_writes=23
[5005000] Monitor: busy=1, cmd=00, enable=0, error=0, total_writes=23
[5015000] Monitor: busy=1, cmd=00, enable=0, error=0, total_writes=23
[5025000] Monitor: busy=1, cmd=00, enable=0, error=0, total_writes=23
[5035000] Write completed successfully (TB count now: 24, DUT cycles: 24)
[5035000] Reading word from array...
[5035000] Monitor: busy=1, cmd=00, enable=0, error=0, total_writes=24
[5045000] Monitor: busy=0, cmd=01, enable=1, error=0, total_writes=24
[5065000] Monitor: busy=1, cmd=00, enable=0, error=0, total_writes=24
[5075000] Monitor: busy=1, cmd=00, enable=0, error=0, total_writes=24
[5085000] Monitor: busy=1, cmd=00, enable=0, error=0, total_writes=24
[5095000] Monitor: busy=1, cmd=00, enable=0, error=0, total_writes=24
[5105000] Read data: 0xa5c3f0e7
Verifying individual bit storage:
[PASS] Bit  0: 1
[PASS] Bit  1: 1
[PASS] Bit  2: 1
[PASS] Bit  3: 0
[PASS] Bit  4: 0
[PASS] Bit  5: 1
[PASS] Bit  6: 1
[PASS] Bit  7: 1
[PASS] Bit  8: 0
[PASS] Bit  9: 0
[PASS] Bit 10: 0
[PASS] Bit 11: 0
[PASS] Bit 12: 1
[PASS] Bit 13: 1
[PASS] Bit 14: 1
[PASS] Bit 15: 1
[PASS] Bit 16: 1
[PASS] Bit 17: 1
[PASS] Bit 18: 0
[PASS] Bit 19: 0
[PASS] Bit 20: 0
[PASS] Bit 21: 0
[PASS] Bit 22: 1
[PASS] Bit 23: 1
[PASS] Bit 24: 1
[PASS] Bit 25: 0
[PASS] Bit 26: 1
[PASS] Bit 27: 0
[PASS] Bit 28: 0
[PASS] Bit 29: 1
[PASS] Bit 30: 0
[PASS] Bit 31: 1
Phase 3 completed with 0 errors

--- Phase 4: Timing Validation ---
Testing WRITE timing (expected 10 cycles)...
[5105000] Monitor: busy=1, cmd=00, enable=0, error=0, total_writes=24
[5115000] Monitor: busy=0, cmd=10, enable=1, error=0, total_writes=24
[5135000] Monitor: busy=1, cmd=00, enable=0, error=0, total_writes=24
[5145000] Monitor: busy=1, cmd=00, enable=0, error=0, total_writes=24
[5155000] Monitor: busy=1, cmd=00, enable=0, error=0, total_writes=24
[5165000] Monitor: busy=1, cmd=00, enable=0, error=0, total_writes=24
[5175000] Monitor: busy=1, cmd=00, enable=0, error=0, total_writes=24
[5185000] Monitor: busy=1, cmd=00, enable=0, error=0, total_writes=24
[5195000] Monitor: busy=1, cmd=00, enable=0, error=0, total_writes=24
[5205000] Monitor: busy=1, cmd=00, enable=0, error=0, total_writes=24
[5215000] Monitor: busy=1, cmd=00, enable=0, error=0, total_writes=24
[5225000] Monitor: busy=1, cmd=00, enable=0, error=0, total_writes=24
[5235000] Monitor: busy=1, cmd=00, enable=0, error=0, total_writes=24
Timing result: expected=10, actual=10 cycles
[PASS] Timing validation passed
Testing READ timing (expected 3 cycles)...
[5245000] Monitor: busy=1, cmd=01, enable=1, error=0, total_writes=25
[5265000] Monitor: busy=1, cmd=00, enable=0, error=0, total_writes=25
[5275000] Monitor: busy=1, cmd=00, enable=0, error=0, total_writes=25
[5285000] Monitor: busy=1, cmd=00, enable=0, error=0, total_writes=25
[5295000] Monitor: busy=1, cmd=00, enable=0, error=0, total_writes=25
Timing result: expected=3, actual=3 cycles
[PASS] Timing validation passed
Phase 4 completed with 0 errors

--- Phase 5: Data Persistence Test ---
[5295000] Writing word: 0x13579bdf (TB count: 24, DUT cycles: 25)
[5305000] Monitor: busy=1, cmd=10, enable=1, error=0, total_writes=25
[5325000] Monitor: busy=1, cmd=00, enable=0, error=0, total_writes=25
[5335000] Monitor: busy=1, cmd=00, enable=0, error=0, total_writes=25
[5345000] Monitor: busy=1, cmd=00, enable=0, error=0, total_writes=25
[5355000] Monitor: busy=1, cmd=00, enable=0, error=0, total_writes=25
[5365000] Monitor: busy=1, cmd=00, enable=0, error=0, total_writes=25
[5375000] Monitor: busy=1, cmd=00, enable=0, error=0, total_writes=25
[5385000] Monitor: busy=1, cmd=00, enable=0, error=0, total_writes=25
[5395000] Monitor: busy=1, cmd=00, enable=0, error=0, total_writes=25
[5405000] Monitor: busy=1, cmd=00, enable=0, error=0, total_writes=25
[5415000] Monitor: busy=1, cmd=00, enable=0, error=0, total_writes=25
[5425000] Monitor: busy=1, cmd=00, enable=0, error=0, total_writes=25
[5435000] Write completed successfully (TB count now: 25, DUT cycles: 26)
[5435000] Monitor: busy=1, cmd=00, enable=0, error=0, total_writes=26
[7435000] Reading word from array...
[7445000] Monitor: busy=0, cmd=01, enable=1, error=0, total_writes=26
[7465000] Monitor: busy=1, cmd=00, enable=0, error=0, total_writes=26
[7475000] Monitor: busy=1, cmd=00, enable=0, error=0, total_writes=26
[7485000] Monitor: busy=1, cmd=00, enable=0, error=0, total_writes=26
[7495000] Monitor: busy=1, cmd=00, enable=0, error=0, total_writes=26
[7505000] Read data: 0x13579bdf
[PASS] Data verification passed: 0x13579bdf
Phase 5 completed with 0 errors

--- Phase 6: Endurance Counter Tracking ---
Total write cycles before: 26
TB total writes so far: 25
Remaining writes to limit: 175
Performing 5 endurance counter test writes...
[7505000] Writing word: 0x12345678 (TB count: 25, DUT cycles: 26)
[7505000] Monitor: busy=1, cmd=00, enable=0, error=0, total_writes=26
[7515000] Monitor: busy=0, cmd=10, enable=1, error=0, total_writes=26
[7535000] Monitor: busy=1, cmd=00, enable=0, error=0, total_writes=26
[7545000] Monitor: busy=1, cmd=00, enable=0, error=0, total_writes=26
[7555000] Monitor: busy=1, cmd=00, enable=0, error=0, total_writes=26
[7565000] Monitor: busy=1, cmd=00, enable=0, error=0, total_writes=26
[7575000] Monitor: busy=1, cmd=00, enable=0, error=0, total_writes=26
[7585000] Monitor: busy=1, cmd=00, enable=0, error=0, total_writes=26
[7595000] Monitor: busy=1, cmd=00, enable=0, error=0, total_writes=26
[7605000] Monitor: busy=1, cmd=00, enable=0, error=0, total_writes=26
[7615000] Monitor: busy=1, cmd=00, enable=0, error=0, total_writes=26
[7625000] Monitor: busy=1, cmd=00, enable=0, error=0, total_writes=26
[7635000] Monitor: busy=1, cmd=00, enable=0, error=0, total_writes=26
[7645000] Write completed successfully (TB count now: 26, DUT cycles: 27)
[7645000] Writing word: 0x12345679 (TB count: 26, DUT cycles: 27)
[7645000] Monitor: busy=1, cmd=00, enable=0, error=0, total_writes=27
[7655000] Monitor: busy=0, cmd=10, enable=1, error=0, total_writes=27
[7675000] Monitor: busy=1, cmd=00, enable=0, error=0, total_writes=27
[7685000] Monitor: busy=1, cmd=00, enable=0, error=0, total_writes=27
[7695000] Monitor: busy=1, cmd=00, enable=0, error=0, total_writes=27
[7705000] Monitor: busy=1, cmd=00, enable=0, error=0, total_writes=27
[7715000] Monitor: busy=1, cmd=00, enable=0, error=0, total_writes=27
[7725000] Monitor: busy=1, cmd=00, enable=0, error=0, total_writes=27
[7735000] Monitor: busy=1, cmd=00, enable=0, error=0, total_writes=27
[7745000] Monitor: busy=1, cmd=00, enable=0, error=0, total_writes=27
[7755000] Monitor: busy=1, cmd=00, enable=0, error=0, total_writes=27
[7765000] Monitor: busy=1, cmd=00, enable=0, error=0, total_writes=27
[7775000] Monitor: busy=1, cmd=00, enable=0, error=0, total_writes=27
[7785000] Write completed successfully (TB count now: 27, DUT cycles: 28)
[7785000] Writing word: 0x1234567a (TB count: 27, DUT cycles: 28)
[7785000] Monitor: busy=1, cmd=00, enable=0, error=0, total_writes=28
[7795000] Monitor: busy=0, cmd=10, enable=1, error=0, total_writes=28
[7815000] Monitor: busy=1, cmd=00, enable=0, error=0, total_writes=28
[7825000] Monitor: busy=1, cmd=00, enable=0, error=0, total_writes=28
[7835000] Monitor: busy=1, cmd=00, enable=0, error=0, total_writes=28
[7845000] Monitor: busy=1, cmd=00, enable=0, error=0, total_writes=28
[7855000] Monitor: busy=1, cmd=00, enable=0, error=0, total_writes=28
[7865000] Monitor: busy=1, cmd=00, enable=0, error=0, total_writes=28
[7875000] Monitor: busy=1, cmd=00, enable=0, error=0, total_writes=28
[7885000] Monitor: busy=1, cmd=00, enable=0, error=0, total_writes=28
[7895000] Monitor: busy=1, cmd=00, enable=0, error=0, total_writes=28
[7905000] Monitor: busy=1, cmd=00, enable=0, error=0, total_writes=28
[7915000] Monitor: busy=1, cmd=00, enable=0, error=0, total_writes=28
[7925000] Write completed successfully (TB count now: 28, DUT cycles: 29)
[7925000] Writing word: 0x1234567b (TB count: 28, DUT cycles: 29)
[7925000] Monitor: busy=1, cmd=00, enable=0, error=0, total_writes=29
[7935000] Monitor: busy=0, cmd=10, enable=1, error=0, total_writes=29
[7955000] Monitor: busy=1, cmd=00, enable=0, error=0, total_writes=29
[7965000] Monitor: busy=1, cmd=00, enable=0, error=0, total_writes=29
[7975000] Monitor: busy=1, cmd=00, enable=0, error=0, total_writes=29
[7985000] Monitor: busy=1, cmd=00, enable=0, error=0, total_writes=29
[7995000] Monitor: busy=1, cmd=00, enable=0, error=0, total_writes=29
[8005000] Monitor: busy=1, cmd=00, enable=0, error=0, total_writes=29
[8015000] Monitor: busy=1, cmd=00, enable=0, error=0, total_writes=29
[8025000] Monitor: busy=1, cmd=00, enable=0, error=0, total_writes=29
[8035000] Monitor: busy=1, cmd=00, enable=0, error=0, total_writes=29
[8045000] Monitor: busy=1, cmd=00, enable=0, error=0, total_writes=29
[8055000] Monitor: busy=1, cmd=00, enable=0, error=0, total_writes=29
[8065000] Write completed successfully (TB count now: 29, DUT cycles: 30)
[8065000] Writing word: 0x1234567c (TB count: 29, DUT cycles: 30)
[8065000] Monitor: busy=1, cmd=00, enable=0, error=0, total_writes=30
[8075000] Monitor: busy=0, cmd=10, enable=1, error=0, total_writes=30
[8095000] Monitor: busy=1, cmd=00, enable=0, error=0, total_writes=30
[8105000] Monitor: busy=1, cmd=00, enable=0, error=0, total_writes=30
[8115000] Monitor: busy=1, cmd=00, enable=0, error=0, total_writes=30
[8125000] Monitor: busy=1, cmd=00, enable=0, error=0, total_writes=30
[8135000] Monitor: busy=1, cmd=00, enable=0, error=0, total_writes=30
[8145000] Monitor: busy=1, cmd=00, enable=0, error=0, total_writes=30
[8155000] Monitor: busy=1, cmd=00, enable=0, error=0, total_writes=30
[8165000] Monitor: busy=1, cmd=00, enable=0, error=0, total_writes=30
[8175000] Monitor: busy=1, cmd=00, enable=0, error=0, total_writes=30
[8185000] Monitor: busy=1, cmd=00, enable=0, error=0, total_writes=30
[8195000] Monitor: busy=1, cmd=00, enable=0, error=0, total_writes=30
[8205000] Write completed successfully (TB count now: 30, DUT cycles: 31)
Total write cycles progression: 26 -> 31 (+5)
[PASS] DUT write cycle counter advanced as expected
Phase 6 completed with 0 errors
[HEALTH] All cells healthy, no error flags
[HEALTH] Write utilization: 30/200 (15%)

--- Phase 7: Random Data Testing ---
Random test 1: 0x69661216
[8205000] Writing word: 0x69661216 (TB count: 30, DUT cycles: 31)
[8205000] Monitor: busy=1, cmd=00, enable=0, error=0, total_writes=31
[8215000] Monitor: busy=0, cmd=10, enable=1, error=0, total_writes=31
[8235000] Monitor: busy=1, cmd=00, enable=0, error=0, total_writes=31
[8245000] Monitor: busy=1, cmd=00, enable=0, error=0, total_writes=31
[8255000] Monitor: busy=1, cmd=00, enable=0, error=0, total_writes=31
[8265000] Monitor: busy=1, cmd=00, enable=0, error=0, total_writes=31
[8275000] Monitor: busy=1, cmd=00, enable=0, error=0, total_writes=31
[8285000] Monitor: busy=1, cmd=00, enable=0, error=0, total_writes=31
[8295000] Monitor: busy=1, cmd=00, enable=0, error=0, total_writes=31
[8305000] Monitor: busy=1, cmd=00, enable=0, error=0, total_writes=31
[8315000] Monitor: busy=1, cmd=00, enable=0, error=0, total_writes=31
[8325000] Monitor: busy=1, cmd=00, enable=0, error=0, total_writes=31
[8335000] Monitor: busy=1, cmd=00, enable=0, error=0, total_writes=31
[8345000] Write completed successfully (TB count now: 31, DUT cycles: 32)
[8345000] Reading word from array...
[8345000] Monitor: busy=1, cmd=00, enable=0, error=0, total_writes=32
[8355000] Monitor: busy=0, cmd=01, enable=1, error=0, total_writes=32
[8375000] Monitor: busy=1, cmd=00, enable=0, error=0, total_writes=32
[8385000] Monitor: busy=1, cmd=00, enable=0, error=0, total_writes=32
[8395000] Monitor: busy=1, cmd=00, enable=0, error=0, total_writes=32
[8405000] Monitor: busy=1, cmd=00, enable=0, error=0, total_writes=32
[8415000] Read data: 0x69661216
[PASS] Data verification passed: 0x69661216
Random test 2: 0x0b4593e4
[8415000] Writing word: 0x0b4593e4 (TB count: 31, DUT cycles: 32)
[8415000] Monitor: busy=1, cmd=00, enable=0, error=0, total_writes=32
[8425000] Monitor: busy=0, cmd=10, enable=1, error=0, total_writes=32
[8445000] Monitor: busy=1, cmd=00, enable=0, error=0, total_writes=32
[8455000] Monitor: busy=1, cmd=00, enable=0, error=0, total_writes=32
[8465000] Monitor: busy=1, cmd=00, enable=0, error=0, total_writes=32
[8475000] Monitor: busy=1, cmd=00, enable=0, error=0, total_writes=32
[8485000] Monitor: busy=1, cmd=00, enable=0, error=0, total_writes=32
[8495000] Monitor: busy=1, cmd=00, enable=0, error=0, total_writes=32
[8505000] Monitor: busy=1, cmd=00, enable=0, error=0, total_writes=32
[8515000] Monitor: busy=1, cmd=00, enable=0, error=0, total_writes=32
[8525000] Monitor: busy=1, cmd=00, enable=0, error=0, total_writes=32
[8535000] Monitor: busy=1, cmd=00, enable=0, error=0, total_writes=32
[8545000] Monitor: busy=1, cmd=00, enable=0, error=0, total_writes=32
[8555000] Write completed successfully (TB count now: 32, DUT cycles: 33)
[8555000] Reading word from array...
[8555000] Monitor: busy=1, cmd=00, enable=0, error=0, total_writes=33
[8565000] Monitor: busy=0, cmd=01, enable=1, error=0, total_writes=33
[8585000] Monitor: busy=1, cmd=00, enable=0, error=0, total_writes=33
[8595000] Monitor: busy=1, cmd=00, enable=0, error=0, total_writes=33
[8605000] Monitor: busy=1, cmd=00, enable=0, error=0, total_writes=33
[8615000] Monitor: busy=1, cmd=00, enable=0, error=0, total_writes=33
[8625000] Read data: 0x0b4593e4
[PASS] Data verification passed: 0x0b4593e4
Random test 3: 0x8d924624
[8625000] Writing word: 0x8d924624 (TB count: 32, DUT cycles: 33)
[8625000] Monitor: busy=1, cmd=00, enable=0, error=0, total_writes=33
[8635000] Monitor: busy=0, cmd=10, enable=1, error=0, total_writes=33
[8655000] Monitor: busy=1, cmd=00, enable=0, error=0, total_writes=33
[8665000] Monitor: busy=1, cmd=00, enable=0, error=0, total_writes=33
[8675000] Monitor: busy=1, cmd=00, enable=0, error=0, total_writes=33
[8685000] Monitor: busy=1, cmd=00, enable=0, error=0, total_writes=33
[8695000] Monitor: busy=1, cmd=00, enable=0, error=0, total_writes=33
[8705000] Monitor: busy=1, cmd=00, enable=0, error=0, total_writes=33
[8715000] Monitor: busy=1, cmd=00, enable=0, error=0, total_writes=33
[8725000] Monitor: busy=1, cmd=00, enable=0, error=0, total_writes=33
[8735000] Monitor: busy=1, cmd=00, enable=0, error=0, total_writes=33
[8745000] Monitor: busy=1, cmd=00, enable=0, error=0, total_writes=33
[8755000] Monitor: busy=1, cmd=00, enable=0, error=0, total_writes=33
[8765000] Write completed successfully (TB count now: 33, DUT cycles: 34)
[8765000] Reading word from array...
[8765000] Monitor: busy=1, cmd=00, enable=0, error=0, total_writes=34
[8775000] Monitor: busy=0, cmd=01, enable=1, error=0, total_writes=34
[8795000] Monitor: busy=1, cmd=00, enable=0, error=0, total_writes=34
[8805000] Monitor: busy=1, cmd=00, enable=0, error=0, total_writes=34
[8815000] Monitor: busy=1, cmd=00, enable=0, error=0, total_writes=34
[8825000] Monitor: busy=1, cmd=00, enable=0, error=0, total_writes=34
[8835000] Read data: 0x8d924624
[PASS] Data verification passed: 0x8d924624
Random test 4: 0x484f3584
[8835000] Writing word: 0x484f3584 (TB count: 33, DUT cycles: 34)
[8835000] Monitor: busy=1, cmd=00, enable=0, error=0, total_writes=34
[8845000] Monitor: busy=0, cmd=10, enable=1, error=0, total_writes=34
[8865000] Monitor: busy=1, cmd=00, enable=0, error=0, total_writes=34
[8875000] Monitor: busy=1, cmd=00, enable=0, error=0, total_writes=34
[8885000] Monitor: busy=1, cmd=00, enable=0, error=0, total_writes=34
[8895000] Monitor: busy=1, cmd=00, enable=0, error=0, total_writes=34
[8905000] Monitor: busy=1, cmd=00, enable=0, error=0, total_writes=34
[8915000] Monitor: busy=1, cmd=00, enable=0, error=0, total_writes=34
[8925000] Monitor: busy=1, cmd=00, enable=0, error=0, total_writes=34
[8935000] Monitor: busy=1, cmd=00, enable=0, error=0, total_writes=34
[8945000] Monitor: busy=1, cmd=00, enable=0, error=0, total_writes=34
[8955000] Monitor: busy=1, cmd=00, enable=0, error=0, total_writes=34
[8965000] Monitor: busy=1, cmd=00, enable=0, error=0, total_writes=34
[8975000] Write completed successfully (TB count now: 34, DUT cycles: 35)
[8975000] Reading word from array...
[8975000] Monitor: busy=1, cmd=00, enable=0, error=0, total_writes=35
[8985000] Monitor: busy=0, cmd=01, enable=1, error=0, total_writes=35
[9005000] Monitor: busy=1, cmd=00, enable=0, error=0, total_writes=35
[9015000] Monitor: busy=1, cmd=00, enable=0, error=0, total_writes=35
[9025000] Monitor: busy=1, cmd=00, enable=0, error=0, total_writes=35
[9035000] Monitor: busy=1, cmd=00, enable=0, error=0, total_writes=35
[9045000] Read data: 0x484f3584
[PASS] Data verification passed: 0x484f3584
Random test 5: 0x30ac023b
[9045000] Writing word: 0x30ac023b (TB count: 34, DUT cycles: 35)
[9045000] Monitor: busy=1, cmd=00, enable=0, error=0, total_writes=35
[9055000] Monitor: busy=0, cmd=10, enable=1, error=0, total_writes=35
[9075000] Monitor: busy=1, cmd=00, enable=0, error=0, total_writes=35
[9085000] Monitor: busy=1, cmd=00, enable=0, error=0, total_writes=35
[9095000] Monitor: busy=1, cmd=00, enable=0, error=0, total_writes=35
[9105000] Monitor: busy=1, cmd=00, enable=0, error=0, total_writes=35
[9115000] Monitor: busy=1, cmd=00, enable=0, error=0, total_writes=35
[9125000] Monitor: busy=1, cmd=00, enable=0, error=0, total_writes=35
[9135000] Monitor: busy=1, cmd=00, enable=0, error=0, total_writes=35
[9145000] Monitor: busy=1, cmd=00, enable=0, error=0, total_writes=35
[9155000] Monitor: busy=1, cmd=00, enable=0, error=0, total_writes=35
[9165000] Monitor: busy=1, cmd=00, enable=0, error=0, total_writes=35
[9175000] Monitor: busy=1, cmd=00, enable=0, error=0, total_writes=35
[9185000] Write completed successfully (TB count now: 35, DUT cycles: 36)
[9185000] Reading word from array...
[9185000] Monitor: busy=1, cmd=00, enable=0, error=0, total_writes=36
[9195000] Monitor: busy=0, cmd=01, enable=1, error=0, total_writes=36
[9215000] Monitor: busy=1, cmd=00, enable=0, error=0, total_writes=36
[9225000] Monitor: busy=1, cmd=00, enable=0, error=0, total_writes=36
[9235000] Monitor: busy=1, cmd=00, enable=0, error=0, total_writes=36
[9245000] Monitor: busy=1, cmd=00, enable=0, error=0, total_writes=36
[9255000] Read data: 0x30ac023b
[PASS] Data verification passed: 0x30ac023b
Random test 6: 0x29129016
[9255000] Writing word: 0x29129016 (TB count: 35, DUT cycles: 36)
[9255000] Monitor: busy=1, cmd=00, enable=0, error=0, total_writes=36
[9265000] Monitor: busy=0, cmd=10, enable=1, error=0, total_writes=36
[9285000] Monitor: busy=1, cmd=00, enable=0, error=0, total_writes=36
[9295000] Monitor: busy=1, cmd=00, enable=0, error=0, total_writes=36
[9305000] Monitor: busy=1, cmd=00, enable=0, error=0, total_writes=36
[9315000] Monitor: busy=1, cmd=00, enable=0, error=0, total_writes=36
[9325000] Monitor: busy=1, cmd=00, enable=0, error=0, total_writes=36
[9335000] Monitor: busy=1, cmd=00, enable=0, error=0, total_writes=36
[9345000] Monitor: busy=1, cmd=00, enable=0, error=0, total_writes=36
[9355000] Monitor: busy=1, cmd=00, enable=0, error=0, total_writes=36
[9365000] Monitor: busy=1, cmd=00, enable=0, error=0, total_writes=36
[9375000] Monitor: busy=1, cmd=00, enable=0, error=0, total_writes=36
[9385000] Monitor: busy=1, cmd=00, enable=0, error=0, total_writes=36
[9395000] Write completed successfully (TB count now: 36, DUT cycles: 37)
[9395000] Reading word from array...
[9395000] Monitor: busy=1, cmd=00, enable=0, error=0, total_writes=37
[9405000] Monitor: busy=0, cmd=01, enable=1, error=0, total_writes=37
[9425000] Monitor: busy=1, cmd=00, enable=0, error=0, total_writes=37
[9435000] Monitor: busy=1, cmd=00, enable=0, error=0, total_writes=37
[9445000] Monitor: busy=1, cmd=00, enable=0, error=0, total_writes=37
[9455000] Monitor: busy=1, cmd=00, enable=0, error=0, total_writes=37
[9465000] Read data: 0x29129016
[PASS] Data verification passed: 0x29129016
Random test 7: 0x1ab01b7a
[9465000] Writing word: 0x1ab01b7a (TB count: 36, DUT cycles: 37)
[9465000] Monitor: busy=1, cmd=00, enable=0, error=0, total_writes=37
[9475000] Monitor: busy=0, cmd=10, enable=1, error=0, total_writes=37
[9495000] Monitor: busy=1, cmd=00, enable=0, error=0, total_writes=37
[9505000] Monitor: busy=1, cmd=00, enable=0, error=0, total_writes=37
[9515000] Monitor: busy=1, cmd=00, enable=0, error=0, total_writes=37
[9525000] Monitor: busy=1, cmd=00, enable=0, error=0, total_writes=37
[9535000] Monitor: busy=1, cmd=00, enable=0, error=0, total_writes=37
[9545000] Monitor: busy=1, cmd=00, enable=0, error=0, total_writes=37
[9555000] Monitor: busy=1, cmd=00, enable=0, error=0, total_writes=37
[9565000] Monitor: busy=1, cmd=00, enable=0, error=0, total_writes=37
[9575000] Monitor: busy=1, cmd=00, enable=0, error=0, total_writes=37
[9585000] Monitor: busy=1, cmd=00, enable=0, error=0, total_writes=37
[9595000] Monitor: busy=1, cmd=00, enable=0, error=0, total_writes=37
[9605000] Write completed successfully (TB count now: 37, DUT cycles: 38)
[9605000] Reading word from array...
[9605000] Monitor: busy=1, cmd=00, enable=0, error=0, total_writes=38
[9615000] Monitor: busy=0, cmd=01, enable=1, error=0, total_writes=38
[9635000] Monitor: busy=1, cmd=00, enable=0, error=0, total_writes=38
[9645000] Monitor: busy=1, cmd=00, enable=0, error=0, total_writes=38
[9655000] Monitor: busy=1, cmd=00, enable=0, error=0, total_writes=38
[9665000] Monitor: busy=1, cmd=00, enable=0, error=0, total_writes=38
[9675000] Read data: 0x1ab01b7a
[PASS] Data verification passed: 0x1ab01b7a
Random test 8: 0x1a121451
[9675000] Writing word: 0x1a121451 (TB count: 37, DUT cycles: 38)
[9675000] Monitor: busy=1, cmd=00, enable=0, error=0, total_writes=38
[9685000] Monitor: busy=0, cmd=10, enable=1, error=0, total_writes=38
[9705000] Monitor: busy=1, cmd=00, enable=0, error=0, total_writes=38
[9715000] Monitor: busy=1, cmd=00, enable=0, error=0, total_writes=38
[9725000] Monitor: busy=1, cmd=00, enable=0, error=0, total_writes=38
[9735000] Monitor: busy=1, cmd=00, enable=0, error=0, total_writes=38
[9745000] Monitor: busy=1, cmd=00, enable=0, error=0, total_writes=38
[9755000] Monitor: busy=1, cmd=00, enable=0, error=0, total_writes=38
[9765000] Monitor: busy=1, cmd=00, enable=0, error=0, total_writes=38
[9775000] Monitor: busy=1, cmd=00, enable=0, error=0, total_writes=38
[9785000] Monitor: busy=1, cmd=00, enable=0, error=0, total_writes=38
[9795000] Monitor: busy=1, cmd=00, enable=0, error=0, total_writes=38
[9805000] Monitor: busy=1, cmd=00, enable=0, error=0, total_writes=38
[9815000] Write completed successfully (TB count now: 38, DUT cycles: 39)
[9815000] Reading word from array...
[9815000] Monitor: busy=1, cmd=00, enable=0, error=0, total_writes=39
[9825000] Monitor: busy=0, cmd=01, enable=1, error=0, total_writes=39
[9845000] Monitor: busy=1, cmd=00, enable=0, error=0, total_writes=39
[9855000] Monitor: busy=1, cmd=00, enable=0, error=0, total_writes=39
[9865000] Monitor: busy=1, cmd=00, enable=0, error=0, total_writes=39
[9875000] Monitor: busy=1, cmd=00, enable=0, error=0, total_writes=39
[9885000] Read data: 0x1a121451
[PASS] Data verification passed: 0x1a121451
Random test 9: 0xb45823fb
[9885000] Writing word: 0xb45823fb (TB count: 38, DUT cycles: 39)
[9885000] Monitor: busy=1, cmd=00, enable=0, error=0, total_writes=39
[9895000] Monitor: busy=0, cmd=10, enable=1, error=0, total_writes=39
[9915000] Monitor: busy=1, cmd=00, enable=0, error=0, total_writes=39
[9925000] Monitor: busy=1, cmd=00, enable=0, error=0, total_writes=39
[9935000] Monitor: busy=1, cmd=00, enable=0, error=0, total_writes=39
[9945000] Monitor: busy=1, cmd=00, enable=0, error=0, total_writes=39
[9955000] Monitor: busy=1, cmd=00, enable=0, error=0, total_writes=39
[9965000] Monitor: busy=1, cmd=00, enable=0, error=0, total_writes=39
[9975000] Monitor: busy=1, cmd=00, enable=0, error=0, total_writes=39
[9985000] Monitor: busy=1, cmd=00, enable=0, error=0, total_writes=39
[9995000] Monitor: busy=1, cmd=00, enable=0, error=0, total_writes=39
[10005000] Monitor: busy=1, cmd=00, enable=0, error=0, total_writes=39
[10015000] Monitor: busy=1, cmd=00, enable=0, error=0, total_writes=39
[10025000] Write completed successfully (TB count now: 39, DUT cycles: 40)
[10025000] Reading word from array...
[10025000] Monitor: busy=1, cmd=00, enable=0, error=0, total_writes=40
[10035000] Monitor: busy=0, cmd=01, enable=1, error=0, total_writes=40
[10055000] Monitor: busy=1, cmd=00, enable=0, error=0, total_writes=40
[10065000] Monitor: busy=1, cmd=00, enable=0, error=0, total_writes=40
[10075000] Monitor: busy=1, cmd=00, enable=0, error=0, total_writes=40
[10085000] Monitor: busy=1, cmd=00, enable=0, error=0, total_writes=40
[10095000] Read data: 0xb45823fb
[PASS] Data verification passed: 0xb45823fb
Random test 10: 0x2842619e
[10095000] Writing word: 0x2842619e (TB count: 39, DUT cycles: 40)
[10095000] Monitor: busy=1, cmd=00, enable=0, error=0, total_writes=40
[10105000] Monitor: busy=0, cmd=10, enable=1, error=0, total_writes=40
[10125000] Monitor: busy=1, cmd=00, enable=0, error=0, total_writes=40
[10135000] Monitor: busy=1, cmd=00, enable=0, error=0, total_writes=40
[10145000] Monitor: busy=1, cmd=00, enable=0, error=0, total_writes=40
[10155000] Monitor: busy=1, cmd=00, enable=0, error=0, total_writes=40
[10165000] Monitor: busy=1, cmd=00, enable=0, error=0, total_writes=40
[10175000] Monitor: busy=1, cmd=00, enable=0, error=0, total_writes=40
[10185000] Monitor: busy=1, cmd=00, enable=0, error=0, total_writes=40
[10195000] Monitor: busy=1, cmd=00, enable=0, error=0, total_writes=40
[10205000] Monitor: busy=1, cmd=00, enable=0, error=0, total_writes=40
[10215000] Monitor: busy=1, cmd=00, enable=0, error=0, total_writes=40
[10225000] Monitor: busy=1, cmd=00, enable=0, error=0, total_writes=40
[10235000] Write completed successfully (TB count now: 40, DUT cycles: 41)
[10235000] Reading word from array...
[10235000] Monitor: busy=1, cmd=00, enable=0, error=0, total_writes=41
[10245000] Monitor: busy=0, cmd=01, enable=1, error=0, total_writes=41
[10265000] Monitor: busy=1, cmd=00, enable=0, error=0, total_writes=41
[10275000] Monitor: busy=1, cmd=00, enable=0, error=0, total_writes=41
[10285000] Monitor: busy=1, cmd=00, enable=0, error=0, total_writes=41
[10295000] Monitor: busy=1, cmd=00, enable=0, error=0, total_writes=41
[10305000] Read data: 0x2842619e
[PASS] Data verification passed: 0x2842619e
Phase 7 completed with 0 errors

--- Phase 8: Command Interface Timing Validation ---
[10305000] Monitor: busy=1, cmd=00, enable=0, error=0, total_writes=41
[10315000] Monitor: busy=0, cmd=10, enable=1, error=0, total_writes=41
Waiting for write operation to complete...
[10335000] Monitor: busy=1, cmd=00, enable=0, error=0, total_writes=41
[10345000] Monitor: busy=1, cmd=00, enable=0, error=0, total_writes=41
[10355000] Monitor: busy=1, cmd=00, enable=0, error=0, total_writes=41
[10365000] Monitor: busy=1, cmd=00, enable=0, error=0, total_writes=41
[10375000] Monitor: busy=1, cmd=00, enable=0, error=0, total_writes=41
[10385000] Monitor: busy=1, cmd=00, enable=0, error=0, total_writes=41
[10395000] Monitor: busy=1, cmd=00, enable=0, error=0, total_writes=41
[10405000] Monitor: busy=1, cmd=00, enable=0, error=0, total_writes=41
[10415000] Monitor: busy=1, cmd=00, enable=0, error=0, total_writes=41
[10425000] Monitor: busy=1, cmd=00, enable=0, error=0, total_writes=41
[10435000] Monitor: busy=1, cmd=00, enable=0, error=0, total_writes=41
Write with registered commands completed successfully
[10445000] Monitor: busy=1, cmd=01, enable=1, error=0, total_writes=42
[10465000] Monitor: busy=1, cmd=00, enable=0, error=0, total_writes=42
[10475000] Monitor: busy=1, cmd=00, enable=0, error=0, total_writes=42
[10485000] Monitor: busy=1, cmd=00, enable=0, error=0, total_writes=42
[10495000] Monitor: busy=1, cmd=00, enable=0, error=0, total_writes=42
[PASS] Registered command read verification successful
Phase 8 completed with 0 errors

--- Phase 9: Endurance Limit Testing ---
Current state: TB writes=40, DUT write_cycles=42
DUT configured with MAX_WRITE_CYCLES=200
DUT write cycles remaining to endurance limit: 158
Planning 158 total writes to exceed limit and test permanent failure
Phase 9 write 1/158: pattern=0xdeadbeef (TB_writes=40, DUT_cycles=42)
[10495000] Writing word: 0xdeadbeef (TB count: 40, DUT cycles: 42)
[10505000] Monitor: busy=1, cmd=10, enable=1, error=0, total_writes=42
[10525000] Monitor: busy=1, cmd=00, enable=0, error=0, total_writes=42
[10535000] Monitor: busy=1, cmd=00, enable=0, error=0, total_writes=42
[10545000] Monitor: busy=1, cmd=00, enable=0, error=0, total_writes=42
[10555000] Monitor: busy=1, cmd=00, enable=0, error=0, total_writes=42
[10565000] Monitor: busy=1, cmd=00, enable=0, error=0, total_writes=42
[10575000] Monitor: busy=1, cmd=00, enable=0, error=0, total_writes=42
[10585000] Monitor: busy=1, cmd=00, enable=0, error=0, total_writes=42
[10595000] Monitor: busy=1, cmd=00, enable=0, error=0, total_writes=42
[10605000] Monitor: busy=1, cmd=00, enable=0, error=0, total_writes=42
[10615000] Monitor: busy=1, cmd=00, enable=0, error=0, total_writes=42
[10625000] Monitor: busy=1, cmd=00, enable=0, error=0, total_writes=42
[10635000] Write completed successfully (TB count now: 41, DUT cycles: 43)
  Testing read after write...
[10635000] Reading word from array...
[10635000] Monitor: busy=1, cmd=00, enable=0, error=0, total_writes=43
[10645000] Monitor: busy=0, cmd=01, enable=1, error=0, total_writes=43
[10665000] Monitor: busy=1, cmd=00, enable=0, error=0, total_writes=43
[10675000] Monitor: busy=1, cmd=00, enable=0, error=0, total_writes=43
[10685000] Monitor: busy=1, cmd=00, enable=0, error=0, total_writes=43
[10695000] Monitor: busy=1, cmd=00, enable=0, error=0, total_writes=43
[10705000] Read data: 0xdeadbeef
  [OK] Read verification successful
Phase 9 write 2/158: pattern=0xcafebabe (TB_writes=41, DUT_cycles=43)
[10705000] Writing word: 0xcafebabe (TB count: 41, DUT cycles: 43)
[10705000] Monitor: busy=1, cmd=00, enable=0, error=0, total_writes=43
[10715000] Monitor: busy=0, cmd=10, enable=1, error=0, total_writes=43
[10735000] Monitor: busy=1, cmd=00, enable=0, error=0, total_writes=43
[10745000] Monitor: busy=1, cmd=00, enable=0, error=0, total_writes=43
[10755000] Monitor: busy=1, cmd=00, enable=0, error=0, total_writes=43
[10765000] Monitor: busy=1, cmd=00, enable=0, error=0, total_writes=43
[10775000] Monitor: busy=1, cmd=00, enable=0, error=0, total_writes=43
[10785000] Monitor: busy=1, cmd=00, enable=0, error=0, total_writes=43
[10795000] Monitor: busy=1, cmd=00, enable=0, error=0, total_writes=43
[10805000] Monitor: busy=1, cmd=00, enable=0, error=0, total_writes=43
[10815000] Monitor: busy=1, cmd=00, enable=0, error=0, total_writes=43
[10825000] Monitor: busy=1, cmd=00, enable=0, error=0, total_writes=43
[10835000] Monitor: busy=1, cmd=00, enable=0, error=0, total_writes=43
[10845000] Write completed successfully (TB count now: 42, DUT cycles: 44)
  Testing read after write...
[10845000] Reading word from array...
[10845000] Monitor: busy=1, cmd=00, enable=0, error=0, total_writes=44
[10855000] Monitor: busy=0, cmd=01, enable=1, error=0, total_writes=44
[10875000] Monitor: busy=1, cmd=00, enable=0, error=0, total_writes=44
[10885000] Monitor: busy=1, cmd=00, enable=0, error=0, total_writes=44
[10895000] Monitor: busy=1, cmd=00, enable=0, error=0, total_writes=44
[10905000] Monitor: busy=1, cmd=00, enable=0, error=0, total_writes=44
[10915000] Read data: 0xcafebabe
  [OK] Read verification successful
Phase 9 write 3/158: pattern=0xdeadbeef (TB_writes=42, DUT_cycles=44)
[10915000] Writing word: 0xdeadbeef (TB count: 42, DUT cycles: 44)
[10915000] Monitor: busy=1, cmd=00, enable=0, error=0, total_writes=44
[10925000] Monitor: busy=0, cmd=10, enable=1, error=0, total_writes=44
[10945000] Monitor: busy=1, cmd=00, enable=0, error=0, total_writes=44
[10955000] Monitor: busy=1, cmd=00, enable=0, error=0, total_writes=44
[10965000] Monitor: busy=1, cmd=00, enable=0, error=0, total_writes=44
[10975000] Monitor: busy=1, cmd=00, enable=0, error=0, total_writes=44
[10985000] Monitor: busy=1, cmd=00, enable=0, error=0, total_writes=44
[10995000] Monitor: busy=1, cmd=00, enable=0, error=0, total_writes=44
[11005000] Monitor: busy=1, cmd=00, enable=0, error=0, total_writes=44
[11015000] Monitor: busy=1, cmd=00, enable=0, error=0, total_writes=44
[11025000] Monitor: busy=1, cmd=00, enable=0, error=0, total_writes=44
[11035000] Monitor: busy=1, cmd=00, enable=0, error=0, total_writes=44
[11045000] Monitor: busy=1, cmd=00, enable=0, error=0, total_writes=44
[11055000] Write completed successfully (TB count now: 43, DUT cycles: 45)
  Testing read after write...
[11055000] Reading word from array...
[11055000] Monitor: busy=1, cmd=00, enable=0, error=0, total_writes=45
[11065000] Monitor: busy=0, cmd=01, enable=1, error=0, total_writes=45
[11085000] Monitor: busy=1, cmd=00, enable=0, error=0, total_writes=45
[11095000] Monitor: busy=1, cmd=00, enable=0, error=0, total_writes=45
[11105000] Monitor: busy=1, cmd=00, enable=0, error=0, total_writes=45
[11115000] Monitor: busy=1, cmd=00, enable=0, error=0, total_writes=45
[11125000] Read data: 0xdeadbeef
  [OK] Read verification successful
Phase 9 write 4/158: pattern=0xcafebabe (TB_writes=43, DUT_cycles=45)
[11125000] Writing word: 0xcafebabe (TB count: 43, DUT cycles: 45)
[11125000] Monitor: busy=1, cmd=00, enable=0, error=0, total_writes=45
[11135000] Monitor: busy=0, cmd=10, enable=1, error=0, total_writes=45
[11155000] Monitor: busy=1, cmd=00, enable=0, error=0, total_writes=45
[11165000] Monitor: busy=1, cmd=00, enable=0, error=0, total_writes=45
[11175000] Monitor: busy=1, cmd=00, enable=0, error=0, total_writes=45
[11185000] Monitor: busy=1, cmd=00, enable=0, error=0, total_writes=45
[11195000] Monitor: busy=1, cmd=00, enable=0, error=0, total_writes=45
[11205000] Monitor: busy=1, cmd=00, enable=0, error=0, total_writes=45
[11215000] Monitor: busy=1, cmd=00, enable=0, error=0, total_writes=45
[11225000] Monitor: busy=1, cmd=00, enable=0, error=0, total_writes=45
[11235000] Monitor: busy=1, cmd=00, enable=0, error=0, total_writes=45
[11245000] Monitor: busy=1, cmd=00, enable=0, error=0, total_writes=45
[11255000] Monitor: busy=1, cmd=00, enable=0, error=0, total_writes=45
[11265000] Write completed successfully (TB count now: 44, DUT cycles: 46)
  Testing read after write...
[11265000] Reading word from array...
[11265000] Monitor: busy=1, cmd=00, enable=0, error=0, total_writes=46
[11275000] Monitor: busy=0, cmd=01, enable=1, error=0, total_writes=46
[11295000] Monitor: busy=1, cmd=00, enable=0, error=0, total_writes=46
[11305000] Monitor: busy=1, cmd=00, enable=0, error=0, total_writes=46
[11315000] Monitor: busy=1, cmd=00, enable=0, error=0, total_writes=46
[11325000] Monitor: busy=1, cmd=00, enable=0, error=0, total_writes=46
[11335000] Read data: 0xcafebabe
  [OK] Read verification successful
Phase 9 write 5/158: pattern=0xdeadbeef (TB_writes=44, DUT_cycles=46)
[11335000] Writing word: 0xdeadbeef (TB count: 44, DUT cycles: 46)
[11335000] Monitor: busy=1, cmd=00, enable=0, error=0, total_writes=46
[11345000] Monitor: busy=0, cmd=10, enable=1, error=0, total_writes=46
[11365000] Monitor: busy=1, cmd=00, enable=0, error=0, total_writes=46
[11375000] Monitor: busy=1, cmd=00, enable=0, error=0, total_writes=46
[11385000] Monitor: busy=1, cmd=00, enable=0, error=0, total_writes=46
[11395000] Monitor: busy=1, cmd=00, enable=0, error=0, total_writes=46
[11405000] Monitor: busy=1, cmd=00, enable=0, error=0, total_writes=46
[11415000] Monitor: busy=1, cmd=00, enable=0, error=0, total_writes=46
[11425000] Monitor: busy=1, cmd=00, enable=0, error=0, total_writes=46
[11435000] Monitor: busy=1, cmd=00, enable=0, error=0, total_writes=46
[11445000] Monitor: busy=1, cmd=00, enable=0, error=0, total_writes=46
[11455000] Monitor: busy=1, cmd=00, enable=0, error=0, total_writes=46
[11465000] Monitor: busy=1, cmd=00, enable=0, error=0, total_writes=46
[11475000] Write completed successfully (TB count now: 45, DUT cycles: 47)
  Testing read after write...
[11475000] Reading word from array...
[11475000] Monitor: busy=1, cmd=00, enable=0, error=0, total_writes=47
[11485000] Monitor: busy=0, cmd=01, enable=1, error=0, total_writes=47
[11505000] Monitor: busy=1, cmd=00, enable=0, error=0, total_writes=47
[11515000] Monitor: busy=1, cmd=00, enable=0, error=0, total_writes=47
[11525000] Monitor: busy=1, cmd=00, enable=0, error=0, total_writes=47
[11535000] Monitor: busy=1, cmd=00, enable=0, error=0, total_writes=47
[11545000] Read data: 0xdeadbeef
  [OK] Read verification successful
Phase 9 write 6/158: pattern=0xcafebabe (TB_writes=45, DUT_cycles=47)
[11545000] Writing word: 0xcafebabe (TB count: 45, DUT cycles: 47)
[11545000] Monitor: busy=1, cmd=00, enable=0, error=0, total_writes=47
[11555000] Monitor: busy=0, cmd=10, enable=1, error=0, total_writes=47
[11575000] Monitor: busy=1, cmd=00, enable=0, error=0, total_writes=47
[11585000] Monitor: busy=1, cmd=00, enable=0, error=0, total_writes=47
[11595000] Monitor: busy=1, cmd=00, enable=0, error=0, total_writes=47
[11605000] Monitor: busy=1, cmd=00, enable=0, error=0, total_writes=47
[11615000] Monitor: busy=1, cmd=00, enable=0, error=0, total_writes=47
[11625000] Monitor: busy=1, cmd=00, enable=0, error=0, total_writes=47
[11635000] Monitor: busy=1, cmd=00, enable=0, error=0, total_writes=47
[11645000] Monitor: busy=1, cmd=00, enable=0, error=0, total_writes=47
[11655000] Monitor: busy=1, cmd=00, enable=0, error=0, total_writes=47
[11665000] Monitor: busy=1, cmd=00, enable=0, error=0, total_writes=47
[11675000] Monitor: busy=1, cmd=00, enable=0, error=0, total_writes=47
[11685000] Write completed successfully (TB count now: 46, DUT cycles: 48)
  Testing read after write...
[11685000] Reading word from array...
[11685000] Monitor: busy=1, cmd=00, enable=0, error=0, total_writes=48
[11695000] Monitor: busy=0, cmd=01, enable=1, error=0, total_writes=48
[11715000] Monitor: busy=1, cmd=00, enable=0, error=0, total_writes=48
[11725000] Monitor: busy=1, cmd=00, enable=0, error=0, total_writes=48
[11735000] Monitor: busy=1, cmd=00, enable=0, error=0, total_writes=48
[11745000] Monitor: busy=1, cmd=00, enable=0, error=0, total_writes=48
[11755000] Read data: 0xcafebabe
  [OK] Read verification successful
Phase 9 write 7/158: pattern=0xdeadbeef (TB_writes=46, DUT_cycles=48)
[11755000] Writing word: 0xdeadbeef (TB count: 46, DUT cycles: 48)
[11755000] Monitor: busy=1, cmd=00, enable=0, error=0, total_writes=48
[11765000] Monitor: busy=0, cmd=10, enable=1, error=0, total_writes=48
[11785000] Monitor: busy=1, cmd=00, enable=0, error=0, total_writes=48
[11795000] Monitor: busy=1, cmd=00, enable=0, error=0, total_writes=48
[11805000] Monitor: busy=1, cmd=00, enable=0, error=0, total_writes=48
[11815000] Monitor: busy=1, cmd=00, enable=0, error=0, total_writes=48
[11825000] Monitor: busy=1, cmd=00, enable=0, error=0, total_writes=48
[11835000] Monitor: busy=1, cmd=00, enable=0, error=0, total_writes=48
[11845000] Monitor: busy=1, cmd=00, enable=0, error=0, total_writes=48
[11855000] Monitor: busy=1, cmd=00, enable=0, error=0, total_writes=48
[11865000] Monitor: busy=1, cmd=00, enable=0, error=0, total_writes=48
[11875000] Monitor: busy=1, cmd=00, enable=0, error=0, total_writes=48
[11885000] Monitor: busy=1, cmd=00, enable=0, error=0, total_writes=48
[11895000] Write completed successfully (TB count now: 47, DUT cycles: 49)
  Testing read after write...
[11895000] Reading word from array...
[11895000] Monitor: busy=1, cmd=00, enable=0, error=0, total_writes=49
[11905000] Monitor: busy=0, cmd=01, enable=1, error=0, total_writes=49
[11925000] Monitor: busy=1, cmd=00, enable=0, error=0, total_writes=49
[11935000] Monitor: busy=1, cmd=00, enable=0, error=0, total_writes=49
[11945000] Monitor: busy=1, cmd=00, enable=0, error=0, total_writes=49
[11955000] Monitor: busy=1, cmd=00, enable=0, error=0, total_writes=49
[11965000] Read data: 0xdeadbeef
  [OK] Read verification successful
Phase 9 write 8/158: pattern=0xcafebabe (TB_writes=47, DUT_cycles=49)
[11965000] Writing word: 0xcafebabe (TB count: 47, DUT cycles: 49)
[11965000] Monitor: busy=1, cmd=00, enable=0, error=0, total_writes=49
[11975000] Monitor: busy=0, cmd=10, enable=1, error=0, total_writes=49
[11995000] Monitor: busy=1, cmd=00, enable=0, error=0, total_writes=49
[12005000] Monitor: busy=1, cmd=00, enable=0, error=0, total_writes=49
[12015000] Monitor: busy=1, cmd=00, enable=0, error=0, total_writes=49
[12025000] Monitor: busy=1, cmd=00, enable=0, error=0, total_writes=49
[12035000] Monitor: busy=1, cmd=00, enable=0, error=0, total_writes=49
[12045000] Monitor: busy=1, cmd=00, enable=0, error=0, total_writes=49
[12055000] Monitor: busy=1, cmd=00, enable=0, error=0, total_writes=49
[12065000] Monitor: busy=1, cmd=00, enable=0, error=0, total_writes=49
[12075000] Monitor: busy=1, cmd=00, enable=0, error=0, total_writes=49
[12085000] Monitor: busy=1, cmd=00, enable=0, error=0, total_writes=49
[12095000] Monitor: busy=1, cmd=00, enable=0, error=0, total_writes=49
[12105000] Write completed successfully (TB count now: 48, DUT cycles: 50)
  Testing read after write...
[12105000] Reading word from array...
[12105000] Monitor: busy=1, cmd=00, enable=0, error=0, total_writes=50
[12115000] Monitor: busy=0, cmd=01, enable=1, error=0, total_writes=50
[12135000] Monitor: busy=1, cmd=00, enable=0, error=0, total_writes=50
[12145000] Monitor: busy=1, cmd=00, enable=0, error=0, total_writes=50
[12155000] Monitor: busy=1, cmd=00, enable=0, error=0, total_writes=50
[12165000] Monitor: busy=1, cmd=00, enable=0, error=0, total_writes=50
[12175000] Read data: 0xcafebabe
  [OK] Read verification successful
Phase 9 write 9/158: pattern=0xdeadbeef (TB_writes=48, DUT_cycles=50)
[12175000] Writing word: 0xdeadbeef (TB count: 48, DUT cycles: 50)
[12175000] Monitor: busy=1, cmd=00, enable=0, error=0, total_writes=50
[12185000] Monitor: busy=0, cmd=10, enable=1, error=0, total_writes=50
[12205000] Monitor: busy=1, cmd=00, enable=0, error=0, total_writes=50
[12215000] Monitor: busy=1, cmd=00, enable=0, error=0, total_writes=50
[12225000] Monitor: busy=1, cmd=00, enable=0, error=0, total_writes=50
[12235000] Monitor: busy=1, cmd=00, enable=0, error=0, total_writes=50
[12245000] Monitor: busy=1, cmd=00, enable=0, error=0, total_writes=50
[12255000] Monitor: busy=1, cmd=00, enable=0, error=0, total_writes=50
[12265000] Monitor: busy=1, cmd=00, enable=0, error=0, total_writes=50
[12275000] Monitor: busy=1, cmd=00, enable=0, error=0, total_writes=50
[12285000] Monitor: busy=1, cmd=00, enable=0, error=0, total_writes=50
[12295000] Monitor: busy=1, cmd=00, enable=0, error=0, total_writes=50
[12305000] Monitor: busy=1, cmd=00, enable=0, error=0, total_writes=50
[12315000] Write completed successfully (TB count now: 49, DUT cycles: 51)
  Testing read after write...
[12315000] Reading word from array...
[12315000] Monitor: busy=1, cmd=00, enable=0, error=0, total_writes=51
[12325000] Monitor: busy=0, cmd=01, enable=1, error=0, total_writes=51
[12345000] Monitor: busy=1, cmd=00, enable=0, error=0, total_writes=51
[12355000] Monitor: busy=1, cmd=00, enable=0, error=0, total_writes=51
[12365000] Monitor: busy=1, cmd=00, enable=0, error=0, total_writes=51
[12375000] Monitor: busy=1, cmd=00, enable=0, error=0, total_writes=51
[12385000] Read data: 0xdeadbeef
  [OK] Read verification successful
Phase 9 write 10/158: pattern=0xcafebabe (TB_writes=49, DUT_cycles=51)
[12385000] Writing word: 0xcafebabe (TB count: 49, DUT cycles: 51)
[12385000] Monitor: busy=1, cmd=00, enable=0, error=0, total_writes=51
[12395000] Monitor: busy=0, cmd=10, enable=1, error=0, total_writes=51
[12415000] Monitor: busy=1, cmd=00, enable=0, error=0, total_writes=51
[12425000] Monitor: busy=1, cmd=00, enable=0, error=0, total_writes=51
[12435000] Monitor: busy=1, cmd=00, enable=0, error=0, total_writes=51
[12445000] Monitor: busy=1, cmd=00, enable=0, error=0, total_writes=51
[12455000] Monitor: busy=1, cmd=00, enable=0, error=0, total_writes=51
[12465000] Monitor: busy=1, cmd=00, enable=0, error=0, total_writes=51
[12475000] Monitor: busy=1, cmd=00, enable=0, error=0, total_writes=51
[12485000] Monitor: busy=1, cmd=00, enable=0, error=0, total_writes=51
[12495000] Monitor: busy=1, cmd=00, enable=0, error=0, total_writes=51
[12505000] Monitor: busy=1, cmd=00, enable=0, error=0, total_writes=51
[12515000] Monitor: busy=1, cmd=00, enable=0, error=0, total_writes=51
[12525000] Write completed successfully (TB count now: 50, DUT cycles: 52)
  Testing read after write...
[12525000] Reading word from array...
[12525000] Monitor: busy=1, cmd=00, enable=0, error=0, total_writes=52
[12535000] Monitor: busy=0, cmd=01, enable=1, error=0, total_writes=52
[12555000] Monitor: busy=1, cmd=00, enable=0, error=0, total_writes=52
[12565000] Monitor: busy=1, cmd=00, enable=0, error=0, total_writes=52
[12575000] Monitor: busy=1, cmd=00, enable=0, error=0, total_writes=52
[12585000] Monitor: busy=1, cmd=00, enable=0, error=0, total_writes=52
[12595000] Read data: 0xcafebabe
  [OK] Read verification successful
Phase 9 write 11/158: pattern=0xdeadbeef (TB_writes=50, DUT_cycles=52)
[12595000] Writing word: 0xdeadbeef (TB count: 50, DUT cycles: 52)
[12595000] Monitor: busy=1, cmd=00, enable=0, error=0, total_writes=52
[12605000] Monitor: busy=0, cmd=10, enable=1, error=0, total_writes=52
[12625000] Monitor: busy=1, cmd=00, enable=0, error=0, total_writes=52
[12635000] Monitor: busy=1, cmd=00, enable=0, error=0, total_writes=52
[12645000] Monitor: busy=1, cmd=00, enable=0, error=0, total_writes=52
[12655000] Monitor: busy=1, cmd=00, enable=0, error=0, total_writes=52
[12665000] Monitor: busy=1, cmd=00, enable=0, error=0, total_writes=52
[12675000] Monitor: busy=1, cmd=00, enable=0, error=0, total_writes=52
[12685000] Monitor: busy=1, cmd=00, enable=0, error=0, total_writes=52
[12695000] Monitor: busy=1, cmd=00, enable=0, error=0, total_writes=52
[12705000] Monitor: busy=1, cmd=00, enable=0, error=0, total_writes=52
[12715000] Monitor: busy=1, cmd=00, enable=0, error=0, total_writes=52
[12725000] Monitor: busy=1, cmd=00, enable=0, error=0, total_writes=52
[12735000] Write completed successfully (TB count now: 51, DUT cycles: 53)
  Testing read after write...
[12735000] Reading word from array...
[12735000] Monitor: busy=1, cmd=00, enable=0, error=0, total_writes=53
[12745000] Monitor: busy=0, cmd=01, enable=1, error=0, total_writes=53
[12765000] Monitor: busy=1, cmd=00, enable=0, error=0, total_writes=53
[12775000] Monitor: busy=1, cmd=00, enable=0, error=0, total_writes=53
[12785000] Monitor: busy=1, cmd=00, enable=0, error=0, total_writes=53
[12795000] Monitor: busy=1, cmd=00, enable=0, error=0, total_writes=53
[12805000] Read data: 0xdeadbeef
  [OK] Read verification successful
Phase 9 write 12/158: pattern=0xcafebabe (TB_writes=51, DUT_cycles=53)
[12805000] Writing word: 0xcafebabe (TB count: 51, DUT cycles: 53)
[12805000] Monitor: busy=1, cmd=00, enable=0, error=0, total_writes=53
[12815000] Monitor: busy=0, cmd=10, enable=1, error=0, total_writes=53
[12835000] Monitor: busy=1, cmd=00, enable=0, error=0, total_writes=53
[12845000] Monitor: busy=1, cmd=00, enable=0, error=0, total_writes=53
[12855000] Monitor: busy=1, cmd=00, enable=0, error=0, total_writes=53
[12865000] Monitor: busy=1, cmd=00, enable=0, error=0, total_writes=53
[12875000] Monitor: busy=1, cmd=00, enable=0, error=0, total_writes=53
[12885000] Monitor: busy=1, cmd=00, enable=0, error=0, total_writes=53
[12895000] Monitor: busy=1, cmd=00, enable=0, error=0, total_writes=53
[12905000] Monitor: busy=1, cmd=00, enable=0, error=0, total_writes=53
[12915000] Monitor: busy=1, cmd=00, enable=0, error=0, total_writes=53
[12925000] Monitor: busy=1, cmd=00, enable=0, error=0, total_writes=53
[12935000] Monitor: busy=1, cmd=00, enable=0, error=0, total_writes=53
[12945000] Write completed successfully (TB count now: 52, DUT cycles: 54)
  Testing read after write...
[12945000] Reading word from array...
[12945000] Monitor: busy=1, cmd=00, enable=0, error=0, total_writes=54
[12955000] Monitor: busy=0, cmd=01, enable=1, error=0, total_writes=54
[12975000] Monitor: busy=1, cmd=00, enable=0, error=0, total_writes=54
[12985000] Monitor: busy=1, cmd=00, enable=0, error=0, total_writes=54
[12995000] Monitor: busy=1, cmd=00, enable=0, error=0, total_writes=54
[13005000] Monitor: busy=1, cmd=00, enable=0, error=0, total_writes=54
[13015000] Read data: 0xcafebabe
  [OK] Read verification successful
Phase 9 write 13/158: pattern=0xdeadbeef (TB_writes=52, DUT_cycles=54)
[13015000] Writing word: 0xdeadbeef (TB count: 52, DUT cycles: 54)
[13015000] Monitor: busy=1, cmd=00, enable=0, error=0, total_writes=54
[13025000] Monitor: busy=0, cmd=10, enable=1, error=0, total_writes=54
[13045000] Monitor: busy=1, cmd=00, enable=0, error=0, total_writes=54
[13055000] Monitor: busy=1, cmd=00, enable=0, error=0, total_writes=54
[13065000] Monitor: busy=1, cmd=00, enable=0, error=0, total_writes=54
[13075000] Monitor: busy=1, cmd=00, enable=0, error=0, total_writes=54
[13085000] Monitor: busy=1, cmd=00, enable=0, error=0, total_writes=54
[13095000] Monitor: busy=1, cmd=00, enable=0, error=0, total_writes=54
[13105000] Monitor: busy=1, cmd=00, enable=0, error=0, total_writes=54
[13115000] Monitor: busy=1, cmd=00, enable=0, error=0, total_writes=54
[13125000] Monitor: busy=1, cmd=00, enable=0, error=0, total_writes=54
[13135000] Monitor: busy=1, cmd=00, enable=0, error=0, total_writes=54
[13145000] Monitor: busy=1, cmd=00, enable=0, error=0, total_writes=54
[13155000] Write completed successfully (TB count now: 53, DUT cycles: 55)
  Testing read after write...
[13155000] Reading word from array...
[13155000] Monitor: busy=1, cmd=00, enable=0, error=0, total_writes=55
[13165000] Monitor: busy=0, cmd=01, enable=1, error=0, total_writes=55
[13185000] Monitor: busy=1, cmd=00, enable=0, error=0, total_writes=55
[13195000] Monitor: busy=1, cmd=00, enable=0, error=0, total_writes=55
[13205000] Monitor: busy=1, cmd=00, enable=0, error=0, total_writes=55
[13215000] Monitor: busy=1, cmd=00, enable=0, error=0, total_writes=55
[13225000] Read data: 0xdeadbeef
  [OK] Read verification successful
Phase 9 write 14/158: pattern=0xcafebabe (TB_writes=53, DUT_cycles=55)
[13225000] Writing word: 0xcafebabe (TB count: 53, DUT cycles: 55)
[13225000] Monitor: busy=1, cmd=00, enable=0, error=0, total_writes=55
[13235000] Monitor: busy=0, cmd=10, enable=1, error=0, total_writes=55
[13255000] Monitor: busy=1, cmd=00, enable=0, error=0, total_writes=55
[13265000] Monitor: busy=1, cmd=00, enable=0, error=0, total_writes=55
[13275000] Monitor: busy=1, cmd=00, enable=0, error=0, total_writes=55
[13285000] Monitor: busy=1, cmd=00, enable=0, error=0, total_writes=55
[13295000] Monitor: busy=1, cmd=00, enable=0, error=0, total_writes=55
[13305000] Monitor: busy=1, cmd=00, enable=0, error=0, total_writes=55
[13315000] Monitor: busy=1, cmd=00, enable=0, error=0, total_writes=55
[13325000] Monitor: busy=1, cmd=00, enable=0, error=0, total_writes=55
[13335000] Monitor: busy=1, cmd=00, enable=0, error=0, total_writes=55
[13345000] Monitor: busy=1, cmd=00, enable=0, error=0, total_writes=55
[13355000] Monitor: busy=1, cmd=00, enable=0, error=0, total_writes=55
[13365000] Write completed successfully (TB count now: 54, DUT cycles: 56)
  Testing read after write...
[13365000] Reading word from array...
[13365000] Monitor: busy=1, cmd=00, enable=0, error=0, total_writes=56
[13375000] Monitor: busy=0, cmd=01, enable=1, error=0, total_writes=56
[13395000] Monitor: busy=1, cmd=00, enable=0, error=0, total_writes=56
[13405000] Monitor: busy=1, cmd=00, enable=0, error=0, total_writes=56
[13415000] Monitor: busy=1, cmd=00, enable=0, error=0, total_writes=56
[13425000] Monitor: busy=1, cmd=00, enable=0, error=0, total_writes=56
[13435000] Read data: 0xcafebabe
  [OK] Read verification successful
Phase 9 write 15/158: pattern=0xdeadbeef (TB_writes=54, DUT_cycles=56)
[13435000] Writing word: 0xdeadbeef (TB count: 54, DUT cycles: 56)
[13435000] Monitor: busy=1, cmd=00, enable=0, error=0, total_writes=56
[13445000] Monitor: busy=0, cmd=10, enable=1, error=0, total_writes=56
[13465000] Monitor: busy=1, cmd=00, enable=0, error=0, total_writes=56
[13475000] Monitor: busy=1, cmd=00, enable=0, error=0, total_writes=56
[13485000] Monitor: busy=1, cmd=00, enable=0, error=0, total_writes=56
[13495000] Monitor: busy=1, cmd=00, enable=0, error=0, total_writes=56
[13505000] Monitor: busy=1, cmd=00, enable=0, error=0, total_writes=56
[13515000] Monitor: busy=1, cmd=00, enable=0, error=0, total_writes=56
[13525000] Monitor: busy=1, cmd=00, enable=0, error=0, total_writes=56
[13535000] Monitor: busy=1, cmd=00, enable=0, error=0, total_writes=56
[13545000] Monitor: busy=1, cmd=00, enable=0, error=0, total_writes=56
[13555000] Monitor: busy=1, cmd=00, enable=0, error=0, total_writes=56
[13565000] Monitor: busy=1, cmd=00, enable=0, error=0, total_writes=56
[13575000] Write completed successfully (TB count now: 55, DUT cycles: 57)
  Testing read after write...
[13575000] Reading word from array...
[13575000] Monitor: busy=1, cmd=00, enable=0, error=0, total_writes=57
[13585000] Monitor: busy=0, cmd=01, enable=1, error=0, total_writes=57
[13605000] Monitor: busy=1, cmd=00, enable=0, error=0, total_writes=57
[13615000] Monitor: busy=1, cmd=00, enable=0, error=0, total_writes=57
[13625000] Monitor: busy=1, cmd=00, enable=0, error=0, total_writes=57
[13635000] Monitor: busy=1, cmd=00, enable=0, error=0, total_writes=57
[13645000] Read data: 0xdeadbeef
  [OK] Read verification successful
Phase 9 write 16/158: pattern=0xcafebabe (TB_writes=55, DUT_cycles=57)
[13645000] Writing word: 0xcafebabe (TB count: 55, DUT cycles: 57)
[13645000] Monitor: busy=1, cmd=00, enable=0, error=0, total_writes=57
[13655000] Monitor: busy=0, cmd=10, enable=1, error=0, total_writes=57
[13675000] Monitor: busy=1, cmd=00, enable=0, error=0, total_writes=57
[13685000] Monitor: busy=1, cmd=00, enable=0, error=0, total_writes=57
[13695000] Monitor: busy=1, cmd=00, enable=0, error=0, total_writes=57
[13705000] Monitor: busy=1, cmd=00, enable=0, error=0, total_writes=57
[13715000] Monitor: busy=1, cmd=00, enable=0, error=0, total_writes=57
[13725000] Monitor: busy=1, cmd=00, enable=0, error=0, total_writes=57
[13735000] Monitor: busy=1, cmd=00, enable=0, error=0, total_writes=57
[13745000] Monitor: busy=1, cmd=00, enable=0, error=0, total_writes=57
[13755000] Monitor: busy=1, cmd=00, enable=0, error=0, total_writes=57
[13765000] Monitor: busy=1, cmd=00, enable=0, error=0, total_writes=57
[13775000] Monitor: busy=1, cmd=00, enable=0, error=0, total_writes=57
[13785000] Write completed successfully (TB count now: 56, DUT cycles: 58)
  Testing read after write...
[13785000] Reading word from array...
[13785000] Monitor: busy=1, cmd=00, enable=0, error=0, total_writes=58
[13795000] Monitor: busy=0, cmd=01, enable=1, error=0, total_writes=58
[13815000] Monitor: busy=1, cmd=00, enable=0, error=0, total_writes=58
[13825000] Monitor: busy=1, cmd=00, enable=0, error=0, total_writes=58
[13835000] Monitor: busy=1, cmd=00, enable=0, error=0, total_writes=58
[13845000] Monitor: busy=1, cmd=00, enable=0, error=0, total_writes=58
[13855000] Read data: 0xcafebabe
  [OK] Read verification successful
Phase 9 write 17/158: pattern=0xdeadbeef (TB_writes=56, DUT_cycles=58)
[13855000] Writing word: 0xdeadbeef (TB count: 56, DUT cycles: 58)
[13855000] Monitor: busy=1, cmd=00, enable=0, error=0, total_writes=58
[13865000] Monitor: busy=0, cmd=10, enable=1, error=0, total_writes=58
[13885000] Monitor: busy=1, cmd=00, enable=0, error=0, total_writes=58
[13895000] Monitor: busy=1, cmd=00, enable=0, error=0, total_writes=58
[13905000] Monitor: busy=1, cmd=00, enable=0, error=0, total_writes=58
[13915000] Monitor: busy=1, cmd=00, enable=0, error=0, total_writes=58
[13925000] Monitor: busy=1, cmd=00, enable=0, error=0, total_writes=58
[13935000] Monitor: busy=1, cmd=00, enable=0, error=0, total_writes=58
[13945000] Monitor: busy=1, cmd=00, enable=0, error=0, total_writes=58
[13955000] Monitor: busy=1, cmd=00, enable=0, error=0, total_writes=58
[13965000] Monitor: busy=1, cmd=00, enable=0, error=0, total_writes=58
[13975000] Monitor: busy=1, cmd=00, enable=0, error=0, total_writes=58
[13985000] Monitor: busy=1, cmd=00, enable=0, error=0, total_writes=58
[13995000] Write completed successfully (TB count now: 57, DUT cycles: 59)
  Testing read after write...
[13995000] Reading word from array...
[13995000] Monitor: busy=1, cmd=00, enable=0, error=0, total_writes=59
[14005000] Monitor: busy=0, cmd=01, enable=1, error=0, total_writes=59
[14025000] Monitor: busy=1, cmd=00, enable=0, error=0, total_writes=59
[14035000] Monitor: busy=1, cmd=00, enable=0, error=0, total_writes=59
[14045000] Monitor: busy=1, cmd=00, enable=0, error=0, total_writes=59
[14055000] Monitor: busy=1, cmd=00, enable=0, error=0, total_writes=59
[14065000] Read data: 0xdeadbeef
  [OK] Read verification successful
Phase 9 write 18/158: pattern=0xcafebabe (TB_writes=57, DUT_cycles=59)
[14065000] Writing word: 0xcafebabe (TB count: 57, DUT cycles: 59)
[14065000] Monitor: busy=1, cmd=00, enable=0, error=0, total_writes=59
[14075000] Monitor: busy=0, cmd=10, enable=1, error=0, total_writes=59
[14095000] Monitor: busy=1, cmd=00, enable=0, error=0, total_writes=59
[14105000] Monitor: busy=1, cmd=00, enable=0, error=0, total_writes=59
[14115000] Monitor: busy=1, cmd=00, enable=0, error=0, total_writes=59
[14125000] Monitor: busy=1, cmd=00, enable=0, error=0, total_writes=59
[14135000] Monitor: busy=1, cmd=00, enable=0, error=0, total_writes=59
[14145000] Monitor: busy=1, cmd=00, enable=0, error=0, total_writes=59
[14155000] Monitor: busy=1, cmd=00, enable=0, error=0, total_writes=59
[14165000] Monitor: busy=1, cmd=00, enable=0, error=0, total_writes=59
[14175000] Monitor: busy=1, cmd=00, enable=0, error=0, total_writes=59
[14185000] Monitor: busy=1, cmd=00, enable=0, error=0, total_writes=59
[14195000] Monitor: busy=1, cmd=00, enable=0, error=0, total_writes=59
[14205000] Write completed successfully (TB count now: 58, DUT cycles: 60)
  Testing read after write...
[14205000] Reading word from array...
[14205000] Monitor: busy=1, cmd=00, enable=0, error=0, total_writes=60
[14215000] Monitor: busy=0, cmd=01, enable=1, error=0, total_writes=60
[14235000] Monitor: busy=1, cmd=00, enable=0, error=0, total_writes=60
[14245000] Monitor: busy=1, cmd=00, enable=0, error=0, total_writes=60
[14255000] Monitor: busy=1, cmd=00, enable=0, error=0, total_writes=60
[14265000] Monitor: busy=1, cmd=00, enable=0, error=0, total_writes=60
[14275000] Read data: 0xcafebabe
  [OK] Read verification successful
Phase 9 write 19/158: pattern=0xdeadbeef (TB_writes=58, DUT_cycles=60)
[14275000] Writing word: 0xdeadbeef (TB count: 58, DUT cycles: 60)
[14275000] Monitor: busy=1, cmd=00, enable=0, error=0, total_writes=60
[14285000] Monitor: busy=0, cmd=10, enable=1, error=0, total_writes=60
[14305000] Monitor: busy=1, cmd=00, enable=0, error=0, total_writes=60
[14315000] Monitor: busy=1, cmd=00, enable=0, error=0, total_writes=60
[14325000] Monitor: busy=1, cmd=00, enable=0, error=0, total_writes=60
[14335000] Monitor: busy=1, cmd=00, enable=0, error=0, total_writes=60
[14345000] Monitor: busy=1, cmd=00, enable=0, error=0, total_writes=60
[14355000] Monitor: busy=1, cmd=00, enable=0, error=0, total_writes=60
[14365000] Monitor: busy=1, cmd=00, enable=0, error=0, total_writes=60
[14375000] Monitor: busy=1, cmd=00, enable=0, error=0, total_writes=60
[14385000] Monitor: busy=1, cmd=00, enable=0, error=0, total_writes=60
[14395000] Monitor: busy=1, cmd=00, enable=0, error=0, total_writes=60
[14405000] Monitor: busy=1, cmd=00, enable=0, error=0, total_writes=60
[14415000] Write completed successfully (TB count now: 59, DUT cycles: 61)
  Testing read after write...
[14415000] Reading word from array...
[14415000] Monitor: busy=1, cmd=00, enable=0, error=0, total_writes=61
[14425000] Monitor: busy=0, cmd=01, enable=1, error=0, total_writes=61
[14445000] Monitor: busy=1, cmd=00, enable=0, error=0, total_writes=61
[14455000] Monitor: busy=1, cmd=00, enable=0, error=0, total_writes=61
[14465000] Monitor: busy=1, cmd=00, enable=0, error=0, total_writes=61
[14475000] Monitor: busy=1, cmd=00, enable=0, error=0, total_writes=61
[14485000] Read data: 0xdeadbeef
  [OK] Read verification successful
Phase 9 write 20/158: pattern=0xcafebabe (TB_writes=59, DUT_cycles=61)
[14485000] Writing word: 0xcafebabe (TB count: 59, DUT cycles: 61)
[14485000] Monitor: busy=1, cmd=00, enable=0, error=0, total_writes=61
[14495000] Monitor: busy=0, cmd=10, enable=1, error=0, total_writes=61
[14515000] Monitor: busy=1, cmd=00, enable=0, error=0, total_writes=61
[14525000] Monitor: busy=1, cmd=00, enable=0, error=0, total_writes=61
[14535000] Monitor: busy=1, cmd=00, enable=0, error=0, total_writes=61
[14545000] Monitor: busy=1, cmd=00, enable=0, error=0, total_writes=61
[14555000] Monitor: busy=1, cmd=00, enable=0, error=0, total_writes=61
[14565000] Monitor: busy=1, cmd=00, enable=0, error=0, total_writes=61
[14575000] Monitor: busy=1, cmd=00, enable=0, error=0, total_writes=61
[14585000] Monitor: busy=1, cmd=00, enable=0, error=0, total_writes=61
[14595000] Monitor: busy=1, cmd=00, enable=0, error=0, total_writes=61
[14605000] Monitor: busy=1, cmd=00, enable=0, error=0, total_writes=61
[14615000] Monitor: busy=1, cmd=00, enable=0, error=0, total_writes=61
[14625000] Write completed successfully (TB count now: 60, DUT cycles: 62)
  Testing read after write...
[14625000] Reading word from array...
[14625000] Monitor: busy=1, cmd=00, enable=0, error=0, total_writes=62
[14635000] Monitor: busy=0, cmd=01, enable=1, error=0, total_writes=62
[14655000] Monitor: busy=1, cmd=00, enable=0, error=0, total_writes=62
[14665000] Monitor: busy=1, cmd=00, enable=0, error=0, total_writes=62
[14675000] Monitor: busy=1, cmd=00, enable=0, error=0, total_writes=62
[14685000] Monitor: busy=1, cmd=00, enable=0, error=0, total_writes=62
[14695000] Read data: 0xcafebabe
  [OK] Read verification successful
Phase 9 write 21/158: pattern=0xdeadbeef (TB_writes=60, DUT_cycles=62)
[14695000] Writing word: 0xdeadbeef (TB count: 60, DUT cycles: 62)
[14695000] Monitor: busy=1, cmd=00, enable=0, error=0, total_writes=62
[14705000] Monitor: busy=0, cmd=10, enable=1, error=0, total_writes=62
[14725000] Monitor: busy=1, cmd=00, enable=0, error=0, total_writes=62
[14735000] Monitor: busy=1, cmd=00, enable=0, error=0, total_writes=62
[14745000] Monitor: busy=1, cmd=00, enable=0, error=0, total_writes=62
[14755000] Monitor: busy=1, cmd=00, enable=0, error=0, total_writes=62
[14765000] Monitor: busy=1, cmd=00, enable=0, error=0, total_writes=62
[14775000] Monitor: busy=1, cmd=00, enable=0, error=0, total_writes=62
[14785000] Monitor: busy=1, cmd=00, enable=0, error=0, total_writes=62
[14795000] Monitor: busy=1, cmd=00, enable=0, error=0, total_writes=62
[14805000] Monitor: busy=1, cmd=00, enable=0, error=0, total_writes=62
[14815000] Monitor: busy=1, cmd=00, enable=0, error=0, total_writes=62
[14825000] Monitor: busy=1, cmd=00, enable=0, error=0, total_writes=62
[14835000] Write completed successfully (TB count now: 61, DUT cycles: 63)
  Testing read after write...
[14835000] Reading word from array...
[14835000] Monitor: busy=1, cmd=00, enable=0, error=0, total_writes=63
[14845000] Monitor: busy=0, cmd=01, enable=1, error=0, total_writes=63
[14865000] Monitor: busy=1, cmd=00, enable=0, error=0, total_writes=63
[14875000] Monitor: busy=1, cmd=00, enable=0, error=0, total_writes=63
[14885000] Monitor: busy=1, cmd=00, enable=0, error=0, total_writes=63
[14895000] Monitor: busy=1, cmd=00, enable=0, error=0, total_writes=63
[14905000] Read data: 0xdeadbeef
  [OK] Read verification successful
Phase 9 write 22/158: pattern=0xcafebabe (TB_writes=61, DUT_cycles=63)
[14905000] Writing word: 0xcafebabe (TB count: 61, DUT cycles: 63)
[14905000] Monitor: busy=1, cmd=00, enable=0, error=0, total_writes=63
[14915000] Monitor: busy=0, cmd=10, enable=1, error=0, total_writes=63
[14935000] Monitor: busy=1, cmd=00, enable=0, error=0, total_writes=63
[14945000] Monitor: busy=1, cmd=00, enable=0, error=0, total_writes=63
[14955000] Monitor: busy=1, cmd=00, enable=0, error=0, total_writes=63
[14965000] Monitor: busy=1, cmd=00, enable=0, error=0, total_writes=63
[14975000] Monitor: busy=1, cmd=00, enable=0, error=0, total_writes=63
[14985000] Monitor: busy=1, cmd=00, enable=0, error=0, total_writes=63
[14995000] Monitor: busy=1, cmd=00, enable=0, error=0, total_writes=63
[15005000] Monitor: busy=1, cmd=00, enable=0, error=0, total_writes=63
[15015000] Monitor: busy=1, cmd=00, enable=0, error=0, total_writes=63
[15025000] Monitor: busy=1, cmd=00, enable=0, error=0, total_writes=63
[15035000] Monitor: busy=1, cmd=00, enable=0, error=0, total_writes=63
[15045000] Write completed successfully (TB count now: 62, DUT cycles: 64)
  Testing read after write...
[15045000] Reading word from array...
[15045000] Monitor: busy=1, cmd=00, enable=0, error=0, total_writes=64
[15055000] Monitor: busy=0, cmd=01, enable=1, error=0, total_writes=64
[15075000] Monitor: busy=1, cmd=00, enable=0, error=0, total_writes=64
[15085000] Monitor: busy=1, cmd=00, enable=0, error=0, total_writes=64
[15095000] Monitor: busy=1, cmd=00, enable=0, error=0, total_writes=64
[15105000] Monitor: busy=1, cmd=00, enable=0, error=0, total_writes=64
[15115000] Read data: 0xcafebabe
  [OK] Read verification successful
Phase 9 write 23/158: pattern=0xdeadbeef (TB_writes=62, DUT_cycles=64)
[15115000] Writing word: 0xdeadbeef (TB count: 62, DUT cycles: 64)
[15115000] Monitor: busy=1, cmd=00, enable=0, error=0, total_writes=64
[15125000] Monitor: busy=0, cmd=10, enable=1, error=0, total_writes=64
[15145000] Monitor: busy=1, cmd=00, enable=0, error=0, total_writes=64
[15155000] Monitor: busy=1, cmd=00, enable=0, error=0, total_writes=64
[15165000] Monitor: busy=1, cmd=00, enable=0, error=0, total_writes=64
[15175000] Monitor: busy=1, cmd=00, enable=0, error=0, total_writes=64
[15185000] Monitor: busy=1, cmd=00, enable=0, error=0, total_writes=64
[15195000] Monitor: busy=1, cmd=00, enable=0, error=0, total_writes=64
[15205000] Monitor: busy=1, cmd=00, enable=0, error=0, total_writes=64
[15215000] Monitor: busy=1, cmd=00, enable=0, error=0, total_writes=64
[15225000] Monitor: busy=1, cmd=00, enable=0, error=0, total_writes=64
[15235000] Monitor: busy=1, cmd=00, enable=0, error=0, total_writes=64
[15245000] Monitor: busy=1, cmd=00, enable=0, error=0, total_writes=64
[15255000] Write completed successfully (TB count now: 63, DUT cycles: 65)
  Testing read after write...
[15255000] Reading word from array...
[15255000] Monitor: busy=1, cmd=00, enable=0, error=0, total_writes=65
[15265000] Monitor: busy=0, cmd=01, enable=1, error=0, total_writes=65
[15285000] Monitor: busy=1, cmd=00, enable=0, error=0, total_writes=65
[15295000] Monitor: busy=1, cmd=00, enable=0, error=0, total_writes=65
[15305000] Monitor: busy=1, cmd=00, enable=0, error=0, total_writes=65
[15315000] Monitor: busy=1, cmd=00, enable=0, error=0, total_writes=65
[15325000] Read data: 0xdeadbeef
  [OK] Read verification successful
Phase 9 write 24/158: pattern=0xcafebabe (TB_writes=63, DUT_cycles=65)
[15325000] Writing word: 0xcafebabe (TB count: 63, DUT cycles: 65)
[15325000] Monitor: busy=1, cmd=00, enable=0, error=0, total_writes=65
[15335000] Monitor: busy=0, cmd=10, enable=1, error=0, total_writes=65
[15355000] Monitor: busy=1, cmd=00, enable=0, error=0, total_writes=65
[15365000] Monitor: busy=1, cmd=00, enable=0, error=0, total_writes=65
[15375000] Monitor: busy=1, cmd=00, enable=0, error=0, total_writes=65
[15385000] Monitor: busy=1, cmd=00, enable=0, error=0, total_writes=65
[15395000] Monitor: busy=1, cmd=00, enable=0, error=0, total_writes=65
[15405000] Monitor: busy=1, cmd=00, enable=0, error=0, total_writes=65
[15415000] Monitor: busy=1, cmd=00, enable=0, error=0, total_writes=65
[15425000] Monitor: busy=1, cmd=00, enable=0, error=0, total_writes=65
[15435000] Monitor: busy=1, cmd=00, enable=0, error=0, total_writes=65
[15445000] Monitor: busy=1, cmd=00, enable=0, error=0, total_writes=65
[15455000] Monitor: busy=1, cmd=00, enable=0, error=0, total_writes=65
[15465000] Write completed successfully (TB count now: 64, DUT cycles: 66)
  Testing read after write...
[15465000] Reading word from array...
[15465000] Monitor: busy=1, cmd=00, enable=0, error=0, total_writes=66
[15475000] Monitor: busy=0, cmd=01, enable=1, error=0, total_writes=66
[15495000] Monitor: busy=1, cmd=00, enable=0, error=0, total_writes=66
[15505000] Monitor: busy=1, cmd=00, enable=0, error=0, total_writes=66
[15515000] Monitor: busy=1, cmd=00, enable=0, error=0, total_writes=66
[15525000] Monitor: busy=1, cmd=00, enable=0, error=0, total_writes=66
[15535000] Read data: 0xcafebabe
  [OK] Read verification successful
Phase 9 write 25/158: pattern=0xdeadbeef (TB_writes=64, DUT_cycles=66)
[15535000] Writing word: 0xdeadbeef (TB count: 64, DUT cycles: 66)
[15535000] Monitor: busy=1, cmd=00, enable=0, error=0, total_writes=66
[15545000] Monitor: busy=0, cmd=10, enable=1, error=0, total_writes=66
[15565000] Monitor: busy=1, cmd=00, enable=0, error=0, total_writes=66
[15575000] Monitor: busy=1, cmd=00, enable=0, error=0, total_writes=66
[15585000] Monitor: busy=1, cmd=00, enable=0, error=0, total_writes=66
[15595000] Monitor: busy=1, cmd=00, enable=0, error=0, total_writes=66
[15605000] Monitor: busy=1, cmd=00, enable=0, error=0, total_writes=66
[15615000] Monitor: busy=1, cmd=00, enable=0, error=0, total_writes=66
[15625000] Monitor: busy=1, cmd=00, enable=0, error=0, total_writes=66
[15635000] Monitor: busy=1, cmd=00, enable=0, error=0, total_writes=66
[15645000] Monitor: busy=1, cmd=00, enable=0, error=0, total_writes=66
[15655000] Monitor: busy=1, cmd=00, enable=0, error=0, total_writes=66
[15665000] Monitor: busy=1, cmd=00, enable=0, error=0, total_writes=66
[15675000] Write completed successfully (TB count now: 65, DUT cycles: 67)
  Testing read after write...
[15675000] Reading word from array...
[15675000] Monitor: busy=1, cmd=00, enable=0, error=0, total_writes=67
[15685000] Monitor: busy=0, cmd=01, enable=1, error=0, total_writes=67
[15705000] Monitor: busy=1, cmd=00, enable=0, error=0, total_writes=67
[15715000] Monitor: busy=1, cmd=00, enable=0, error=0, total_writes=67
[15725000] Monitor: busy=1, cmd=00, enable=0, error=0, total_writes=67
[15735000] Monitor: busy=1, cmd=00, enable=0, error=0, total_writes=67
[15745000] Read data: 0xdeadbeef
  [OK] Read verification successful
Phase 9 write 26/158: pattern=0xcafebabe (TB_writes=65, DUT_cycles=67)
[15745000] Writing word: 0xcafebabe (TB count: 65, DUT cycles: 67)
[15745000] Monitor: busy=1, cmd=00, enable=0, error=0, total_writes=67
[15755000] Monitor: busy=0, cmd=10, enable=1, error=0, total_writes=67
[15775000] Monitor: busy=1, cmd=00, enable=0, error=0, total_writes=67
[15785000] Monitor: busy=1, cmd=00, enable=0, error=0, total_writes=67
[15795000] Monitor: busy=1, cmd=00, enable=0, error=0, total_writes=67
[15805000] Monitor: busy=1, cmd=00, enable=0, error=0, total_writes=67
[15815000] Monitor: busy=1, cmd=00, enable=0, error=0, total_writes=67
[15825000] Monitor: busy=1, cmd=00, enable=0, error=0, total_writes=67
[15835000] Monitor: busy=1, cmd=00, enable=0, error=0, total_writes=67
[15845000] Monitor: busy=1, cmd=00, enable=0, error=0, total_writes=67
[15855000] Monitor: busy=1, cmd=00, enable=0, error=0, total_writes=67
[15865000] Monitor: busy=1, cmd=00, enable=0, error=0, total_writes=67
[15875000] Monitor: busy=1, cmd=00, enable=0, error=0, total_writes=67
[15885000] Write completed successfully (TB count now: 66, DUT cycles: 68)
  Testing read after write...
[15885000] Reading word from array...
[15885000] Monitor: busy=1, cmd=00, enable=0, error=0, total_writes=68
[15895000] Monitor: busy=0, cmd=01, enable=1, error=0, total_writes=68
[15915000] Monitor: busy=1, cmd=00, enable=0, error=0, total_writes=68
[15925000] Monitor: busy=1, cmd=00, enable=0, error=0, total_writes=68
[15935000] Monitor: busy=1, cmd=00, enable=0, error=0, total_writes=68
[15945000] Monitor: busy=1, cmd=00, enable=0, error=0, total_writes=68
[15955000] Read data: 0xcafebabe
  [OK] Read verification successful
Phase 9 write 27/158: pattern=0xdeadbeef (TB_writes=66, DUT_cycles=68)
[15955000] Writing word: 0xdeadbeef (TB count: 66, DUT cycles: 68)
[15955000] Monitor: busy=1, cmd=00, enable=0, error=0, total_writes=68
[15965000] Monitor: busy=0, cmd=10, enable=1, error=0, total_writes=68
[15985000] Monitor: busy=1, cmd=00, enable=0, error=0, total_writes=68
[15995000] Monitor: busy=1, cmd=00, enable=0, error=0, total_writes=68
[16005000] Monitor: busy=1, cmd=00, enable=0, error=0, total_writes=68
[16015000] Monitor: busy=1, cmd=00, enable=0, error=0, total_writes=68
[16025000] Monitor: busy=1, cmd=00, enable=0, error=0, total_writes=68
[16035000] Monitor: busy=1, cmd=00, enable=0, error=0, total_writes=68
[16045000] Monitor: busy=1, cmd=00, enable=0, error=0, total_writes=68
[16055000] Monitor: busy=1, cmd=00, enable=0, error=0, total_writes=68
[16065000] Monitor: busy=1, cmd=00, enable=0, error=0, total_writes=68
[16075000] Monitor: busy=1, cmd=00, enable=0, error=0, total_writes=68
[16085000] Monitor: busy=1, cmd=00, enable=0, error=0, total_writes=68
[16095000] Write completed successfully (TB count now: 67, DUT cycles: 69)
  Testing read after write...
[16095000] Reading word from array...
[16095000] Monitor: busy=1, cmd=00, enable=0, error=0, total_writes=69
[16105000] Monitor: busy=0, cmd=01, enable=1, error=0, total_writes=69
[16125000] Monitor: busy=1, cmd=00, enable=0, error=0, total_writes=69
[16135000] Monitor: busy=1, cmd=00, enable=0, error=0, total_writes=69
[16145000] Monitor: busy=1, cmd=00, enable=0, error=0, total_writes=69
[16155000] Monitor: busy=1, cmd=00, enable=0, error=0, total_writes=69
[16165000] Read data: 0xdeadbeef
  [OK] Read verification successful
Phase 9 write 28/158: pattern=0xcafebabe (TB_writes=67, DUT_cycles=69)
[16165000] Writing word: 0xcafebabe (TB count: 67, DUT cycles: 69)
[16165000] Monitor: busy=1, cmd=00, enable=0, error=0, total_writes=69
[16175000] Monitor: busy=0, cmd=10, enable=1, error=0, total_writes=69
[16195000] Monitor: busy=1, cmd=00, enable=0, error=0, total_writes=69
[16205000] Monitor: busy=1, cmd=00, enable=0, error=0, total_writes=69
[16215000] Monitor: busy=1, cmd=00, enable=0, error=0, total_writes=69
[16225000] Monitor: busy=1, cmd=00, enable=0, error=0, total_writes=69
[16235000] Monitor: busy=1, cmd=00, enable=0, error=0, total_writes=69
[16245000] Monitor: busy=1, cmd=00, enable=0, error=0, total_writes=69
[16255000] Monitor: busy=1, cmd=00, enable=0, error=0, total_writes=69
[16265000] Monitor: busy=1, cmd=00, enable=0, error=0, total_writes=69
[16275000] Monitor: busy=1, cmd=00, enable=0, error=0, total_writes=69
[16285000] Monitor: busy=1, cmd=00, enable=0, error=0, total_writes=69
[16295000] Monitor: busy=1, cmd=00, enable=0, error=0, total_writes=69
[16305000] Write completed successfully (TB count now: 68, DUT cycles: 70)
  Testing read after write...
[16305000] Reading word from array...
[16305000] Monitor: busy=1, cmd=00, enable=0, error=0, total_writes=70
[16315000] Monitor: busy=0, cmd=01, enable=1, error=0, total_writes=70
[16335000] Monitor: busy=1, cmd=00, enable=0, error=0, total_writes=70
[16345000] Monitor: busy=1, cmd=00, enable=0, error=0, total_writes=70
[16355000] Monitor: busy=1, cmd=00, enable=0, error=0, total_writes=70
[16365000] Monitor: busy=1, cmd=00, enable=0, error=0, total_writes=70
[16375000] Read data: 0xcafebabe
  [OK] Read verification successful
Phase 9 write 29/158: pattern=0xdeadbeef (TB_writes=68, DUT_cycles=70)
[16375000] Writing word: 0xdeadbeef (TB count: 68, DUT cycles: 70)
[16375000] Monitor: busy=1, cmd=00, enable=0, error=0, total_writes=70
[16385000] Monitor: busy=0, cmd=10, enable=1, error=0, total_writes=70
[16405000] Monitor: busy=1, cmd=00, enable=0, error=0, total_writes=70
[16415000] Monitor: busy=1, cmd=00, enable=0, error=0, total_writes=70
[16425000] Monitor: busy=1, cmd=00, enable=0, error=0, total_writes=70
[16435000] Monitor: busy=1, cmd=00, enable=0, error=0, total_writes=70
[16445000] Monitor: busy=1, cmd=00, enable=0, error=0, total_writes=70
[16455000] Monitor: busy=1, cmd=00, enable=0, error=0, total_writes=70
[16465000] Monitor: busy=1, cmd=00, enable=0, error=0, total_writes=70
[16475000] Monitor: busy=1, cmd=00, enable=0, error=0, total_writes=70
[16485000] Monitor: busy=1, cmd=00, enable=0, error=0, total_writes=70
[16495000] Monitor: busy=1, cmd=00, enable=0, error=0, total_writes=70
[16505000] Monitor: busy=1, cmd=00, enable=0, error=0, total_writes=70
[16515000] Write completed successfully (TB count now: 69, DUT cycles: 71)
  Testing read after write...
[16515000] Reading word from array...
[16515000] Monitor: busy=1, cmd=00, enable=0, error=0, total_writes=71
[16525000] Monitor: busy=0, cmd=01, enable=1, error=0, total_writes=71
[16545000] Monitor: busy=1, cmd=00, enable=0, error=0, total_writes=71
[16555000] Monitor: busy=1, cmd=00, enable=0, error=0, total_writes=71
[16565000] Monitor: busy=1, cmd=00, enable=0, error=0, total_writes=71
[16575000] Monitor: busy=1, cmd=00, enable=0, error=0, total_writes=71
[16585000] Read data: 0xdeadbeef
  [OK] Read verification successful
Phase 9 write 30/158: pattern=0xcafebabe (TB_writes=69, DUT_cycles=71)
[16585000] Writing word: 0xcafebabe (TB count: 69, DUT cycles: 71)
[16585000] Monitor: busy=1, cmd=00, enable=0, error=0, total_writes=71
[16595000] Monitor: busy=0, cmd=10, enable=1, error=0, total_writes=71
[16615000] Monitor: busy=1, cmd=00, enable=0, error=0, total_writes=71
[16625000] Monitor: busy=1, cmd=00, enable=0, error=0, total_writes=71
[16635000] Monitor: busy=1, cmd=00, enable=0, error=0, total_writes=71
[16645000] Monitor: busy=1, cmd=00, enable=0, error=0, total_writes=71
[16655000] Monitor: busy=1, cmd=00, enable=0, error=0, total_writes=71
[16665000] Monitor: busy=1, cmd=00, enable=0, error=0, total_writes=71
[16675000] Monitor: busy=1, cmd=00, enable=0, error=0, total_writes=71
[16685000] Monitor: busy=1, cmd=00, enable=0, error=0, total_writes=71
[16695000] Monitor: busy=1, cmd=00, enable=0, error=0, total_writes=71
[16705000] Monitor: busy=1, cmd=00, enable=0, error=0, total_writes=71
[16715000] Monitor: busy=1, cmd=00, enable=0, error=0, total_writes=71
[16725000] Write completed successfully (TB count now: 70, DUT cycles: 72)
  Testing read after write...
[16725000] Reading word from array...
[16725000] Monitor: busy=1, cmd=00, enable=0, error=0, total_writes=72
[16735000] Monitor: busy=0, cmd=01, enable=1, error=0, total_writes=72
[16755000] Monitor: busy=1, cmd=00, enable=0, error=0, total_writes=72
[16765000] Monitor: busy=1, cmd=00, enable=0, error=0, total_writes=72
[16775000] Monitor: busy=1, cmd=00, enable=0, error=0, total_writes=72
[16785000] Monitor: busy=1, cmd=00, enable=0, error=0, total_writes=72
[16795000] Read data: 0xcafebabe
  [OK] Read verification successful
Phase 9 write 31/158: pattern=0xdeadbeef (TB_writes=70, DUT_cycles=72)
[16795000] Writing word: 0xdeadbeef (TB count: 70, DUT cycles: 72)
[16795000] Monitor: busy=1, cmd=00, enable=0, error=0, total_writes=72
[16805000] Monitor: busy=0, cmd=10, enable=1, error=0, total_writes=72
[16825000] Monitor: busy=1, cmd=00, enable=0, error=0, total_writes=72
[16835000] Monitor: busy=1, cmd=00, enable=0, error=0, total_writes=72
[16845000] Monitor: busy=1, cmd=00, enable=0, error=0, total_writes=72
[16855000] Monitor: busy=1, cmd=00, enable=0, error=0, total_writes=72
[16865000] Monitor: busy=1, cmd=00, enable=0, error=0, total_writes=72
[16875000] Monitor: busy=1, cmd=00, enable=0, error=0, total_writes=72
[16885000] Monitor: busy=1, cmd=00, enable=0, error=0, total_writes=72
[16895000] Monitor: busy=1, cmd=00, enable=0, error=0, total_writes=72
[16905000] Monitor: busy=1, cmd=00, enable=0, error=0, total_writes=72
[16915000] Monitor: busy=1, cmd=00, enable=0, error=0, total_writes=72
[16925000] Monitor: busy=1, cmd=00, enable=0, error=0, total_writes=72
[16935000] Write completed successfully (TB count now: 71, DUT cycles: 73)
  Testing read after write...
[16935000] Reading word from array...
[16935000] Monitor: busy=1, cmd=00, enable=0, error=0, total_writes=73
[16945000] Monitor: busy=0, cmd=01, enable=1, error=0, total_writes=73
[16965000] Monitor: busy=1, cmd=00, enable=0, error=0, total_writes=73
[16975000] Monitor: busy=1, cmd=00, enable=0, error=0, total_writes=73
[16985000] Monitor: busy=1, cmd=00, enable=0, error=0, total_writes=73
[16995000] Monitor: busy=1, cmd=00, enable=0, error=0, total_writes=73
[17005000] Read data: 0xdeadbeef
  [OK] Read verification successful
Phase 9 write 32/158: pattern=0xcafebabe (TB_writes=71, DUT_cycles=73)
[17005000] Writing word: 0xcafebabe (TB count: 71, DUT cycles: 73)
[17005000] Monitor: busy=1, cmd=00, enable=0, error=0, total_writes=73
[17015000] Monitor: busy=0, cmd=10, enable=1, error=0, total_writes=73
[17035000] Monitor: busy=1, cmd=00, enable=0, error=0, total_writes=73
[17045000] Monitor: busy=1, cmd=00, enable=0, error=0, total_writes=73
[17055000] Monitor: busy=1, cmd=00, enable=0, error=0, total_writes=73
[17065000] Monitor: busy=1, cmd=00, enable=0, error=0, total_writes=73
[17075000] Monitor: busy=1, cmd=00, enable=0, error=0, total_writes=73
[17085000] Monitor: busy=1, cmd=00, enable=0, error=0, total_writes=73
[17095000] Monitor: busy=1, cmd=00, enable=0, error=0, total_writes=73
[17105000] Monitor: busy=1, cmd=00, enable=0, error=0, total_writes=73
[17115000] Monitor: busy=1, cmd=00, enable=0, error=0, total_writes=73
[17125000] Monitor: busy=1, cmd=00, enable=0, error=0, total_writes=73
[17135000] Monitor: busy=1, cmd=00, enable=0, error=0, total_writes=73
[17145000] Write completed successfully (TB count now: 72, DUT cycles: 74)
  Testing read after write...
[17145000] Reading word from array...
[17145000] Monitor: busy=1, cmd=00, enable=0, error=0, total_writes=74
[17155000] Monitor: busy=0, cmd=01, enable=1, error=0, total_writes=74
[17175000] Monitor: busy=1, cmd=00, enable=0, error=0, total_writes=74
[17185000] Monitor: busy=1, cmd=00, enable=0, error=0, total_writes=74
[17195000] Monitor: busy=1, cmd=00, enable=0, error=0, total_writes=74
[17205000] Monitor: busy=1, cmd=00, enable=0, error=0, total_writes=74
[17215000] Read data: 0xcafebabe
  [OK] Read verification successful
Phase 9 write 33/158: pattern=0xdeadbeef (TB_writes=72, DUT_cycles=74)
[17215000] Writing word: 0xdeadbeef (TB count: 72, DUT cycles: 74)
[17215000] Monitor: busy=1, cmd=00, enable=0, error=0, total_writes=74
[17225000] Monitor: busy=0, cmd=10, enable=1, error=0, total_writes=74
[17245000] Monitor: busy=1, cmd=00, enable=0, error=0, total_writes=74
[17255000] Monitor: busy=1, cmd=00, enable=0, error=0, total_writes=74
[17265000] Monitor: busy=1, cmd=00, enable=0, error=0, total_writes=74
[17275000] Monitor: busy=1, cmd=00, enable=0, error=0, total_writes=74
[17285000] Monitor: busy=1, cmd=00, enable=0, error=0, total_writes=74
[17295000] Monitor: busy=1, cmd=00, enable=0, error=0, total_writes=74
[17305000] Monitor: busy=1, cmd=00, enable=0, error=0, total_writes=74
[17315000] Monitor: busy=1, cmd=00, enable=0, error=0, total_writes=74
[17325000] Monitor: busy=1, cmd=00, enable=0, error=0, total_writes=74
[17335000] Monitor: busy=1, cmd=00, enable=0, error=0, total_writes=74
[17345000] Monitor: busy=1, cmd=00, enable=0, error=0, total_writes=74
[17355000] Write completed successfully (TB count now: 73, DUT cycles: 75)
  Testing read after write...
[17355000] Reading word from array...
[17355000] Monitor: busy=1, cmd=00, enable=0, error=0, total_writes=75
[17365000] Monitor: busy=0, cmd=01, enable=1, error=0, total_writes=75
[17385000] Monitor: busy=1, cmd=00, enable=0, error=0, total_writes=75
[17395000] Monitor: busy=1, cmd=00, enable=0, error=0, total_writes=75
[17405000] Monitor: busy=1, cmd=00, enable=0, error=0, total_writes=75
[17415000] Monitor: busy=1, cmd=00, enable=0, error=0, total_writes=75
[17425000] Read data: 0xdeadbeef
  [OK] Read verification successful
Phase 9 write 34/158: pattern=0xcafebabe (TB_writes=73, DUT_cycles=75)
[17425000] Writing word: 0xcafebabe (TB count: 73, DUT cycles: 75)
[17425000] Monitor: busy=1, cmd=00, enable=0, error=0, total_writes=75
[17435000] Monitor: busy=0, cmd=10, enable=1, error=0, total_writes=75
[17455000] Monitor: busy=1, cmd=00, enable=0, error=0, total_writes=75
[17465000] Monitor: busy=1, cmd=00, enable=0, error=0, total_writes=75
[17475000] Monitor: busy=1, cmd=00, enable=0, error=0, total_writes=75
[17485000] Monitor: busy=1, cmd=00, enable=0, error=0, total_writes=75
[17495000] Monitor: busy=1, cmd=00, enable=0, error=0, total_writes=75
[17505000] Monitor: busy=1, cmd=00, enable=0, error=0, total_writes=75
[17515000] Monitor: busy=1, cmd=00, enable=0, error=0, total_writes=75
[17525000] Monitor: busy=1, cmd=00, enable=0, error=0, total_writes=75
[17535000] Monitor: busy=1, cmd=00, enable=0, error=0, total_writes=75
[17545000] Monitor: busy=1, cmd=00, enable=0, error=0, total_writes=75
[17555000] Monitor: busy=1, cmd=00, enable=0, error=0, total_writes=75
[17565000] Write completed successfully (TB count now: 74, DUT cycles: 76)
  Testing read after write...
[17565000] Reading word from array...
[17565000] Monitor: busy=1, cmd=00, enable=0, error=0, total_writes=76
[17575000] Monitor: busy=0, cmd=01, enable=1, error=0, total_writes=76
[17595000] Monitor: busy=1, cmd=00, enable=0, error=0, total_writes=76
[17605000] Monitor: busy=1, cmd=00, enable=0, error=0, total_writes=76
[17615000] Monitor: busy=1, cmd=00, enable=0, error=0, total_writes=76
[17625000] Monitor: busy=1, cmd=00, enable=0, error=0, total_writes=76
[17635000] Read data: 0xcafebabe
  [OK] Read verification successful
Phase 9 write 35/158: pattern=0xdeadbeef (TB_writes=74, DUT_cycles=76)
[17635000] Writing word: 0xdeadbeef (TB count: 74, DUT cycles: 76)
[17635000] Monitor: busy=1, cmd=00, enable=0, error=0, total_writes=76
[17645000] Monitor: busy=0, cmd=10, enable=1, error=0, total_writes=76
[17665000] Monitor: busy=1, cmd=00, enable=0, error=0, total_writes=76
[17675000] Monitor: busy=1, cmd=00, enable=0, error=0, total_writes=76
[17685000] Monitor: busy=1, cmd=00, enable=0, error=0, total_writes=76
[17695000] Monitor: busy=1, cmd=00, enable=0, error=0, total_writes=76
[17705000] Monitor: busy=1, cmd=00, enable=0, error=0, total_writes=76
[17715000] Monitor: busy=1, cmd=00, enable=0, error=0, total_writes=76
[17725000] Monitor: busy=1, cmd=00, enable=0, error=0, total_writes=76
[17735000] Monitor: busy=1, cmd=00, enable=0, error=0, total_writes=76
[17745000] Monitor: busy=1, cmd=00, enable=0, error=0, total_writes=76
[17755000] Monitor: busy=1, cmd=00, enable=0, error=0, total_writes=76
[17765000] Monitor: busy=1, cmd=00, enable=0, error=0, total_writes=76
[17775000] Write completed successfully (TB count now: 75, DUT cycles: 77)
  Testing read after write...
[17775000] Reading word from array...
[17775000] Monitor: busy=1, cmd=00, enable=0, error=0, total_writes=77
[17785000] Monitor: busy=0, cmd=01, enable=1, error=0, total_writes=77
[17805000] Monitor: busy=1, cmd=00, enable=0, error=0, total_writes=77
[17815000] Monitor: busy=1, cmd=00, enable=0, error=0, total_writes=77
[17825000] Monitor: busy=1, cmd=00, enable=0, error=0, total_writes=77
[17835000] Monitor: busy=1, cmd=00, enable=0, error=0, total_writes=77
[17845000] Read data: 0xdeadbeef
  [OK] Read verification successful
Phase 9 write 36/158: pattern=0xcafebabe (TB_writes=75, DUT_cycles=77)
[17845000] Writing word: 0xcafebabe (TB count: 75, DUT cycles: 77)
[17845000] Monitor: busy=1, cmd=00, enable=0, error=0, total_writes=77
[17855000] Monitor: busy=0, cmd=10, enable=1, error=0, total_writes=77
[17875000] Monitor: busy=1, cmd=00, enable=0, error=0, total_writes=77
[17885000] Monitor: busy=1, cmd=00, enable=0, error=0, total_writes=77
[17895000] Monitor: busy=1, cmd=00, enable=0, error=0, total_writes=77
[17905000] Monitor: busy=1, cmd=00, enable=0, error=0, total_writes=77
[17915000] Monitor: busy=1, cmd=00, enable=0, error=0, total_writes=77
[17925000] Monitor: busy=1, cmd=00, enable=0, error=0, total_writes=77
[17935000] Monitor: busy=1, cmd=00, enable=0, error=0, total_writes=77
[17945000] Monitor: busy=1, cmd=00, enable=0, error=0, total_writes=77
[17955000] Monitor: busy=1, cmd=00, enable=0, error=0, total_writes=77
[17965000] Monitor: busy=1, cmd=00, enable=0, error=0, total_writes=77
[17975000] Monitor: busy=1, cmd=00, enable=0, error=0, total_writes=77
[17985000] Write completed successfully (TB count now: 76, DUT cycles: 78)
  Testing read after write...
[17985000] Reading word from array...
[17985000] Monitor: busy=1, cmd=00, enable=0, error=0, total_writes=78
[17995000] Monitor: busy=0, cmd=01, enable=1, error=0, total_writes=78
[18015000] Monitor: busy=1, cmd=00, enable=0, error=0, total_writes=78
[18025000] Monitor: busy=1, cmd=00, enable=0, error=0, total_writes=78
[18035000] Monitor: busy=1, cmd=00, enable=0, error=0, total_writes=78
[18045000] Monitor: busy=1, cmd=00, enable=0, error=0, total_writes=78
[18055000] Read data: 0xcafebabe
  [OK] Read verification successful
Phase 9 write 37/158: pattern=0xdeadbeef (TB_writes=76, DUT_cycles=78)
[18055000] Writing word: 0xdeadbeef (TB count: 76, DUT cycles: 78)
[18055000] Monitor: busy=1, cmd=00, enable=0, error=0, total_writes=78
[18065000] Monitor: busy=0, cmd=10, enable=1, error=0, total_writes=78
[18085000] Monitor: busy=1, cmd=00, enable=0, error=0, total_writes=78
[18095000] Monitor: busy=1, cmd=00, enable=0, error=0, total_writes=78
[18105000] Monitor: busy=1, cmd=00, enable=0, error=0, total_writes=78
[18115000] Monitor: busy=1, cmd=00, enable=0, error=0, total_writes=78
[18125000] Monitor: busy=1, cmd=00, enable=0, error=0, total_writes=78
[18135000] Monitor: busy=1, cmd=00, enable=0, error=0, total_writes=78
[18145000] Monitor: busy=1, cmd=00, enable=0, error=0, total_writes=78
[18155000] Monitor: busy=1, cmd=00, enable=0, error=0, total_writes=78
[18165000] Monitor: busy=1, cmd=00, enable=0, error=0, total_writes=78
[18175000] Monitor: busy=1, cmd=00, enable=0, error=0, total_writes=78
[18185000] Monitor: busy=1, cmd=00, enable=0, error=0, total_writes=78
[18195000] Write completed successfully (TB count now: 77, DUT cycles: 79)
  Testing read after write...
[18195000] Reading word from array...
[18195000] Monitor: busy=1, cmd=00, enable=0, error=0, total_writes=79
[18205000] Monitor: busy=0, cmd=01, enable=1, error=0, total_writes=79
[18225000] Monitor: busy=1, cmd=00, enable=0, error=0, total_writes=79
[18235000] Monitor: busy=1, cmd=00, enable=0, error=0, total_writes=79
[18245000] Monitor: busy=1, cmd=00, enable=0, error=0, total_writes=79
[18255000] Monitor: busy=1, cmd=00, enable=0, error=0, total_writes=79
[18265000] Read data: 0xdeadbeef
  [OK] Read verification successful
Phase 9 write 38/158: pattern=0xcafebabe (TB_writes=77, DUT_cycles=79)
[18265000] Writing word: 0xcafebabe (TB count: 77, DUT cycles: 79)
[18265000] Monitor: busy=1, cmd=00, enable=0, error=0, total_writes=79
[18275000] Monitor: busy=0, cmd=10, enable=1, error=0, total_writes=79
[18295000] Monitor: busy=1, cmd=00, enable=0, error=0, total_writes=79
[18305000] Monitor: busy=1, cmd=00, enable=0, error=0, total_writes=79
[18315000] Monitor: busy=1, cmd=00, enable=0, error=0, total_writes=79
[18325000] Monitor: busy=1, cmd=00, enable=0, error=0, total_writes=79
[18335000] Monitor: busy=1, cmd=00, enable=0, error=0, total_writes=79
[18345000] Monitor: busy=1, cmd=00, enable=0, error=0, total_writes=79
[18355000] Monitor: busy=1, cmd=00, enable=0, error=0, total_writes=79
[18365000] Monitor: busy=1, cmd=00, enable=0, error=0, total_writes=79
[18375000] Monitor: busy=1, cmd=00, enable=0, error=0, total_writes=79
[18385000] Monitor: busy=1, cmd=00, enable=0, error=0, total_writes=79
[18395000] Monitor: busy=1, cmd=00, enable=0, error=0, total_writes=79
[18405000] Write completed successfully (TB count now: 78, DUT cycles: 80)
  Testing read after write...
[18405000] Reading word from array...
[18405000] Monitor: busy=1, cmd=00, enable=0, error=0, total_writes=80
[18415000] Monitor: busy=0, cmd=01, enable=1, error=0, total_writes=80
[18435000] Monitor: busy=1, cmd=00, enable=0, error=0, total_writes=80
[18445000] Monitor: busy=1, cmd=00, enable=0, error=0, total_writes=80
[18455000] Monitor: busy=1, cmd=00, enable=0, error=0, total_writes=80
[18465000] Monitor: busy=1, cmd=00, enable=0, error=0, total_writes=80
[18475000] Read data: 0xcafebabe
  [OK] Read verification successful
Phase 9 write 39/158: pattern=0xdeadbeef (TB_writes=78, DUT_cycles=80)
[18475000] Writing word: 0xdeadbeef (TB count: 78, DUT cycles: 80)
[18475000] Monitor: busy=1, cmd=00, enable=0, error=0, total_writes=80
[18485000] Monitor: busy=0, cmd=10, enable=1, error=0, total_writes=80
[18505000] Monitor: busy=1, cmd=00, enable=0, error=0, total_writes=80
[18515000] Monitor: busy=1, cmd=00, enable=0, error=0, total_writes=80
[18525000] Monitor: busy=1, cmd=00, enable=0, error=0, total_writes=80
[18535000] Monitor: busy=1, cmd=00, enable=0, error=0, total_writes=80
[18545000] Monitor: busy=1, cmd=00, enable=0, error=0, total_writes=80
[18555000] Monitor: busy=1, cmd=00, enable=0, error=0, total_writes=80
[18565000] Monitor: busy=1, cmd=00, enable=0, error=0, total_writes=80
[18575000] Monitor: busy=1, cmd=00, enable=0, error=0, total_writes=80
[18585000] Monitor: busy=1, cmd=00, enable=0, error=0, total_writes=80
[18595000] Monitor: busy=1, cmd=00, enable=0, error=0, total_writes=80
[18605000] Monitor: busy=1, cmd=00, enable=0, error=0, total_writes=80
[18615000] Write completed successfully (TB count now: 79, DUT cycles: 81)
  Testing read after write...
[18615000] Reading word from array...
[18615000] Monitor: busy=1, cmd=00, enable=0, error=0, total_writes=81
[18625000] Monitor: busy=0, cmd=01, enable=1, error=0, total_writes=81
[18645000] Monitor: busy=1, cmd=00, enable=0, error=0, total_writes=81
[18655000] Monitor: busy=1, cmd=00, enable=0, error=0, total_writes=81
[18665000] Monitor: busy=1, cmd=00, enable=0, error=0, total_writes=81
[18675000] Monitor: busy=1, cmd=00, enable=0, error=0, total_writes=81
[18685000] Read data: 0xdeadbeef
  [OK] Read verification successful
Phase 9 write 40/158: pattern=0xcafebabe (TB_writes=79, DUT_cycles=81)
[18685000] Writing word: 0xcafebabe (TB count: 79, DUT cycles: 81)
[18685000] Monitor: busy=1, cmd=00, enable=0, error=0, total_writes=81
[18695000] Monitor: busy=0, cmd=10, enable=1, error=0, total_writes=81
[18715000] Monitor: busy=1, cmd=00, enable=0, error=0, total_writes=81
[18725000] Monitor: busy=1, cmd=00, enable=0, error=0, total_writes=81
[18735000] Monitor: busy=1, cmd=00, enable=0, error=0, total_writes=81
[18745000] Monitor: busy=1, cmd=00, enable=0, error=0, total_writes=81
[18755000] Monitor: busy=1, cmd=00, enable=0, error=0, total_writes=81
[18765000] Monitor: busy=1, cmd=00, enable=0, error=0, total_writes=81
[18775000] Monitor: busy=1, cmd=00, enable=0, error=0, total_writes=81
[18785000] Monitor: busy=1, cmd=00, enable=0, error=0, total_writes=81
[18795000] Monitor: busy=1, cmd=00, enable=0, error=0, total_writes=81
[18805000] Monitor: busy=1, cmd=00, enable=0, error=0, total_writes=81
[18815000] Monitor: busy=1, cmd=00, enable=0, error=0, total_writes=81
[18825000] Write completed successfully (TB count now: 80, DUT cycles: 82)
  Testing read after write...
[18825000] Reading word from array...
[18825000] Monitor: busy=1, cmd=00, enable=0, error=0, total_writes=82
[18835000] Monitor: busy=0, cmd=01, enable=1, error=0, total_writes=82
[18855000] Monitor: busy=1, cmd=00, enable=0, error=0, total_writes=82
[18865000] Monitor: busy=1, cmd=00, enable=0, error=0, total_writes=82
[18875000] Monitor: busy=1, cmd=00, enable=0, error=0, total_writes=82
[18885000] Monitor: busy=1, cmd=00, enable=0, error=0, total_writes=82
[18895000] Read data: 0xcafebabe
  [OK] Read verification successful
Phase 9 write 41/158: pattern=0xdeadbeef (TB_writes=80, DUT_cycles=82)
[18895000] Writing word: 0xdeadbeef (TB count: 80, DUT cycles: 82)
[18895000] Monitor: busy=1, cmd=00, enable=0, error=0, total_writes=82
[18905000] Monitor: busy=0, cmd=10, enable=1, error=0, total_writes=82
[18925000] Monitor: busy=1, cmd=00, enable=0, error=0, total_writes=82
[18935000] Monitor: busy=1, cmd=00, enable=0, error=0, total_writes=82
[18945000] Monitor: busy=1, cmd=00, enable=0, error=0, total_writes=82
[18955000] Monitor: busy=1, cmd=00, enable=0, error=0, total_writes=82
[18965000] Monitor: busy=1, cmd=00, enable=0, error=0, total_writes=82
[18975000] Monitor: busy=1, cmd=00, enable=0, error=0, total_writes=82
[18985000] Monitor: busy=1, cmd=00, enable=0, error=0, total_writes=82
[18995000] Monitor: busy=1, cmd=00, enable=0, error=0, total_writes=82
[19005000] Monitor: busy=1, cmd=00, enable=0, error=0, total_writes=82
[19015000] Monitor: busy=1, cmd=00, enable=0, error=0, total_writes=82
[19025000] Monitor: busy=1, cmd=00, enable=0, error=0, total_writes=82
[19035000] Write completed successfully (TB count now: 81, DUT cycles: 83)
  Testing read after write...
[19035000] Reading word from array...
[19035000] Monitor: busy=1, cmd=00, enable=0, error=0, total_writes=83
[19045000] Monitor: busy=0, cmd=01, enable=1, error=0, total_writes=83
[19065000] Monitor: busy=1, cmd=00, enable=0, error=0, total_writes=83
[19075000] Monitor: busy=1, cmd=00, enable=0, error=0, total_writes=83
[19085000] Monitor: busy=1, cmd=00, enable=0, error=0, total_writes=83
[19095000] Monitor: busy=1, cmd=00, enable=0, error=0, total_writes=83
[19105000] Read data: 0xdeadbeef
  [OK] Read verification successful
Phase 9 write 42/158: pattern=0xcafebabe (TB_writes=81, DUT_cycles=83)
[19105000] Writing word: 0xcafebabe (TB count: 81, DUT cycles: 83)
[19105000] Monitor: busy=1, cmd=00, enable=0, error=0, total_writes=83
[19115000] Monitor: busy=0, cmd=10, enable=1, error=0, total_writes=83
[19135000] Monitor: busy=1, cmd=00, enable=0, error=0, total_writes=83
[19145000] Monitor: busy=1, cmd=00, enable=0, error=0, total_writes=83
[19155000] Monitor: busy=1, cmd=00, enable=0, error=0, total_writes=83
[19165000] Monitor: busy=1, cmd=00, enable=0, error=0, total_writes=83
[19175000] Monitor: busy=1, cmd=00, enable=0, error=0, total_writes=83
[19185000] Monitor: busy=1, cmd=00, enable=0, error=0, total_writes=83
[19195000] Monitor: busy=1, cmd=00, enable=0, error=0, total_writes=83
[19205000] Monitor: busy=1, cmd=00, enable=0, error=0, total_writes=83
[19215000] Monitor: busy=1, cmd=00, enable=0, error=0, total_writes=83
[19225000] Monitor: busy=1, cmd=00, enable=0, error=0, total_writes=83
[19235000] Monitor: busy=1, cmd=00, enable=0, error=0, total_writes=83
[19245000] Write completed successfully (TB count now: 82, DUT cycles: 84)
  Testing read after write...
[19245000] Reading word from array...
[19245000] Monitor: busy=1, cmd=00, enable=0, error=0, total_writes=84
[19255000] Monitor: busy=0, cmd=01, enable=1, error=0, total_writes=84
[19275000] Monitor: busy=1, cmd=00, enable=0, error=0, total_writes=84
[19285000] Monitor: busy=1, cmd=00, enable=0, error=0, total_writes=84
[19295000] Monitor: busy=1, cmd=00, enable=0, error=0, total_writes=84
[19305000] Monitor: busy=1, cmd=00, enable=0, error=0, total_writes=84
[19315000] Read data: 0xcafebabe
  [OK] Read verification successful
Phase 9 write 43/158: pattern=0xdeadbeef (TB_writes=82, DUT_cycles=84)
[19315000] Writing word: 0xdeadbeef (TB count: 82, DUT cycles: 84)
[19315000] Monitor: busy=1, cmd=00, enable=0, error=0, total_writes=84
[19325000] Monitor: busy=0, cmd=10, enable=1, error=0, total_writes=84
[19345000] Monitor: busy=1, cmd=00, enable=0, error=0, total_writes=84
[19355000] Monitor: busy=1, cmd=00, enable=0, error=0, total_writes=84
[19365000] Monitor: busy=1, cmd=00, enable=0, error=0, total_writes=84
[19375000] Monitor: busy=1, cmd=00, enable=0, error=0, total_writes=84
[19385000] Monitor: busy=1, cmd=00, enable=0, error=0, total_writes=84
[19395000] Monitor: busy=1, cmd=00, enable=0, error=0, total_writes=84
[19405000] Monitor: busy=1, cmd=00, enable=0, error=0, total_writes=84
[19415000] Monitor: busy=1, cmd=00, enable=0, error=0, total_writes=84
[19425000] Monitor: busy=1, cmd=00, enable=0, error=0, total_writes=84
[19435000] Monitor: busy=1, cmd=00, enable=0, error=0, total_writes=84
[19445000] Monitor: busy=1, cmd=00, enable=0, error=0, total_writes=84
[19455000] Write completed successfully (TB count now: 83, DUT cycles: 85)
  Testing read after write...
[19455000] Reading word from array...
[19455000] Monitor: busy=1, cmd=00, enable=0, error=0, total_writes=85
[19465000] Monitor: busy=0, cmd=01, enable=1, error=0, total_writes=85
[19485000] Monitor: busy=1, cmd=00, enable=0, error=0, total_writes=85
[19495000] Monitor: busy=1, cmd=00, enable=0, error=0, total_writes=85
[19505000] Monitor: busy=1, cmd=00, enable=0, error=0, total_writes=85
[19515000] Monitor: busy=1, cmd=00, enable=0, error=0, total_writes=85
[19525000] Read data: 0xdeadbeef
  [OK] Read verification successful
Phase 9 write 44/158: pattern=0xcafebabe (TB_writes=83, DUT_cycles=85)
[19525000] Writing word: 0xcafebabe (TB count: 83, DUT cycles: 85)
[19525000] Monitor: busy=1, cmd=00, enable=0, error=0, total_writes=85
[19535000] Monitor: busy=0, cmd=10, enable=1, error=0, total_writes=85
[19555000] Monitor: busy=1, cmd=00, enable=0, error=0, total_writes=85
[19565000] Monitor: busy=1, cmd=00, enable=0, error=0, total_writes=85
[19575000] Monitor: busy=1, cmd=00, enable=0, error=0, total_writes=85
[19585000] Monitor: busy=1, cmd=00, enable=0, error=0, total_writes=85
[19595000] Monitor: busy=1, cmd=00, enable=0, error=0, total_writes=85
[19605000] Monitor: busy=1, cmd=00, enable=0, error=0, total_writes=85
[19615000] Monitor: busy=1, cmd=00, enable=0, error=0, total_writes=85
[19625000] Monitor: busy=1, cmd=00, enable=0, error=0, total_writes=85
[19635000] Monitor: busy=1, cmd=00, enable=0, error=0, total_writes=85
[19645000] Monitor: busy=1, cmd=00, enable=0, error=0, total_writes=85
[19655000] Monitor: busy=1, cmd=00, enable=0, error=0, total_writes=85
[19665000] Write completed successfully (TB count now: 84, DUT cycles: 86)
  Testing read after write...
[19665000] Reading word from array...
[19665000] Monitor: busy=1, cmd=00, enable=0, error=0, total_writes=86
[19675000] Monitor: busy=0, cmd=01, enable=1, error=0, total_writes=86
[19695000] Monitor: busy=1, cmd=00, enable=0, error=0, total_writes=86
[19705000] Monitor: busy=1, cmd=00, enable=0, error=0, total_writes=86
[19715000] Monitor: busy=1, cmd=00, enable=0, error=0, total_writes=86
[19725000] Monitor: busy=1, cmd=00, enable=0, error=0, total_writes=86
[19735000] Read data: 0xcafebabe
  [OK] Read verification successful
Phase 9 write 45/158: pattern=0xdeadbeef (TB_writes=84, DUT_cycles=86)
[19735000] Writing word: 0xdeadbeef (TB count: 84, DUT cycles: 86)
[19735000] Monitor: busy=1, cmd=00, enable=0, error=0, total_writes=86
[19745000] Monitor: busy=0, cmd=10, enable=1, error=0, total_writes=86
[19765000] Monitor: busy=1, cmd=00, enable=0, error=0, total_writes=86
[19775000] Monitor: busy=1, cmd=00, enable=0, error=0, total_writes=86
[19785000] Monitor: busy=1, cmd=00, enable=0, error=0, total_writes=86
[19795000] Monitor: busy=1, cmd=00, enable=0, error=0, total_writes=86
[19805000] Monitor: busy=1, cmd=00, enable=0, error=0, total_writes=86
[19815000] Monitor: busy=1, cmd=00, enable=0, error=0, total_writes=86
[19825000] Monitor: busy=1, cmd=00, enable=0, error=0, total_writes=86
[19835000] Monitor: busy=1, cmd=00, enable=0, error=0, total_writes=86
[19845000] Monitor: busy=1, cmd=00, enable=0, error=0, total_writes=86
[19855000] Monitor: busy=1, cmd=00, enable=0, error=0, total_writes=86
[19865000] Monitor: busy=1, cmd=00, enable=0, error=0, total_writes=86
[19875000] Write completed successfully (TB count now: 85, DUT cycles: 87)
  Testing read after write...
[19875000] Reading word from array...
[19875000] Monitor: busy=1, cmd=00, enable=0, error=0, total_writes=87
[19885000] Monitor: busy=0, cmd=01, enable=1, error=0, total_writes=87
[19905000] Monitor: busy=1, cmd=00, enable=0, error=0, total_writes=87
[19915000] Monitor: busy=1, cmd=00, enable=0, error=0, total_writes=87
[19925000] Monitor: busy=1, cmd=00, enable=0, error=0, total_writes=87
[19935000] Monitor: busy=1, cmd=00, enable=0, error=0, total_writes=87
[19945000] Read data: 0xdeadbeef
  [OK] Read verification successful
Phase 9 write 46/158: pattern=0xcafebabe (TB_writes=85, DUT_cycles=87)
[19945000] Writing word: 0xcafebabe (TB count: 85, DUT cycles: 87)
[19945000] Monitor: busy=1, cmd=00, enable=0, error=0, total_writes=87
[19955000] Monitor: busy=0, cmd=10, enable=1, error=0, total_writes=87
[19975000] Monitor: busy=1, cmd=00, enable=0, error=0, total_writes=87
[19985000] Monitor: busy=1, cmd=00, enable=0, error=0, total_writes=87
[19995000] Monitor: busy=1, cmd=00, enable=0, error=0, total_writes=87
[20005000] Monitor: busy=1, cmd=00, enable=0, error=0, total_writes=87
[20015000] Monitor: busy=1, cmd=00, enable=0, error=0, total_writes=87
[20025000] Monitor: busy=1, cmd=00, enable=0, error=0, total_writes=87
[20035000] Monitor: busy=1, cmd=00, enable=0, error=0, total_writes=87
[20045000] Monitor: busy=1, cmd=00, enable=0, error=0, total_writes=87
[20055000] Monitor: busy=1, cmd=00, enable=0, error=0, total_writes=87
[20065000] Monitor: busy=1, cmd=00, enable=0, error=0, total_writes=87
[20075000] Monitor: busy=1, cmd=00, enable=0, error=0, total_writes=87
[20085000] Write completed successfully (TB count now: 86, DUT cycles: 88)
  Testing read after write...
[20085000] Reading word from array...
[20085000] Monitor: busy=1, cmd=00, enable=0, error=0, total_writes=88
[20095000] Monitor: busy=0, cmd=01, enable=1, error=0, total_writes=88
[20115000] Monitor: busy=1, cmd=00, enable=0, error=0, total_writes=88
[20125000] Monitor: busy=1, cmd=00, enable=0, error=0, total_writes=88
[20135000] Monitor: busy=1, cmd=00, enable=0, error=0, total_writes=88
[20145000] Monitor: busy=1, cmd=00, enable=0, error=0, total_writes=88
[20155000] Read data: 0xcafebabe
  [OK] Read verification successful
Phase 9 write 47/158: pattern=0xdeadbeef (TB_writes=86, DUT_cycles=88)
[20155000] Writing word: 0xdeadbeef (TB count: 86, DUT cycles: 88)
[20155000] Monitor: busy=1, cmd=00, enable=0, error=0, total_writes=88
[20165000] Monitor: busy=0, cmd=10, enable=1, error=0, total_writes=88
[20185000] Monitor: busy=1, cmd=00, enable=0, error=0, total_writes=88
[20195000] Monitor: busy=1, cmd=00, enable=0, error=0, total_writes=88
[20205000] Monitor: busy=1, cmd=00, enable=0, error=0, total_writes=88
[20215000] Monitor: busy=1, cmd=00, enable=0, error=0, total_writes=88
[20225000] Monitor: busy=1, cmd=00, enable=0, error=0, total_writes=88
[20235000] Monitor: busy=1, cmd=00, enable=0, error=0, total_writes=88
[20245000] Monitor: busy=1, cmd=00, enable=0, error=0, total_writes=88
[20255000] Monitor: busy=1, cmd=00, enable=0, error=0, total_writes=88
[20265000] Monitor: busy=1, cmd=00, enable=0, error=0, total_writes=88
[20275000] Monitor: busy=1, cmd=00, enable=0, error=0, total_writes=88
[20285000] Monitor: busy=1, cmd=00, enable=0, error=0, total_writes=88
[20295000] Write completed successfully (TB count now: 87, DUT cycles: 89)
  Testing read after write...
[20295000] Reading word from array...
[20295000] Monitor: busy=1, cmd=00, enable=0, error=0, total_writes=89
[20305000] Monitor: busy=0, cmd=01, enable=1, error=0, total_writes=89
[20325000] Monitor: busy=1, cmd=00, enable=0, error=0, total_writes=89
[20335000] Monitor: busy=1, cmd=00, enable=0, error=0, total_writes=89
[20345000] Monitor: busy=1, cmd=00, enable=0, error=0, total_writes=89
[20355000] Monitor: busy=1, cmd=00, enable=0, error=0, total_writes=89
[20365000] Read data: 0xdeadbeef
  [OK] Read verification successful
Phase 9 write 48/158: pattern=0xcafebabe (TB_writes=87, DUT_cycles=89)
[20365000] Writing word: 0xcafebabe (TB count: 87, DUT cycles: 89)
[20365000] Monitor: busy=1, cmd=00, enable=0, error=0, total_writes=89
[20375000] Monitor: busy=0, cmd=10, enable=1, error=0, total_writes=89
[20395000] Monitor: busy=1, cmd=00, enable=0, error=0, total_writes=89
[20405000] Monitor: busy=1, cmd=00, enable=0, error=0, total_writes=89
[20415000] Monitor: busy=1, cmd=00, enable=0, error=0, total_writes=89
[20425000] Monitor: busy=1, cmd=00, enable=0, error=0, total_writes=89
[20435000] Monitor: busy=1, cmd=00, enable=0, error=0, total_writes=89
[20445000] Monitor: busy=1, cmd=00, enable=0, error=0, total_writes=89
[20455000] Monitor: busy=1, cmd=00, enable=0, error=0, total_writes=89
[20465000] Monitor: busy=1, cmd=00, enable=0, error=0, total_writes=89
[20475000] Monitor: busy=1, cmd=00, enable=0, error=0, total_writes=89
[20485000] Monitor: busy=1, cmd=00, enable=0, error=0, total_writes=89
[20495000] Monitor: busy=1, cmd=00, enable=0, error=0, total_writes=89
[20505000] Write completed successfully (TB count now: 88, DUT cycles: 90)
  Testing read after write...
[20505000] Reading word from array...
[20505000] Monitor: busy=1, cmd=00, enable=0, error=0, total_writes=90
[20515000] Monitor: busy=0, cmd=01, enable=1, error=0, total_writes=90
[20535000] Monitor: busy=1, cmd=00, enable=0, error=0, total_writes=90
[20545000] Monitor: busy=1, cmd=00, enable=0, error=0, total_writes=90
[20555000] Monitor: busy=1, cmd=00, enable=0, error=0, total_writes=90
[20565000] Monitor: busy=1, cmd=00, enable=0, error=0, total_writes=90
[20575000] Read data: 0xcafebabe
  [OK] Read verification successful
Phase 9 write 49/158: pattern=0xdeadbeef (TB_writes=88, DUT_cycles=90)
[20575000] Writing word: 0xdeadbeef (TB count: 88, DUT cycles: 90)
[20575000] Monitor: busy=1, cmd=00, enable=0, error=0, total_writes=90
[20585000] Monitor: busy=0, cmd=10, enable=1, error=0, total_writes=90
[20605000] Monitor: busy=1, cmd=00, enable=0, error=0, total_writes=90
[20615000] Monitor: busy=1, cmd=00, enable=0, error=0, total_writes=90
[20625000] Monitor: busy=1, cmd=00, enable=0, error=0, total_writes=90
[20635000] Monitor: busy=1, cmd=00, enable=0, error=0, total_writes=90
[20645000] Monitor: busy=1, cmd=00, enable=0, error=0, total_writes=90
[20655000] Monitor: busy=1, cmd=00, enable=0, error=0, total_writes=90
[20665000] Monitor: busy=1, cmd=00, enable=0, error=0, total_writes=90
[20675000] Monitor: busy=1, cmd=00, enable=0, error=0, total_writes=90
[20685000] Monitor: busy=1, cmd=00, enable=0, error=0, total_writes=90
[20695000] Monitor: busy=1, cmd=00, enable=0, error=0, total_writes=90
[20705000] Monitor: busy=1, cmd=00, enable=0, error=0, total_writes=90
[20715000] Write completed successfully (TB count now: 89, DUT cycles: 91)
  Testing read after write...
[20715000] Reading word from array...
[20715000] Monitor: busy=1, cmd=00, enable=0, error=0, total_writes=91
[20725000] Monitor: busy=0, cmd=01, enable=1, error=0, total_writes=91
[20745000] Monitor: busy=1, cmd=00, enable=0, error=0, total_writes=91
[20755000] Monitor: busy=1, cmd=00, enable=0, error=0, total_writes=91
[20765000] Monitor: busy=1, cmd=00, enable=0, error=0, total_writes=91
[20775000] Monitor: busy=1, cmd=00, enable=0, error=0, total_writes=91
[20785000] Read data: 0xdeadbeef
  [OK] Read verification successful
Phase 9 write 50/158: pattern=0xcafebabe (TB_writes=89, DUT_cycles=91)
[20785000] Writing word: 0xcafebabe (TB count: 89, DUT cycles: 91)
[20785000] Monitor: busy=1, cmd=00, enable=0, error=0, total_writes=91
[20795000] Monitor: busy=0, cmd=10, enable=1, error=0, total_writes=91
[20815000] Monitor: busy=1, cmd=00, enable=0, error=0, total_writes=91
[20825000] Monitor: busy=1, cmd=00, enable=0, error=0, total_writes=91
[20835000] Monitor: busy=1, cmd=00, enable=0, error=0, total_writes=91
[20845000] Monitor: busy=1, cmd=00, enable=0, error=0, total_writes=91
[20855000] Monitor: busy=1, cmd=00, enable=0, error=0, total_writes=91
[20865000] Monitor: busy=1, cmd=00, enable=0, error=0, total_writes=91
[20875000] Monitor: busy=1, cmd=00, enable=0, error=0, total_writes=91
[20885000] Monitor: busy=1, cmd=00, enable=0, error=0, total_writes=91
[20895000] Monitor: busy=1, cmd=00, enable=0, error=0, total_writes=91
[20905000] Monitor: busy=1, cmd=00, enable=0, error=0, total_writes=91
[20915000] Monitor: busy=1, cmd=00, enable=0, error=0, total_writes=91
[20925000] Write completed successfully (TB count now: 90, DUT cycles: 92)
  Testing read after write...
[20925000] Reading word from array...
[20925000] Monitor: busy=1, cmd=00, enable=0, error=0, total_writes=92
[20935000] Monitor: busy=0, cmd=01, enable=1, error=0, total_writes=92
[20955000] Monitor: busy=1, cmd=00, enable=0, error=0, total_writes=92
[20965000] Monitor: busy=1, cmd=00, enable=0, error=0, total_writes=92
[20975000] Monitor: busy=1, cmd=00, enable=0, error=0, total_writes=92
[20985000] Monitor: busy=1, cmd=00, enable=0, error=0, total_writes=92
[20995000] Read data: 0xcafebabe
  [OK] Read verification successful
Phase 9 write 51/158: pattern=0xdeadbeef (TB_writes=90, DUT_cycles=92)
[20995000] Writing word: 0xdeadbeef (TB count: 90, DUT cycles: 92)
[20995000] Monitor: busy=1, cmd=00, enable=0, error=0, total_writes=92
[21005000] Monitor: busy=0, cmd=10, enable=1, error=0, total_writes=92
[21025000] Monitor: busy=1, cmd=00, enable=0, error=0, total_writes=92
[21035000] Monitor: busy=1, cmd=00, enable=0, error=0, total_writes=92
[21045000] Monitor: busy=1, cmd=00, enable=0, error=0, total_writes=92
[21055000] Monitor: busy=1, cmd=00, enable=0, error=0, total_writes=92
[21065000] Monitor: busy=1, cmd=00, enable=0, error=0, total_writes=92
[21075000] Monitor: busy=1, cmd=00, enable=0, error=0, total_writes=92
[21085000] Monitor: busy=1, cmd=00, enable=0, error=0, total_writes=92
[21095000] Monitor: busy=1, cmd=00, enable=0, error=0, total_writes=92
[21105000] Monitor: busy=1, cmd=00, enable=0, error=0, total_writes=92
[21115000] Monitor: busy=1, cmd=00, enable=0, error=0, total_writes=92
[21125000] Monitor: busy=1, cmd=00, enable=0, error=0, total_writes=92
[21135000] Write completed successfully (TB count now: 91, DUT cycles: 93)
  Testing read after write...
[21135000] Reading word from array...
[21135000] Monitor: busy=1, cmd=00, enable=0, error=0, total_writes=93
[21145000] Monitor: busy=0, cmd=01, enable=1, error=0, total_writes=93
[21165000] Monitor: busy=1, cmd=00, enable=0, error=0, total_writes=93
[21175000] Monitor: busy=1, cmd=00, enable=0, error=0, total_writes=93
[21185000] Monitor: busy=1, cmd=00, enable=0, error=0, total_writes=93
[21195000] Monitor: busy=1, cmd=00, enable=0, error=0, total_writes=93
[21205000] Read data: 0xdeadbeef
  [OK] Read verification successful
Phase 9 write 52/158: pattern=0xcafebabe (TB_writes=91, DUT_cycles=93)
[21205000] Writing word: 0xcafebabe (TB count: 91, DUT cycles: 93)
[21205000] Monitor: busy=1, cmd=00, enable=0, error=0, total_writes=93
[21215000] Monitor: busy=0, cmd=10, enable=1, error=0, total_writes=93
[21235000] Monitor: busy=1, cmd=00, enable=0, error=0, total_writes=93
[21245000] Monitor: busy=1, cmd=00, enable=0, error=0, total_writes=93
[21255000] Monitor: busy=1, cmd=00, enable=0, error=0, total_writes=93
[21265000] Monitor: busy=1, cmd=00, enable=0, error=0, total_writes=93
[21275000] Monitor: busy=1, cmd=00, enable=0, error=0, total_writes=93
[21285000] Monitor: busy=1, cmd=00, enable=0, error=0, total_writes=93
[21295000] Monitor: busy=1, cmd=00, enable=0, error=0, total_writes=93
[21305000] Monitor: busy=1, cmd=00, enable=0, error=0, total_writes=93
[21315000] Monitor: busy=1, cmd=00, enable=0, error=0, total_writes=93
[21325000] Monitor: busy=1, cmd=00, enable=0, error=0, total_writes=93
[21335000] Monitor: busy=1, cmd=00, enable=0, error=0, total_writes=93
[21345000] Write completed successfully (TB count now: 92, DUT cycles: 94)
  Testing read after write...
[21345000] Reading word from array...
[21345000] Monitor: busy=1, cmd=00, enable=0, error=0, total_writes=94
[21355000] Monitor: busy=0, cmd=01, enable=1, error=0, total_writes=94
[21375000] Monitor: busy=1, cmd=00, enable=0, error=0, total_writes=94
[21385000] Monitor: busy=1, cmd=00, enable=0, error=0, total_writes=94
[21395000] Monitor: busy=1, cmd=00, enable=0, error=0, total_writes=94
[21405000] Monitor: busy=1, cmd=00, enable=0, error=0, total_writes=94
[21415000] Read data: 0xcafebabe
  [OK] Read verification successful
Phase 9 write 53/158: pattern=0xdeadbeef (TB_writes=92, DUT_cycles=94)
[21415000] Writing word: 0xdeadbeef (TB count: 92, DUT cycles: 94)
[21415000] Monitor: busy=1, cmd=00, enable=0, error=0, total_writes=94
[21425000] Monitor: busy=0, cmd=10, enable=1, error=0, total_writes=94
[21445000] Monitor: busy=1, cmd=00, enable=0, error=0, total_writes=94
[21455000] Monitor: busy=1, cmd=00, enable=0, error=0, total_writes=94
[21465000] Monitor: busy=1, cmd=00, enable=0, error=0, total_writes=94
[21475000] Monitor: busy=1, cmd=00, enable=0, error=0, total_writes=94
[21485000] Monitor: busy=1, cmd=00, enable=0, error=0, total_writes=94
[21495000] Monitor: busy=1, cmd=00, enable=0, error=0, total_writes=94
[21505000] Monitor: busy=1, cmd=00, enable=0, error=0, total_writes=94
[21515000] Monitor: busy=1, cmd=00, enable=0, error=0, total_writes=94
[21525000] Monitor: busy=1, cmd=00, enable=0, error=0, total_writes=94
[21535000] Monitor: busy=1, cmd=00, enable=0, error=0, total_writes=94
[21545000] Monitor: busy=1, cmd=00, enable=0, error=0, total_writes=94
[21555000] Write completed successfully (TB count now: 93, DUT cycles: 95)
  Testing read after write...
[21555000] Reading word from array...
[21555000] Monitor: busy=1, cmd=00, enable=0, error=0, total_writes=95
[21565000] Monitor: busy=0, cmd=01, enable=1, error=0, total_writes=95
[21585000] Monitor: busy=1, cmd=00, enable=0, error=0, total_writes=95
[21595000] Monitor: busy=1, cmd=00, enable=0, error=0, total_writes=95
[21605000] Monitor: busy=1, cmd=00, enable=0, error=0, total_writes=95
[21615000] Monitor: busy=1, cmd=00, enable=0, error=0, total_writes=95
[21625000] Read data: 0xdeadbeef
  [OK] Read verification successful
Phase 9 write 54/158: pattern=0xcafebabe (TB_writes=93, DUT_cycles=95)
[21625000] Writing word: 0xcafebabe (TB count: 93, DUT cycles: 95)
[21625000] Monitor: busy=1, cmd=00, enable=0, error=0, total_writes=95
[21635000] Monitor: busy=0, cmd=10, enable=1, error=0, total_writes=95
[21655000] Monitor: busy=1, cmd=00, enable=0, error=0, total_writes=95
[21665000] Monitor: busy=1, cmd=00, enable=0, error=0, total_writes=95
[21675000] Monitor: busy=1, cmd=00, enable=0, error=0, total_writes=95
[21685000] Monitor: busy=1, cmd=00, enable=0, error=0, total_writes=95
[21695000] Monitor: busy=1, cmd=00, enable=0, error=0, total_writes=95
[21705000] Monitor: busy=1, cmd=00, enable=0, error=0, total_writes=95
[21715000] Monitor: busy=1, cmd=00, enable=0, error=0, total_writes=95
[21725000] Monitor: busy=1, cmd=00, enable=0, error=0, total_writes=95
[21735000] Monitor: busy=1, cmd=00, enable=0, error=0, total_writes=95
[21745000] Monitor: busy=1, cmd=00, enable=0, error=0, total_writes=95
[21755000] Monitor: busy=1, cmd=00, enable=0, error=0, total_writes=95
[21765000] Write completed successfully (TB count now: 94, DUT cycles: 96)
  Testing read after write...
[21765000] Reading word from array...
[21765000] Monitor: busy=1, cmd=00, enable=0, error=0, total_writes=96
[21775000] Monitor: busy=0, cmd=01, enable=1, error=0, total_writes=96
[21795000] Monitor: busy=1, cmd=00, enable=0, error=0, total_writes=96
[21805000] Monitor: busy=1, cmd=00, enable=0, error=0, total_writes=96
[21815000] Monitor: busy=1, cmd=00, enable=0, error=0, total_writes=96
[21825000] Monitor: busy=1, cmd=00, enable=0, error=0, total_writes=96
[21835000] Read data: 0xcafebabe
  [OK] Read verification successful
Phase 9 write 55/158: pattern=0xdeadbeef (TB_writes=94, DUT_cycles=96)
[21835000] Writing word: 0xdeadbeef (TB count: 94, DUT cycles: 96)
[21835000] Monitor: busy=1, cmd=00, enable=0, error=0, total_writes=96
[21845000] Monitor: busy=0, cmd=10, enable=1, error=0, total_writes=96
[21865000] Monitor: busy=1, cmd=00, enable=0, error=0, total_writes=96
[21875000] Monitor: busy=1, cmd=00, enable=0, error=0, total_writes=96
[21885000] Monitor: busy=1, cmd=00, enable=0, error=0, total_writes=96
[21895000] Monitor: busy=1, cmd=00, enable=0, error=0, total_writes=96
[21905000] Monitor: busy=1, cmd=00, enable=0, error=0, total_writes=96
[21915000] Monitor: busy=1, cmd=00, enable=0, error=0, total_writes=96
[21925000] Monitor: busy=1, cmd=00, enable=0, error=0, total_writes=96
[21935000] Monitor: busy=1, cmd=00, enable=0, error=0, total_writes=96
[21945000] Monitor: busy=1, cmd=00, enable=0, error=0, total_writes=96
[21955000] Monitor: busy=1, cmd=00, enable=0, error=0, total_writes=96
[21965000] Monitor: busy=1, cmd=00, enable=0, error=0, total_writes=96
[21975000] Write completed successfully (TB count now: 95, DUT cycles: 97)
  Testing read after write...
[21975000] Reading word from array...
[21975000] Monitor: busy=1, cmd=00, enable=0, error=0, total_writes=97
[21985000] Monitor: busy=0, cmd=01, enable=1, error=0, total_writes=97
[22005000] Monitor: busy=1, cmd=00, enable=0, error=0, total_writes=97
[22015000] Monitor: busy=1, cmd=00, enable=0, error=0, total_writes=97
[22025000] Monitor: busy=1, cmd=00, enable=0, error=0, total_writes=97
[22035000] Monitor: busy=1, cmd=00, enable=0, error=0, total_writes=97
[22045000] Read data: 0xdeadbeef
  [OK] Read verification successful
Phase 9 write 56/158: pattern=0xcafebabe (TB_writes=95, DUT_cycles=97)
[22045000] Writing word: 0xcafebabe (TB count: 95, DUT cycles: 97)
[22045000] Monitor: busy=1, cmd=00, enable=0, error=0, total_writes=97
[22055000] Monitor: busy=0, cmd=10, enable=1, error=0, total_writes=97
[22075000] Monitor: busy=1, cmd=00, enable=0, error=0, total_writes=97
[22085000] Monitor: busy=1, cmd=00, enable=0, error=0, total_writes=97
[22095000] Monitor: busy=1, cmd=00, enable=0, error=0, total_writes=97
[22105000] Monitor: busy=1, cmd=00, enable=0, error=0, total_writes=97
[22115000] Monitor: busy=1, cmd=00, enable=0, error=0, total_writes=97
[22125000] Monitor: busy=1, cmd=00, enable=0, error=0, total_writes=97
[22135000] Monitor: busy=1, cmd=00, enable=0, error=0, total_writes=97
[22145000] Monitor: busy=1, cmd=00, enable=0, error=0, total_writes=97
[22155000] Monitor: busy=1, cmd=00, enable=0, error=0, total_writes=97
[22165000] Monitor: busy=1, cmd=00, enable=0, error=0, total_writes=97
[22175000] Monitor: busy=1, cmd=00, enable=0, error=0, total_writes=97
[22185000] Write completed successfully (TB count now: 96, DUT cycles: 98)
  Testing read after write...
[22185000] Reading word from array...
[22185000] Monitor: busy=1, cmd=00, enable=0, error=0, total_writes=98
[22195000] Monitor: busy=0, cmd=01, enable=1, error=0, total_writes=98
[22215000] Monitor: busy=1, cmd=00, enable=0, error=0, total_writes=98
[22225000] Monitor: busy=1, cmd=00, enable=0, error=0, total_writes=98
[22235000] Monitor: busy=1, cmd=00, enable=0, error=0, total_writes=98
[22245000] Monitor: busy=1, cmd=00, enable=0, error=0, total_writes=98
[22255000] Read data: 0xcafebabe
  [OK] Read verification successful
Phase 9 write 57/158: pattern=0xdeadbeef (TB_writes=96, DUT_cycles=98)
[22255000] Writing word: 0xdeadbeef (TB count: 96, DUT cycles: 98)
[22255000] Monitor: busy=1, cmd=00, enable=0, error=0, total_writes=98
[22265000] Monitor: busy=0, cmd=10, enable=1, error=0, total_writes=98
[22285000] Monitor: busy=1, cmd=00, enable=0, error=0, total_writes=98
[22295000] Monitor: busy=1, cmd=00, enable=0, error=0, total_writes=98
[22305000] Monitor: busy=1, cmd=00, enable=0, error=0, total_writes=98
[22315000] Monitor: busy=1, cmd=00, enable=0, error=0, total_writes=98
[22325000] Monitor: busy=1, cmd=00, enable=0, error=0, total_writes=98
[22335000] Monitor: busy=1, cmd=00, enable=0, error=0, total_writes=98
[22345000] Monitor: busy=1, cmd=00, enable=0, error=0, total_writes=98
[22355000] Monitor: busy=1, cmd=00, enable=0, error=0, total_writes=98
[22365000] Monitor: busy=1, cmd=00, enable=0, error=0, total_writes=98
[22375000] Monitor: busy=1, cmd=00, enable=0, error=0, total_writes=98
[22385000] Monitor: busy=1, cmd=00, enable=0, error=0, total_writes=98
[22395000] Write completed successfully (TB count now: 97, DUT cycles: 99)
  Testing read after write...
[22395000] Reading word from array...
[22395000] Monitor: busy=1, cmd=00, enable=0, error=0, total_writes=99
[22405000] Monitor: busy=0, cmd=01, enable=1, error=0, total_writes=99
[22425000] Monitor: busy=1, cmd=00, enable=0, error=0, total_writes=99
[22435000] Monitor: busy=1, cmd=00, enable=0, error=0, total_writes=99
[22445000] Monitor: busy=1, cmd=00, enable=0, error=0, total_writes=99
[22455000] Monitor: busy=1, cmd=00, enable=0, error=0, total_writes=99
[22465000] Read data: 0xdeadbeef
  [OK] Read verification successful
Phase 9 write 58/158: pattern=0xcafebabe (TB_writes=97, DUT_cycles=99)
[22465000] Writing word: 0xcafebabe (TB count: 97, DUT cycles: 99)
[22465000] Monitor: busy=1, cmd=00, enable=0, error=0, total_writes=99
[22475000] Monitor: busy=0, cmd=10, enable=1, error=0, total_writes=99
[22495000] Monitor: busy=1, cmd=00, enable=0, error=0, total_writes=99
[22505000] Monitor: busy=1, cmd=00, enable=0, error=0, total_writes=99
[22515000] Monitor: busy=1, cmd=00, enable=0, error=0, total_writes=99
[22525000] Monitor: busy=1, cmd=00, enable=0, error=0, total_writes=99
[22535000] Monitor: busy=1, cmd=00, enable=0, error=0, total_writes=99
[22545000] Monitor: busy=1, cmd=00, enable=0, error=0, total_writes=99
[22555000] Monitor: busy=1, cmd=00, enable=0, error=0, total_writes=99
[22565000] Monitor: busy=1, cmd=00, enable=0, error=0, total_writes=99
[22575000] Monitor: busy=1, cmd=00, enable=0, error=0, total_writes=99
[22585000] Monitor: busy=1, cmd=00, enable=0, error=0, total_writes=99
[22595000] Monitor: busy=1, cmd=00, enable=0, error=0, total_writes=99
[22605000] Write completed successfully (TB count now: 98, DUT cycles: 100)
  Testing read after write...
[22605000] Reading word from array...
[22605000] Monitor: busy=1, cmd=00, enable=0, error=0, total_writes=100
[22615000] Monitor: busy=0, cmd=01, enable=1, error=0, total_writes=100
[22635000] Monitor: busy=1, cmd=00, enable=0, error=0, total_writes=100
[22645000] Monitor: busy=1, cmd=00, enable=0, error=0, total_writes=100
[22655000] Monitor: busy=1, cmd=00, enable=0, error=0, total_writes=100
[22665000] Monitor: busy=1, cmd=00, enable=0, error=0, total_writes=100
[22675000] Read data: 0xcafebabe
  [OK] Read verification successful
Phase 9 write 59/158: pattern=0xdeadbeef (TB_writes=98, DUT_cycles=100)
[22675000] Writing word: 0xdeadbeef (TB count: 98, DUT cycles: 100)
[22675000] Monitor: busy=1, cmd=00, enable=0, error=0, total_writes=100
[22685000] Monitor: busy=0, cmd=10, enable=1, error=0, total_writes=100
[22705000] Monitor: busy=1, cmd=00, enable=0, error=0, total_writes=100
[22715000] Monitor: busy=1, cmd=00, enable=0, error=0, total_writes=100
[22725000] Monitor: busy=1, cmd=00, enable=0, error=0, total_writes=100
[22735000] Monitor: busy=1, cmd=00, enable=0, error=0, total_writes=100
[22745000] Monitor: busy=1, cmd=00, enable=0, error=0, total_writes=100
[22755000] Monitor: busy=1, cmd=00, enable=0, error=0, total_writes=100
[22765000] Monitor: busy=1, cmd=00, enable=0, error=0, total_writes=100
[22775000] Monitor: busy=1, cmd=00, enable=0, error=0, total_writes=100
[22785000] Monitor: busy=1, cmd=00, enable=0, error=0, total_writes=100
[22795000] Monitor: busy=1, cmd=00, enable=0, error=0, total_writes=100
[22805000] Monitor: busy=1, cmd=00, enable=0, error=0, total_writes=100
[22815000] Write completed successfully (TB count now: 99, DUT cycles: 101)
  Testing read after write...
[22815000] Reading word from array...
[22815000] Monitor: busy=1, cmd=00, enable=0, error=0, total_writes=101
[22825000] Monitor: busy=0, cmd=01, enable=1, error=0, total_writes=101
[22845000] Monitor: busy=1, cmd=00, enable=0, error=0, total_writes=101
[22855000] Monitor: busy=1, cmd=00, enable=0, error=0, total_writes=101
[22865000] Monitor: busy=1, cmd=00, enable=0, error=0, total_writes=101
[22875000] Monitor: busy=1, cmd=00, enable=0, error=0, total_writes=101
[22885000] Read data: 0xdeadbeef
  [OK] Read verification successful
Phase 9 write 60/158: pattern=0xcafebabe (TB_writes=99, DUT_cycles=101)
[22885000] Writing word: 0xcafebabe (TB count: 99, DUT cycles: 101)
[22885000] Monitor: busy=1, cmd=00, enable=0, error=0, total_writes=101
[22895000] Monitor: busy=0, cmd=10, enable=1, error=0, total_writes=101
[22915000] Monitor: busy=1, cmd=00, enable=0, error=0, total_writes=101
[22925000] Monitor: busy=1, cmd=00, enable=0, error=0, total_writes=101
[22935000] Monitor: busy=1, cmd=00, enable=0, error=0, total_writes=101
[22945000] Monitor: busy=1, cmd=00, enable=0, error=0, total_writes=101
[22955000] Monitor: busy=1, cmd=00, enable=0, error=0, total_writes=101
[22965000] Monitor: busy=1, cmd=00, enable=0, error=0, total_writes=101
[22975000] Monitor: busy=1, cmd=00, enable=0, error=0, total_writes=101
[22985000] Monitor: busy=1, cmd=00, enable=0, error=0, total_writes=101
[22995000] Monitor: busy=1, cmd=00, enable=0, error=0, total_writes=101
[23005000] Monitor: busy=1, cmd=00, enable=0, error=0, total_writes=101
[23015000] Monitor: busy=1, cmd=00, enable=0, error=0, total_writes=101
[23025000] Write completed successfully (TB count now: 100, DUT cycles: 102)
  Testing read after write...
[23025000] Reading word from array...
[23025000] Monitor: busy=1, cmd=00, enable=0, error=0, total_writes=102
[23035000] Monitor: busy=0, cmd=01, enable=1, error=0, total_writes=102
[23055000] Monitor: busy=1, cmd=00, enable=0, error=0, total_writes=102
[23065000] Monitor: busy=1, cmd=00, enable=0, error=0, total_writes=102
[23075000] Monitor: busy=1, cmd=00, enable=0, error=0, total_writes=102
[23085000] Monitor: busy=1, cmd=00, enable=0, error=0, total_writes=102
[23095000] Read data: 0xcafebabe
  [OK] Read verification successful
Phase 9 write 61/158: pattern=0xdeadbeef (TB_writes=100, DUT_cycles=102)
[23095000] Writing word: 0xdeadbeef (TB count: 100, DUT cycles: 102)
[23095000] Monitor: busy=1, cmd=00, enable=0, error=0, total_writes=102
[23105000] Monitor: busy=0, cmd=10, enable=1, error=0, total_writes=102
[23125000] Monitor: busy=1, cmd=00, enable=0, error=0, total_writes=102
[23135000] Monitor: busy=1, cmd=00, enable=0, error=0, total_writes=102
[23145000] Monitor: busy=1, cmd=00, enable=0, error=0, total_writes=102
[23155000] Monitor: busy=1, cmd=00, enable=0, error=0, total_writes=102
[23165000] Monitor: busy=1, cmd=00, enable=0, error=0, total_writes=102
[23175000] Monitor: busy=1, cmd=00, enable=0, error=0, total_writes=102
[23185000] Monitor: busy=1, cmd=00, enable=0, error=0, total_writes=102
[23195000] Monitor: busy=1, cmd=00, enable=0, error=0, total_writes=102
[23205000] Monitor: busy=1, cmd=00, enable=0, error=0, total_writes=102
[23215000] Monitor: busy=1, cmd=00, enable=0, error=0, total_writes=102
[23225000] Monitor: busy=1, cmd=00, enable=0, error=0, total_writes=102
[23235000] Write completed successfully (TB count now: 101, DUT cycles: 103)
  Testing read after write...
[23235000] Reading word from array...
[23235000] Monitor: busy=1, cmd=00, enable=0, error=0, total_writes=103
[23245000] Monitor: busy=0, cmd=01, enable=1, error=0, total_writes=103
[23265000] Monitor: busy=1, cmd=00, enable=0, error=0, total_writes=103
[23275000] Monitor: busy=1, cmd=00, enable=0, error=0, total_writes=103
[23285000] Monitor: busy=1, cmd=00, enable=0, error=0, total_writes=103
[23295000] Monitor: busy=1, cmd=00, enable=0, error=0, total_writes=103
[23305000] Read data: 0xdeadbeef
  [OK] Read verification successful
Phase 9 write 62/158: pattern=0xcafebabe (TB_writes=101, DUT_cycles=103)
[23305000] Writing word: 0xcafebabe (TB count: 101, DUT cycles: 103)
[23305000] Monitor: busy=1, cmd=00, enable=0, error=0, total_writes=103
[23315000] Monitor: busy=0, cmd=10, enable=1, error=0, total_writes=103
[23335000] Monitor: busy=1, cmd=00, enable=0, error=0, total_writes=103
[23345000] Monitor: busy=1, cmd=00, enable=0, error=0, total_writes=103
[23355000] Monitor: busy=1, cmd=00, enable=0, error=0, total_writes=103
[23365000] Monitor: busy=1, cmd=00, enable=0, error=0, total_writes=103
[23375000] Monitor: busy=1, cmd=00, enable=0, error=0, total_writes=103
[23385000] Monitor: busy=1, cmd=00, enable=0, error=0, total_writes=103
[23395000] Monitor: busy=1, cmd=00, enable=0, error=0, total_writes=103
[23405000] Monitor: busy=1, cmd=00, enable=0, error=0, total_writes=103
[23415000] Monitor: busy=1, cmd=00, enable=0, error=0, total_writes=103
[23425000] Monitor: busy=1, cmd=00, enable=0, error=0, total_writes=103
[23435000] Monitor: busy=1, cmd=00, enable=0, error=0, total_writes=103
[23445000] Write completed successfully (TB count now: 102, DUT cycles: 104)
  Testing read after write...
[23445000] Reading word from array...
[23445000] Monitor: busy=1, cmd=00, enable=0, error=0, total_writes=104
[23455000] Monitor: busy=0, cmd=01, enable=1, error=0, total_writes=104
[23475000] Monitor: busy=1, cmd=00, enable=0, error=0, total_writes=104
[23485000] Monitor: busy=1, cmd=00, enable=0, error=0, total_writes=104
[23495000] Monitor: busy=1, cmd=00, enable=0, error=0, total_writes=104
[23505000] Monitor: busy=1, cmd=00, enable=0, error=0, total_writes=104
[23515000] Read data: 0xcafebabe
  [OK] Read verification successful
Phase 9 write 63/158: pattern=0xdeadbeef (TB_writes=102, DUT_cycles=104)
[23515000] Writing word: 0xdeadbeef (TB count: 102, DUT cycles: 104)
[23515000] Monitor: busy=1, cmd=00, enable=0, error=0, total_writes=104
[23525000] Monitor: busy=0, cmd=10, enable=1, error=0, total_writes=104
[23545000] Monitor: busy=1, cmd=00, enable=0, error=0, total_writes=104
[23555000] Monitor: busy=1, cmd=00, enable=0, error=0, total_writes=104
[23565000] Monitor: busy=1, cmd=00, enable=0, error=0, total_writes=104
[23575000] Monitor: busy=1, cmd=00, enable=0, error=0, total_writes=104
[23585000] Monitor: busy=1, cmd=00, enable=0, error=0, total_writes=104
[23595000] Monitor: busy=1, cmd=00, enable=0, error=0, total_writes=104
[23605000] Monitor: busy=1, cmd=00, enable=0, error=0, total_writes=104
[23615000] Monitor: busy=1, cmd=00, enable=0, error=0, total_writes=104
[23625000] Monitor: busy=1, cmd=00, enable=0, error=0, total_writes=104
[23635000] Monitor: busy=1, cmd=00, enable=0, error=0, total_writes=104
[23645000] Monitor: busy=1, cmd=00, enable=0, error=0, total_writes=104
[23655000] Write completed successfully (TB count now: 103, DUT cycles: 105)
  Testing read after write...
[23655000] Reading word from array...
[23655000] Monitor: busy=1, cmd=00, enable=0, error=0, total_writes=105
[23665000] Monitor: busy=0, cmd=01, enable=1, error=0, total_writes=105
[23685000] Monitor: busy=1, cmd=00, enable=0, error=0, total_writes=105
[23695000] Monitor: busy=1, cmd=00, enable=0, error=0, total_writes=105
[23705000] Monitor: busy=1, cmd=00, enable=0, error=0, total_writes=105
[23715000] Monitor: busy=1, cmd=00, enable=0, error=0, total_writes=105
[23725000] Read data: 0xdeadbeef
  [OK] Read verification successful
Phase 9 write 64/158: pattern=0xcafebabe (TB_writes=103, DUT_cycles=105)
[23725000] Writing word: 0xcafebabe (TB count: 103, DUT cycles: 105)
[23725000] Monitor: busy=1, cmd=00, enable=0, error=0, total_writes=105
[23735000] Monitor: busy=0, cmd=10, enable=1, error=0, total_writes=105
[23755000] Monitor: busy=1, cmd=00, enable=0, error=0, total_writes=105
[23765000] Monitor: busy=1, cmd=00, enable=0, error=0, total_writes=105
[23775000] Monitor: busy=1, cmd=00, enable=0, error=0, total_writes=105
[23785000] Monitor: busy=1, cmd=00, enable=0, error=0, total_writes=105
[23795000] Monitor: busy=1, cmd=00, enable=0, error=0, total_writes=105
[23805000] Monitor: busy=1, cmd=00, enable=0, error=0, total_writes=105
[23815000] Monitor: busy=1, cmd=00, enable=0, error=0, total_writes=105
[23825000] Monitor: busy=1, cmd=00, enable=0, error=0, total_writes=105
[23835000] Monitor: busy=1, cmd=00, enable=0, error=0, total_writes=105
[23845000] Monitor: busy=1, cmd=00, enable=0, error=0, total_writes=105
[23855000] Monitor: busy=1, cmd=00, enable=0, error=0, total_writes=105
[23865000] Write completed successfully (TB count now: 104, DUT cycles: 106)
  Testing read after write...
[23865000] Reading word from array...
[23865000] Monitor: busy=1, cmd=00, enable=0, error=0, total_writes=106
[23875000] Monitor: busy=0, cmd=01, enable=1, error=0, total_writes=106
[23895000] Monitor: busy=1, cmd=00, enable=0, error=0, total_writes=106
[23905000] Monitor: busy=1, cmd=00, enable=0, error=0, total_writes=106
[23915000] Monitor: busy=1, cmd=00, enable=0, error=0, total_writes=106
[23925000] Monitor: busy=1, cmd=00, enable=0, error=0, total_writes=106
[23935000] Read data: 0xcafebabe
  [OK] Read verification successful
Phase 9 write 65/158: pattern=0xdeadbeef (TB_writes=104, DUT_cycles=106)
[23935000] Writing word: 0xdeadbeef (TB count: 104, DUT cycles: 106)
[23935000] Monitor: busy=1, cmd=00, enable=0, error=0, total_writes=106
[23945000] Monitor: busy=0, cmd=10, enable=1, error=0, total_writes=106
[23965000] Monitor: busy=1, cmd=00, enable=0, error=0, total_writes=106
[23975000] Monitor: busy=1, cmd=00, enable=0, error=0, total_writes=106
[23985000] Monitor: busy=1, cmd=00, enable=0, error=0, total_writes=106
[23995000] Monitor: busy=1, cmd=00, enable=0, error=0, total_writes=106
[24005000] Monitor: busy=1, cmd=00, enable=0, error=0, total_writes=106
[24015000] Monitor: busy=1, cmd=00, enable=0, error=0, total_writes=106
[24025000] Monitor: busy=1, cmd=00, enable=0, error=0, total_writes=106
[24035000] Monitor: busy=1, cmd=00, enable=0, error=0, total_writes=106
[24045000] Monitor: busy=1, cmd=00, enable=0, error=0, total_writes=106
[24055000] Monitor: busy=1, cmd=00, enable=0, error=0, total_writes=106
[24065000] Monitor: busy=1, cmd=00, enable=0, error=0, total_writes=106
[24075000] Write completed successfully (TB count now: 105, DUT cycles: 107)
  Testing read after write...
[24075000] Reading word from array...
[24075000] Monitor: busy=1, cmd=00, enable=0, error=0, total_writes=107
[24085000] Monitor: busy=0, cmd=01, enable=1, error=0, total_writes=107
[24105000] Monitor: busy=1, cmd=00, enable=0, error=0, total_writes=107
[24115000] Monitor: busy=1, cmd=00, enable=0, error=0, total_writes=107
[24125000] Monitor: busy=1, cmd=00, enable=0, error=0, total_writes=107
[24135000] Monitor: busy=1, cmd=00, enable=0, error=0, total_writes=107
[24145000] Read data: 0xdeadbeef
  [OK] Read verification successful
Phase 9 write 66/158: pattern=0xcafebabe (TB_writes=105, DUT_cycles=107)
[24145000] Writing word: 0xcafebabe (TB count: 105, DUT cycles: 107)
[24145000] Monitor: busy=1, cmd=00, enable=0, error=0, total_writes=107
[24155000] Monitor: busy=0, cmd=10, enable=1, error=0, total_writes=107
[24175000] Monitor: busy=1, cmd=00, enable=0, error=0, total_writes=107
[24185000] Monitor: busy=1, cmd=00, enable=0, error=0, total_writes=107
[24195000] Monitor: busy=1, cmd=00, enable=0, error=0, total_writes=107
[24205000] Monitor: busy=1, cmd=00, enable=0, error=0, total_writes=107
[24215000] Monitor: busy=1, cmd=00, enable=0, error=0, total_writes=107
[24225000] Monitor: busy=1, cmd=00, enable=0, error=0, total_writes=107
[24235000] Monitor: busy=1, cmd=00, enable=0, error=0, total_writes=107
[24245000] Monitor: busy=1, cmd=00, enable=0, error=0, total_writes=107
[24255000] Monitor: busy=1, cmd=00, enable=0, error=0, total_writes=107
[24265000] Monitor: busy=1, cmd=00, enable=0, error=0, total_writes=107
[24275000] Monitor: busy=1, cmd=00, enable=0, error=0, total_writes=107
[24285000] Write completed successfully (TB count now: 106, DUT cycles: 108)
  Testing read after write...
[24285000] Reading word from array...
[24285000] Monitor: busy=1, cmd=00, enable=0, error=0, total_writes=108
[24295000] Monitor: busy=0, cmd=01, enable=1, error=0, total_writes=108
[24315000] Monitor: busy=1, cmd=00, enable=0, error=0, total_writes=108
[24325000] Monitor: busy=1, cmd=00, enable=0, error=0, total_writes=108
[24335000] Monitor: busy=1, cmd=00, enable=0, error=0, total_writes=108
[24345000] Monitor: busy=1, cmd=00, enable=0, error=0, total_writes=108
[24355000] Read data: 0xcafebabe
  [OK] Read verification successful
Phase 9 write 67/158: pattern=0xdeadbeef (TB_writes=106, DUT_cycles=108)
[24355000] Writing word: 0xdeadbeef (TB count: 106, DUT cycles: 108)
[24355000] Monitor: busy=1, cmd=00, enable=0, error=0, total_writes=108
[24365000] Monitor: busy=0, cmd=10, enable=1, error=0, total_writes=108
[24385000] Monitor: busy=1, cmd=00, enable=0, error=0, total_writes=108
[24395000] Monitor: busy=1, cmd=00, enable=0, error=0, total_writes=108
[24405000] Monitor: busy=1, cmd=00, enable=0, error=0, total_writes=108
[24415000] Monitor: busy=1, cmd=00, enable=0, error=0, total_writes=108
[24425000] Monitor: busy=1, cmd=00, enable=0, error=0, total_writes=108
[24435000] Monitor: busy=1, cmd=00, enable=0, error=0, total_writes=108
[24445000] Monitor: busy=1, cmd=00, enable=0, error=0, total_writes=108
[24455000] Monitor: busy=1, cmd=00, enable=0, error=0, total_writes=108
[24465000] Monitor: busy=1, cmd=00, enable=0, error=0, total_writes=108
[24475000] Monitor: busy=1, cmd=00, enable=0, error=0, total_writes=108
[24485000] Monitor: busy=1, cmd=00, enable=0, error=0, total_writes=108
[24495000] Write completed successfully (TB count now: 107, DUT cycles: 109)
  Testing read after write...
[24495000] Reading word from array...
[24495000] Monitor: busy=1, cmd=00, enable=0, error=0, total_writes=109
[24505000] Monitor: busy=0, cmd=01, enable=1, error=0, total_writes=109
[24525000] Monitor: busy=1, cmd=00, enable=0, error=0, total_writes=109
[24535000] Monitor: busy=1, cmd=00, enable=0, error=0, total_writes=109
[24545000] Monitor: busy=1, cmd=00, enable=0, error=0, total_writes=109
[24555000] Monitor: busy=1, cmd=00, enable=0, error=0, total_writes=109
[24565000] Read data: 0xdeadbeef
  [OK] Read verification successful
Phase 9 write 68/158: pattern=0xcafebabe (TB_writes=107, DUT_cycles=109)
[24565000] Writing word: 0xcafebabe (TB count: 107, DUT cycles: 109)
[24565000] Monitor: busy=1, cmd=00, enable=0, error=0, total_writes=109
[24575000] Monitor: busy=0, cmd=10, enable=1, error=0, total_writes=109
[24595000] Monitor: busy=1, cmd=00, enable=0, error=0, total_writes=109
[24605000] Monitor: busy=1, cmd=00, enable=0, error=0, total_writes=109
[24615000] Monitor: busy=1, cmd=00, enable=0, error=0, total_writes=109
[24625000] Monitor: busy=1, cmd=00, enable=0, error=0, total_writes=109
[24635000] Monitor: busy=1, cmd=00, enable=0, error=0, total_writes=109
[24645000] Monitor: busy=1, cmd=00, enable=0, error=0, total_writes=109
[24655000] Monitor: busy=1, cmd=00, enable=0, error=0, total_writes=109
[24665000] Monitor: busy=1, cmd=00, enable=0, error=0, total_writes=109
[24675000] Monitor: busy=1, cmd=00, enable=0, error=0, total_writes=109
[24685000] Monitor: busy=1, cmd=00, enable=0, error=0, total_writes=109
[24695000] Monitor: busy=1, cmd=00, enable=0, error=0, total_writes=109
[24705000] Write completed successfully (TB count now: 108, DUT cycles: 110)
  Testing read after write...
[24705000] Reading word from array...
[24705000] Monitor: busy=1, cmd=00, enable=0, error=0, total_writes=110
[24715000] Monitor: busy=0, cmd=01, enable=1, error=0, total_writes=110
[24735000] Monitor: busy=1, cmd=00, enable=0, error=0, total_writes=110
[24745000] Monitor: busy=1, cmd=00, enable=0, error=0, total_writes=110
[24755000] Monitor: busy=1, cmd=00, enable=0, error=0, total_writes=110
[24765000] Monitor: busy=1, cmd=00, enable=0, error=0, total_writes=110
[24775000] Read data: 0xcafebabe
  [OK] Read verification successful
Phase 9 write 69/158: pattern=0xdeadbeef (TB_writes=108, DUT_cycles=110)
[24775000] Writing word: 0xdeadbeef (TB count: 108, DUT cycles: 110)
[24775000] Monitor: busy=1, cmd=00, enable=0, error=0, total_writes=110
[24785000] Monitor: busy=0, cmd=10, enable=1, error=0, total_writes=110
[24805000] Monitor: busy=1, cmd=00, enable=0, error=0, total_writes=110
[24815000] Monitor: busy=1, cmd=00, enable=0, error=0, total_writes=110
[24825000] Monitor: busy=1, cmd=00, enable=0, error=0, total_writes=110
[24835000] Monitor: busy=1, cmd=00, enable=0, error=0, total_writes=110
[24845000] Monitor: busy=1, cmd=00, enable=0, error=0, total_writes=110
[24855000] Monitor: busy=1, cmd=00, enable=0, error=0, total_writes=110
[24865000] Monitor: busy=1, cmd=00, enable=0, error=0, total_writes=110
[24875000] Monitor: busy=1, cmd=00, enable=0, error=0, total_writes=110
[24885000] Monitor: busy=1, cmd=00, enable=0, error=0, total_writes=110
[24895000] Monitor: busy=1, cmd=00, enable=0, error=0, total_writes=110
[24905000] Monitor: busy=1, cmd=00, enable=0, error=0, total_writes=110
[24915000] Write completed successfully (TB count now: 109, DUT cycles: 111)
  Testing read after write...
[24915000] Reading word from array...
[24915000] Monitor: busy=1, cmd=00, enable=0, error=0, total_writes=111
[24925000] Monitor: busy=0, cmd=01, enable=1, error=0, total_writes=111
[24945000] Monitor: busy=1, cmd=00, enable=0, error=0, total_writes=111
[24955000] Monitor: busy=1, cmd=00, enable=0, error=0, total_writes=111
[24965000] Monitor: busy=1, cmd=00, enable=0, error=0, total_writes=111
[24975000] Monitor: busy=1, cmd=00, enable=0, error=0, total_writes=111
[24985000] Read data: 0xdeadbeef
  [OK] Read verification successful
Phase 9 write 70/158: pattern=0xcafebabe (TB_writes=109, DUT_cycles=111)
[24985000] Writing word: 0xcafebabe (TB count: 109, DUT cycles: 111)
[24985000] Monitor: busy=1, cmd=00, enable=0, error=0, total_writes=111
[24995000] Monitor: busy=0, cmd=10, enable=1, error=0, total_writes=111
[25015000] Monitor: busy=1, cmd=00, enable=0, error=0, total_writes=111
[25025000] Monitor: busy=1, cmd=00, enable=0, error=0, total_writes=111
[25035000] Monitor: busy=1, cmd=00, enable=0, error=0, total_writes=111
[25045000] Monitor: busy=1, cmd=00, enable=0, error=0, total_writes=111
[25055000] Monitor: busy=1, cmd=00, enable=0, error=0, total_writes=111
[25065000] Monitor: busy=1, cmd=00, enable=0, error=0, total_writes=111
[25075000] Monitor: busy=1, cmd=00, enable=0, error=0, total_writes=111
[25085000] Monitor: busy=1, cmd=00, enable=0, error=0, total_writes=111
[25095000] Monitor: busy=1, cmd=00, enable=0, error=0, total_writes=111
[25105000] Monitor: busy=1, cmd=00, enable=0, error=0, total_writes=111
[25115000] Monitor: busy=1, cmd=00, enable=0, error=0, total_writes=111
[25125000] Write completed successfully (TB count now: 110, DUT cycles: 112)
  Testing read after write...
[25125000] Reading word from array...
[25125000] Monitor: busy=1, cmd=00, enable=0, error=0, total_writes=112
[25135000] Monitor: busy=0, cmd=01, enable=1, error=0, total_writes=112
[25155000] Monitor: busy=1, cmd=00, enable=0, error=0, total_writes=112
[25165000] Monitor: busy=1, cmd=00, enable=0, error=0, total_writes=112
[25175000] Monitor: busy=1, cmd=00, enable=0, error=0, total_writes=112
[25185000] Monitor: busy=1, cmd=00, enable=0, error=0, total_writes=112
[25195000] Read data: 0xcafebabe
  [OK] Read verification successful
Phase 9 write 71/158: pattern=0xdeadbeef (TB_writes=110, DUT_cycles=112)
[25195000] Writing word: 0xdeadbeef (TB count: 110, DUT cycles: 112)
[25195000] Monitor: busy=1, cmd=00, enable=0, error=0, total_writes=112
[25205000] Monitor: busy=0, cmd=10, enable=1, error=0, total_writes=112
[25225000] Monitor: busy=1, cmd=00, enable=0, error=0, total_writes=112
[25235000] Monitor: busy=1, cmd=00, enable=0, error=0, total_writes=112
[25245000] Monitor: busy=1, cmd=00, enable=0, error=0, total_writes=112
[25255000] Monitor: busy=1, cmd=00, enable=0, error=0, total_writes=112
[25265000] Monitor: busy=1, cmd=00, enable=0, error=0, total_writes=112
[25275000] Monitor: busy=1, cmd=00, enable=0, error=0, total_writes=112
[25285000] Monitor: busy=1, cmd=00, enable=0, error=0, total_writes=112
[25295000] Monitor: busy=1, cmd=00, enable=0, error=0, total_writes=112
[25305000] Monitor: busy=1, cmd=00, enable=0, error=0, total_writes=112
[25315000] Monitor: busy=1, cmd=00, enable=0, error=0, total_writes=112
[25325000] Monitor: busy=1, cmd=00, enable=0, error=0, total_writes=112
[25335000] Write completed successfully (TB count now: 111, DUT cycles: 113)
  Testing read after write...
[25335000] Reading word from array...
[25335000] Monitor: busy=1, cmd=00, enable=0, error=0, total_writes=113
[25345000] Monitor: busy=0, cmd=01, enable=1, error=0, total_writes=113
[25365000] Monitor: busy=1, cmd=00, enable=0, error=0, total_writes=113
[25375000] Monitor: busy=1, cmd=00, enable=0, error=0, total_writes=113
[25385000] Monitor: busy=1, cmd=00, enable=0, error=0, total_writes=113
[25395000] Monitor: busy=1, cmd=00, enable=0, error=0, total_writes=113
[25405000] Read data: 0xdeadbeef
  [OK] Read verification successful
Phase 9 write 72/158: pattern=0xcafebabe (TB_writes=111, DUT_cycles=113)
[25405000] Writing word: 0xcafebabe (TB count: 111, DUT cycles: 113)
[25405000] Monitor: busy=1, cmd=00, enable=0, error=0, total_writes=113
[25415000] Monitor: busy=0, cmd=10, enable=1, error=0, total_writes=113
[25435000] Monitor: busy=1, cmd=00, enable=0, error=0, total_writes=113
[25445000] Monitor: busy=1, cmd=00, enable=0, error=0, total_writes=113
[25455000] Monitor: busy=1, cmd=00, enable=0, error=0, total_writes=113
[25465000] Monitor: busy=1, cmd=00, enable=0, error=0, total_writes=113
[25475000] Monitor: busy=1, cmd=00, enable=0, error=0, total_writes=113
[25485000] Monitor: busy=1, cmd=00, enable=0, error=0, total_writes=113
[25495000] Monitor: busy=1, cmd=00, enable=0, error=0, total_writes=113
[25505000] Monitor: busy=1, cmd=00, enable=0, error=0, total_writes=113
[25515000] Monitor: busy=1, cmd=00, enable=0, error=0, total_writes=113
[25525000] Monitor: busy=1, cmd=00, enable=0, error=0, total_writes=113
[25535000] Monitor: busy=1, cmd=00, enable=0, error=0, total_writes=113
[25545000] Write completed successfully (TB count now: 112, DUT cycles: 114)
  Testing read after write...
[25545000] Reading word from array...
[25545000] Monitor: busy=1, cmd=00, enable=0, error=0, total_writes=114
[25555000] Monitor: busy=0, cmd=01, enable=1, error=0, total_writes=114
[25575000] Monitor: busy=1, cmd=00, enable=0, error=0, total_writes=114
[25585000] Monitor: busy=1, cmd=00, enable=0, error=0, total_writes=114
[25595000] Monitor: busy=1, cmd=00, enable=0, error=0, total_writes=114
[25605000] Monitor: busy=1, cmd=00, enable=0, error=0, total_writes=114
[25615000] Read data: 0xcafebabe
  [OK] Read verification successful
Phase 9 write 73/158: pattern=0xdeadbeef (TB_writes=112, DUT_cycles=114)
[25615000] Writing word: 0xdeadbeef (TB count: 112, DUT cycles: 114)
[25615000] Monitor: busy=1, cmd=00, enable=0, error=0, total_writes=114
[25625000] Monitor: busy=0, cmd=10, enable=1, error=0, total_writes=114
[25645000] Monitor: busy=1, cmd=00, enable=0, error=0, total_writes=114
[25655000] Monitor: busy=1, cmd=00, enable=0, error=0, total_writes=114
[25665000] Monitor: busy=1, cmd=00, enable=0, error=0, total_writes=114
[25675000] Monitor: busy=1, cmd=00, enable=0, error=0, total_writes=114
[25685000] Monitor: busy=1, cmd=00, enable=0, error=0, total_writes=114
[25695000] Monitor: busy=1, cmd=00, enable=0, error=0, total_writes=114
[25705000] Monitor: busy=1, cmd=00, enable=0, error=0, total_writes=114
[25715000] Monitor: busy=1, cmd=00, enable=0, error=0, total_writes=114
[25725000] Monitor: busy=1, cmd=00, enable=0, error=0, total_writes=114
[25735000] Monitor: busy=1, cmd=00, enable=0, error=0, total_writes=114
[25745000] Monitor: busy=1, cmd=00, enable=0, error=0, total_writes=114
[25755000] Write completed successfully (TB count now: 113, DUT cycles: 115)
  Testing read after write...
[25755000] Reading word from array...
[25755000] Monitor: busy=1, cmd=00, enable=0, error=0, total_writes=115
[25765000] Monitor: busy=0, cmd=01, enable=1, error=0, total_writes=115
[25785000] Monitor: busy=1, cmd=00, enable=0, error=0, total_writes=115
[25795000] Monitor: busy=1, cmd=00, enable=0, error=0, total_writes=115
[25805000] Monitor: busy=1, cmd=00, enable=0, error=0, total_writes=115
[25815000] Monitor: busy=1, cmd=00, enable=0, error=0, total_writes=115
[25825000] Read data: 0xdeadbeef
  [OK] Read verification successful
Phase 9 write 74/158: pattern=0xcafebabe (TB_writes=113, DUT_cycles=115)
[25825000] Writing word: 0xcafebabe (TB count: 113, DUT cycles: 115)
[25825000] Monitor: busy=1, cmd=00, enable=0, error=0, total_writes=115
[25835000] Monitor: busy=0, cmd=10, enable=1, error=0, total_writes=115
[25855000] Monitor: busy=1, cmd=00, enable=0, error=0, total_writes=115
[25865000] Monitor: busy=1, cmd=00, enable=0, error=0, total_writes=115
[25875000] Monitor: busy=1, cmd=00, enable=0, error=0, total_writes=115
[25885000] Monitor: busy=1, cmd=00, enable=0, error=0, total_writes=115
[25895000] Monitor: busy=1, cmd=00, enable=0, error=0, total_writes=115
[25905000] Monitor: busy=1, cmd=00, enable=0, error=0, total_writes=115
[25915000] Monitor: busy=1, cmd=00, enable=0, error=0, total_writes=115
[25925000] Monitor: busy=1, cmd=00, enable=0, error=0, total_writes=115
[25935000] Monitor: busy=1, cmd=00, enable=0, error=0, total_writes=115
[25945000] Monitor: busy=1, cmd=00, enable=0, error=0, total_writes=115
[25955000] Monitor: busy=1, cmd=00, enable=0, error=0, total_writes=115
[25965000] Write completed successfully (TB count now: 114, DUT cycles: 116)
  Testing read after write...
[25965000] Reading word from array...
[25965000] Monitor: busy=1, cmd=00, enable=0, error=0, total_writes=116
[25975000] Monitor: busy=0, cmd=01, enable=1, error=0, total_writes=116
[25995000] Monitor: busy=1, cmd=00, enable=0, error=0, total_writes=116
[26005000] Monitor: busy=1, cmd=00, enable=0, error=0, total_writes=116
[26015000] Monitor: busy=1, cmd=00, enable=0, error=0, total_writes=116
[26025000] Monitor: busy=1, cmd=00, enable=0, error=0, total_writes=116
[26035000] Read data: 0xcafebabe
  [OK] Read verification successful
Phase 9 write 75/158: pattern=0xdeadbeef (TB_writes=114, DUT_cycles=116)
[26035000] Writing word: 0xdeadbeef (TB count: 114, DUT cycles: 116)
[26035000] Monitor: busy=1, cmd=00, enable=0, error=0, total_writes=116
[26045000] Monitor: busy=0, cmd=10, enable=1, error=0, total_writes=116
[26065000] Monitor: busy=1, cmd=00, enable=0, error=0, total_writes=116
[26075000] Monitor: busy=1, cmd=00, enable=0, error=0, total_writes=116
[26085000] Monitor: busy=1, cmd=00, enable=0, error=0, total_writes=116
[26095000] Monitor: busy=1, cmd=00, enable=0, error=0, total_writes=116
[26105000] Monitor: busy=1, cmd=00, enable=0, error=0, total_writes=116
[26115000] Monitor: busy=1, cmd=00, enable=0, error=0, total_writes=116
[26125000] Monitor: busy=1, cmd=00, enable=0, error=0, total_writes=116
[26135000] Monitor: busy=1, cmd=00, enable=0, error=0, total_writes=116
[26145000] Monitor: busy=1, cmd=00, enable=0, error=0, total_writes=116
[26155000] Monitor: busy=1, cmd=00, enable=0, error=0, total_writes=116
[26165000] Monitor: busy=1, cmd=00, enable=0, error=0, total_writes=116
[26175000] Write completed successfully (TB count now: 115, DUT cycles: 117)
  Testing read after write...
[26175000] Reading word from array...
[26175000] Monitor: busy=1, cmd=00, enable=0, error=0, total_writes=117
[26185000] Monitor: busy=0, cmd=01, enable=1, error=0, total_writes=117
[26205000] Monitor: busy=1, cmd=00, enable=0, error=0, total_writes=117
[26215000] Monitor: busy=1, cmd=00, enable=0, error=0, total_writes=117
[26225000] Monitor: busy=1, cmd=00, enable=0, error=0, total_writes=117
[26235000] Monitor: busy=1, cmd=00, enable=0, error=0, total_writes=117
[26245000] Read data: 0xdeadbeef
  [OK] Read verification successful
Phase 9 write 76/158: pattern=0xcafebabe (TB_writes=115, DUT_cycles=117)
[26245000] Writing word: 0xcafebabe (TB count: 115, DUT cycles: 117)
[26245000] Monitor: busy=1, cmd=00, enable=0, error=0, total_writes=117
[26255000] Monitor: busy=0, cmd=10, enable=1, error=0, total_writes=117
[26275000] Monitor: busy=1, cmd=00, enable=0, error=0, total_writes=117
[26285000] Monitor: busy=1, cmd=00, enable=0, error=0, total_writes=117
[26295000] Monitor: busy=1, cmd=00, enable=0, error=0, total_writes=117
[26305000] Monitor: busy=1, cmd=00, enable=0, error=0, total_writes=117
[26315000] Monitor: busy=1, cmd=00, enable=0, error=0, total_writes=117
[26325000] Monitor: busy=1, cmd=00, enable=0, error=0, total_writes=117
[26335000] Monitor: busy=1, cmd=00, enable=0, error=0, total_writes=117
[26345000] Monitor: busy=1, cmd=00, enable=0, error=0, total_writes=117
[26355000] Monitor: busy=1, cmd=00, enable=0, error=0, total_writes=117
[26365000] Monitor: busy=1, cmd=00, enable=0, error=0, total_writes=117
[26375000] Monitor: busy=1, cmd=00, enable=0, error=0, total_writes=117
[26385000] Write completed successfully (TB count now: 116, DUT cycles: 118)
  Testing read after write...
[26385000] Reading word from array...
[26385000] Monitor: busy=1, cmd=00, enable=0, error=0, total_writes=118
[26395000] Monitor: busy=0, cmd=01, enable=1, error=0, total_writes=118
[26415000] Monitor: busy=1, cmd=00, enable=0, error=0, total_writes=118
[26425000] Monitor: busy=1, cmd=00, enable=0, error=0, total_writes=118
[26435000] Monitor: busy=1, cmd=00, enable=0, error=0, total_writes=118
[26445000] Monitor: busy=1, cmd=00, enable=0, error=0, total_writes=118
[26455000] Read data: 0xcafebabe
  [OK] Read verification successful
Phase 9 write 77/158: pattern=0xdeadbeef (TB_writes=116, DUT_cycles=118)
[26455000] Writing word: 0xdeadbeef (TB count: 116, DUT cycles: 118)
[26455000] Monitor: busy=1, cmd=00, enable=0, error=0, total_writes=118
[26465000] Monitor: busy=0, cmd=10, enable=1, error=0, total_writes=118
[26485000] Monitor: busy=1, cmd=00, enable=0, error=0, total_writes=118
[26495000] Monitor: busy=1, cmd=00, enable=0, error=0, total_writes=118
[26505000] Monitor: busy=1, cmd=00, enable=0, error=0, total_writes=118
[26515000] Monitor: busy=1, cmd=00, enable=0, error=0, total_writes=118
[26525000] Monitor: busy=1, cmd=00, enable=0, error=0, total_writes=118
[26535000] Monitor: busy=1, cmd=00, enable=0, error=0, total_writes=118
[26545000] Monitor: busy=1, cmd=00, enable=0, error=0, total_writes=118
[26555000] Monitor: busy=1, cmd=00, enable=0, error=0, total_writes=118
[26565000] Monitor: busy=1, cmd=00, enable=0, error=0, total_writes=118
[26575000] Monitor: busy=1, cmd=00, enable=0, error=0, total_writes=118
[26585000] Monitor: busy=1, cmd=00, enable=0, error=0, total_writes=118
[26595000] Write completed successfully (TB count now: 117, DUT cycles: 119)
  Testing read after write...
[26595000] Reading word from array...
[26595000] Monitor: busy=1, cmd=00, enable=0, error=0, total_writes=119
[26605000] Monitor: busy=0, cmd=01, enable=1, error=0, total_writes=119
[26625000] Monitor: busy=1, cmd=00, enable=0, error=0, total_writes=119
[26635000] Monitor: busy=1, cmd=00, enable=0, error=0, total_writes=119
[26645000] Monitor: busy=1, cmd=00, enable=0, error=0, total_writes=119
[26655000] Monitor: busy=1, cmd=00, enable=0, error=0, total_writes=119
[26665000] Read data: 0xdeadbeef
  [OK] Read verification successful
Phase 9 write 78/158: pattern=0xcafebabe (TB_writes=117, DUT_cycles=119)
[26665000] Writing word: 0xcafebabe (TB count: 117, DUT cycles: 119)
[26665000] Monitor: busy=1, cmd=00, enable=0, error=0, total_writes=119
[26675000] Monitor: busy=0, cmd=10, enable=1, error=0, total_writes=119
[26695000] Monitor: busy=1, cmd=00, enable=0, error=0, total_writes=119
[26705000] Monitor: busy=1, cmd=00, enable=0, error=0, total_writes=119
[26715000] Monitor: busy=1, cmd=00, enable=0, error=0, total_writes=119
[26725000] Monitor: busy=1, cmd=00, enable=0, error=0, total_writes=119
[26735000] Monitor: busy=1, cmd=00, enable=0, error=0, total_writes=119
[26745000] Monitor: busy=1, cmd=00, enable=0, error=0, total_writes=119
[26755000] Monitor: busy=1, cmd=00, enable=0, error=0, total_writes=119
[26765000] Monitor: busy=1, cmd=00, enable=0, error=0, total_writes=119
[26775000] Monitor: busy=1, cmd=00, enable=0, error=0, total_writes=119
[26785000] Monitor: busy=1, cmd=00, enable=0, error=0, total_writes=119
[26795000] Monitor: busy=1, cmd=00, enable=0, error=0, total_writes=119
[26805000] Write completed successfully (TB count now: 118, DUT cycles: 120)
  Testing read after write...
[26805000] Reading word from array...
[26805000] Monitor: busy=1, cmd=00, enable=0, error=0, total_writes=120
[26815000] Monitor: busy=0, cmd=01, enable=1, error=0, total_writes=120
[26835000] Monitor: busy=1, cmd=00, enable=0, error=0, total_writes=120
[26845000] Monitor: busy=1, cmd=00, enable=0, error=0, total_writes=120
[26855000] Monitor: busy=1, cmd=00, enable=0, error=0, total_writes=120
[26865000] Monitor: busy=1, cmd=00, enable=0, error=0, total_writes=120
[26875000] Read data: 0xcafebabe
  [OK] Read verification successful
Phase 9 write 79/158: pattern=0xdeadbeef (TB_writes=118, DUT_cycles=120)
[26875000] Writing word: 0xdeadbeef (TB count: 118, DUT cycles: 120)
[26875000] Monitor: busy=1, cmd=00, enable=0, error=0, total_writes=120
[26885000] Monitor: busy=0, cmd=10, enable=1, error=0, total_writes=120
[26905000] Monitor: busy=1, cmd=00, enable=0, error=0, total_writes=120
[26915000] Monitor: busy=1, cmd=00, enable=0, error=0, total_writes=120
[26925000] Monitor: busy=1, cmd=00, enable=0, error=0, total_writes=120
[26935000] Monitor: busy=1, cmd=00, enable=0, error=0, total_writes=120
[26945000] Monitor: busy=1, cmd=00, enable=0, error=0, total_writes=120
[26955000] Monitor: busy=1, cmd=00, enable=0, error=0, total_writes=120
[26965000] Monitor: busy=1, cmd=00, enable=0, error=0, total_writes=120
[26975000] Monitor: busy=1, cmd=00, enable=0, error=0, total_writes=120
[26985000] Monitor: busy=1, cmd=00, enable=0, error=0, total_writes=120
[26995000] Monitor: busy=1, cmd=00, enable=0, error=0, total_writes=120
[27005000] Monitor: busy=1, cmd=00, enable=0, error=0, total_writes=120
[27015000] Write completed successfully (TB count now: 119, DUT cycles: 121)
  Testing read after write...
[27015000] Reading word from array...
[27015000] Monitor: busy=1, cmd=00, enable=0, error=0, total_writes=121
[27025000] Monitor: busy=0, cmd=01, enable=1, error=0, total_writes=121
[27045000] Monitor: busy=1, cmd=00, enable=0, error=0, total_writes=121
[27055000] Monitor: busy=1, cmd=00, enable=0, error=0, total_writes=121
[27065000] Monitor: busy=1, cmd=00, enable=0, error=0, total_writes=121
[27075000] Monitor: busy=1, cmd=00, enable=0, error=0, total_writes=121
[27085000] Read data: 0xdeadbeef
  [OK] Read verification successful
Phase 9 write 80/158: pattern=0xcafebabe (TB_writes=119, DUT_cycles=121)
[27085000] Writing word: 0xcafebabe (TB count: 119, DUT cycles: 121)
[27085000] Monitor: busy=1, cmd=00, enable=0, error=0, total_writes=121
[27095000] Monitor: busy=0, cmd=10, enable=1, error=0, total_writes=121
[27115000] Monitor: busy=1, cmd=00, enable=0, error=0, total_writes=121
[27125000] Monitor: busy=1, cmd=00, enable=0, error=0, total_writes=121
[27135000] Monitor: busy=1, cmd=00, enable=0, error=0, total_writes=121
[27145000] Monitor: busy=1, cmd=00, enable=0, error=0, total_writes=121
[27155000] Monitor: busy=1, cmd=00, enable=0, error=0, total_writes=121
[27165000] Monitor: busy=1, cmd=00, enable=0, error=0, total_writes=121
[27175000] Monitor: busy=1, cmd=00, enable=0, error=0, total_writes=121
[27185000] Monitor: busy=1, cmd=00, enable=0, error=0, total_writes=121
[27195000] Monitor: busy=1, cmd=00, enable=0, error=0, total_writes=121
[27205000] Monitor: busy=1, cmd=00, enable=0, error=0, total_writes=121
[27215000] Monitor: busy=1, cmd=00, enable=0, error=0, total_writes=121
[27225000] Write completed successfully (TB count now: 120, DUT cycles: 122)
  Testing read after write...
[27225000] Reading word from array...
[27225000] Monitor: busy=1, cmd=00, enable=0, error=0, total_writes=122
[27235000] Monitor: busy=0, cmd=01, enable=1, error=0, total_writes=122
[27255000] Monitor: busy=1, cmd=00, enable=0, error=0, total_writes=122
[27265000] Monitor: busy=1, cmd=00, enable=0, error=0, total_writes=122
[27275000] Monitor: busy=1, cmd=00, enable=0, error=0, total_writes=122
[27285000] Monitor: busy=1, cmd=00, enable=0, error=0, total_writes=122
[27295000] Read data: 0xcafebabe
  [OK] Read verification successful
Phase 9 write 81/158: pattern=0xdeadbeef (TB_writes=120, DUT_cycles=122)
[27295000] Writing word: 0xdeadbeef (TB count: 120, DUT cycles: 122)
[27295000] Monitor: busy=1, cmd=00, enable=0, error=0, total_writes=122
[27305000] Monitor: busy=0, cmd=10, enable=1, error=0, total_writes=122
[27325000] Monitor: busy=1, cmd=00, enable=0, error=0, total_writes=122
[27335000] Monitor: busy=1, cmd=00, enable=0, error=0, total_writes=122
[27345000] Monitor: busy=1, cmd=00, enable=0, error=0, total_writes=122
[27355000] Monitor: busy=1, cmd=00, enable=0, error=0, total_writes=122
[27365000] Monitor: busy=1, cmd=00, enable=0, error=0, total_writes=122
[27375000] Monitor: busy=1, cmd=00, enable=0, error=0, total_writes=122
[27385000] Monitor: busy=1, cmd=00, enable=0, error=0, total_writes=122
[27395000] Monitor: busy=1, cmd=00, enable=0, error=0, total_writes=122
[27405000] Monitor: busy=1, cmd=00, enable=0, error=0, total_writes=122
[27415000] Monitor: busy=1, cmd=00, enable=0, error=0, total_writes=122
[27425000] Monitor: busy=1, cmd=00, enable=0, error=0, total_writes=122
[27435000] Write completed successfully (TB count now: 121, DUT cycles: 123)
  Testing read after write...
[27435000] Reading word from array...
[27435000] Monitor: busy=1, cmd=00, enable=0, error=0, total_writes=123
[27445000] Monitor: busy=0, cmd=01, enable=1, error=0, total_writes=123
[27465000] Monitor: busy=1, cmd=00, enable=0, error=0, total_writes=123
[27475000] Monitor: busy=1, cmd=00, enable=0, error=0, total_writes=123
[27485000] Monitor: busy=1, cmd=00, enable=0, error=0, total_writes=123
[27495000] Monitor: busy=1, cmd=00, enable=0, error=0, total_writes=123
[27505000] Read data: 0xdeadbeef
  [OK] Read verification successful
Phase 9 write 82/158: pattern=0xcafebabe (TB_writes=121, DUT_cycles=123)
[27505000] Writing word: 0xcafebabe (TB count: 121, DUT cycles: 123)
[27505000] Monitor: busy=1, cmd=00, enable=0, error=0, total_writes=123
[27515000] Monitor: busy=0, cmd=10, enable=1, error=0, total_writes=123
[27535000] Monitor: busy=1, cmd=00, enable=0, error=0, total_writes=123
[27545000] Monitor: busy=1, cmd=00, enable=0, error=0, total_writes=123
[27555000] Monitor: busy=1, cmd=00, enable=0, error=0, total_writes=123
[27565000] Monitor: busy=1, cmd=00, enable=0, error=0, total_writes=123
[27575000] Monitor: busy=1, cmd=00, enable=0, error=0, total_writes=123
[27585000] Monitor: busy=1, cmd=00, enable=0, error=0, total_writes=123
[27595000] Monitor: busy=1, cmd=00, enable=0, error=0, total_writes=123
[27605000] Monitor: busy=1, cmd=00, enable=0, error=0, total_writes=123
[27615000] Monitor: busy=1, cmd=00, enable=0, error=0, total_writes=123
[27625000] Monitor: busy=1, cmd=00, enable=0, error=0, total_writes=123
[27635000] Monitor: busy=1, cmd=00, enable=0, error=0, total_writes=123
[27645000] Write completed successfully (TB count now: 122, DUT cycles: 124)
  Testing read after write...
[27645000] Reading word from array...
[27645000] Monitor: busy=1, cmd=00, enable=0, error=0, total_writes=124
[27655000] Monitor: busy=0, cmd=01, enable=1, error=0, total_writes=124
[27675000] Monitor: busy=1, cmd=00, enable=0, error=0, total_writes=124
[27685000] Monitor: busy=1, cmd=00, enable=0, error=0, total_writes=124
[27695000] Monitor: busy=1, cmd=00, enable=0, error=0, total_writes=124
[27705000] Monitor: busy=1, cmd=00, enable=0, error=0, total_writes=124
[27715000] Read data: 0xcafebabe
  [OK] Read verification successful
Phase 9 write 83/158: pattern=0xdeadbeef (TB_writes=122, DUT_cycles=124)
[27715000] Writing word: 0xdeadbeef (TB count: 122, DUT cycles: 124)
[27715000] Monitor: busy=1, cmd=00, enable=0, error=0, total_writes=124
[27725000] Monitor: busy=0, cmd=10, enable=1, error=0, total_writes=124
[27745000] Monitor: busy=1, cmd=00, enable=0, error=0, total_writes=124
[27755000] Monitor: busy=1, cmd=00, enable=0, error=0, total_writes=124
[27765000] Monitor: busy=1, cmd=00, enable=0, error=0, total_writes=124
[27775000] Monitor: busy=1, cmd=00, enable=0, error=0, total_writes=124
[27785000] Monitor: busy=1, cmd=00, enable=0, error=0, total_writes=124
[27795000] Monitor: busy=1, cmd=00, enable=0, error=0, total_writes=124
[27805000] Monitor: busy=1, cmd=00, enable=0, error=0, total_writes=124
[27815000] Monitor: busy=1, cmd=00, enable=0, error=0, total_writes=124
[27825000] Monitor: busy=1, cmd=00, enable=0, error=0, total_writes=124
[27835000] Monitor: busy=1, cmd=00, enable=0, error=0, total_writes=124
[27845000] Monitor: busy=1, cmd=00, enable=0, error=0, total_writes=124
[27855000] Write completed successfully (TB count now: 123, DUT cycles: 125)
  Testing read after write...
[27855000] Reading word from array...
[27855000] Monitor: busy=1, cmd=00, enable=0, error=0, total_writes=125
[27865000] Monitor: busy=0, cmd=01, enable=1, error=0, total_writes=125
[27885000] Monitor: busy=1, cmd=00, enable=0, error=0, total_writes=125
[27895000] Monitor: busy=1, cmd=00, enable=0, error=0, total_writes=125
[27905000] Monitor: busy=1, cmd=00, enable=0, error=0, total_writes=125
[27915000] Monitor: busy=1, cmd=00, enable=0, error=0, total_writes=125
[27925000] Read data: 0xdeadbeef
  [OK] Read verification successful
Phase 9 write 84/158: pattern=0xcafebabe (TB_writes=123, DUT_cycles=125)
[27925000] Writing word: 0xcafebabe (TB count: 123, DUT cycles: 125)
[27925000] Monitor: busy=1, cmd=00, enable=0, error=0, total_writes=125
[27935000] Monitor: busy=0, cmd=10, enable=1, error=0, total_writes=125
[27955000] Monitor: busy=1, cmd=00, enable=0, error=0, total_writes=125
[27965000] Monitor: busy=1, cmd=00, enable=0, error=0, total_writes=125
[27975000] Monitor: busy=1, cmd=00, enable=0, error=0, total_writes=125
[27985000] Monitor: busy=1, cmd=00, enable=0, error=0, total_writes=125
[27995000] Monitor: busy=1, cmd=00, enable=0, error=0, total_writes=125
[28005000] Monitor: busy=1, cmd=00, enable=0, error=0, total_writes=125
[28015000] Monitor: busy=1, cmd=00, enable=0, error=0, total_writes=125
[28025000] Monitor: busy=1, cmd=00, enable=0, error=0, total_writes=125
[28035000] Monitor: busy=1, cmd=00, enable=0, error=0, total_writes=125
[28045000] Monitor: busy=1, cmd=00, enable=0, error=0, total_writes=125
[28055000] Monitor: busy=1, cmd=00, enable=0, error=0, total_writes=125
[28065000] Write completed successfully (TB count now: 124, DUT cycles: 126)
  Testing read after write...
[28065000] Reading word from array...
[28065000] Monitor: busy=1, cmd=00, enable=0, error=0, total_writes=126
[28075000] Monitor: busy=0, cmd=01, enable=1, error=0, total_writes=126
[28095000] Monitor: busy=1, cmd=00, enable=0, error=0, total_writes=126
[28105000] Monitor: busy=1, cmd=00, enable=0, error=0, total_writes=126
[28115000] Monitor: busy=1, cmd=00, enable=0, error=0, total_writes=126
[28125000] Monitor: busy=1, cmd=00, enable=0, error=0, total_writes=126
[28135000] Read data: 0xcafebabe
  [OK] Read verification successful
Phase 9 write 85/158: pattern=0xdeadbeef (TB_writes=124, DUT_cycles=126)
[28135000] Writing word: 0xdeadbeef (TB count: 124, DUT cycles: 126)
[28135000] Monitor: busy=1, cmd=00, enable=0, error=0, total_writes=126
[28145000] Monitor: busy=0, cmd=10, enable=1, error=0, total_writes=126
[28165000] Monitor: busy=1, cmd=00, enable=0, error=0, total_writes=126
[28175000] Monitor: busy=1, cmd=00, enable=0, error=0, total_writes=126
[28185000] Monitor: busy=1, cmd=00, enable=0, error=0, total_writes=126
[28195000] Monitor: busy=1, cmd=00, enable=0, error=0, total_writes=126
[28205000] Monitor: busy=1, cmd=00, enable=0, error=0, total_writes=126
[28215000] Monitor: busy=1, cmd=00, enable=0, error=0, total_writes=126
[28225000] Monitor: busy=1, cmd=00, enable=0, error=0, total_writes=126
[28235000] Monitor: busy=1, cmd=00, enable=0, error=0, total_writes=126
[28245000] Monitor: busy=1, cmd=00, enable=0, error=0, total_writes=126
[28255000] Monitor: busy=1, cmd=00, enable=0, error=0, total_writes=126
[28265000] Monitor: busy=1, cmd=00, enable=0, error=0, total_writes=126
[28275000] Write completed successfully (TB count now: 125, DUT cycles: 127)
  Testing read after write...
[28275000] Reading word from array...
[28275000] Monitor: busy=1, cmd=00, enable=0, error=0, total_writes=127
[28285000] Monitor: busy=0, cmd=01, enable=1, error=0, total_writes=127
[28305000] Monitor: busy=1, cmd=00, enable=0, error=0, total_writes=127
[28315000] Monitor: busy=1, cmd=00, enable=0, error=0, total_writes=127
[28325000] Monitor: busy=1, cmd=00, enable=0, error=0, total_writes=127
[28335000] Monitor: busy=1, cmd=00, enable=0, error=0, total_writes=127
[28345000] Read data: 0xdeadbeef
  [OK] Read verification successful
Phase 9 write 86/158: pattern=0xcafebabe (TB_writes=125, DUT_cycles=127)
[28345000] Writing word: 0xcafebabe (TB count: 125, DUT cycles: 127)
[28345000] Monitor: busy=1, cmd=00, enable=0, error=0, total_writes=127
[28355000] Monitor: busy=0, cmd=10, enable=1, error=0, total_writes=127
[28375000] Monitor: busy=1, cmd=00, enable=0, error=0, total_writes=127
[28385000] Monitor: busy=1, cmd=00, enable=0, error=0, total_writes=127
[28395000] Monitor: busy=1, cmd=00, enable=0, error=0, total_writes=127
[28405000] Monitor: busy=1, cmd=00, enable=0, error=0, total_writes=127
[28415000] Monitor: busy=1, cmd=00, enable=0, error=0, total_writes=127
[28425000] Monitor: busy=1, cmd=00, enable=0, error=0, total_writes=127
[28435000] Monitor: busy=1, cmd=00, enable=0, error=0, total_writes=127
[28445000] Monitor: busy=1, cmd=00, enable=0, error=0, total_writes=127
[28455000] Monitor: busy=1, cmd=00, enable=0, error=0, total_writes=127
[28465000] Monitor: busy=1, cmd=00, enable=0, error=0, total_writes=127
[28475000] Monitor: busy=1, cmd=00, enable=0, error=0, total_writes=127
[28485000] Write completed successfully (TB count now: 126, DUT cycles: 128)
  Testing read after write...
[28485000] Reading word from array...
[28485000] Monitor: busy=1, cmd=00, enable=0, error=0, total_writes=128
[28495000] Monitor: busy=0, cmd=01, enable=1, error=0, total_writes=128
[28515000] Monitor: busy=1, cmd=00, enable=0, error=0, total_writes=128
[28525000] Monitor: busy=1, cmd=00, enable=0, error=0, total_writes=128
[28535000] Monitor: busy=1, cmd=00, enable=0, error=0, total_writes=128
[28545000] Monitor: busy=1, cmd=00, enable=0, error=0, total_writes=128
[28555000] Read data: 0xcafebabe
  [OK] Read verification successful
Phase 9 write 87/158: pattern=0xdeadbeef (TB_writes=126, DUT_cycles=128)
[28555000] Writing word: 0xdeadbeef (TB count: 126, DUT cycles: 128)
[28555000] Monitor: busy=1, cmd=00, enable=0, error=0, total_writes=128
[28565000] Monitor: busy=0, cmd=10, enable=1, error=0, total_writes=128
[28585000] Monitor: busy=1, cmd=00, enable=0, error=0, total_writes=128
[28595000] Monitor: busy=1, cmd=00, enable=0, error=0, total_writes=128
[28605000] Monitor: busy=1, cmd=00, enable=0, error=0, total_writes=128
[28615000] Monitor: busy=1, cmd=00, enable=0, error=0, total_writes=128
[28625000] Monitor: busy=1, cmd=00, enable=0, error=0, total_writes=128
[28635000] Monitor: busy=1, cmd=00, enable=0, error=0, total_writes=128
[28645000] Monitor: busy=1, cmd=00, enable=0, error=0, total_writes=128
[28655000] Monitor: busy=1, cmd=00, enable=0, error=0, total_writes=128
[28665000] Monitor: busy=1, cmd=00, enable=0, error=0, total_writes=128
[28675000] Monitor: busy=1, cmd=00, enable=0, error=0, total_writes=128
[28685000] Monitor: busy=1, cmd=00, enable=0, error=0, total_writes=128
[28695000] Write completed successfully (TB count now: 127, DUT cycles: 129)
  Testing read after write...
[28695000] Reading word from array...
[28695000] Monitor: busy=1, cmd=00, enable=0, error=0, total_writes=129
[28705000] Monitor: busy=0, cmd=01, enable=1, error=0, total_writes=129
[28725000] Monitor: busy=1, cmd=00, enable=0, error=0, total_writes=129
[28735000] Monitor: busy=1, cmd=00, enable=0, error=0, total_writes=129
[28745000] Monitor: busy=1, cmd=00, enable=0, error=0, total_writes=129
[28755000] Monitor: busy=1, cmd=00, enable=0, error=0, total_writes=129
[28765000] Read data: 0xdeadbeef
  [OK] Read verification successful
Phase 9 write 88/158: pattern=0xcafebabe (TB_writes=127, DUT_cycles=129)
[28765000] Writing word: 0xcafebabe (TB count: 127, DUT cycles: 129)
[28765000] Monitor: busy=1, cmd=00, enable=0, error=0, total_writes=129
[28775000] Monitor: busy=0, cmd=10, enable=1, error=0, total_writes=129
[28795000] Monitor: busy=1, cmd=00, enable=0, error=0, total_writes=129
[28805000] Monitor: busy=1, cmd=00, enable=0, error=0, total_writes=129
[28815000] Monitor: busy=1, cmd=00, enable=0, error=0, total_writes=129
[28825000] Monitor: busy=1, cmd=00, enable=0, error=0, total_writes=129
[28835000] Monitor: busy=1, cmd=00, enable=0, error=0, total_writes=129
[28845000] Monitor: busy=1, cmd=00, enable=0, error=0, total_writes=129
[28855000] Monitor: busy=1, cmd=00, enable=0, error=0, total_writes=129
[28865000] Monitor: busy=1, cmd=00, enable=0, error=0, total_writes=129
[28875000] Monitor: busy=1, cmd=00, enable=0, error=0, total_writes=129
[28885000] Monitor: busy=1, cmd=00, enable=0, error=0, total_writes=129
[28895000] Monitor: busy=1, cmd=00, enable=0, error=0, total_writes=129
[28905000] Write completed successfully (TB count now: 128, DUT cycles: 130)
  Testing read after write...
[28905000] Reading word from array...
[28905000] Monitor: busy=1, cmd=00, enable=0, error=0, total_writes=130
[28915000] Monitor: busy=0, cmd=01, enable=1, error=0, total_writes=130
[28935000] Monitor: busy=1, cmd=00, enable=0, error=0, total_writes=130
[28945000] Monitor: busy=1, cmd=00, enable=0, error=0, total_writes=130
[28955000] Monitor: busy=1, cmd=00, enable=0, error=0, total_writes=130
[28965000] Monitor: busy=1, cmd=00, enable=0, error=0, total_writes=130
[28975000] Read data: 0xcafebabe
  [OK] Read verification successful
Phase 9 write 89/158: pattern=0xdeadbeef (TB_writes=128, DUT_cycles=130)
[28975000] Writing word: 0xdeadbeef (TB count: 128, DUT cycles: 130)
[28975000] Monitor: busy=1, cmd=00, enable=0, error=0, total_writes=130
[28985000] Monitor: busy=0, cmd=10, enable=1, error=0, total_writes=130
[29005000] Monitor: busy=1, cmd=00, enable=0, error=0, total_writes=130
[29015000] Monitor: busy=1, cmd=00, enable=0, error=0, total_writes=130
[29025000] Monitor: busy=1, cmd=00, enable=0, error=0, total_writes=130
[29035000] Monitor: busy=1, cmd=00, enable=0, error=0, total_writes=130
[29045000] Monitor: busy=1, cmd=00, enable=0, error=0, total_writes=130
[29055000] Monitor: busy=1, cmd=00, enable=0, error=0, total_writes=130
[29065000] Monitor: busy=1, cmd=00, enable=0, error=0, total_writes=130
[29075000] Monitor: busy=1, cmd=00, enable=0, error=0, total_writes=130
[29085000] Monitor: busy=1, cmd=00, enable=0, error=0, total_writes=130
[29095000] Monitor: busy=1, cmd=00, enable=0, error=0, total_writes=130
[29105000] Monitor: busy=1, cmd=00, enable=0, error=0, total_writes=130
[29115000] Write completed successfully (TB count now: 129, DUT cycles: 131)
  Testing read after write...
[29115000] Reading word from array...
[29115000] Monitor: busy=1, cmd=00, enable=0, error=0, total_writes=131
[29125000] Monitor: busy=0, cmd=01, enable=1, error=0, total_writes=131
[29145000] Monitor: busy=1, cmd=00, enable=0, error=0, total_writes=131
[29155000] Monitor: busy=1, cmd=00, enable=0, error=0, total_writes=131
[29165000] Monitor: busy=1, cmd=00, enable=0, error=0, total_writes=131
[29175000] Monitor: busy=1, cmd=00, enable=0, error=0, total_writes=131
[29185000] Read data: 0xdeadbeef
  [OK] Read verification successful
Phase 9 write 90/158: pattern=0xcafebabe (TB_writes=129, DUT_cycles=131)
[29185000] Writing word: 0xcafebabe (TB count: 129, DUT cycles: 131)
[29185000] Monitor: busy=1, cmd=00, enable=0, error=0, total_writes=131
[29195000] Monitor: busy=0, cmd=10, enable=1, error=0, total_writes=131
[29215000] Monitor: busy=1, cmd=00, enable=0, error=0, total_writes=131
[29225000] Monitor: busy=1, cmd=00, enable=0, error=0, total_writes=131
[29235000] Monitor: busy=1, cmd=00, enable=0, error=0, total_writes=131
[29245000] Monitor: busy=1, cmd=00, enable=0, error=0, total_writes=131
[29255000] Monitor: busy=1, cmd=00, enable=0, error=0, total_writes=131
[29265000] Monitor: busy=1, cmd=00, enable=0, error=0, total_writes=131
[29275000] Monitor: busy=1, cmd=00, enable=0, error=0, total_writes=131
[29285000] Monitor: busy=1, cmd=00, enable=0, error=0, total_writes=131
[29295000] Monitor: busy=1, cmd=00, enable=0, error=0, total_writes=131
[29305000] Monitor: busy=1, cmd=00, enable=0, error=0, total_writes=131
[29315000] Monitor: busy=1, cmd=00, enable=0, error=0, total_writes=131
[29325000] Write completed successfully (TB count now: 130, DUT cycles: 132)
  Testing read after write...
[29325000] Reading word from array...
[29325000] Monitor: busy=1, cmd=00, enable=0, error=0, total_writes=132
[29335000] Monitor: busy=0, cmd=01, enable=1, error=0, total_writes=132
[29355000] Monitor: busy=1, cmd=00, enable=0, error=0, total_writes=132
[29365000] Monitor: busy=1, cmd=00, enable=0, error=0, total_writes=132
[29375000] Monitor: busy=1, cmd=00, enable=0, error=0, total_writes=132
[29385000] Monitor: busy=1, cmd=00, enable=0, error=0, total_writes=132
[29395000] Read data: 0xcafebabe
  [OK] Read verification successful
Phase 9 write 91/158: pattern=0xdeadbeef (TB_writes=130, DUT_cycles=132)
[29395000] Writing word: 0xdeadbeef (TB count: 130, DUT cycles: 132)
[29395000] Monitor: busy=1, cmd=00, enable=0, error=0, total_writes=132
[29405000] Monitor: busy=0, cmd=10, enable=1, error=0, total_writes=132
[29425000] Monitor: busy=1, cmd=00, enable=0, error=0, total_writes=132
[29435000] Monitor: busy=1, cmd=00, enable=0, error=0, total_writes=132
[29445000] Monitor: busy=1, cmd=00, enable=0, error=0, total_writes=132
[29455000] Monitor: busy=1, cmd=00, enable=0, error=0, total_writes=132
[29465000] Monitor: busy=1, cmd=00, enable=0, error=0, total_writes=132
[29475000] Monitor: busy=1, cmd=00, enable=0, error=0, total_writes=132
[29485000] Monitor: busy=1, cmd=00, enable=0, error=0, total_writes=132
[29495000] Monitor: busy=1, cmd=00, enable=0, error=0, total_writes=132
[29505000] Monitor: busy=1, cmd=00, enable=0, error=0, total_writes=132
[29515000] Monitor: busy=1, cmd=00, enable=0, error=0, total_writes=132
[29525000] Monitor: busy=1, cmd=00, enable=0, error=0, total_writes=132
[29535000] Write completed successfully (TB count now: 131, DUT cycles: 133)
  Testing read after write...
[29535000] Reading word from array...
[29535000] Monitor: busy=1, cmd=00, enable=0, error=0, total_writes=133
[29545000] Monitor: busy=0, cmd=01, enable=1, error=0, total_writes=133
[29565000] Monitor: busy=1, cmd=00, enable=0, error=0, total_writes=133
[29575000] Monitor: busy=1, cmd=00, enable=0, error=0, total_writes=133
[29585000] Monitor: busy=1, cmd=00, enable=0, error=0, total_writes=133
[29595000] Monitor: busy=1, cmd=00, enable=0, error=0, total_writes=133
[29605000] Read data: 0xdeadbeef
  [OK] Read verification successful
Phase 9 write 92/158: pattern=0xcafebabe (TB_writes=131, DUT_cycles=133)
[29605000] Writing word: 0xcafebabe (TB count: 131, DUT cycles: 133)
[29605000] Monitor: busy=1, cmd=00, enable=0, error=0, total_writes=133
[29615000] Monitor: busy=0, cmd=10, enable=1, error=0, total_writes=133
[29635000] Monitor: busy=1, cmd=00, enable=0, error=0, total_writes=133
[29645000] Monitor: busy=1, cmd=00, enable=0, error=0, total_writes=133
[29655000] Monitor: busy=1, cmd=00, enable=0, error=0, total_writes=133
[29665000] Monitor: busy=1, cmd=00, enable=0, error=0, total_writes=133
[29675000] Monitor: busy=1, cmd=00, enable=0, error=0, total_writes=133
[29685000] Monitor: busy=1, cmd=00, enable=0, error=0, total_writes=133
[29695000] Monitor: busy=1, cmd=00, enable=0, error=0, total_writes=133
[29705000] Monitor: busy=1, cmd=00, enable=0, error=0, total_writes=133
[29715000] Monitor: busy=1, cmd=00, enable=0, error=0, total_writes=133
[29725000] Monitor: busy=1, cmd=00, enable=0, error=0, total_writes=133
[29735000] Monitor: busy=1, cmd=00, enable=0, error=0, total_writes=133
[29745000] Write completed successfully (TB count now: 132, DUT cycles: 134)
  Testing read after write...
[29745000] Reading word from array...
[29745000] Monitor: busy=1, cmd=00, enable=0, error=0, total_writes=134
[29755000] Monitor: busy=0, cmd=01, enable=1, error=0, total_writes=134
[29775000] Monitor: busy=1, cmd=00, enable=0, error=0, total_writes=134
[29785000] Monitor: busy=1, cmd=00, enable=0, error=0, total_writes=134
[29795000] Monitor: busy=1, cmd=00, enable=0, error=0, total_writes=134
[29805000] Monitor: busy=1, cmd=00, enable=0, error=0, total_writes=134
[29815000] Read data: 0xcafebabe
  [OK] Read verification successful
Phase 9 write 93/158: pattern=0xdeadbeef (TB_writes=132, DUT_cycles=134)
[29815000] Writing word: 0xdeadbeef (TB count: 132, DUT cycles: 134)
[29815000] Monitor: busy=1, cmd=00, enable=0, error=0, total_writes=134
[29825000] Monitor: busy=0, cmd=10, enable=1, error=0, total_writes=134
[29845000] Monitor: busy=1, cmd=00, enable=0, error=0, total_writes=134
[29855000] Monitor: busy=1, cmd=00, enable=0, error=0, total_writes=134
[29865000] Monitor: busy=1, cmd=00, enable=0, error=0, total_writes=134
[29875000] Monitor: busy=1, cmd=00, enable=0, error=0, total_writes=134
[29885000] Monitor: busy=1, cmd=00, enable=0, error=0, total_writes=134
[29895000] Monitor: busy=1, cmd=00, enable=0, error=0, total_writes=134
[29905000] Monitor: busy=1, cmd=00, enable=0, error=0, total_writes=134
[29915000] Monitor: busy=1, cmd=00, enable=0, error=0, total_writes=134
[29925000] Monitor: busy=1, cmd=00, enable=0, error=0, total_writes=134
[29935000] Monitor: busy=1, cmd=00, enable=0, error=0, total_writes=134
[29945000] Monitor: busy=1, cmd=00, enable=0, error=0, total_writes=134
[29955000] Write completed successfully (TB count now: 133, DUT cycles: 135)
  Testing read after write...
[29955000] Reading word from array...
[29955000] Monitor: busy=1, cmd=00, enable=0, error=0, total_writes=135
[29965000] Monitor: busy=0, cmd=01, enable=1, error=0, total_writes=135
[29985000] Monitor: busy=1, cmd=00, enable=0, error=0, total_writes=135
[29995000] Monitor: busy=1, cmd=00, enable=0, error=0, total_writes=135
[30005000] Monitor: busy=1, cmd=00, enable=0, error=0, total_writes=135
[30015000] Monitor: busy=1, cmd=00, enable=0, error=0, total_writes=135
[30025000] Read data: 0xdeadbeef
  [OK] Read verification successful
Phase 9 write 94/158: pattern=0xcafebabe (TB_writes=133, DUT_cycles=135)
[30025000] Writing word: 0xcafebabe (TB count: 133, DUT cycles: 135)
[30025000] Monitor: busy=1, cmd=00, enable=0, error=0, total_writes=135
[30035000] Monitor: busy=0, cmd=10, enable=1, error=0, total_writes=135
[30055000] Monitor: busy=1, cmd=00, enable=0, error=0, total_writes=135
[30065000] Monitor: busy=1, cmd=00, enable=0, error=0, total_writes=135
[30075000] Monitor: busy=1, cmd=00, enable=0, error=0, total_writes=135
[30085000] Monitor: busy=1, cmd=00, enable=0, error=0, total_writes=135
[30095000] Monitor: busy=1, cmd=00, enable=0, error=0, total_writes=135
[30105000] Monitor: busy=1, cmd=00, enable=0, error=0, total_writes=135
[30115000] Monitor: busy=1, cmd=00, enable=0, error=0, total_writes=135
[30125000] Monitor: busy=1, cmd=00, enable=0, error=0, total_writes=135
[30135000] Monitor: busy=1, cmd=00, enable=0, error=0, total_writes=135
[30145000] Monitor: busy=1, cmd=00, enable=0, error=0, total_writes=135
[30155000] Monitor: busy=1, cmd=00, enable=0, error=0, total_writes=135
[30165000] Write completed successfully (TB count now: 134, DUT cycles: 136)
  Testing read after write...
[30165000] Reading word from array...
[30165000] Monitor: busy=1, cmd=00, enable=0, error=0, total_writes=136
[30175000] Monitor: busy=0, cmd=01, enable=1, error=0, total_writes=136
[30195000] Monitor: busy=1, cmd=00, enable=0, error=0, total_writes=136
[30205000] Monitor: busy=1, cmd=00, enable=0, error=0, total_writes=136
[30215000] Monitor: busy=1, cmd=00, enable=0, error=0, total_writes=136
[30225000] Monitor: busy=1, cmd=00, enable=0, error=0, total_writes=136
[30235000] Read data: 0xcafebabe
  [OK] Read verification successful
Phase 9 write 95/158: pattern=0xdeadbeef (TB_writes=134, DUT_cycles=136)
[30235000] Writing word: 0xdeadbeef (TB count: 134, DUT cycles: 136)
[30235000] Monitor: busy=1, cmd=00, enable=0, error=0, total_writes=136
[30245000] Monitor: busy=0, cmd=10, enable=1, error=0, total_writes=136
[30265000] Monitor: busy=1, cmd=00, enable=0, error=0, total_writes=136
[30275000] Monitor: busy=1, cmd=00, enable=0, error=0, total_writes=136
[30285000] Monitor: busy=1, cmd=00, enable=0, error=0, total_writes=136
[30295000] Monitor: busy=1, cmd=00, enable=0, error=0, total_writes=136
[30305000] Monitor: busy=1, cmd=00, enable=0, error=0, total_writes=136
[30315000] Monitor: busy=1, cmd=00, enable=0, error=0, total_writes=136
[30325000] Monitor: busy=1, cmd=00, enable=0, error=0, total_writes=136
[30335000] Monitor: busy=1, cmd=00, enable=0, error=0, total_writes=136
[30345000] Monitor: busy=1, cmd=00, enable=0, error=0, total_writes=136
[30355000] Monitor: busy=1, cmd=00, enable=0, error=0, total_writes=136
[30365000] Monitor: busy=1, cmd=00, enable=0, error=0, total_writes=136
[30375000] Write completed successfully (TB count now: 135, DUT cycles: 137)
  Testing read after write...
[30375000] Reading word from array...
[30375000] Monitor: busy=1, cmd=00, enable=0, error=0, total_writes=137
[30385000] Monitor: busy=0, cmd=01, enable=1, error=0, total_writes=137
[30405000] Monitor: busy=1, cmd=00, enable=0, error=0, total_writes=137
[30415000] Monitor: busy=1, cmd=00, enable=0, error=0, total_writes=137
[30425000] Monitor: busy=1, cmd=00, enable=0, error=0, total_writes=137
[30435000] Monitor: busy=1, cmd=00, enable=0, error=0, total_writes=137
[30445000] Read data: 0xdeadbeef
  [OK] Read verification successful
Phase 9 write 96/158: pattern=0xcafebabe (TB_writes=135, DUT_cycles=137)
[30445000] Writing word: 0xcafebabe (TB count: 135, DUT cycles: 137)
[30445000] Monitor: busy=1, cmd=00, enable=0, error=0, total_writes=137
[30455000] Monitor: busy=0, cmd=10, enable=1, error=0, total_writes=137
[30475000] Monitor: busy=1, cmd=00, enable=0, error=0, total_writes=137
[30485000] Monitor: busy=1, cmd=00, enable=0, error=0, total_writes=137
[30495000] Monitor: busy=1, cmd=00, enable=0, error=0, total_writes=137
[30505000] Monitor: busy=1, cmd=00, enable=0, error=0, total_writes=137
[30515000] Monitor: busy=1, cmd=00, enable=0, error=0, total_writes=137
[30525000] Monitor: busy=1, cmd=00, enable=0, error=0, total_writes=137
[30535000] Monitor: busy=1, cmd=00, enable=0, error=0, total_writes=137
[30545000] Monitor: busy=1, cmd=00, enable=0, error=0, total_writes=137
[30555000] Monitor: busy=1, cmd=00, enable=0, error=0, total_writes=137
[30565000] Monitor: busy=1, cmd=00, enable=0, error=0, total_writes=137
[30575000] Monitor: busy=1, cmd=00, enable=0, error=0, total_writes=137
[30585000] Write completed successfully (TB count now: 136, DUT cycles: 138)
  Testing read after write...
[30585000] Reading word from array...
[30585000] Monitor: busy=1, cmd=00, enable=0, error=0, total_writes=138
[30595000] Monitor: busy=0, cmd=01, enable=1, error=0, total_writes=138
[30615000] Monitor: busy=1, cmd=00, enable=0, error=0, total_writes=138
[30625000] Monitor: busy=1, cmd=00, enable=0, error=0, total_writes=138
[30635000] Monitor: busy=1, cmd=00, enable=0, error=0, total_writes=138
[30645000] Monitor: busy=1, cmd=00, enable=0, error=0, total_writes=138
[30655000] Read data: 0xcafebabe
  [OK] Read verification successful
Phase 9 write 97/158: pattern=0xdeadbeef (TB_writes=136, DUT_cycles=138)
[30655000] Writing word: 0xdeadbeef (TB count: 136, DUT cycles: 138)
[30655000] Monitor: busy=1, cmd=00, enable=0, error=0, total_writes=138
[30665000] Monitor: busy=0, cmd=10, enable=1, error=0, total_writes=138
[30685000] Monitor: busy=1, cmd=00, enable=0, error=0, total_writes=138
[30695000] Monitor: busy=1, cmd=00, enable=0, error=0, total_writes=138
[30705000] Monitor: busy=1, cmd=00, enable=0, error=0, total_writes=138
[30715000] Monitor: busy=1, cmd=00, enable=0, error=0, total_writes=138
[30725000] Monitor: busy=1, cmd=00, enable=0, error=0, total_writes=138
[30735000] Monitor: busy=1, cmd=00, enable=0, error=0, total_writes=138
[30745000] Monitor: busy=1, cmd=00, enable=0, error=0, total_writes=138
[30755000] Monitor: busy=1, cmd=00, enable=0, error=0, total_writes=138
[30765000] Monitor: busy=1, cmd=00, enable=0, error=0, total_writes=138
[30775000] Monitor: busy=1, cmd=00, enable=0, error=0, total_writes=138
[30785000] Monitor: busy=1, cmd=00, enable=0, error=0, total_writes=138
[30795000] Write completed successfully (TB count now: 137, DUT cycles: 139)
  Testing read after write...
[30795000] Reading word from array...
[30795000] Monitor: busy=1, cmd=00, enable=0, error=0, total_writes=139
[30805000] Monitor: busy=0, cmd=01, enable=1, error=0, total_writes=139
[30825000] Monitor: busy=1, cmd=00, enable=0, error=0, total_writes=139
[30835000] Monitor: busy=1, cmd=00, enable=0, error=0, total_writes=139
[30845000] Monitor: busy=1, cmd=00, enable=0, error=0, total_writes=139
[30855000] Monitor: busy=1, cmd=00, enable=0, error=0, total_writes=139
[30865000] Read data: 0xdeadbeef
  [OK] Read verification successful
Phase 9 write 98/158: pattern=0xcafebabe (TB_writes=137, DUT_cycles=139)
[30865000] Writing word: 0xcafebabe (TB count: 137, DUT cycles: 139)
[30865000] Monitor: busy=1, cmd=00, enable=0, error=0, total_writes=139
[30875000] Monitor: busy=0, cmd=10, enable=1, error=0, total_writes=139
[30895000] Monitor: busy=1, cmd=00, enable=0, error=0, total_writes=139
[30905000] Monitor: busy=1, cmd=00, enable=0, error=0, total_writes=139
[30915000] Monitor: busy=1, cmd=00, enable=0, error=0, total_writes=139
[30925000] Monitor: busy=1, cmd=00, enable=0, error=0, total_writes=139
[30935000] Monitor: busy=1, cmd=00, enable=0, error=0, total_writes=139
[30945000] Monitor: busy=1, cmd=00, enable=0, error=0, total_writes=139
[30955000] Monitor: busy=1, cmd=00, enable=0, error=0, total_writes=139
[30965000] Monitor: busy=1, cmd=00, enable=0, error=0, total_writes=139
[30975000] Monitor: busy=1, cmd=00, enable=0, error=0, total_writes=139
[30985000] Monitor: busy=1, cmd=00, enable=0, error=0, total_writes=139
[30995000] Monitor: busy=1, cmd=00, enable=0, error=0, total_writes=139
[31005000] Write completed successfully (TB count now: 138, DUT cycles: 140)
  Testing read after write...
[31005000] Reading word from array...
[31005000] Monitor: busy=1, cmd=00, enable=0, error=0, total_writes=140
[31015000] Monitor: busy=0, cmd=01, enable=1, error=0, total_writes=140
[31035000] Monitor: busy=1, cmd=00, enable=0, error=0, total_writes=140
[31045000] Monitor: busy=1, cmd=00, enable=0, error=0, total_writes=140
[31055000] Monitor: busy=1, cmd=00, enable=0, error=0, total_writes=140
[31065000] Monitor: busy=1, cmd=00, enable=0, error=0, total_writes=140
[31075000] Read data: 0xcafebabe
  [OK] Read verification successful
Phase 9 write 99/158: pattern=0xdeadbeef (TB_writes=138, DUT_cycles=140)
[31075000] Writing word: 0xdeadbeef (TB count: 138, DUT cycles: 140)
[31075000] Monitor: busy=1, cmd=00, enable=0, error=0, total_writes=140
[31085000] Monitor: busy=0, cmd=10, enable=1, error=0, total_writes=140
[31105000] Monitor: busy=1, cmd=00, enable=0, error=0, total_writes=140
[31115000] Monitor: busy=1, cmd=00, enable=0, error=0, total_writes=140
[31125000] Monitor: busy=1, cmd=00, enable=0, error=0, total_writes=140
[31135000] Monitor: busy=1, cmd=00, enable=0, error=0, total_writes=140
[31145000] Monitor: busy=1, cmd=00, enable=0, error=0, total_writes=140
[31155000] Monitor: busy=1, cmd=00, enable=0, error=0, total_writes=140
[31165000] Monitor: busy=1, cmd=00, enable=0, error=0, total_writes=140
[31175000] Monitor: busy=1, cmd=00, enable=0, error=0, total_writes=140
[31185000] Monitor: busy=1, cmd=00, enable=0, error=0, total_writes=140
[31195000] Monitor: busy=1, cmd=00, enable=0, error=0, total_writes=140
[31205000] Monitor: busy=1, cmd=00, enable=0, error=0, total_writes=140
[31215000] Write completed successfully (TB count now: 139, DUT cycles: 141)
  Testing read after write...
[31215000] Reading word from array...
[31215000] Monitor: busy=1, cmd=00, enable=0, error=0, total_writes=141
[31225000] Monitor: busy=0, cmd=01, enable=1, error=0, total_writes=141
[31245000] Monitor: busy=1, cmd=00, enable=0, error=0, total_writes=141
[31255000] Monitor: busy=1, cmd=00, enable=0, error=0, total_writes=141
[31265000] Monitor: busy=1, cmd=00, enable=0, error=0, total_writes=141
[31275000] Monitor: busy=1, cmd=00, enable=0, error=0, total_writes=141
[31285000] Read data: 0xdeadbeef
  [OK] Read verification successful
Phase 9 write 100/158: pattern=0xcafebabe (TB_writes=139, DUT_cycles=141)
[31285000] Writing word: 0xcafebabe (TB count: 139, DUT cycles: 141)
[31285000] Monitor: busy=1, cmd=00, enable=0, error=0, total_writes=141
[31295000] Monitor: busy=0, cmd=10, enable=1, error=0, total_writes=141
[31315000] Monitor: busy=1, cmd=00, enable=0, error=0, total_writes=141
[31325000] Monitor: busy=1, cmd=00, enable=0, error=0, total_writes=141
[31335000] Monitor: busy=1, cmd=00, enable=0, error=0, total_writes=141
[31345000] Monitor: busy=1, cmd=00, enable=0, error=0, total_writes=141
[31355000] Monitor: busy=1, cmd=00, enable=0, error=0, total_writes=141
[31365000] Monitor: busy=1, cmd=00, enable=0, error=0, total_writes=141
[31375000] Monitor: busy=1, cmd=00, enable=0, error=0, total_writes=141
[31385000] Monitor: busy=1, cmd=00, enable=0, error=0, total_writes=141
[31395000] Monitor: busy=1, cmd=00, enable=0, error=0, total_writes=141
[31405000] Monitor: busy=1, cmd=00, enable=0, error=0, total_writes=141
[31415000] Monitor: busy=1, cmd=00, enable=0, error=0, total_writes=141
[31425000] Write completed successfully (TB count now: 140, DUT cycles: 142)
  Testing read after write...
[31425000] Reading word from array...
[31425000] Monitor: busy=1, cmd=00, enable=0, error=0, total_writes=142
[31435000] Monitor: busy=0, cmd=01, enable=1, error=0, total_writes=142
[31455000] Monitor: busy=1, cmd=00, enable=0, error=0, total_writes=142
[31465000] Monitor: busy=1, cmd=00, enable=0, error=0, total_writes=142
[31475000] Monitor: busy=1, cmd=00, enable=0, error=0, total_writes=142
[31485000] Monitor: busy=1, cmd=00, enable=0, error=0, total_writes=142
[31495000] Read data: 0xcafebabe
  [OK] Read verification successful
Phase 9 write 101/158: pattern=0xdeadbeef (TB_writes=140, DUT_cycles=142)
[31495000] Writing word: 0xdeadbeef (TB count: 140, DUT cycles: 142)
[31495000] Monitor: busy=1, cmd=00, enable=0, error=0, total_writes=142
[31505000] Monitor: busy=0, cmd=10, enable=1, error=0, total_writes=142
[31525000] Monitor: busy=1, cmd=00, enable=0, error=0, total_writes=142
[31535000] Monitor: busy=1, cmd=00, enable=0, error=0, total_writes=142
[31545000] Monitor: busy=1, cmd=00, enable=0, error=0, total_writes=142
[31555000] Monitor: busy=1, cmd=00, enable=0, error=0, total_writes=142
[31565000] Monitor: busy=1, cmd=00, enable=0, error=0, total_writes=142
[31575000] Monitor: busy=1, cmd=00, enable=0, error=0, total_writes=142
[31585000] Monitor: busy=1, cmd=00, enable=0, error=0, total_writes=142
[31595000] Monitor: busy=1, cmd=00, enable=0, error=0, total_writes=142
[31605000] Monitor: busy=1, cmd=00, enable=0, error=0, total_writes=142
[31615000] Monitor: busy=1, cmd=00, enable=0, error=0, total_writes=142
[31625000] Monitor: busy=1, cmd=00, enable=0, error=0, total_writes=142
[31635000] Write completed successfully (TB count now: 141, DUT cycles: 143)
  Testing read after write...
[31635000] Reading word from array...
[31635000] Monitor: busy=1, cmd=00, enable=0, error=0, total_writes=143
[31645000] Monitor: busy=0, cmd=01, enable=1, error=0, total_writes=143
[31665000] Monitor: busy=1, cmd=00, enable=0, error=0, total_writes=143
[31675000] Monitor: busy=1, cmd=00, enable=0, error=0, total_writes=143
[31685000] Monitor: busy=1, cmd=00, enable=0, error=0, total_writes=143
[31695000] Monitor: busy=1, cmd=00, enable=0, error=0, total_writes=143
[31705000] Read data: 0xdeadbeef
  [OK] Read verification successful
Phase 9 write 102/158: pattern=0xcafebabe (TB_writes=141, DUT_cycles=143)
[31705000] Writing word: 0xcafebabe (TB count: 141, DUT cycles: 143)
[31705000] Monitor: busy=1, cmd=00, enable=0, error=0, total_writes=143
[31715000] Monitor: busy=0, cmd=10, enable=1, error=0, total_writes=143
[31735000] Monitor: busy=1, cmd=00, enable=0, error=0, total_writes=143
[31745000] Monitor: busy=1, cmd=00, enable=0, error=0, total_writes=143
[31755000] Monitor: busy=1, cmd=00, enable=0, error=0, total_writes=143
[31765000] Monitor: busy=1, cmd=00, enable=0, error=0, total_writes=143
[31775000] Monitor: busy=1, cmd=00, enable=0, error=0, total_writes=143
[31785000] Monitor: busy=1, cmd=00, enable=0, error=0, total_writes=143
[31795000] Monitor: busy=1, cmd=00, enable=0, error=0, total_writes=143
[31805000] Monitor: busy=1, cmd=00, enable=0, error=0, total_writes=143
[31815000] Monitor: busy=1, cmd=00, enable=0, error=0, total_writes=143
[31825000] Monitor: busy=1, cmd=00, enable=0, error=0, total_writes=143
[31835000] Monitor: busy=1, cmd=00, enable=0, error=0, total_writes=143
[31845000] Write completed successfully (TB count now: 142, DUT cycles: 144)
  Testing read after write...
[31845000] Reading word from array...
[31845000] Monitor: busy=1, cmd=00, enable=0, error=0, total_writes=144
[31855000] Monitor: busy=0, cmd=01, enable=1, error=0, total_writes=144
[31875000] Monitor: busy=1, cmd=00, enable=0, error=0, total_writes=144
[31885000] Monitor: busy=1, cmd=00, enable=0, error=0, total_writes=144
[31895000] Monitor: busy=1, cmd=00, enable=0, error=0, total_writes=144
[31905000] Monitor: busy=1, cmd=00, enable=0, error=0, total_writes=144
[31915000] Read data: 0xcafebabe
  [OK] Read verification successful
Phase 9 write 103/158: pattern=0xdeadbeef (TB_writes=142, DUT_cycles=144)
[31915000] Writing word: 0xdeadbeef (TB count: 142, DUT cycles: 144)
[31915000] Monitor: busy=1, cmd=00, enable=0, error=0, total_writes=144
[31925000] Monitor: busy=0, cmd=10, enable=1, error=0, total_writes=144
[31945000] Monitor: busy=1, cmd=00, enable=0, error=0, total_writes=144
[31955000] Monitor: busy=1, cmd=00, enable=0, error=0, total_writes=144
[31965000] Monitor: busy=1, cmd=00, enable=0, error=0, total_writes=144
[31975000] Monitor: busy=1, cmd=00, enable=0, error=0, total_writes=144
[31985000] Monitor: busy=1, cmd=00, enable=0, error=0, total_writes=144
[31995000] Monitor: busy=1, cmd=00, enable=0, error=0, total_writes=144
[32005000] Monitor: busy=1, cmd=00, enable=0, error=0, total_writes=144
[32015000] Monitor: busy=1, cmd=00, enable=0, error=0, total_writes=144
[32025000] Monitor: busy=1, cmd=00, enable=0, error=0, total_writes=144
[32035000] Monitor: busy=1, cmd=00, enable=0, error=0, total_writes=144
[32045000] Monitor: busy=1, cmd=00, enable=0, error=0, total_writes=144
[32055000] Write completed successfully (TB count now: 143, DUT cycles: 145)
  Testing read after write...
[32055000] Reading word from array...
[32055000] Monitor: busy=1, cmd=00, enable=0, error=0, total_writes=145
[32065000] Monitor: busy=0, cmd=01, enable=1, error=0, total_writes=145
[32085000] Monitor: busy=1, cmd=00, enable=0, error=0, total_writes=145
[32095000] Monitor: busy=1, cmd=00, enable=0, error=0, total_writes=145
[32105000] Monitor: busy=1, cmd=00, enable=0, error=0, total_writes=145
[32115000] Monitor: busy=1, cmd=00, enable=0, error=0, total_writes=145
[32125000] Read data: 0xdeadbeef
  [OK] Read verification successful
Phase 9 write 104/158: pattern=0xcafebabe (TB_writes=143, DUT_cycles=145)
[32125000] Writing word: 0xcafebabe (TB count: 143, DUT cycles: 145)
[32125000] Monitor: busy=1, cmd=00, enable=0, error=0, total_writes=145
[32135000] Monitor: busy=0, cmd=10, enable=1, error=0, total_writes=145
[32155000] Monitor: busy=1, cmd=00, enable=0, error=0, total_writes=145
[32165000] Monitor: busy=1, cmd=00, enable=0, error=0, total_writes=145
[32175000] Monitor: busy=1, cmd=00, enable=0, error=0, total_writes=145
[32185000] Monitor: busy=1, cmd=00, enable=0, error=0, total_writes=145
[32195000] Monitor: busy=1, cmd=00, enable=0, error=0, total_writes=145
[32205000] Monitor: busy=1, cmd=00, enable=0, error=0, total_writes=145
[32215000] Monitor: busy=1, cmd=00, enable=0, error=0, total_writes=145
[32225000] Monitor: busy=1, cmd=00, enable=0, error=0, total_writes=145
[32235000] Monitor: busy=1, cmd=00, enable=0, error=0, total_writes=145
[32245000] Monitor: busy=1, cmd=00, enable=0, error=0, total_writes=145
[32255000] Monitor: busy=1, cmd=00, enable=0, error=0, total_writes=145
[32265000] Write completed successfully (TB count now: 144, DUT cycles: 146)
  Testing read after write...
[32265000] Reading word from array...
[32265000] Monitor: busy=1, cmd=00, enable=0, error=0, total_writes=146
[32275000] Monitor: busy=0, cmd=01, enable=1, error=0, total_writes=146
[32295000] Monitor: busy=1, cmd=00, enable=0, error=0, total_writes=146
[32305000] Monitor: busy=1, cmd=00, enable=0, error=0, total_writes=146
[32315000] Monitor: busy=1, cmd=00, enable=0, error=0, total_writes=146
[32325000] Monitor: busy=1, cmd=00, enable=0, error=0, total_writes=146
[32335000] Read data: 0xcafebabe
  [OK] Read verification successful
Phase 9 write 105/158: pattern=0xdeadbeef (TB_writes=144, DUT_cycles=146)
[32335000] Writing word: 0xdeadbeef (TB count: 144, DUT cycles: 146)
[32335000] Monitor: busy=1, cmd=00, enable=0, error=0, total_writes=146
[32345000] Monitor: busy=0, cmd=10, enable=1, error=0, total_writes=146
[32365000] Monitor: busy=1, cmd=00, enable=0, error=0, total_writes=146
[32375000] Monitor: busy=1, cmd=00, enable=0, error=0, total_writes=146
[32385000] Monitor: busy=1, cmd=00, enable=0, error=0, total_writes=146
[32395000] Monitor: busy=1, cmd=00, enable=0, error=0, total_writes=146
[32405000] Monitor: busy=1, cmd=00, enable=0, error=0, total_writes=146
[32415000] Monitor: busy=1, cmd=00, enable=0, error=0, total_writes=146
[32425000] Monitor: busy=1, cmd=00, enable=0, error=0, total_writes=146
[32435000] Monitor: busy=1, cmd=00, enable=0, error=0, total_writes=146
[32445000] Monitor: busy=1, cmd=00, enable=0, error=0, total_writes=146
[32455000] Monitor: busy=1, cmd=00, enable=0, error=0, total_writes=146
[32465000] Monitor: busy=1, cmd=00, enable=0, error=0, total_writes=146
[32475000] Write completed successfully (TB count now: 145, DUT cycles: 147)
  Testing read after write...
[32475000] Reading word from array...
[32475000] Monitor: busy=1, cmd=00, enable=0, error=0, total_writes=147
[32485000] Monitor: busy=0, cmd=01, enable=1, error=0, total_writes=147
[32505000] Monitor: busy=1, cmd=00, enable=0, error=0, total_writes=147
[32515000] Monitor: busy=1, cmd=00, enable=0, error=0, total_writes=147
[32525000] Monitor: busy=1, cmd=00, enable=0, error=0, total_writes=147
[32535000] Monitor: busy=1, cmd=00, enable=0, error=0, total_writes=147
[32545000] Read data: 0xdeadbeef
  [OK] Read verification successful
Phase 9 write 106/158: pattern=0xcafebabe (TB_writes=145, DUT_cycles=147)
[32545000] Writing word: 0xcafebabe (TB count: 145, DUT cycles: 147)
[32545000] Monitor: busy=1, cmd=00, enable=0, error=0, total_writes=147
[32555000] Monitor: busy=0, cmd=10, enable=1, error=0, total_writes=147
[32575000] Monitor: busy=1, cmd=00, enable=0, error=0, total_writes=147
[32585000] Monitor: busy=1, cmd=00, enable=0, error=0, total_writes=147
[32595000] Monitor: busy=1, cmd=00, enable=0, error=0, total_writes=147
[32605000] Monitor: busy=1, cmd=00, enable=0, error=0, total_writes=147
[32615000] Monitor: busy=1, cmd=00, enable=0, error=0, total_writes=147
[32625000] Monitor: busy=1, cmd=00, enable=0, error=0, total_writes=147
[32635000] Monitor: busy=1, cmd=00, enable=0, error=0, total_writes=147
[32645000] Monitor: busy=1, cmd=00, enable=0, error=0, total_writes=147
[32655000] Monitor: busy=1, cmd=00, enable=0, error=0, total_writes=147
[32665000] Monitor: busy=1, cmd=00, enable=0, error=0, total_writes=147
[32675000] Monitor: busy=1, cmd=00, enable=0, error=0, total_writes=147
[32685000] Write completed successfully (TB count now: 146, DUT cycles: 148)
  Testing read after write...
[32685000] Reading word from array...
[32685000] Monitor: busy=1, cmd=00, enable=0, error=0, total_writes=148
[32695000] Monitor: busy=0, cmd=01, enable=1, error=0, total_writes=148
[32715000] Monitor: busy=1, cmd=00, enable=0, error=0, total_writes=148
[32725000] Monitor: busy=1, cmd=00, enable=0, error=0, total_writes=148
[32735000] Monitor: busy=1, cmd=00, enable=0, error=0, total_writes=148
[32745000] Monitor: busy=1, cmd=00, enable=0, error=0, total_writes=148
[32755000] Read data: 0xcafebabe
  [OK] Read verification successful
Phase 9 write 107/158: pattern=0xdeadbeef (TB_writes=146, DUT_cycles=148)
[32755000] Writing word: 0xdeadbeef (TB count: 146, DUT cycles: 148)
[32755000] Monitor: busy=1, cmd=00, enable=0, error=0, total_writes=148
[32765000] Monitor: busy=0, cmd=10, enable=1, error=0, total_writes=148
[32785000] Monitor: busy=1, cmd=00, enable=0, error=0, total_writes=148
[32795000] Monitor: busy=1, cmd=00, enable=0, error=0, total_writes=148
[32805000] Monitor: busy=1, cmd=00, enable=0, error=0, total_writes=148
[32815000] Monitor: busy=1, cmd=00, enable=0, error=0, total_writes=148
[32825000] Monitor: busy=1, cmd=00, enable=0, error=0, total_writes=148
[32835000] Monitor: busy=1, cmd=00, enable=0, error=0, total_writes=148
[32845000] Monitor: busy=1, cmd=00, enable=0, error=0, total_writes=148
[32855000] Monitor: busy=1, cmd=00, enable=0, error=0, total_writes=148
[32865000] Monitor: busy=1, cmd=00, enable=0, error=0, total_writes=148
[32875000] Monitor: busy=1, cmd=00, enable=0, error=0, total_writes=148
[32885000] Monitor: busy=1, cmd=00, enable=0, error=0, total_writes=148
[32895000] Write completed successfully (TB count now: 147, DUT cycles: 149)
  Testing read after write...
[32895000] Reading word from array...
[32895000] Monitor: busy=1, cmd=00, enable=0, error=0, total_writes=149
[32905000] Monitor: busy=0, cmd=01, enable=1, error=0, total_writes=149
[32925000] Monitor: busy=1, cmd=00, enable=0, error=0, total_writes=149
[32935000] Monitor: busy=1, cmd=00, enable=0, error=0, total_writes=149
[32945000] Monitor: busy=1, cmd=00, enable=0, error=0, total_writes=149
[32955000] Monitor: busy=1, cmd=00, enable=0, error=0, total_writes=149
[32965000] Read data: 0xdeadbeef
  [OK] Read verification successful
Phase 9 write 108/158: pattern=0xcafebabe (TB_writes=147, DUT_cycles=149)
[32965000] Writing word: 0xcafebabe (TB count: 147, DUT cycles: 149)
[32965000] Monitor: busy=1, cmd=00, enable=0, error=0, total_writes=149
[32975000] Monitor: busy=0, cmd=10, enable=1, error=0, total_writes=149
[32995000] Monitor: busy=1, cmd=00, enable=0, error=0, total_writes=149
[33005000] Monitor: busy=1, cmd=00, enable=0, error=0, total_writes=149
[33015000] Monitor: busy=1, cmd=00, enable=0, error=0, total_writes=149
[33025000] Monitor: busy=1, cmd=00, enable=0, error=0, total_writes=149
[33035000] Monitor: busy=1, cmd=00, enable=0, error=0, total_writes=149
[33045000] Monitor: busy=1, cmd=00, enable=0, error=0, total_writes=149
[33055000] Monitor: busy=1, cmd=00, enable=0, error=0, total_writes=149
[33065000] Monitor: busy=1, cmd=00, enable=0, error=0, total_writes=149
[33075000] Monitor: busy=1, cmd=00, enable=0, error=0, total_writes=149
[33085000] Monitor: busy=1, cmd=00, enable=0, error=0, total_writes=149
[33095000] Monitor: busy=1, cmd=00, enable=0, error=0, total_writes=149
[33105000] Write completed successfully (TB count now: 148, DUT cycles: 150)
  Testing read after write...
[33105000] Reading word from array...
[33105000] Monitor: busy=1, cmd=00, enable=0, error=0, total_writes=150
[33115000] Monitor: busy=0, cmd=01, enable=1, error=0, total_writes=150
[33135000] Monitor: busy=1, cmd=00, enable=0, error=0, total_writes=150
[33145000] Monitor: busy=1, cmd=00, enable=0, error=0, total_writes=150
[33155000] Monitor: busy=1, cmd=00, enable=0, error=0, total_writes=150
[33165000] Monitor: busy=1, cmd=00, enable=0, error=0, total_writes=150
[33175000] Read data: 0xcafebabe
  [OK] Read verification successful
Phase 9 write 109/158: pattern=0xdeadbeef (TB_writes=148, DUT_cycles=150)
[33175000] Writing word: 0xdeadbeef (TB count: 148, DUT cycles: 150)
[33175000] Monitor: busy=1, cmd=00, enable=0, error=0, total_writes=150
[33185000] Monitor: busy=0, cmd=10, enable=1, error=0, total_writes=150
[33205000] Monitor: busy=1, cmd=00, enable=0, error=0, total_writes=150
[33215000] Monitor: busy=1, cmd=00, enable=0, error=0, total_writes=150
[33225000] Monitor: busy=1, cmd=00, enable=0, error=0, total_writes=150
[33235000] Monitor: busy=1, cmd=00, enable=0, error=0, total_writes=150
[33245000] Monitor: busy=1, cmd=00, enable=0, error=0, total_writes=150
[33255000] Monitor: busy=1, cmd=00, enable=0, error=0, total_writes=150
[33265000] Monitor: busy=1, cmd=00, enable=0, error=0, total_writes=150
[33275000] Monitor: busy=1, cmd=00, enable=0, error=0, total_writes=150
[33285000] Monitor: busy=1, cmd=00, enable=0, error=0, total_writes=150
[33295000] Monitor: busy=1, cmd=00, enable=0, error=0, total_writes=150
[33305000] Monitor: busy=1, cmd=00, enable=0, error=0, total_writes=150
[33315000] Write completed successfully (TB count now: 149, DUT cycles: 151)
  Testing read after write...
[33315000] Reading word from array...
[33315000] Monitor: busy=1, cmd=00, enable=0, error=0, total_writes=151
[33325000] Monitor: busy=0, cmd=01, enable=1, error=0, total_writes=151
[33345000] Monitor: busy=1, cmd=00, enable=0, error=0, total_writes=151
[33355000] Monitor: busy=1, cmd=00, enable=0, error=0, total_writes=151
[33365000] Monitor: busy=1, cmd=00, enable=0, error=0, total_writes=151
[33375000] Monitor: busy=1, cmd=00, enable=0, error=0, total_writes=151
[33385000] Read data: 0xdeadbeef
  [OK] Read verification successful
Phase 9 write 110/158: pattern=0xcafebabe (TB_writes=149, DUT_cycles=151)
[33385000] Writing word: 0xcafebabe (TB count: 149, DUT cycles: 151)
[33385000] Monitor: busy=1, cmd=00, enable=0, error=0, total_writes=151
[33395000] Monitor: busy=0, cmd=10, enable=1, error=0, total_writes=151
[33415000] Monitor: busy=1, cmd=00, enable=0, error=0, total_writes=151
[33425000] Monitor: busy=1, cmd=00, enable=0, error=0, total_writes=151
[33435000] Monitor: busy=1, cmd=00, enable=0, error=0, total_writes=151
[33445000] Monitor: busy=1, cmd=00, enable=0, error=0, total_writes=151
[33455000] Monitor: busy=1, cmd=00, enable=0, error=0, total_writes=151
[33465000] Monitor: busy=1, cmd=00, enable=0, error=0, total_writes=151
[33475000] Monitor: busy=1, cmd=00, enable=0, error=0, total_writes=151
[33485000] Monitor: busy=1, cmd=00, enable=0, error=0, total_writes=151
[33495000] Monitor: busy=1, cmd=00, enable=0, error=0, total_writes=151
[33505000] Monitor: busy=1, cmd=00, enable=0, error=0, total_writes=151
[33515000] Monitor: busy=1, cmd=00, enable=0, error=0, total_writes=151
[33525000] Write completed successfully (TB count now: 150, DUT cycles: 152)
  Testing read after write...
[33525000] Reading word from array...
[33525000] Monitor: busy=1, cmd=00, enable=0, error=0, total_writes=152
[33535000] Monitor: busy=0, cmd=01, enable=1, error=0, total_writes=152
[33555000] Monitor: busy=1, cmd=00, enable=0, error=0, total_writes=152
[33565000] Monitor: busy=1, cmd=00, enable=0, error=0, total_writes=152
[33575000] Monitor: busy=1, cmd=00, enable=0, error=0, total_writes=152
[33585000] Monitor: busy=1, cmd=00, enable=0, error=0, total_writes=152
[33595000] Read data: 0xcafebabe
  [OK] Read verification successful
Phase 9 write 111/158: pattern=0xdeadbeef (TB_writes=150, DUT_cycles=152)
[33595000] Writing word: 0xdeadbeef (TB count: 150, DUT cycles: 152)
[33595000] Monitor: busy=1, cmd=00, enable=0, error=0, total_writes=152
[33605000] Monitor: busy=0, cmd=10, enable=1, error=0, total_writes=152
[33625000] Monitor: busy=1, cmd=00, enable=0, error=0, total_writes=152
[33635000] Monitor: busy=1, cmd=00, enable=0, error=0, total_writes=152
[33645000] Monitor: busy=1, cmd=00, enable=0, error=0, total_writes=152
[33655000] Monitor: busy=1, cmd=00, enable=0, error=0, total_writes=152
[33665000] Monitor: busy=1, cmd=00, enable=0, error=0, total_writes=152
[33675000] Monitor: busy=1, cmd=00, enable=0, error=0, total_writes=152
[33685000] Monitor: busy=1, cmd=00, enable=0, error=0, total_writes=152
[33695000] Monitor: busy=1, cmd=00, enable=0, error=0, total_writes=152
[33705000] Monitor: busy=1, cmd=00, enable=0, error=0, total_writes=152
[33715000] Monitor: busy=1, cmd=00, enable=0, error=0, total_writes=152
[33725000] Monitor: busy=1, cmd=00, enable=0, error=0, total_writes=152
[33735000] Write completed successfully (TB count now: 151, DUT cycles: 153)
  Testing read after write...
[33735000] Reading word from array...
[33735000] Monitor: busy=1, cmd=00, enable=0, error=0, total_writes=153
[33745000] Monitor: busy=0, cmd=01, enable=1, error=0, total_writes=153
[33765000] Monitor: busy=1, cmd=00, enable=0, error=0, total_writes=153
[33775000] Monitor: busy=1, cmd=00, enable=0, error=0, total_writes=153
[33785000] Monitor: busy=1, cmd=00, enable=0, error=0, total_writes=153
[33795000] Monitor: busy=1, cmd=00, enable=0, error=0, total_writes=153
[33805000] Read data: 0xdeadbeef
  [OK] Read verification successful
Phase 9 write 112/158: pattern=0xcafebabe (TB_writes=151, DUT_cycles=153)
[33805000] Writing word: 0xcafebabe (TB count: 151, DUT cycles: 153)
[33805000] Monitor: busy=1, cmd=00, enable=0, error=0, total_writes=153
[33815000] Monitor: busy=0, cmd=10, enable=1, error=0, total_writes=153
[33835000] Monitor: busy=1, cmd=00, enable=0, error=0, total_writes=153
[33845000] Monitor: busy=1, cmd=00, enable=0, error=0, total_writes=153
[33855000] Monitor: busy=1, cmd=00, enable=0, error=0, total_writes=153
[33865000] Monitor: busy=1, cmd=00, enable=0, error=0, total_writes=153
[33875000] Monitor: busy=1, cmd=00, enable=0, error=0, total_writes=153
[33885000] Monitor: busy=1, cmd=00, enable=0, error=0, total_writes=153
[33895000] Monitor: busy=1, cmd=00, enable=0, error=0, total_writes=153
[33905000] Monitor: busy=1, cmd=00, enable=0, error=0, total_writes=153
[33915000] Monitor: busy=1, cmd=00, enable=0, error=0, total_writes=153
[33925000] Monitor: busy=1, cmd=00, enable=0, error=0, total_writes=153
[33935000] Monitor: busy=1, cmd=00, enable=0, error=0, total_writes=153
[33945000] Write completed successfully (TB count now: 152, DUT cycles: 154)
  Testing read after write...
[33945000] Reading word from array...
[33945000] Monitor: busy=1, cmd=00, enable=0, error=0, total_writes=154
[33955000] Monitor: busy=0, cmd=01, enable=1, error=0, total_writes=154
[33975000] Monitor: busy=1, cmd=00, enable=0, error=0, total_writes=154
[33985000] Monitor: busy=1, cmd=00, enable=0, error=0, total_writes=154
[33995000] Monitor: busy=1, cmd=00, enable=0, error=0, total_writes=154
[34005000] Monitor: busy=1, cmd=00, enable=0, error=0, total_writes=154
[34015000] Read data: 0xcafebabe
  [OK] Read verification successful
Phase 9 write 113/158: pattern=0xdeadbeef (TB_writes=152, DUT_cycles=154)
[34015000] Writing word: 0xdeadbeef (TB count: 152, DUT cycles: 154)
[34015000] Monitor: busy=1, cmd=00, enable=0, error=0, total_writes=154
[34025000] Monitor: busy=0, cmd=10, enable=1, error=0, total_writes=154
[34045000] Monitor: busy=1, cmd=00, enable=0, error=0, total_writes=154
[34055000] Monitor: busy=1, cmd=00, enable=0, error=0, total_writes=154
[34065000] Monitor: busy=1, cmd=00, enable=0, error=0, total_writes=154
[34075000] Monitor: busy=1, cmd=00, enable=0, error=0, total_writes=154
[34085000] Monitor: busy=1, cmd=00, enable=0, error=0, total_writes=154
[34095000] Monitor: busy=1, cmd=00, enable=0, error=0, total_writes=154
[34105000] Monitor: busy=1, cmd=00, enable=0, error=0, total_writes=154
[34115000] Monitor: busy=1, cmd=00, enable=0, error=0, total_writes=154
[34125000] Monitor: busy=1, cmd=00, enable=0, error=0, total_writes=154
[34135000] Monitor: busy=1, cmd=00, enable=0, error=0, total_writes=154
[34145000] Monitor: busy=1, cmd=00, enable=0, error=0, total_writes=154
[34155000] Write completed successfully (TB count now: 153, DUT cycles: 155)
  Testing read after write...
[34155000] Reading word from array...
[34155000] Monitor: busy=1, cmd=00, enable=0, error=0, total_writes=155
[34165000] Monitor: busy=0, cmd=01, enable=1, error=0, total_writes=155
[34185000] Monitor: busy=1, cmd=00, enable=0, error=0, total_writes=155
[34195000] Monitor: busy=1, cmd=00, enable=0, error=0, total_writes=155
[34205000] Monitor: busy=1, cmd=00, enable=0, error=0, total_writes=155
[34215000] Monitor: busy=1, cmd=00, enable=0, error=0, total_writes=155
[34225000] Read data: 0xdeadbeef
  [OK] Read verification successful
Phase 9 write 114/158: pattern=0xcafebabe (TB_writes=153, DUT_cycles=155)
[34225000] Writing word: 0xcafebabe (TB count: 153, DUT cycles: 155)
[34225000] Monitor: busy=1, cmd=00, enable=0, error=0, total_writes=155
[34235000] Monitor: busy=0, cmd=10, enable=1, error=0, total_writes=155
[34255000] Monitor: busy=1, cmd=00, enable=0, error=0, total_writes=155
[34265000] Monitor: busy=1, cmd=00, enable=0, error=0, total_writes=155
[34275000] Monitor: busy=1, cmd=00, enable=0, error=0, total_writes=155
[34285000] Monitor: busy=1, cmd=00, enable=0, error=0, total_writes=155
[34295000] Monitor: busy=1, cmd=00, enable=0, error=0, total_writes=155
[34305000] Monitor: busy=1, cmd=00, enable=0, error=0, total_writes=155
[34315000] Monitor: busy=1, cmd=00, enable=0, error=0, total_writes=155
[34325000] Monitor: busy=1, cmd=00, enable=0, error=0, total_writes=155
[34335000] Monitor: busy=1, cmd=00, enable=0, error=0, total_writes=155
[34345000] Monitor: busy=1, cmd=00, enable=0, error=0, total_writes=155
[34355000] Monitor: busy=1, cmd=00, enable=0, error=0, total_writes=155
[34365000] Write completed successfully (TB count now: 154, DUT cycles: 156)
  Testing read after write...
[34365000] Reading word from array...
[34365000] Monitor: busy=1, cmd=00, enable=0, error=0, total_writes=156
[34375000] Monitor: busy=0, cmd=01, enable=1, error=0, total_writes=156
[34395000] Monitor: busy=1, cmd=00, enable=0, error=0, total_writes=156
[34405000] Monitor: busy=1, cmd=00, enable=0, error=0, total_writes=156
[34415000] Monitor: busy=1, cmd=00, enable=0, error=0, total_writes=156
[34425000] Monitor: busy=1, cmd=00, enable=0, error=0, total_writes=156
[34435000] Read data: 0xcafebabe
  [OK] Read verification successful
Phase 9 write 115/158: pattern=0xdeadbeef (TB_writes=154, DUT_cycles=156)
[34435000] Writing word: 0xdeadbeef (TB count: 154, DUT cycles: 156)
[34435000] Monitor: busy=1, cmd=00, enable=0, error=0, total_writes=156
[34445000] Monitor: busy=0, cmd=10, enable=1, error=0, total_writes=156
[34465000] Monitor: busy=1, cmd=00, enable=0, error=0, total_writes=156
[34475000] Monitor: busy=1, cmd=00, enable=0, error=0, total_writes=156
[34485000] Monitor: busy=1, cmd=00, enable=0, error=0, total_writes=156
[34495000] Monitor: busy=1, cmd=00, enable=0, error=0, total_writes=156
[34505000] Monitor: busy=1, cmd=00, enable=0, error=0, total_writes=156
[34515000] Monitor: busy=1, cmd=00, enable=0, error=0, total_writes=156
[34525000] Monitor: busy=1, cmd=00, enable=0, error=0, total_writes=156
[34535000] Monitor: busy=1, cmd=00, enable=0, error=0, total_writes=156
[34545000] Monitor: busy=1, cmd=00, enable=0, error=0, total_writes=156
[34555000] Monitor: busy=1, cmd=00, enable=0, error=0, total_writes=156
[34565000] Monitor: busy=1, cmd=00, enable=0, error=0, total_writes=156
[34575000] Write completed successfully (TB count now: 155, DUT cycles: 157)
  Testing read after write...
[34575000] Reading word from array...
[34575000] Monitor: busy=1, cmd=00, enable=0, error=0, total_writes=157
[34585000] Monitor: busy=0, cmd=01, enable=1, error=0, total_writes=157
[34605000] Monitor: busy=1, cmd=00, enable=0, error=0, total_writes=157
[34615000] Monitor: busy=1, cmd=00, enable=0, error=0, total_writes=157
[34625000] Monitor: busy=1, cmd=00, enable=0, error=0, total_writes=157
[34635000] Monitor: busy=1, cmd=00, enable=0, error=0, total_writes=157
[34645000] Read data: 0xdeadbeef
  [OK] Read verification successful
Phase 9 write 116/158: pattern=0xcafebabe (TB_writes=155, DUT_cycles=157)
[34645000] Writing word: 0xcafebabe (TB count: 155, DUT cycles: 157)
[34645000] Monitor: busy=1, cmd=00, enable=0, error=0, total_writes=157
[34655000] Monitor: busy=0, cmd=10, enable=1, error=0, total_writes=157
[34675000] Monitor: busy=1, cmd=00, enable=0, error=0, total_writes=157
[34685000] Monitor: busy=1, cmd=00, enable=0, error=0, total_writes=157
[34695000] Monitor: busy=1, cmd=00, enable=0, error=0, total_writes=157
[34705000] Monitor: busy=1, cmd=00, enable=0, error=0, total_writes=157
[34715000] Monitor: busy=1, cmd=00, enable=0, error=0, total_writes=157
[34725000] Monitor: busy=1, cmd=00, enable=0, error=0, total_writes=157
[34735000] Monitor: busy=1, cmd=00, enable=0, error=0, total_writes=157
[34745000] Monitor: busy=1, cmd=00, enable=0, error=0, total_writes=157
[34755000] Monitor: busy=1, cmd=00, enable=0, error=0, total_writes=157
[34765000] Monitor: busy=1, cmd=00, enable=0, error=0, total_writes=157
[34775000] Monitor: busy=1, cmd=00, enable=0, error=0, total_writes=157
[34785000] Write completed successfully (TB count now: 156, DUT cycles: 158)
  Testing read after write...
[34785000] Reading word from array...
[34785000] Monitor: busy=1, cmd=00, enable=0, error=0, total_writes=158
[34795000] Monitor: busy=0, cmd=01, enable=1, error=0, total_writes=158
[34815000] Monitor: busy=1, cmd=00, enable=0, error=0, total_writes=158
[34825000] Monitor: busy=1, cmd=00, enable=0, error=0, total_writes=158
[34835000] Monitor: busy=1, cmd=00, enable=0, error=0, total_writes=158
[34845000] Monitor: busy=1, cmd=00, enable=0, error=0, total_writes=158
[34855000] Read data: 0xcafebabe
  [OK] Read verification successful
Phase 9 write 117/158: pattern=0xdeadbeef (TB_writes=156, DUT_cycles=158)
[34855000] Writing word: 0xdeadbeef (TB count: 156, DUT cycles: 158)
[34855000] Monitor: busy=1, cmd=00, enable=0, error=0, total_writes=158
[34865000] Monitor: busy=0, cmd=10, enable=1, error=0, total_writes=158
[34885000] Monitor: busy=1, cmd=00, enable=0, error=0, total_writes=158
[34895000] Monitor: busy=1, cmd=00, enable=0, error=0, total_writes=158
[34905000] Monitor: busy=1, cmd=00, enable=0, error=0, total_writes=158
[34915000] Monitor: busy=1, cmd=00, enable=0, error=0, total_writes=158
[34925000] Monitor: busy=1, cmd=00, enable=0, error=0, total_writes=158
[34935000] Monitor: busy=1, cmd=00, enable=0, error=0, total_writes=158
[34945000] Monitor: busy=1, cmd=00, enable=0, error=0, total_writes=158
[34955000] Monitor: busy=1, cmd=00, enable=0, error=0, total_writes=158
[34965000] Monitor: busy=1, cmd=00, enable=0, error=0, total_writes=158
[34975000] Monitor: busy=1, cmd=00, enable=0, error=0, total_writes=158
[34985000] Monitor: busy=1, cmd=00, enable=0, error=0, total_writes=158
[34995000] Write completed successfully (TB count now: 157, DUT cycles: 159)
  Testing read after write...
[34995000] Reading word from array...
[34995000] Monitor: busy=1, cmd=00, enable=0, error=0, total_writes=159
[35005000] Monitor: busy=0, cmd=01, enable=1, error=0, total_writes=159
[35025000] Monitor: busy=1, cmd=00, enable=0, error=0, total_writes=159
[35035000] Monitor: busy=1, cmd=00, enable=0, error=0, total_writes=159
[35045000] Monitor: busy=1, cmd=00, enable=0, error=0, total_writes=159
[35055000] Monitor: busy=1, cmd=00, enable=0, error=0, total_writes=159
[35065000] Read data: 0xdeadbeef
  [OK] Read verification successful
Phase 9 write 118/158: pattern=0xcafebabe (TB_writes=157, DUT_cycles=159)
[35065000] Writing word: 0xcafebabe (TB count: 157, DUT cycles: 159)
[35065000] Monitor: busy=1, cmd=00, enable=0, error=0, total_writes=159
[35075000] Monitor: busy=0, cmd=10, enable=1, error=0, total_writes=159
[35095000] Monitor: busy=1, cmd=00, enable=0, error=0, total_writes=159
[35105000] Monitor: busy=1, cmd=00, enable=0, error=0, total_writes=159
[35115000] Monitor: busy=1, cmd=00, enable=0, error=0, total_writes=159
[35125000] Monitor: busy=1, cmd=00, enable=0, error=0, total_writes=159
[35135000] Monitor: busy=1, cmd=00, enable=0, error=0, total_writes=159
[35145000] Monitor: busy=1, cmd=00, enable=0, error=0, total_writes=159
[35155000] Monitor: busy=1, cmd=00, enable=0, error=0, total_writes=159
[35165000] Monitor: busy=1, cmd=00, enable=0, error=0, total_writes=159
[35175000] Monitor: busy=1, cmd=00, enable=0, error=0, total_writes=159
[35185000] Monitor: busy=1, cmd=00, enable=0, error=0, total_writes=159
[35195000] Monitor: busy=1, cmd=00, enable=0, error=0, total_writes=159
[35205000] Write completed successfully (TB count now: 158, DUT cycles: 160)
  Testing read after write...
[35205000] Reading word from array...
[35205000] Monitor: busy=1, cmd=00, enable=0, error=0, total_writes=160
[35215000] Monitor: busy=0, cmd=01, enable=1, error=0, total_writes=160
[35235000] Monitor: busy=1, cmd=00, enable=0, error=0, total_writes=160
[35245000] Monitor: busy=1, cmd=00, enable=0, error=0, total_writes=160
[35255000] Monitor: busy=1, cmd=00, enable=0, error=0, total_writes=160
[35265000] Monitor: busy=1, cmd=00, enable=0, error=0, total_writes=160
[35275000] Read data: 0xcafebabe
  [OK] Read verification successful
Phase 9 write 119/158: pattern=0xdeadbeef (TB_writes=158, DUT_cycles=160)
[35275000] Writing word: 0xdeadbeef (TB count: 158, DUT cycles: 160)
[35275000] Monitor: busy=1, cmd=00, enable=0, error=0, total_writes=160
[35285000] Monitor: busy=0, cmd=10, enable=1, error=0, total_writes=160
[35305000] Monitor: busy=1, cmd=00, enable=0, error=0, total_writes=160
[35315000] Monitor: busy=1, cmd=00, enable=0, error=0, total_writes=160
[35325000] Monitor: busy=1, cmd=00, enable=0, error=0, total_writes=160
[35335000] Monitor: busy=1, cmd=00, enable=0, error=0, total_writes=160
[35345000] Monitor: busy=1, cmd=00, enable=0, error=0, total_writes=160
[35355000] Monitor: busy=1, cmd=00, enable=0, error=0, total_writes=160
[35365000] Monitor: busy=1, cmd=00, enable=0, error=0, total_writes=160
[35375000] Monitor: busy=1, cmd=00, enable=0, error=0, total_writes=160
[35385000] Monitor: busy=1, cmd=00, enable=0, error=0, total_writes=160
[35395000] Monitor: busy=1, cmd=00, enable=0, error=0, total_writes=160
[35405000] Monitor: busy=1, cmd=00, enable=0, error=0, total_writes=160
[35415000] Write completed successfully (TB count now: 159, DUT cycles: 161)
  Testing read after write...
[35415000] Reading word from array...
[35415000] Monitor: busy=1, cmd=00, enable=0, error=0, total_writes=161
[35425000] Monitor: busy=0, cmd=01, enable=1, error=0, total_writes=161
[35445000] Monitor: busy=1, cmd=00, enable=0, error=0, total_writes=161
[35455000] Monitor: busy=1, cmd=00, enable=0, error=0, total_writes=161
[35465000] Monitor: busy=1, cmd=00, enable=0, error=0, total_writes=161
[35475000] Monitor: busy=1, cmd=00, enable=0, error=0, total_writes=161
[35485000] Read data: 0xdeadbeef
  [OK] Read verification successful
Phase 9 write 120/158: pattern=0xcafebabe (TB_writes=159, DUT_cycles=161)
[35485000] Writing word: 0xcafebabe (TB count: 159, DUT cycles: 161)
[35485000] Monitor: busy=1, cmd=00, enable=0, error=0, total_writes=161
[35495000] Monitor: busy=0, cmd=10, enable=1, error=0, total_writes=161
[35515000] Monitor: busy=1, cmd=00, enable=0, error=0, total_writes=161
[35525000] Monitor: busy=1, cmd=00, enable=0, error=0, total_writes=161
[35535000] Monitor: busy=1, cmd=00, enable=0, error=0, total_writes=161
[35545000] Monitor: busy=1, cmd=00, enable=0, error=0, total_writes=161
[35555000] Monitor: busy=1, cmd=00, enable=0, error=0, total_writes=161
[35565000] Monitor: busy=1, cmd=00, enable=0, error=0, total_writes=161
[35575000] Monitor: busy=1, cmd=00, enable=0, error=0, total_writes=161
[35585000] Monitor: busy=1, cmd=00, enable=0, error=0, total_writes=161
[35595000] Monitor: busy=1, cmd=00, enable=0, error=0, total_writes=161
[35605000] Monitor: busy=1, cmd=00, enable=0, error=0, total_writes=161
[35615000] Monitor: busy=1, cmd=00, enable=0, error=0, total_writes=161
[35625000] Write completed successfully (TB count now: 160, DUT cycles: 162)
  Testing read after write...
[35625000] Reading word from array...
[35625000] Monitor: busy=1, cmd=00, enable=0, error=0, total_writes=162
[35635000] Monitor: busy=0, cmd=01, enable=1, error=0, total_writes=162
[35655000] Monitor: busy=1, cmd=00, enable=0, error=0, total_writes=162
[35665000] Monitor: busy=1, cmd=00, enable=0, error=0, total_writes=162
[35675000] Monitor: busy=1, cmd=00, enable=0, error=0, total_writes=162
[35685000] Monitor: busy=1, cmd=00, enable=0, error=0, total_writes=162
[35695000] Read data: 0xcafebabe
  [OK] Read verification successful
Phase 9 write 121/158: pattern=0xdeadbeef (TB_writes=160, DUT_cycles=162)
[35695000] Writing word: 0xdeadbeef (TB count: 160, DUT cycles: 162)
[35695000] Monitor: busy=1, cmd=00, enable=0, error=0, total_writes=162
[35705000] Monitor: busy=0, cmd=10, enable=1, error=0, total_writes=162
[35725000] Monitor: busy=1, cmd=00, enable=0, error=0, total_writes=162
[35735000] Monitor: busy=1, cmd=00, enable=0, error=0, total_writes=162
[35745000] Monitor: busy=1, cmd=00, enable=0, error=0, total_writes=162
[35755000] Monitor: busy=1, cmd=00, enable=0, error=0, total_writes=162
[35765000] Monitor: busy=1, cmd=00, enable=0, error=0, total_writes=162
[35775000] Monitor: busy=1, cmd=00, enable=0, error=0, total_writes=162
[35785000] Monitor: busy=1, cmd=00, enable=0, error=0, total_writes=162
[35795000] Monitor: busy=1, cmd=00, enable=0, error=0, total_writes=162
[35805000] Monitor: busy=1, cmd=00, enable=0, error=0, total_writes=162
[35815000] Monitor: busy=1, cmd=00, enable=0, error=0, total_writes=162
[35825000] Monitor: busy=1, cmd=00, enable=0, error=0, total_writes=162
[35835000] Write completed successfully (TB count now: 161, DUT cycles: 163)
  Testing read after write...
[35835000] Reading word from array...
[35835000] Monitor: busy=1, cmd=00, enable=0, error=0, total_writes=163
[35845000] Monitor: busy=0, cmd=01, enable=1, error=0, total_writes=163
[35865000] Monitor: busy=1, cmd=00, enable=0, error=0, total_writes=163
[35875000] Monitor: busy=1, cmd=00, enable=0, error=0, total_writes=163
[35885000] Monitor: busy=1, cmd=00, enable=0, error=0, total_writes=163
[35895000] Monitor: busy=1, cmd=00, enable=0, error=0, total_writes=163
[35905000] Read data: 0xdeadbeef
  [OK] Read verification successful
Phase 9 write 122/158: pattern=0xcafebabe (TB_writes=161, DUT_cycles=163)
[35905000] Writing word: 0xcafebabe (TB count: 161, DUT cycles: 163)
[35905000] Monitor: busy=1, cmd=00, enable=0, error=0, total_writes=163
[35915000] Monitor: busy=0, cmd=10, enable=1, error=0, total_writes=163
[35935000] Monitor: busy=1, cmd=00, enable=0, error=0, total_writes=163
[35945000] Monitor: busy=1, cmd=00, enable=0, error=0, total_writes=163
[35955000] Monitor: busy=1, cmd=00, enable=0, error=0, total_writes=163
[35965000] Monitor: busy=1, cmd=00, enable=0, error=0, total_writes=163
[35975000] Monitor: busy=1, cmd=00, enable=0, error=0, total_writes=163
[35985000] Monitor: busy=1, cmd=00, enable=0, error=0, total_writes=163
[35995000] Monitor: busy=1, cmd=00, enable=0, error=0, total_writes=163
[36005000] Monitor: busy=1, cmd=00, enable=0, error=0, total_writes=163
[36015000] Monitor: busy=1, cmd=00, enable=0, error=0, total_writes=163
[36025000] Monitor: busy=1, cmd=00, enable=0, error=0, total_writes=163
[36035000] Monitor: busy=1, cmd=00, enable=0, error=0, total_writes=163
[36045000] Write completed successfully (TB count now: 162, DUT cycles: 164)
  Testing read after write...
[36045000] Reading word from array...
[36045000] Monitor: busy=1, cmd=00, enable=0, error=0, total_writes=164
[36055000] Monitor: busy=0, cmd=01, enable=1, error=0, total_writes=164
[36075000] Monitor: busy=1, cmd=00, enable=0, error=0, total_writes=164
[36085000] Monitor: busy=1, cmd=00, enable=0, error=0, total_writes=164
[36095000] Monitor: busy=1, cmd=00, enable=0, error=0, total_writes=164
[36105000] Monitor: busy=1, cmd=00, enable=0, error=0, total_writes=164
[36115000] Read data: 0xcafebabe
  [OK] Read verification successful
Phase 9 write 123/158: pattern=0xdeadbeef (TB_writes=162, DUT_cycles=164)
[36115000] Writing word: 0xdeadbeef (TB count: 162, DUT cycles: 164)
[36115000] Monitor: busy=1, cmd=00, enable=0, error=0, total_writes=164
[36125000] Monitor: busy=0, cmd=10, enable=1, error=0, total_writes=164
[36145000] Monitor: busy=1, cmd=00, enable=0, error=0, total_writes=164
[36155000] Monitor: busy=1, cmd=00, enable=0, error=0, total_writes=164
[36165000] Monitor: busy=1, cmd=00, enable=0, error=0, total_writes=164
[36175000] Monitor: busy=1, cmd=00, enable=0, error=0, total_writes=164
[36185000] Monitor: busy=1, cmd=00, enable=0, error=0, total_writes=164
[36195000] Monitor: busy=1, cmd=00, enable=0, error=0, total_writes=164
[36205000] Monitor: busy=1, cmd=00, enable=0, error=0, total_writes=164
[36215000] Monitor: busy=1, cmd=00, enable=0, error=0, total_writes=164
[36225000] Monitor: busy=1, cmd=00, enable=0, error=0, total_writes=164
[36235000] Monitor: busy=1, cmd=00, enable=0, error=0, total_writes=164
[36245000] Monitor: busy=1, cmd=00, enable=0, error=0, total_writes=164
[36255000] Write completed successfully (TB count now: 163, DUT cycles: 165)
  Testing read after write...
[36255000] Reading word from array...
[36255000] Monitor: busy=1, cmd=00, enable=0, error=0, total_writes=165
[36265000] Monitor: busy=0, cmd=01, enable=1, error=0, total_writes=165
[36285000] Monitor: busy=1, cmd=00, enable=0, error=0, total_writes=165
[36295000] Monitor: busy=1, cmd=00, enable=0, error=0, total_writes=165
[36305000] Monitor: busy=1, cmd=00, enable=0, error=0, total_writes=165
[36315000] Monitor: busy=1, cmd=00, enable=0, error=0, total_writes=165
[36325000] Read data: 0xdeadbeef
  [OK] Read verification successful
Phase 9 write 124/158: pattern=0xcafebabe (TB_writes=163, DUT_cycles=165)
[36325000] Writing word: 0xcafebabe (TB count: 163, DUT cycles: 165)
[36325000] Monitor: busy=1, cmd=00, enable=0, error=0, total_writes=165
[36335000] Monitor: busy=0, cmd=10, enable=1, error=0, total_writes=165
[36355000] Monitor: busy=1, cmd=00, enable=0, error=0, total_writes=165
[36365000] Monitor: busy=1, cmd=00, enable=0, error=0, total_writes=165
[36375000] Monitor: busy=1, cmd=00, enable=0, error=0, total_writes=165
[36385000] Monitor: busy=1, cmd=00, enable=0, error=0, total_writes=165
[36395000] Monitor: busy=1, cmd=00, enable=0, error=0, total_writes=165
[36405000] Monitor: busy=1, cmd=00, enable=0, error=0, total_writes=165
[36415000] Monitor: busy=1, cmd=00, enable=0, error=0, total_writes=165
[36425000] Monitor: busy=1, cmd=00, enable=0, error=0, total_writes=165
[36435000] Monitor: busy=1, cmd=00, enable=0, error=0, total_writes=165
[36445000] Monitor: busy=1, cmd=00, enable=0, error=0, total_writes=165
[36455000] Monitor: busy=1, cmd=00, enable=0, error=0, total_writes=165
[36465000] Write completed successfully (TB count now: 164, DUT cycles: 166)
  Testing read after write...
[36465000] Reading word from array...
[36465000] Monitor: busy=1, cmd=00, enable=0, error=0, total_writes=166
[36475000] Monitor: busy=0, cmd=01, enable=1, error=0, total_writes=166
[36495000] Monitor: busy=1, cmd=00, enable=0, error=0, total_writes=166
[36505000] Monitor: busy=1, cmd=00, enable=0, error=0, total_writes=166
[36515000] Monitor: busy=1, cmd=00, enable=0, error=0, total_writes=166
[36525000] Monitor: busy=1, cmd=00, enable=0, error=0, total_writes=166
[36535000] Read data: 0xcafebabe
  [OK] Read verification successful
Phase 9 write 125/158: pattern=0xdeadbeef (TB_writes=164, DUT_cycles=166)
[36535000] Writing word: 0xdeadbeef (TB count: 164, DUT cycles: 166)
[36535000] Monitor: busy=1, cmd=00, enable=0, error=0, total_writes=166
[36545000] Monitor: busy=0, cmd=10, enable=1, error=0, total_writes=166
[36565000] Monitor: busy=1, cmd=00, enable=0, error=0, total_writes=166
[36575000] Monitor: busy=1, cmd=00, enable=0, error=0, total_writes=166
[36585000] Monitor: busy=1, cmd=00, enable=0, error=0, total_writes=166
[36595000] Monitor: busy=1, cmd=00, enable=0, error=0, total_writes=166
[36605000] Monitor: busy=1, cmd=00, enable=0, error=0, total_writes=166
[36615000] Monitor: busy=1, cmd=00, enable=0, error=0, total_writes=166
[36625000] Monitor: busy=1, cmd=00, enable=0, error=0, total_writes=166
[36635000] Monitor: busy=1, cmd=00, enable=0, error=0, total_writes=166
[36645000] Monitor: busy=1, cmd=00, enable=0, error=0, total_writes=166
[36655000] Monitor: busy=1, cmd=00, enable=0, error=0, total_writes=166
[36665000] Monitor: busy=1, cmd=00, enable=0, error=0, total_writes=166
[36675000] Write completed successfully (TB count now: 165, DUT cycles: 167)
  Testing read after write...
[36675000] Reading word from array...
[36675000] Monitor: busy=1, cmd=00, enable=0, error=0, total_writes=167
[36685000] Monitor: busy=0, cmd=01, enable=1, error=0, total_writes=167
[36705000] Monitor: busy=1, cmd=00, enable=0, error=0, total_writes=167
[36715000] Monitor: busy=1, cmd=00, enable=0, error=0, total_writes=167
[36725000] Monitor: busy=1, cmd=00, enable=0, error=0, total_writes=167
[36735000] Monitor: busy=1, cmd=00, enable=0, error=0, total_writes=167
[36745000] Read data: 0xdeadbeef
  [OK] Read verification successful
Phase 9 write 126/158: pattern=0xcafebabe (TB_writes=165, DUT_cycles=167)
[36745000] Writing word: 0xcafebabe (TB count: 165, DUT cycles: 167)
[36745000] Monitor: busy=1, cmd=00, enable=0, error=0, total_writes=167
[36755000] Monitor: busy=0, cmd=10, enable=1, error=0, total_writes=167
[36775000] Monitor: busy=1, cmd=00, enable=0, error=0, total_writes=167
[36785000] Monitor: busy=1, cmd=00, enable=0, error=0, total_writes=167
[36795000] Monitor: busy=1, cmd=00, enable=0, error=0, total_writes=167
[36805000] Monitor: busy=1, cmd=00, enable=0, error=0, total_writes=167
[36815000] Monitor: busy=1, cmd=00, enable=0, error=0, total_writes=167
[36825000] Monitor: busy=1, cmd=00, enable=0, error=0, total_writes=167
[36835000] Monitor: busy=1, cmd=00, enable=0, error=0, total_writes=167
[36845000] Monitor: busy=1, cmd=00, enable=0, error=0, total_writes=167
[36855000] Monitor: busy=1, cmd=00, enable=0, error=0, total_writes=167
[36865000] Monitor: busy=1, cmd=00, enable=0, error=0, total_writes=167
[36875000] Monitor: busy=1, cmd=00, enable=0, error=0, total_writes=167
[36885000] Write completed successfully (TB count now: 166, DUT cycles: 168)
  Testing read after write...
[36885000] Reading word from array...
[36885000] Monitor: busy=1, cmd=00, enable=0, error=0, total_writes=168
[36895000] Monitor: busy=0, cmd=01, enable=1, error=0, total_writes=168
[36915000] Monitor: busy=1, cmd=00, enable=0, error=0, total_writes=168
[36925000] Monitor: busy=1, cmd=00, enable=0, error=0, total_writes=168
[36935000] Monitor: busy=1, cmd=00, enable=0, error=0, total_writes=168
[36945000] Monitor: busy=1, cmd=00, enable=0, error=0, total_writes=168
[36955000] Read data: 0xcafebabe
  [OK] Read verification successful
Phase 9 write 127/158: pattern=0xdeadbeef (TB_writes=166, DUT_cycles=168)
[36955000] Writing word: 0xdeadbeef (TB count: 166, DUT cycles: 168)
[36955000] Monitor: busy=1, cmd=00, enable=0, error=0, total_writes=168
[36965000] Monitor: busy=0, cmd=10, enable=1, error=0, total_writes=168
[36985000] Monitor: busy=1, cmd=00, enable=0, error=0, total_writes=168
[36995000] Monitor: busy=1, cmd=00, enable=0, error=0, total_writes=168
[37005000] Monitor: busy=1, cmd=00, enable=0, error=0, total_writes=168
[37015000] Monitor: busy=1, cmd=00, enable=0, error=0, total_writes=168
[37025000] Monitor: busy=1, cmd=00, enable=0, error=0, total_writes=168
[37035000] Monitor: busy=1, cmd=00, enable=0, error=0, total_writes=168
[37045000] Monitor: busy=1, cmd=00, enable=0, error=0, total_writes=168
[37055000] Monitor: busy=1, cmd=00, enable=0, error=0, total_writes=168
[37065000] Monitor: busy=1, cmd=00, enable=0, error=0, total_writes=168
[37075000] Monitor: busy=1, cmd=00, enable=0, error=0, total_writes=168
[37085000] Monitor: busy=1, cmd=00, enable=0, error=0, total_writes=168
[37095000] Write completed successfully (TB count now: 167, DUT cycles: 169)
  Testing read after write...
[37095000] Reading word from array...
[37095000] Monitor: busy=1, cmd=00, enable=0, error=0, total_writes=169
[37105000] Monitor: busy=0, cmd=01, enable=1, error=0, total_writes=169
[37125000] Monitor: busy=1, cmd=00, enable=0, error=0, total_writes=169
[37135000] Monitor: busy=1, cmd=00, enable=0, error=0, total_writes=169
[37145000] Monitor: busy=1, cmd=00, enable=0, error=0, total_writes=169
[37155000] Monitor: busy=1, cmd=00, enable=0, error=0, total_writes=169
[37165000] Read data: 0xdeadbeef
  [OK] Read verification successful
Phase 9 write 128/158: pattern=0xcafebabe (TB_writes=167, DUT_cycles=169)
[37165000] Writing word: 0xcafebabe (TB count: 167, DUT cycles: 169)
[37165000] Monitor: busy=1, cmd=00, enable=0, error=0, total_writes=169
[37175000] Monitor: busy=0, cmd=10, enable=1, error=0, total_writes=169
[37195000] Monitor: busy=1, cmd=00, enable=0, error=0, total_writes=169
[37205000] Monitor: busy=1, cmd=00, enable=0, error=0, total_writes=169
[37215000] Monitor: busy=1, cmd=00, enable=0, error=0, total_writes=169
[37225000] Monitor: busy=1, cmd=00, enable=0, error=0, total_writes=169
[37235000] Monitor: busy=1, cmd=00, enable=0, error=0, total_writes=169
[37245000] Monitor: busy=1, cmd=00, enable=0, error=0, total_writes=169
[37255000] Monitor: busy=1, cmd=00, enable=0, error=0, total_writes=169
[37265000] Monitor: busy=1, cmd=00, enable=0, error=0, total_writes=169
[37275000] Monitor: busy=1, cmd=00, enable=0, error=0, total_writes=169
[37285000] Monitor: busy=1, cmd=00, enable=0, error=0, total_writes=169
[37295000] Monitor: busy=1, cmd=00, enable=0, error=0, total_writes=169
[37305000] Write completed successfully (TB count now: 168, DUT cycles: 170)
  Testing read after write...
[37305000] Reading word from array...
[37305000] Monitor: busy=1, cmd=00, enable=0, error=0, total_writes=170
[37315000] Monitor: busy=0, cmd=01, enable=1, error=0, total_writes=170
[37335000] Monitor: busy=1, cmd=00, enable=0, error=0, total_writes=170
[37345000] Monitor: busy=1, cmd=00, enable=0, error=0, total_writes=170
[37355000] Monitor: busy=1, cmd=00, enable=0, error=0, total_writes=170
[37365000] Monitor: busy=1, cmd=00, enable=0, error=0, total_writes=170
[37375000] Read data: 0xcafebabe
  [OK] Read verification successful
Phase 9 write 129/158: pattern=0xdeadbeef (TB_writes=168, DUT_cycles=170)
[37375000] Writing word: 0xdeadbeef (TB count: 168, DUT cycles: 170)
[37375000] Monitor: busy=1, cmd=00, enable=0, error=0, total_writes=170
[37385000] Monitor: busy=0, cmd=10, enable=1, error=0, total_writes=170
[37405000] Monitor: busy=1, cmd=00, enable=0, error=0, total_writes=170
[37415000] Monitor: busy=1, cmd=00, enable=0, error=0, total_writes=170
[37425000] Monitor: busy=1, cmd=00, enable=0, error=0, total_writes=170
[37435000] Monitor: busy=1, cmd=00, enable=0, error=0, total_writes=170
[37445000] Monitor: busy=1, cmd=00, enable=0, error=0, total_writes=170
[37455000] Monitor: busy=1, cmd=00, enable=0, error=0, total_writes=170
[37465000] Monitor: busy=1, cmd=00, enable=0, error=0, total_writes=170
[37475000] Monitor: busy=1, cmd=00, enable=0, error=0, total_writes=170
[37485000] Monitor: busy=1, cmd=00, enable=0, error=0, total_writes=170
[37495000] Monitor: busy=1, cmd=00, enable=0, error=0, total_writes=170
[37505000] Monitor: busy=1, cmd=00, enable=0, error=0, total_writes=170
[37515000] Write completed successfully (TB count now: 169, DUT cycles: 171)
  Testing read after write...
[37515000] Reading word from array...
[37515000] Monitor: busy=1, cmd=00, enable=0, error=0, total_writes=171
[37525000] Monitor: busy=0, cmd=01, enable=1, error=0, total_writes=171
[37545000] Monitor: busy=1, cmd=00, enable=0, error=0, total_writes=171
[37555000] Monitor: busy=1, cmd=00, enable=0, error=0, total_writes=171
[37565000] Monitor: busy=1, cmd=00, enable=0, error=0, total_writes=171
[37575000] Monitor: busy=1, cmd=00, enable=0, error=0, total_writes=171
[37585000] Read data: 0xdeadbeef
  [OK] Read verification successful
Phase 9 write 130/158: pattern=0xcafebabe (TB_writes=169, DUT_cycles=171)
[37585000] Writing word: 0xcafebabe (TB count: 169, DUT cycles: 171)
[37585000] Monitor: busy=1, cmd=00, enable=0, error=0, total_writes=171
[37595000] Monitor: busy=0, cmd=10, enable=1, error=0, total_writes=171
[37615000] Monitor: busy=1, cmd=00, enable=0, error=0, total_writes=171
[37625000] Monitor: busy=1, cmd=00, enable=0, error=0, total_writes=171
[37635000] Monitor: busy=1, cmd=00, enable=0, error=0, total_writes=171
[37645000] Monitor: busy=1, cmd=00, enable=0, error=0, total_writes=171
[37655000] Monitor: busy=1, cmd=00, enable=0, error=0, total_writes=171
[37665000] Monitor: busy=1, cmd=00, enable=0, error=0, total_writes=171
[37675000] Monitor: busy=1, cmd=00, enable=0, error=0, total_writes=171
[37685000] Monitor: busy=1, cmd=00, enable=0, error=0, total_writes=171
[37695000] Monitor: busy=1, cmd=00, enable=0, error=0, total_writes=171
[37705000] Monitor: busy=1, cmd=00, enable=0, error=0, total_writes=171
[37715000] Monitor: busy=1, cmd=00, enable=0, error=0, total_writes=171
[37725000] Write completed successfully (TB count now: 170, DUT cycles: 172)
  Testing read after write...
[37725000] Reading word from array...
[37725000] Monitor: busy=1, cmd=00, enable=0, error=0, total_writes=172
[37735000] Monitor: busy=0, cmd=01, enable=1, error=0, total_writes=172
[37755000] Monitor: busy=1, cmd=00, enable=0, error=0, total_writes=172
[37765000] Monitor: busy=1, cmd=00, enable=0, error=0, total_writes=172
[37775000] Monitor: busy=1, cmd=00, enable=0, error=0, total_writes=172
[37785000] Monitor: busy=1, cmd=00, enable=0, error=0, total_writes=172
[37795000] Read data: 0xcafebabe
  [OK] Read verification successful
Phase 9 write 131/158: pattern=0xdeadbeef (TB_writes=170, DUT_cycles=172)
[37795000] Writing word: 0xdeadbeef (TB count: 170, DUT cycles: 172)
[37795000] Monitor: busy=1, cmd=00, enable=0, error=0, total_writes=172
[37805000] Monitor: busy=0, cmd=10, enable=1, error=0, total_writes=172
[37825000] Monitor: busy=1, cmd=00, enable=0, error=0, total_writes=172
[37835000] Monitor: busy=1, cmd=00, enable=0, error=0, total_writes=172
[37845000] Monitor: busy=1, cmd=00, enable=0, error=0, total_writes=172
[37855000] Monitor: busy=1, cmd=00, enable=0, error=0, total_writes=172
[37865000] Monitor: busy=1, cmd=00, enable=0, error=0, total_writes=172
[37875000] Monitor: busy=1, cmd=00, enable=0, error=0, total_writes=172
[37885000] Monitor: busy=1, cmd=00, enable=0, error=0, total_writes=172
[37895000] Monitor: busy=1, cmd=00, enable=0, error=0, total_writes=172
[37905000] Monitor: busy=1, cmd=00, enable=0, error=0, total_writes=172
[37915000] Monitor: busy=1, cmd=00, enable=0, error=0, total_writes=172
[37925000] Monitor: busy=1, cmd=00, enable=0, error=0, total_writes=172
[37935000] Write completed successfully (TB count now: 171, DUT cycles: 173)
  Testing read after write...
[37935000] Reading word from array...
[37935000] Monitor: busy=1, cmd=00, enable=0, error=0, total_writes=173
[37945000] Monitor: busy=0, cmd=01, enable=1, error=0, total_writes=173
[37965000] Monitor: busy=1, cmd=00, enable=0, error=0, total_writes=173
[37975000] Monitor: busy=1, cmd=00, enable=0, error=0, total_writes=173
[37985000] Monitor: busy=1, cmd=00, enable=0, error=0, total_writes=173
[37995000] Monitor: busy=1, cmd=00, enable=0, error=0, total_writes=173
[38005000] Read data: 0xdeadbeef
  [OK] Read verification successful
Phase 9 write 132/158: pattern=0xcafebabe (TB_writes=171, DUT_cycles=173)
[38005000] Writing word: 0xcafebabe (TB count: 171, DUT cycles: 173)
[38005000] Monitor: busy=1, cmd=00, enable=0, error=0, total_writes=173
[38015000] Monitor: busy=0, cmd=10, enable=1, error=0, total_writes=173
[38035000] Monitor: busy=1, cmd=00, enable=0, error=0, total_writes=173
[38045000] Monitor: busy=1, cmd=00, enable=0, error=0, total_writes=173
[38055000] Monitor: busy=1, cmd=00, enable=0, error=0, total_writes=173
[38065000] Monitor: busy=1, cmd=00, enable=0, error=0, total_writes=173
[38075000] Monitor: busy=1, cmd=00, enable=0, error=0, total_writes=173
[38085000] Monitor: busy=1, cmd=00, enable=0, error=0, total_writes=173
[38095000] Monitor: busy=1, cmd=00, enable=0, error=0, total_writes=173
[38105000] Monitor: busy=1, cmd=00, enable=0, error=0, total_writes=173
[38115000] Monitor: busy=1, cmd=00, enable=0, error=0, total_writes=173
[38125000] Monitor: busy=1, cmd=00, enable=0, error=0, total_writes=173
[38135000] Monitor: busy=1, cmd=00, enable=0, error=0, total_writes=173
[38145000] Write completed successfully (TB count now: 172, DUT cycles: 174)
  Testing read after write...
[38145000] Reading word from array...
[38145000] Monitor: busy=1, cmd=00, enable=0, error=0, total_writes=174
[38155000] Monitor: busy=0, cmd=01, enable=1, error=0, total_writes=174
[38175000] Monitor: busy=1, cmd=00, enable=0, error=0, total_writes=174
[38185000] Monitor: busy=1, cmd=00, enable=0, error=0, total_writes=174
[38195000] Monitor: busy=1, cmd=00, enable=0, error=0, total_writes=174
[38205000] Monitor: busy=1, cmd=00, enable=0, error=0, total_writes=174
[38215000] Read data: 0xcafebabe
  [OK] Read verification successful
Phase 9 write 133/158: pattern=0xdeadbeef (TB_writes=172, DUT_cycles=174)
[38215000] Writing word: 0xdeadbeef (TB count: 172, DUT cycles: 174)
[38215000] Monitor: busy=1, cmd=00, enable=0, error=0, total_writes=174
[38225000] Monitor: busy=0, cmd=10, enable=1, error=0, total_writes=174
[38245000] Monitor: busy=1, cmd=00, enable=0, error=0, total_writes=174
[38255000] Monitor: busy=1, cmd=00, enable=0, error=0, total_writes=174
[38265000] Monitor: busy=1, cmd=00, enable=0, error=0, total_writes=174
[38275000] Monitor: busy=1, cmd=00, enable=0, error=0, total_writes=174
[38285000] Monitor: busy=1, cmd=00, enable=0, error=0, total_writes=174
[38295000] Monitor: busy=1, cmd=00, enable=0, error=0, total_writes=174
[38305000] Monitor: busy=1, cmd=00, enable=0, error=0, total_writes=174
[38315000] Monitor: busy=1, cmd=00, enable=0, error=0, total_writes=174
[38325000] Monitor: busy=1, cmd=00, enable=0, error=0, total_writes=174
[38335000] Monitor: busy=1, cmd=00, enable=0, error=0, total_writes=174
[38345000] Monitor: busy=1, cmd=00, enable=0, error=0, total_writes=174
[38355000] Write completed successfully (TB count now: 173, DUT cycles: 175)
  Testing read after write...
[38355000] Reading word from array...
[38355000] Monitor: busy=1, cmd=00, enable=0, error=0, total_writes=175
[38365000] Monitor: busy=0, cmd=01, enable=1, error=0, total_writes=175
[38385000] Monitor: busy=1, cmd=00, enable=0, error=0, total_writes=175
[38395000] Monitor: busy=1, cmd=00, enable=0, error=0, total_writes=175
[38405000] Monitor: busy=1, cmd=00, enable=0, error=0, total_writes=175
[38415000] Monitor: busy=1, cmd=00, enable=0, error=0, total_writes=175
[38425000] Read data: 0xdeadbeef
  [OK] Read verification successful
Phase 9 write 134/158: pattern=0xcafebabe (TB_writes=173, DUT_cycles=175)
[38425000] Writing word: 0xcafebabe (TB count: 173, DUT cycles: 175)
[38425000] Monitor: busy=1, cmd=00, enable=0, error=0, total_writes=175
[38435000] Monitor: busy=0, cmd=10, enable=1, error=0, total_writes=175
[38455000] Monitor: busy=1, cmd=00, enable=0, error=0, total_writes=175
[38465000] Monitor: busy=1, cmd=00, enable=0, error=0, total_writes=175
[38475000] Monitor: busy=1, cmd=00, enable=0, error=0, total_writes=175
[38485000] Monitor: busy=1, cmd=00, enable=0, error=0, total_writes=175
[38495000] Monitor: busy=1, cmd=00, enable=0, error=0, total_writes=175
[38505000] Monitor: busy=1, cmd=00, enable=0, error=0, total_writes=175
[38515000] Monitor: busy=1, cmd=00, enable=0, error=0, total_writes=175
[38525000] Monitor: busy=1, cmd=00, enable=0, error=0, total_writes=175
[38535000] Monitor: busy=1, cmd=00, enable=0, error=0, total_writes=175
[38545000] Monitor: busy=1, cmd=00, enable=0, error=0, total_writes=175
[38555000] Monitor: busy=1, cmd=00, enable=0, error=0, total_writes=175
[38565000] Write completed successfully (TB count now: 174, DUT cycles: 176)
  Testing read after write...
[38565000] Reading word from array...
[38565000] Monitor: busy=1, cmd=00, enable=0, error=0, total_writes=176
[38575000] Monitor: busy=0, cmd=01, enable=1, error=0, total_writes=176
[38595000] Monitor: busy=1, cmd=00, enable=0, error=0, total_writes=176
[38605000] Monitor: busy=1, cmd=00, enable=0, error=0, total_writes=176
[38615000] Monitor: busy=1, cmd=00, enable=0, error=0, total_writes=176
[38625000] Monitor: busy=1, cmd=00, enable=0, error=0, total_writes=176
[38635000] Read data: 0xcafebabe
  [OK] Read verification successful
Phase 9 write 135/158: pattern=0xdeadbeef (TB_writes=174, DUT_cycles=176)
[38635000] Writing word: 0xdeadbeef (TB count: 174, DUT cycles: 176)
[38635000] Monitor: busy=1, cmd=00, enable=0, error=0, total_writes=176
[38645000] Monitor: busy=0, cmd=10, enable=1, error=0, total_writes=176
[38665000] Monitor: busy=1, cmd=00, enable=0, error=0, total_writes=176
[38675000] Monitor: busy=1, cmd=00, enable=0, error=0, total_writes=176
[38685000] Monitor: busy=1, cmd=00, enable=0, error=0, total_writes=176
[38695000] Monitor: busy=1, cmd=00, enable=0, error=0, total_writes=176
[38705000] Monitor: busy=1, cmd=00, enable=0, error=0, total_writes=176
[38715000] Monitor: busy=1, cmd=00, enable=0, error=0, total_writes=176
[38725000] Monitor: busy=1, cmd=00, enable=0, error=0, total_writes=176
[38735000] Monitor: busy=1, cmd=00, enable=0, error=0, total_writes=176
[38745000] Monitor: busy=1, cmd=00, enable=0, error=0, total_writes=176
[38755000] Monitor: busy=1, cmd=00, enable=0, error=0, total_writes=176
[38765000] Monitor: busy=1, cmd=00, enable=0, error=0, total_writes=176
[38775000] Write completed successfully (TB count now: 175, DUT cycles: 177)
  Testing read after write...
[38775000] Reading word from array...
[38775000] Monitor: busy=1, cmd=00, enable=0, error=0, total_writes=177
[38785000] Monitor: busy=0, cmd=01, enable=1, error=0, total_writes=177
[38805000] Monitor: busy=1, cmd=00, enable=0, error=0, total_writes=177
[38815000] Monitor: busy=1, cmd=00, enable=0, error=0, total_writes=177
[38825000] Monitor: busy=1, cmd=00, enable=0, error=0, total_writes=177
[38835000] Monitor: busy=1, cmd=00, enable=0, error=0, total_writes=177
[38845000] Read data: 0xdeadbeef
  [OK] Read verification successful
Phase 9 write 136/158: pattern=0xcafebabe (TB_writes=175, DUT_cycles=177)
[38845000] Writing word: 0xcafebabe (TB count: 175, DUT cycles: 177)
[38845000] Monitor: busy=1, cmd=00, enable=0, error=0, total_writes=177
[38855000] Monitor: busy=0, cmd=10, enable=1, error=0, total_writes=177
[38875000] Monitor: busy=1, cmd=00, enable=0, error=0, total_writes=177
[38885000] Monitor: busy=1, cmd=00, enable=0, error=0, total_writes=177
[38895000] Monitor: busy=1, cmd=00, enable=0, error=0, total_writes=177
[38905000] Monitor: busy=1, cmd=00, enable=0, error=0, total_writes=177
[38915000] Monitor: busy=1, cmd=00, enable=0, error=0, total_writes=177
[38925000] Monitor: busy=1, cmd=00, enable=0, error=0, total_writes=177
[38935000] Monitor: busy=1, cmd=00, enable=0, error=0, total_writes=177
[38945000] Monitor: busy=1, cmd=00, enable=0, error=0, total_writes=177
[38955000] Monitor: busy=1, cmd=00, enable=0, error=0, total_writes=177
[38965000] Monitor: busy=1, cmd=00, enable=0, error=0, total_writes=177
[38975000] Monitor: busy=1, cmd=00, enable=0, error=0, total_writes=177
[38985000] Write completed successfully (TB count now: 176, DUT cycles: 178)
  Testing read after write...
[38985000] Reading word from array...
[38985000] Monitor: busy=1, cmd=00, enable=0, error=0, total_writes=178
[38995000] Monitor: busy=0, cmd=01, enable=1, error=0, total_writes=178
[39015000] Monitor: busy=1, cmd=00, enable=0, error=0, total_writes=178
[39025000] Monitor: busy=1, cmd=00, enable=0, error=0, total_writes=178
[39035000] Monitor: busy=1, cmd=00, enable=0, error=0, total_writes=178
[39045000] Monitor: busy=1, cmd=00, enable=0, error=0, total_writes=178
[39055000] Read data: 0xcafebabe
  [OK] Read verification successful
Phase 9 write 137/158: pattern=0xdeadbeef (TB_writes=176, DUT_cycles=178)
[39055000] Writing word: 0xdeadbeef (TB count: 176, DUT cycles: 178)
[39055000] Monitor: busy=1, cmd=00, enable=0, error=0, total_writes=178
[39065000] Monitor: busy=0, cmd=10, enable=1, error=0, total_writes=178
[39085000] Monitor: busy=1, cmd=00, enable=0, error=0, total_writes=178
[39095000] Monitor: busy=1, cmd=00, enable=0, error=0, total_writes=178
[39105000] Monitor: busy=1, cmd=00, enable=0, error=0, total_writes=178
[39115000] Monitor: busy=1, cmd=00, enable=0, error=0, total_writes=178
[39125000] Monitor: busy=1, cmd=00, enable=0, error=0, total_writes=178
[39135000] Monitor: busy=1, cmd=00, enable=0, error=0, total_writes=178
[39145000] Monitor: busy=1, cmd=00, enable=0, error=0, total_writes=178
[39155000] Monitor: busy=1, cmd=00, enable=0, error=0, total_writes=178
[39165000] Monitor: busy=1, cmd=00, enable=0, error=0, total_writes=178
[39175000] Monitor: busy=1, cmd=00, enable=0, error=0, total_writes=178
[39185000] Monitor: busy=1, cmd=00, enable=0, error=0, total_writes=178
[39195000] Write completed successfully (TB count now: 177, DUT cycles: 179)
  Testing read after write...
[39195000] Reading word from array...
[39195000] Monitor: busy=1, cmd=00, enable=0, error=0, total_writes=179
[39205000] Monitor: busy=0, cmd=01, enable=1, error=0, total_writes=179
[39225000] Monitor: busy=1, cmd=00, enable=0, error=0, total_writes=179
[39235000] Monitor: busy=1, cmd=00, enable=0, error=0, total_writes=179
[39245000] Monitor: busy=1, cmd=00, enable=0, error=0, total_writes=179
[39255000] Monitor: busy=1, cmd=00, enable=0, error=0, total_writes=179
[39265000] Read data: 0xdeadbeef
  [OK] Read verification successful
Phase 9 write 138/158: pattern=0xcafebabe (TB_writes=177, DUT_cycles=179)
[39265000] Writing word: 0xcafebabe (TB count: 177, DUT cycles: 179)
[39265000] Monitor: busy=1, cmd=00, enable=0, error=0, total_writes=179
[39275000] Monitor: busy=0, cmd=10, enable=1, error=0, total_writes=179
[39295000] Monitor: busy=1, cmd=00, enable=0, error=0, total_writes=179
[39305000] Monitor: busy=1, cmd=00, enable=0, error=0, total_writes=179
[39315000] Monitor: busy=1, cmd=00, enable=0, error=0, total_writes=179
[39325000] Monitor: busy=1, cmd=00, enable=0, error=0, total_writes=179
[39335000] Monitor: busy=1, cmd=00, enable=0, error=0, total_writes=179
[39345000] Monitor: busy=1, cmd=00, enable=0, error=0, total_writes=179
[39355000] Monitor: busy=1, cmd=00, enable=0, error=0, total_writes=179
[39365000] Monitor: busy=1, cmd=00, enable=0, error=0, total_writes=179
[39375000] Monitor: busy=1, cmd=00, enable=0, error=0, total_writes=179
[39385000] Monitor: busy=1, cmd=00, enable=0, error=0, total_writes=179
[39395000] Monitor: busy=1, cmd=00, enable=0, error=0, total_writes=179
[39405000] Write completed successfully (TB count now: 178, DUT cycles: 180)
  Testing read after write...
[39405000] Reading word from array...
[39405000] Monitor: busy=1, cmd=00, enable=0, error=0, total_writes=180
[39415000] Monitor: busy=0, cmd=01, enable=1, error=0, total_writes=180
[39435000] Monitor: busy=1, cmd=00, enable=0, error=0, total_writes=180
[39445000] Monitor: busy=1, cmd=00, enable=0, error=0, total_writes=180
[39455000] Monitor: busy=1, cmd=00, enable=0, error=0, total_writes=180
[39465000] Monitor: busy=1, cmd=00, enable=0, error=0, total_writes=180
[39475000] Read data: 0xcafebabe
  [OK] Read verification successful
Phase 9 write 139/158: pattern=0xdeadbeef (TB_writes=178, DUT_cycles=180)
[39475000] Writing word: 0xdeadbeef (TB count: 178, DUT cycles: 180)
[39475000] Monitor: busy=1, cmd=00, enable=0, error=0, total_writes=180
[39485000] Monitor: busy=0, cmd=10, enable=1, error=0, total_writes=180
[39505000] Monitor: busy=1, cmd=00, enable=0, error=0, total_writes=180
[39515000] Monitor: busy=1, cmd=00, enable=0, error=0, total_writes=180
[39525000] Monitor: busy=1, cmd=00, enable=0, error=0, total_writes=180
[39535000] Monitor: busy=1, cmd=00, enable=0, error=0, total_writes=180
[39545000] Monitor: busy=1, cmd=00, enable=0, error=0, total_writes=180
[39555000] Monitor: busy=1, cmd=00, enable=0, error=0, total_writes=180
[39565000] Monitor: busy=1, cmd=00, enable=0, error=0, total_writes=180
[39575000] Monitor: busy=1, cmd=00, enable=0, error=0, total_writes=180
[39585000] Monitor: busy=1, cmd=00, enable=0, error=0, total_writes=180
[39595000] Monitor: busy=1, cmd=00, enable=0, error=0, total_writes=180
[39605000] Monitor: busy=1, cmd=00, enable=0, error=0, total_writes=180
[39615000] Write completed successfully (TB count now: 179, DUT cycles: 181)
  Testing read after write...
[39615000] Reading word from array...
[39615000] Monitor: busy=1, cmd=00, enable=0, error=0, total_writes=181
[39625000] Monitor: busy=0, cmd=01, enable=1, error=0, total_writes=181
[39645000] Monitor: busy=1, cmd=00, enable=0, error=0, total_writes=181
[39655000] Monitor: busy=1, cmd=00, enable=0, error=0, total_writes=181
[39665000] Monitor: busy=1, cmd=00, enable=0, error=0, total_writes=181
[39675000] Monitor: busy=1, cmd=00, enable=0, error=0, total_writes=181
[39685000] Read data: 0xdeadbeef
  [OK] Read verification successful
Phase 9 write 140/158: pattern=0xcafebabe (TB_writes=179, DUT_cycles=181)
[39685000] Writing word: 0xcafebabe (TB count: 179, DUT cycles: 181)
[39685000] Monitor: busy=1, cmd=00, enable=0, error=0, total_writes=181
[39695000] Monitor: busy=0, cmd=10, enable=1, error=0, total_writes=181
[39715000] Monitor: busy=1, cmd=00, enable=0, error=0, total_writes=181
[39725000] Monitor: busy=1, cmd=00, enable=0, error=0, total_writes=181
[39735000] Monitor: busy=1, cmd=00, enable=0, error=0, total_writes=181
[39745000] Monitor: busy=1, cmd=00, enable=0, error=0, total_writes=181
[39755000] Monitor: busy=1, cmd=00, enable=0, error=0, total_writes=181
[39765000] Monitor: busy=1, cmd=00, enable=0, error=0, total_writes=181
[39775000] Monitor: busy=1, cmd=00, enable=0, error=0, total_writes=181
[39785000] Monitor: busy=1, cmd=00, enable=0, error=0, total_writes=181
[39795000] Monitor: busy=1, cmd=00, enable=0, error=0, total_writes=181
[39805000] Monitor: busy=1, cmd=00, enable=0, error=0, total_writes=181
[39815000] Monitor: busy=1, cmd=00, enable=0, error=0, total_writes=181
[39825000] Write completed successfully (TB count now: 180, DUT cycles: 182)
  Testing read after write...
[39825000] Reading word from array...
[39825000] Monitor: busy=1, cmd=00, enable=0, error=0, total_writes=182
[39835000] Monitor: busy=0, cmd=01, enable=1, error=0, total_writes=182
[39855000] Monitor: busy=1, cmd=00, enable=0, error=0, total_writes=182
[39865000] Monitor: busy=1, cmd=00, enable=0, error=0, total_writes=182
[39875000] Monitor: busy=1, cmd=00, enable=0, error=0, total_writes=182
[39885000] Monitor: busy=1, cmd=00, enable=0, error=0, total_writes=182
[39895000] Read data: 0xcafebabe
  [OK] Read verification successful
Phase 9 write 141/158: pattern=0xdeadbeef (TB_writes=180, DUT_cycles=182)
[39895000] Writing word: 0xdeadbeef (TB count: 180, DUT cycles: 182)
[39895000] Monitor: busy=1, cmd=00, enable=0, error=0, total_writes=182
[39905000] Monitor: busy=0, cmd=10, enable=1, error=0, total_writes=182
[39925000] Monitor: busy=1, cmd=00, enable=0, error=0, total_writes=182
[39935000] Monitor: busy=1, cmd=00, enable=0, error=0, total_writes=182
[39945000] Monitor: busy=1, cmd=00, enable=0, error=0, total_writes=182
[39955000] Monitor: busy=1, cmd=00, enable=0, error=0, total_writes=182
[39965000] Monitor: busy=1, cmd=00, enable=0, error=0, total_writes=182
[39975000] Monitor: busy=1, cmd=00, enable=0, error=0, total_writes=182
[39985000] Monitor: busy=1, cmd=00, enable=0, error=0, total_writes=182
[39995000] Monitor: busy=1, cmd=00, enable=0, error=0, total_writes=182
[40005000] Monitor: busy=1, cmd=00, enable=0, error=0, total_writes=182
[40015000] Monitor: busy=1, cmd=00, enable=0, error=0, total_writes=182
[40025000] Monitor: busy=1, cmd=00, enable=0, error=0, total_writes=182
[40035000] Write completed successfully (TB count now: 181, DUT cycles: 183)
  Testing read after write...
[40035000] Reading word from array...
[40035000] Monitor: busy=1, cmd=00, enable=0, error=0, total_writes=183
[40045000] Monitor: busy=0, cmd=01, enable=1, error=0, total_writes=183
[40065000] Monitor: busy=1, cmd=00, enable=0, error=0, total_writes=183
[40075000] Monitor: busy=1, cmd=00, enable=0, error=0, total_writes=183
[40085000] Monitor: busy=1, cmd=00, enable=0, error=0, total_writes=183
[40095000] Monitor: busy=1, cmd=00, enable=0, error=0, total_writes=183
[40105000] Read data: 0xdeadbeef
  [OK] Read verification successful
Phase 9 write 142/158: pattern=0xcafebabe (TB_writes=181, DUT_cycles=183)
[40105000] Writing word: 0xcafebabe (TB count: 181, DUT cycles: 183)
[40105000] Monitor: busy=1, cmd=00, enable=0, error=0, total_writes=183
[40115000] Monitor: busy=0, cmd=10, enable=1, error=0, total_writes=183
[40135000] Monitor: busy=1, cmd=00, enable=0, error=0, total_writes=183
[40145000] Monitor: busy=1, cmd=00, enable=0, error=0, total_writes=183
[40155000] Monitor: busy=1, cmd=00, enable=0, error=0, total_writes=183
[40165000] Monitor: busy=1, cmd=00, enable=0, error=0, total_writes=183
[40175000] Monitor: busy=1, cmd=00, enable=0, error=0, total_writes=183
[40185000] Monitor: busy=1, cmd=00, enable=0, error=0, total_writes=183
[40195000] Monitor: busy=1, cmd=00, enable=0, error=0, total_writes=183
[40205000] Monitor: busy=1, cmd=00, enable=0, error=0, total_writes=183
[40215000] Monitor: busy=1, cmd=00, enable=0, error=0, total_writes=183
[40225000] Monitor: busy=1, cmd=00, enable=0, error=0, total_writes=183
[40235000] Monitor: busy=1, cmd=00, enable=0, error=0, total_writes=183
[40245000] Write completed successfully (TB count now: 182, DUT cycles: 184)
  Testing read after write...
[40245000] Reading word from array...
[40245000] Monitor: busy=1, cmd=00, enable=0, error=0, total_writes=184
[40255000] Monitor: busy=0, cmd=01, enable=1, error=0, total_writes=184
[40275000] Monitor: busy=1, cmd=00, enable=0, error=0, total_writes=184
[40285000] Monitor: busy=1, cmd=00, enable=0, error=0, total_writes=184
[40295000] Monitor: busy=1, cmd=00, enable=0, error=0, total_writes=184
[40305000] Monitor: busy=1, cmd=00, enable=0, error=0, total_writes=184
[40315000] Read data: 0xcafebabe
  [OK] Read verification successful
Phase 9 write 143/158: pattern=0xdeadbeef (TB_writes=182, DUT_cycles=184)
[40315000] Writing word: 0xdeadbeef (TB count: 182, DUT cycles: 184)
[40315000] Monitor: busy=1, cmd=00, enable=0, error=0, total_writes=184
[40325000] Monitor: busy=0, cmd=10, enable=1, error=0, total_writes=184
[40345000] Monitor: busy=1, cmd=00, enable=0, error=0, total_writes=184
[40355000] Monitor: busy=1, cmd=00, enable=0, error=0, total_writes=184
[40365000] Monitor: busy=1, cmd=00, enable=0, error=0, total_writes=184
[40375000] Monitor: busy=1, cmd=00, enable=0, error=0, total_writes=184
[40385000] Monitor: busy=1, cmd=00, enable=0, error=0, total_writes=184
[40395000] Monitor: busy=1, cmd=00, enable=0, error=0, total_writes=184
[40405000] Monitor: busy=1, cmd=00, enable=0, error=0, total_writes=184
[40415000] Monitor: busy=1, cmd=00, enable=0, error=0, total_writes=184
[40425000] Monitor: busy=1, cmd=00, enable=0, error=0, total_writes=184
[40435000] Monitor: busy=1, cmd=00, enable=0, error=0, total_writes=184
[40445000] Monitor: busy=1, cmd=00, enable=0, error=0, total_writes=184
[40455000] Write completed successfully (TB count now: 183, DUT cycles: 185)
  Testing read after write...
[40455000] Reading word from array...
[40455000] Monitor: busy=1, cmd=00, enable=0, error=0, total_writes=185
[40465000] Monitor: busy=0, cmd=01, enable=1, error=0, total_writes=185
[40485000] Monitor: busy=1, cmd=00, enable=0, error=0, total_writes=185
[40495000] Monitor: busy=1, cmd=00, enable=0, error=0, total_writes=185
[40505000] Monitor: busy=1, cmd=00, enable=0, error=0, total_writes=185
[40515000] Monitor: busy=1, cmd=00, enable=0, error=0, total_writes=185
[40525000] Read data: 0xdeadbeef
  [OK] Read verification successful
Phase 9 write 144/158: pattern=0xcafebabe (TB_writes=183, DUT_cycles=185)
[40525000] Writing word: 0xcafebabe (TB count: 183, DUT cycles: 185)
[40525000] Monitor: busy=1, cmd=00, enable=0, error=0, total_writes=185
[40535000] Monitor: busy=0, cmd=10, enable=1, error=0, total_writes=185
[40555000] Monitor: busy=1, cmd=00, enable=0, error=0, total_writes=185
[40565000] Monitor: busy=1, cmd=00, enable=0, error=0, total_writes=185
[40575000] Monitor: busy=1, cmd=00, enable=0, error=0, total_writes=185
[40585000] Monitor: busy=1, cmd=00, enable=0, error=0, total_writes=185
[40595000] Monitor: busy=1, cmd=00, enable=0, error=0, total_writes=185
[40605000] Monitor: busy=1, cmd=00, enable=0, error=0, total_writes=185
[40615000] Monitor: busy=1, cmd=00, enable=0, error=0, total_writes=185
[40625000] Monitor: busy=1, cmd=00, enable=0, error=0, total_writes=185
[40635000] Monitor: busy=1, cmd=00, enable=0, error=0, total_writes=185
[40645000] Monitor: busy=1, cmd=00, enable=0, error=0, total_writes=185
[40655000] Monitor: busy=1, cmd=00, enable=0, error=0, total_writes=185
[40665000] Write completed successfully (TB count now: 184, DUT cycles: 186)
  Testing read after write...
[40665000] Reading word from array...
[40665000] Monitor: busy=1, cmd=00, enable=0, error=0, total_writes=186
[40675000] Monitor: busy=0, cmd=01, enable=1, error=0, total_writes=186
[40695000] Monitor: busy=1, cmd=00, enable=0, error=0, total_writes=186
[40705000] Monitor: busy=1, cmd=00, enable=0, error=0, total_writes=186
[40715000] Monitor: busy=1, cmd=00, enable=0, error=0, total_writes=186
[40725000] Monitor: busy=1, cmd=00, enable=0, error=0, total_writes=186
[40735000] Read data: 0xcafebabe
  [OK] Read verification successful
Phase 9 write 145/158: pattern=0xdeadbeef (TB_writes=184, DUT_cycles=186)
[40735000] Writing word: 0xdeadbeef (TB count: 184, DUT cycles: 186)
[40735000] Monitor: busy=1, cmd=00, enable=0, error=0, total_writes=186
[40745000] Monitor: busy=0, cmd=10, enable=1, error=0, total_writes=186
[40765000] Monitor: busy=1, cmd=00, enable=0, error=0, total_writes=186
[40775000] Monitor: busy=1, cmd=00, enable=0, error=0, total_writes=186
[40785000] Monitor: busy=1, cmd=00, enable=0, error=0, total_writes=186
[40795000] Monitor: busy=1, cmd=00, enable=0, error=0, total_writes=186
[40805000] Monitor: busy=1, cmd=00, enable=0, error=0, total_writes=186
[40815000] Monitor: busy=1, cmd=00, enable=0, error=0, total_writes=186
[40825000] Monitor: busy=1, cmd=00, enable=0, error=0, total_writes=186
[40835000] Monitor: busy=1, cmd=00, enable=0, error=0, total_writes=186
[40845000] Monitor: busy=1, cmd=00, enable=0, error=0, total_writes=186
[40855000] Monitor: busy=1, cmd=00, enable=0, error=0, total_writes=186
[40865000] Monitor: busy=1, cmd=00, enable=0, error=0, total_writes=186
[40875000] Write completed successfully (TB count now: 185, DUT cycles: 187)
  Testing read after write...
[40875000] Reading word from array...
[40875000] Monitor: busy=1, cmd=00, enable=0, error=0, total_writes=187
[40885000] Monitor: busy=0, cmd=01, enable=1, error=0, total_writes=187
[40905000] Monitor: busy=1, cmd=00, enable=0, error=0, total_writes=187
[40915000] Monitor: busy=1, cmd=00, enable=0, error=0, total_writes=187
[40925000] Monitor: busy=1, cmd=00, enable=0, error=0, total_writes=187
[40935000] Monitor: busy=1, cmd=00, enable=0, error=0, total_writes=187
[40945000] Read data: 0xdeadbeef
  [OK] Read verification successful
Phase 9 write 146/158: pattern=0xcafebabe (TB_writes=185, DUT_cycles=187)
[40945000] Writing word: 0xcafebabe (TB count: 185, DUT cycles: 187)
[40945000] Monitor: busy=1, cmd=00, enable=0, error=0, total_writes=187
[40955000] Monitor: busy=0, cmd=10, enable=1, error=0, total_writes=187
[40975000] Monitor: busy=1, cmd=00, enable=0, error=0, total_writes=187
[40985000] Monitor: busy=1, cmd=00, enable=0, error=0, total_writes=187
[40995000] Monitor: busy=1, cmd=00, enable=0, error=0, total_writes=187
[41005000] Monitor: busy=1, cmd=00, enable=0, error=0, total_writes=187
[41015000] Monitor: busy=1, cmd=00, enable=0, error=0, total_writes=187
[41025000] Monitor: busy=1, cmd=00, enable=0, error=0, total_writes=187
[41035000] Monitor: busy=1, cmd=00, enable=0, error=0, total_writes=187
[41045000] Monitor: busy=1, cmd=00, enable=0, error=0, total_writes=187
[41055000] Monitor: busy=1, cmd=00, enable=0, error=0, total_writes=187
[41065000] Monitor: busy=1, cmd=00, enable=0, error=0, total_writes=187
[41075000] Monitor: busy=1, cmd=00, enable=0, error=0, total_writes=187
[41085000] Write completed successfully (TB count now: 186, DUT cycles: 188)
  Testing read after write...
[41085000] Reading word from array...
[41085000] Monitor: busy=1, cmd=00, enable=0, error=0, total_writes=188
[41095000] Monitor: busy=0, cmd=01, enable=1, error=0, total_writes=188
[41115000] Monitor: busy=1, cmd=00, enable=0, error=0, total_writes=188
[41125000] Monitor: busy=1, cmd=00, enable=0, error=0, total_writes=188
[41135000] Monitor: busy=1, cmd=00, enable=0, error=0, total_writes=188
[41145000] Monitor: busy=1, cmd=00, enable=0, error=0, total_writes=188
[41155000] Read data: 0xcafebabe
  [OK] Read verification successful
Phase 9 write 147/158: pattern=0xdeadbeef (TB_writes=186, DUT_cycles=188)
[41155000] Writing word: 0xdeadbeef (TB count: 186, DUT cycles: 188)
[41155000] Monitor: busy=1, cmd=00, enable=0, error=0, total_writes=188
[41165000] Monitor: busy=0, cmd=10, enable=1, error=0, total_writes=188
[41185000] Monitor: busy=1, cmd=00, enable=0, error=0, total_writes=188
[41195000] Monitor: busy=1, cmd=00, enable=0, error=0, total_writes=188
[41205000] Monitor: busy=1, cmd=00, enable=0, error=0, total_writes=188
[41215000] Monitor: busy=1, cmd=00, enable=0, error=0, total_writes=188
[41225000] Monitor: busy=1, cmd=00, enable=0, error=0, total_writes=188
[41235000] Monitor: busy=1, cmd=00, enable=0, error=0, total_writes=188
[41245000] Monitor: busy=1, cmd=00, enable=0, error=0, total_writes=188
[41255000] Monitor: busy=1, cmd=00, enable=0, error=0, total_writes=188
[41265000] Monitor: busy=1, cmd=00, enable=0, error=0, total_writes=188
[41275000] Monitor: busy=1, cmd=00, enable=0, error=0, total_writes=188
[41285000] Monitor: busy=1, cmd=00, enable=0, error=0, total_writes=188
[41295000] Write completed successfully (TB count now: 187, DUT cycles: 189)
  Testing read after write...
[41295000] Reading word from array...
[41295000] Monitor: busy=1, cmd=00, enable=0, error=0, total_writes=189
[41305000] Monitor: busy=0, cmd=01, enable=1, error=0, total_writes=189
[41325000] Monitor: busy=1, cmd=00, enable=0, error=0, total_writes=189
[41335000] Monitor: busy=1, cmd=00, enable=0, error=0, total_writes=189
[41345000] Monitor: busy=1, cmd=00, enable=0, error=0, total_writes=189
[41355000] Monitor: busy=1, cmd=00, enable=0, error=0, total_writes=189
[41365000] Read data: 0xdeadbeef
  [OK] Read verification successful
Phase 9 write 148/158: pattern=0xcafebabe (TB_writes=187, DUT_cycles=189)
[41365000] Writing word: 0xcafebabe (TB count: 187, DUT cycles: 189)
[41365000] Monitor: busy=1, cmd=00, enable=0, error=0, total_writes=189
[41375000] Monitor: busy=0, cmd=10, enable=1, error=0, total_writes=189
[41395000] Monitor: busy=1, cmd=00, enable=0, error=0, total_writes=189
[41405000] Monitor: busy=1, cmd=00, enable=0, error=0, total_writes=189
[41415000] Monitor: busy=1, cmd=00, enable=0, error=0, total_writes=189
[41425000] Monitor: busy=1, cmd=00, enable=0, error=0, total_writes=189
[41435000] Monitor: busy=1, cmd=00, enable=0, error=0, total_writes=189
[41445000] Monitor: busy=1, cmd=00, enable=0, error=0, total_writes=189
[41455000] Monitor: busy=1, cmd=00, enable=0, error=0, total_writes=189
[41465000] Monitor: busy=1, cmd=00, enable=0, error=0, total_writes=189
[41475000] Monitor: busy=1, cmd=00, enable=0, error=0, total_writes=189
[41485000] Monitor: busy=1, cmd=00, enable=0, error=0, total_writes=189
[41495000] Monitor: busy=1, cmd=00, enable=0, error=0, total_writes=189
[41505000] Write completed successfully (TB count now: 188, DUT cycles: 190)
  Testing read after write...
[41505000] Reading word from array...
[41505000] Monitor: busy=1, cmd=00, enable=0, error=0, total_writes=190
[41515000] Monitor: busy=0, cmd=01, enable=1, error=0, total_writes=190
[41535000] Monitor: busy=1, cmd=00, enable=0, error=0, total_writes=190
[41545000] Monitor: busy=1, cmd=00, enable=0, error=0, total_writes=190
[41555000] Monitor: busy=1, cmd=00, enable=0, error=0, total_writes=190
[41565000] Monitor: busy=1, cmd=00, enable=0, error=0, total_writes=190
[41575000] Read data: 0xcafebabe
  [OK] Read verification successful
Phase 9 write 149/158: pattern=0xdeadbeef (TB_writes=188, DUT_cycles=190)
[41575000] Writing word: 0xdeadbeef (TB count: 188, DUT cycles: 190)
[41575000] Monitor: busy=1, cmd=00, enable=0, error=0, total_writes=190
[41585000] Monitor: busy=0, cmd=10, enable=1, error=0, total_writes=190
[41605000] Monitor: busy=1, cmd=00, enable=0, error=0, total_writes=190
[41615000] Monitor: busy=1, cmd=00, enable=0, error=0, total_writes=190
[41625000] Monitor: busy=1, cmd=00, enable=0, error=0, total_writes=190
[41635000] Monitor: busy=1, cmd=00, enable=0, error=0, total_writes=190
[41645000] Monitor: busy=1, cmd=00, enable=0, error=0, total_writes=190
[41655000] Monitor: busy=1, cmd=00, enable=0, error=0, total_writes=190
[41665000] Monitor: busy=1, cmd=00, enable=0, error=0, total_writes=190
[41675000] Monitor: busy=1, cmd=00, enable=0, error=0, total_writes=190
[41685000] Monitor: busy=1, cmd=00, enable=0, error=0, total_writes=190
[41695000] Monitor: busy=1, cmd=00, enable=0, error=0, total_writes=190
[41705000] Monitor: busy=1, cmd=00, enable=0, error=0, total_writes=190
[41715000] Write completed successfully (TB count now: 189, DUT cycles: 191)
  Testing read after write...
[41715000] Reading word from array...
[41715000] Monitor: busy=1, cmd=00, enable=0, error=0, total_writes=191
[41725000] Monitor: busy=0, cmd=01, enable=1, error=0, total_writes=191
[41745000] Monitor: busy=1, cmd=00, enable=0, error=0, total_writes=191
[41755000] Monitor: busy=1, cmd=00, enable=0, error=0, total_writes=191
[41765000] Monitor: busy=1, cmd=00, enable=0, error=0, total_writes=191
[41775000] Monitor: busy=1, cmd=00, enable=0, error=0, total_writes=191
[41785000] Read data: 0xdeadbeef
  [OK] Read verification successful
Phase 9 write 150/158: pattern=0xcafebabe (TB_writes=189, DUT_cycles=191)
[41785000] Writing word: 0xcafebabe (TB count: 189, DUT cycles: 191)
[41785000] Monitor: busy=1, cmd=00, enable=0, error=0, total_writes=191
[41795000] Monitor: busy=0, cmd=10, enable=1, error=0, total_writes=191
[41815000] Monitor: busy=1, cmd=00, enable=0, error=0, total_writes=191
[41825000] Monitor: busy=1, cmd=00, enable=0, error=0, total_writes=191
[41835000] Monitor: busy=1, cmd=00, enable=0, error=0, total_writes=191
[41845000] Monitor: busy=1, cmd=00, enable=0, error=0, total_writes=191
[41855000] Monitor: busy=1, cmd=00, enable=0, error=0, total_writes=191
[41865000] Monitor: busy=1, cmd=00, enable=0, error=0, total_writes=191
[41875000] Monitor: busy=1, cmd=00, enable=0, error=0, total_writes=191
[41885000] Monitor: busy=1, cmd=00, enable=0, error=0, total_writes=191
[41895000] Monitor: busy=1, cmd=00, enable=0, error=0, total_writes=191
[41905000] Monitor: busy=1, cmd=00, enable=0, error=0, total_writes=191
[41915000] Monitor: busy=1, cmd=00, enable=0, error=0, total_writes=191
[41925000] Write completed successfully (TB count now: 190, DUT cycles: 192)
  Testing read after write...
[41925000] Reading word from array...
[41925000] Monitor: busy=1, cmd=00, enable=0, error=0, total_writes=192
[41935000] Monitor: busy=0, cmd=01, enable=1, error=0, total_writes=192
[41955000] Monitor: busy=1, cmd=00, enable=0, error=0, total_writes=192
[41965000] Monitor: busy=1, cmd=00, enable=0, error=0, total_writes=192
[41975000] Monitor: busy=1, cmd=00, enable=0, error=0, total_writes=192
[41985000] Monitor: busy=1, cmd=00, enable=0, error=0, total_writes=192
[41995000] Read data: 0xcafebabe
  [OK] Read verification successful
Phase 9 write 151/158: pattern=0xdeadbeef (TB_writes=190, DUT_cycles=192)
[41995000] Writing word: 0xdeadbeef (TB count: 190, DUT cycles: 192)
[41995000] Monitor: busy=1, cmd=00, enable=0, error=0, total_writes=192
[42005000] Monitor: busy=0, cmd=10, enable=1, error=0, total_writes=192
[42025000] Monitor: busy=1, cmd=00, enable=0, error=0, total_writes=192
[42035000] Monitor: busy=1, cmd=00, enable=0, error=0, total_writes=192
[42045000] Monitor: busy=1, cmd=00, enable=0, error=0, total_writes=192
[42055000] Monitor: busy=1, cmd=00, enable=0, error=0, total_writes=192
[42065000] Monitor: busy=1, cmd=00, enable=0, error=0, total_writes=192
[42075000] Monitor: busy=1, cmd=00, enable=0, error=0, total_writes=192
[42085000] Monitor: busy=1, cmd=00, enable=0, error=0, total_writes=192
[42095000] Monitor: busy=1, cmd=00, enable=0, error=0, total_writes=192
[42105000] Monitor: busy=1, cmd=00, enable=0, error=0, total_writes=192
[42115000] Monitor: busy=1, cmd=00, enable=0, error=0, total_writes=192
[42125000] Monitor: busy=1, cmd=00, enable=0, error=0, total_writes=192
[42135000] Write completed successfully (TB count now: 191, DUT cycles: 193)
  Testing read after write...
[42135000] Reading word from array...
[42135000] Monitor: busy=1, cmd=00, enable=0, error=0, total_writes=193
[42145000] Monitor: busy=0, cmd=01, enable=1, error=0, total_writes=193
[42165000] Monitor: busy=1, cmd=00, enable=0, error=0, total_writes=193
[42175000] Monitor: busy=1, cmd=00, enable=0, error=0, total_writes=193
[42185000] Monitor: busy=1, cmd=00, enable=0, error=0, total_writes=193
[42195000] Monitor: busy=1, cmd=00, enable=0, error=0, total_writes=193
[42205000] Read data: 0xdeadbeef
  [OK] Read verification successful
Phase 9 write 152/158: pattern=0xcafebabe (TB_writes=191, DUT_cycles=193)
[42205000] Writing word: 0xcafebabe (TB count: 191, DUT cycles: 193)
[42205000] Monitor: busy=1, cmd=00, enable=0, error=0, total_writes=193
[42215000] Monitor: busy=0, cmd=10, enable=1, error=0, total_writes=193
[42235000] Monitor: busy=1, cmd=00, enable=0, error=0, total_writes=193
[42245000] Monitor: busy=1, cmd=00, enable=0, error=0, total_writes=193
[42255000] Monitor: busy=1, cmd=00, enable=0, error=0, total_writes=193
[42265000] Monitor: busy=1, cmd=00, enable=0, error=0, total_writes=193
[42275000] Monitor: busy=1, cmd=00, enable=0, error=0, total_writes=193
[42285000] Monitor: busy=1, cmd=00, enable=0, error=0, total_writes=193
[42295000] Monitor: busy=1, cmd=00, enable=0, error=0, total_writes=193
[42305000] Monitor: busy=1, cmd=00, enable=0, error=0, total_writes=193
[42315000] Monitor: busy=1, cmd=00, enable=0, error=0, total_writes=193
[42325000] Monitor: busy=1, cmd=00, enable=0, error=0, total_writes=193
[42335000] Monitor: busy=1, cmd=00, enable=0, error=0, total_writes=193
[42345000] Write completed successfully (TB count now: 192, DUT cycles: 194)
  Testing read after write...
[42345000] Reading word from array...
[42345000] Monitor: busy=1, cmd=00, enable=0, error=0, total_writes=194
[42355000] Monitor: busy=0, cmd=01, enable=1, error=0, total_writes=194
[42375000] Monitor: busy=1, cmd=00, enable=0, error=0, total_writes=194
[42385000] Monitor: busy=1, cmd=00, enable=0, error=0, total_writes=194
[42395000] Monitor: busy=1, cmd=00, enable=0, error=0, total_writes=194
[42405000] Monitor: busy=1, cmd=00, enable=0, error=0, total_writes=194
[42415000] Read data: 0xcafebabe
  [OK] Read verification successful
Phase 9 write 153/158: pattern=0xdeadbeef (TB_writes=192, DUT_cycles=194)
[42415000] Writing word: 0xdeadbeef (TB count: 192, DUT cycles: 194)
[42415000] Monitor: busy=1, cmd=00, enable=0, error=0, total_writes=194
[42425000] Monitor: busy=0, cmd=10, enable=1, error=0, total_writes=194
[42445000] Monitor: busy=1, cmd=00, enable=0, error=0, total_writes=194
[42455000] Monitor: busy=1, cmd=00, enable=0, error=0, total_writes=194
[42465000] Monitor: busy=1, cmd=00, enable=0, error=0, total_writes=194
[42475000] Monitor: busy=1, cmd=00, enable=0, error=0, total_writes=194
[42485000] Monitor: busy=1, cmd=00, enable=0, error=0, total_writes=194
[42495000] Monitor: busy=1, cmd=00, enable=0, error=0, total_writes=194
[42505000] Monitor: busy=1, cmd=00, enable=0, error=0, total_writes=194
[42515000] Monitor: busy=1, cmd=00, enable=0, error=0, total_writes=194
[42525000] Monitor: busy=1, cmd=00, enable=0, error=0, total_writes=194
[42535000] Monitor: busy=1, cmd=00, enable=0, error=0, total_writes=194
[42545000] Monitor: busy=1, cmd=00, enable=0, error=0, total_writes=194
[42555000] Write completed successfully (TB count now: 193, DUT cycles: 195)
  Testing read after write...
[42555000] Reading word from array...
[42555000] Monitor: busy=1, cmd=00, enable=0, error=0, total_writes=195
[42565000] Monitor: busy=0, cmd=01, enable=1, error=0, total_writes=195
[42585000] Monitor: busy=1, cmd=00, enable=0, error=0, total_writes=195
[42595000] Monitor: busy=1, cmd=00, enable=0, error=0, total_writes=195
[42605000] Monitor: busy=1, cmd=00, enable=0, error=0, total_writes=195
[42615000] Monitor: busy=1, cmd=00, enable=0, error=0, total_writes=195
[42625000] Read data: 0xdeadbeef
  [OK] Read verification successful
Phase 9 write 154/158: pattern=0xcafebabe (TB_writes=193, DUT_cycles=195)
[42625000] Writing word: 0xcafebabe (TB count: 193, DUT cycles: 195)
[42625000] Monitor: busy=1, cmd=00, enable=0, error=0, total_writes=195
[42635000] Monitor: busy=0, cmd=10, enable=1, error=0, total_writes=195
[42655000] Monitor: busy=1, cmd=00, enable=0, error=0, total_writes=195
[42665000] Monitor: busy=1, cmd=00, enable=0, error=0, total_writes=195
[42675000] Monitor: busy=1, cmd=00, enable=0, error=0, total_writes=195
[42685000] Monitor: busy=1, cmd=00, enable=0, error=0, total_writes=195
[42695000] Monitor: busy=1, cmd=00, enable=0, error=0, total_writes=195
[42705000] Monitor: busy=1, cmd=00, enable=0, error=0, total_writes=195
[42715000] Monitor: busy=1, cmd=00, enable=0, error=0, total_writes=195
[42725000] Monitor: busy=1, cmd=00, enable=0, error=0, total_writes=195
[42735000] Monitor: busy=1, cmd=00, enable=0, error=0, total_writes=195
[42745000] Monitor: busy=1, cmd=00, enable=0, error=0, total_writes=195
[42755000] Monitor: busy=1, cmd=00, enable=0, error=0, total_writes=195
[42765000] Write completed successfully (TB count now: 194, DUT cycles: 196)
  Testing read after write...
[42765000] Reading word from array...
[42765000] Monitor: busy=1, cmd=00, enable=0, error=0, total_writes=196
[42775000] Monitor: busy=0, cmd=01, enable=1, error=0, total_writes=196
[42795000] Monitor: busy=1, cmd=00, enable=0, error=0, total_writes=196
[42805000] Monitor: busy=1, cmd=00, enable=0, error=0, total_writes=196
[42815000] Monitor: busy=1, cmd=00, enable=0, error=0, total_writes=196
[42825000] Monitor: busy=1, cmd=00, enable=0, error=0, total_writes=196
[42835000] Read data: 0xcafebabe
  [OK] Read verification successful
Phase 9 write 155/158: pattern=0xdeadbeef (TB_writes=194, DUT_cycles=196)
[42835000] Writing word: 0xdeadbeef (TB count: 194, DUT cycles: 196)
[42835000] Monitor: busy=1, cmd=00, enable=0, error=0, total_writes=196
[42845000] Monitor: busy=0, cmd=10, enable=1, error=0, total_writes=196
[42865000] Monitor: busy=1, cmd=00, enable=0, error=0, total_writes=196
[42875000] Monitor: busy=1, cmd=00, enable=0, error=0, total_writes=196
[42885000] Monitor: busy=1, cmd=00, enable=0, error=0, total_writes=196
[42895000] Monitor: busy=1, cmd=00, enable=0, error=0, total_writes=196
[42905000] Monitor: busy=1, cmd=00, enable=0, error=0, total_writes=196
[42915000] Monitor: busy=1, cmd=00, enable=0, error=0, total_writes=196
[42925000] Monitor: busy=1, cmd=00, enable=0, error=0, total_writes=196
[42935000] Monitor: busy=1, cmd=00, enable=0, error=0, total_writes=196
[42945000] Monitor: busy=1, cmd=00, enable=0, error=0, total_writes=196
[42955000] Monitor: busy=1, cmd=00, enable=0, error=0, total_writes=196
[42965000] Monitor: busy=1, cmd=00, enable=0, error=0, total_writes=196
[42975000] Write completed successfully (TB count now: 195, DUT cycles: 197)
  Testing read after write...
[42975000] Reading word from array...
[42975000] Monitor: busy=1, cmd=00, enable=0, error=0, total_writes=197
[42985000] Monitor: busy=0, cmd=01, enable=1, error=0, total_writes=197
[43005000] Monitor: busy=1, cmd=00, enable=0, error=0, total_writes=197
[43015000] Monitor: busy=1, cmd=00, enable=0, error=0, total_writes=197
[43025000] Monitor: busy=1, cmd=00, enable=0, error=0, total_writes=197
[43035000] Monitor: busy=1, cmd=00, enable=0, error=0, total_writes=197
[43045000] Read data: 0xdeadbeef
  [OK] Read verification successful
Phase 9 write 156/158: pattern=0xcafebabe (TB_writes=195, DUT_cycles=197)
[43045000] Writing word: 0xcafebabe (TB count: 195, DUT cycles: 197)
[43045000] Monitor: busy=1, cmd=00, enable=0, error=0, total_writes=197
[43055000] Monitor: busy=0, cmd=10, enable=1, error=0, total_writes=197
[43075000] Monitor: busy=1, cmd=00, enable=0, error=0, total_writes=197
[43085000] Monitor: busy=1, cmd=00, enable=0, error=0, total_writes=197
[43095000] Monitor: busy=1, cmd=00, enable=0, error=0, total_writes=197
[43105000] Monitor: busy=1, cmd=00, enable=0, error=0, total_writes=197
[43115000] Monitor: busy=1, cmd=00, enable=0, error=0, total_writes=197
[43125000] Monitor: busy=1, cmd=00, enable=0, error=0, total_writes=197
[43135000] Monitor: busy=1, cmd=00, enable=0, error=0, total_writes=197
[43145000] Monitor: busy=1, cmd=00, enable=0, error=0, total_writes=197
[43155000] Monitor: busy=1, cmd=00, enable=0, error=0, total_writes=197
[43165000] Monitor: busy=1, cmd=00, enable=0, error=0, total_writes=197
[43175000] Monitor: busy=1, cmd=00, enable=0, error=0, total_writes=197
[43185000] Write completed successfully (TB count now: 196, DUT cycles: 198)
  Testing read after write...
[43185000] Reading word from array...
[43185000] Monitor: busy=1, cmd=00, enable=0, error=0, total_writes=198
[43195000] Monitor: busy=0, cmd=01, enable=1, error=0, total_writes=198
[43215000] Monitor: busy=1, cmd=00, enable=0, error=0, total_writes=198
[43225000] Monitor: busy=1, cmd=00, enable=0, error=0, total_writes=198
[43235000] Monitor: busy=1, cmd=00, enable=0, error=0, total_writes=198
[43245000] Monitor: busy=1, cmd=00, enable=0, error=0, total_writes=198
[43255000] Read data: 0xcafebabe
  [OK] Read verification successful
Phase 9 write 157/158: pattern=0xdeadbeef (TB_writes=196, DUT_cycles=198)
[43255000] Writing word: 0xdeadbeef (TB count: 196, DUT cycles: 198)
[43255000] Monitor: busy=1, cmd=00, enable=0, error=0, total_writes=198
[43265000] Monitor: busy=0, cmd=10, enable=1, error=0, total_writes=198
[43285000] Monitor: busy=1, cmd=00, enable=0, error=0, total_writes=198
[43295000] Monitor: busy=1, cmd=00, enable=0, error=0, total_writes=198
[43305000] Monitor: busy=1, cmd=00, enable=0, error=0, total_writes=198
[43315000] Monitor: busy=1, cmd=00, enable=0, error=0, total_writes=198
[43325000] Monitor: busy=1, cmd=00, enable=0, error=0, total_writes=198
[43335000] Monitor: busy=1, cmd=00, enable=0, error=0, total_writes=198
[43345000] Monitor: busy=1, cmd=00, enable=0, error=0, total_writes=198
[43355000] Monitor: busy=1, cmd=00, enable=0, error=0, total_writes=198
[43365000] Monitor: busy=1, cmd=00, enable=0, error=0, total_writes=198
[43375000] Monitor: busy=1, cmd=00, enable=0, error=0, total_writes=198
[43385000] Monitor: busy=1, cmd=00, enable=0, error=0, total_writes=198
[43395000] Write completed successfully (TB count now: 197, DUT cycles: 199)
  Testing read after write...
[43395000] Reading word from array...
[43395000] Monitor: busy=1, cmd=00, enable=0, error=0, total_writes=199
[43405000] Monitor: busy=0, cmd=01, enable=1, error=0, total_writes=199
[43425000] Monitor: busy=1, cmd=00, enable=0, error=0, total_writes=199
[43435000] Monitor: busy=1, cmd=00, enable=0, error=0, total_writes=199
[43445000] Monitor: busy=1, cmd=00, enable=0, error=0, total_writes=199
[43455000] Monitor: busy=1, cmd=00, enable=0, error=0, total_writes=199
[43465000] Read data: 0xdeadbeef
  [OK] Read verification successful
Phase 9 write 158/158: pattern=0xcafebabe (TB_writes=197, DUT_cycles=199)
[43465000] Writing word: 0xcafebabe (TB count: 197, DUT cycles: 199)
[43465000] Monitor: busy=1, cmd=00, enable=0, error=0, total_writes=199
[43475000] Monitor: busy=0, cmd=10, enable=1, error=0, total_writes=199
[43495000] Monitor: busy=1, cmd=00, enable=0, error=0, total_writes=199
[43505000] Monitor: busy=1, cmd=00, enable=0, error=0, total_writes=199
[43515000] Monitor: busy=1, cmd=00, enable=0, error=0, total_writes=199
[43525000] Monitor: busy=1, cmd=00, enable=0, error=0, total_writes=199
[43535000] Monitor: busy=1, cmd=00, enable=0, error=0, total_writes=199
[43545000] Monitor: busy=1, cmd=00, enable=0, error=0, total_writes=199
[43555000] Monitor: busy=1, cmd=00, enable=0, error=0, total_writes=199
[43565000] Monitor: busy=1, cmd=00, enable=0, error=0, total_writes=199
[43575000] Monitor: busy=1, cmd=00, enable=0, error=0, total_writes=199
[43585000] Monitor: busy=1, cmd=00, enable=0, error=0, total_writes=199
[43595000] Monitor: busy=1, cmd=00, enable=0, error=0, total_writes=199
[ERROR] Write failed, cell_errors=0xffffffff
  This indicates cells are worn out and cannot be written
  TB count remains: 197, DUT cycles: 200
[CRITICAL] Cells may be worn out - no further writes should succeed
[ENDURANCE] Word error detected! (TB_writes=197, DUT_cycles=200)
[ENDURANCE] Cell error flags: 0xffffffff (TB_writes=197, DUT_cycles=200)
  32 out of 32 cells showing endurance errors
  Testing read after write...
[43605000] Reading word from array...
[43605000] Monitor: busy=1, cmd=00, enable=0, error=1, total_writes=200
[43605000] Cell errors detected: 0xffffffff
[43615000] Monitor: busy=0, cmd=01, enable=1, error=1, total_writes=200
[43615000] Cell errors detected: 0xffffffff
[ERROR] Read failed, cell_errors=0xffffffff
  This indicates cells are worn out and cannot be read
  [READ ERROR] Read also failing due to endurance issues

[ENDURANCE LIMIT HIT] DUT write_cycles reached MAX_ENDURANCE_CYCLES=200
  TB writes performed: 197
  DUT write cycles: 200
  [WARNING] Counter mismatch: TB=197, DUT=200
  This suggests some writes failed and weren't counted by DUT
  [SUCCESS] Errors detected as expected when endurance limit exceeded

=== Testing Permanent Cell Failure ===
Permanent failure test 1: attempting write 0x87654321
[43625000] Writing word: 0x87654321 (TB count: 197, DUT cycles: 200)
[43625000] Cell errors detected: 0xffffffff
[43635000] Monitor: busy=1, cmd=10, enable=1, error=1, total_writes=200
[43635000] Cell errors detected: 0xffffffff
[ERROR] Write failed, cell_errors=0xffffffff
  This indicates cells are worn out and cannot be written
  TB count remains: 197, DUT cycles: 200
[CRITICAL] Cells may be worn out - no further writes should succeed
  [EXPECTED] Write failed - cells permanently worn
[43645000] Reading word from array...
[43645000] Cell errors detected: 0xffffffff
[43655000] Monitor: busy=1, cmd=01, enable=1, error=1, total_writes=200
[43655000] Cell errors detected: 0xffffffff
[ERROR] Read failed, cell_errors=0xffffffff
  This indicates cells are worn out and cannot be read
  [EXPECTED] Read also failed - cells permanently worn
  [SUCCESS] All cell error flags permanently high: 0xffffffff
Permanent failure test 2: attempting write 0x87654322
[43665000] Writing word: 0x87654322 (TB count: 197, DUT cycles: 200)
[43665000] Cell errors detected: 0xffffffff
[43675000] Monitor: busy=1, cmd=10, enable=1, error=1, total_writes=200
[43675000] Cell errors detected: 0xffffffff
[ERROR] Write failed, cell_errors=0xffffffff
  This indicates cells are worn out and cannot be written
  TB count remains: 197, DUT cycles: 200
[CRITICAL] Cells may be worn out - no further writes should succeed
  [EXPECTED] Write failed - cells permanently worn
[43685000] Reading word from array...
[43685000] Cell errors detected: 0xffffffff
[43695000] Monitor: busy=1, cmd=01, enable=1, error=1, total_writes=200
[43695000] Cell errors detected: 0xffffffff
[ERROR] Read failed, cell_errors=0xffffffff
  This indicates cells are worn out and cannot be read
  [EXPECTED] Read also failed - cells permanently worn
  [SUCCESS] All cell error flags permanently high: 0xffffffff
Permanent failure test 3: attempting write 0x87654323
[43705000] Writing word: 0x87654323 (TB count: 197, DUT cycles: 200)
[43705000] Cell errors detected: 0xffffffff
[43715000] Monitor: busy=1, cmd=10, enable=1, error=1, total_writes=200
[43715000] Cell errors detected: 0xffffffff
[ERROR] Write failed, cell_errors=0xffffffff
  This indicates cells are worn out and cannot be written
  TB count remains: 197, DUT cycles: 200
[CRITICAL] Cells may be worn out - no further writes should succeed
  [EXPECTED] Write failed - cells permanently worn
[43725000] Reading word from array...
[43725000] Cell errors detected: 0xffffffff
[43735000] Monitor: busy=1, cmd=01, enable=1, error=1, total_writes=200
[43735000] Cell errors detected: 0xffffffff
[ERROR] Read failed, cell_errors=0xffffffff
  This indicates cells are worn out and cannot be read
  [EXPECTED] Read also failed - cells permanently worn
  [SUCCESS] All cell error flags permanently high: 0xffffffff

Phase 9 Endurance Results:
  Writes completed: 158
  Write cycles progression: 42 -> 200 (+158)
  Endurance errors detected: 3
  Final cell error flags: 0xffffffff
  Final word error state: 1
[SUCCESS] Phase 9 successfully tested endurance limits!
  DUT write_cycles reached 200 limit, cells properly became unusable
  Error flags and word_error properly indicate permanent failure
  [INFO] Counter difference: TB=197, DUT=200
         This is expected if some writes failed due to endurance
Phase 9 completed with 8 errors

==========================================================================
Simple Word Array Test Summary
==========================================================================
Total test errors: 8
Testbench writes performed: 197
DUT write cycles counted: 200
Counter difference: 4294967293 (failed writes not counted by DUT)
DUT endurance limit: 200 cycles
Endurance margin remaining: 0 writes
Final cell errors: 0xffffffff
Final error state: 1
Word width tested: 32 bits
WARNING: 32 out of 32 cells showing endurance issues
         Worn cell pattern: 0xffffffff
Estimated wear level: 100% of DUT endurance limit
CRITICAL: Very high wear level - approaching endurance limit!
*** 8 WORD ARRAY TESTS FAILED ***
==========================================================================
[43745000] Cell errors detected: 0xffffffff
[43755000] Monitor: busy=1, cmd=00, enable=0, error=1, total_writes=200
[43755000] Cell errors detected: 0xffffffff
[43765000] Cell errors detected: 0xffffffff
[43775000] Cell errors detected: 0xffffffff
[43785000] Cell errors detected: 0xffffffff
[43795000] Cell errors detected: 0xffffffff
[43805000] Cell errors detected: 0xffffffff
[43815000] Cell errors detected: 0xffffffff
[43825000] Cell errors detected: 0xffffffff
[43835000] Cell errors detected: 0xffffffff
$finish called at time : 43845 ns : File "C:/Users/hrish/Downloads/ReRAM_Thesis/Project Folder/ReRam_Redefined/ReRam_Redefined.srcs/sources_1/imports/2.0/tb_reram_word_array_simple.sv" Line 688
close_sim
INFO: [Simtcl 6-16] Simulation closed
close_project
open_project {C:/Users/hrish/Downloads/ReRAM_Thesis/Project Folder/ReRam_Redefined/ReRam_Redefined.xpr}
Scanning sources...
Finished scanning sources
INFO: [IP_Flow 19-234] Refreshing IP repositories
INFO: [IP_Flow 19-1704] No user IP repositories specified
INFO: [IP_Flow 19-2313] Loaded Vivado IP repository 'C:/Xilinx/Vivado/2018.1/data/ip'.
update_compile_order -fileset sources_1
import_files -norecurse {{C:/Users/hrish/Downloads/ReRAM With Sumukh/4.0 B/axi_reram_memory_controller.sv} {C:/Users/hrish/Downloads/ReRAM With Sumukh/4.0 B/tb_axi_reram_memory_controller.sv}}
update_compile_order -fileset sources_1
set_property top tb_axi_reram_memory_controller [get_filesets sim_1]
set_property top_lib xil_defaultlib [get_filesets sim_1]
set_property top tb_axi_reram_memory_controller [current_fileset]
update_compile_order -fileset sources_1
reset_simulation -simset sim_1 -mode behavioral
INFO: [Vivado 12-2266] Removing simulation data...
INFO: [Vivado 12-2267] Reset complete
launch_simulation
INFO: [Vivado 12-5682] Launching behavioral simulation in 'C:/Users/hrish/Downloads/ReRAM_Thesis/Project Folder/ReRam_Redefined/ReRam_Redefined.sim/sim_1/behav/xsim'
INFO: [SIM-utils-51] Simulation object is 'sim_1'
INFO: [SIM-utils-54] Inspecting design source files for 'tb_axi_reram_memory_controller' in fileset 'sim_1'...
INFO: [USF-XSim-97] Finding global include files...
INFO: [USF-XSim-98] Fetching design files from 'sim_1'...
INFO: [USF-XSim-2] XSim::Compile design
INFO: [USF-XSim-61] Executing 'COMPILE and ANALYZE' step in 'C:/Users/hrish/Downloads/ReRAM_Thesis/Project Folder/ReRam_Redefined/ReRam_Redefined.sim/sim_1/behav/xsim'
"xvlog --incr --relax -L xil_defaultlib -prj tb_axi_reram_memory_controller_vlog.prj"
INFO: [VRFC 10-2263] Analyzing SystemVerilog file "C:/Xilinx/Vivado/2018.1/data/xilinx_vip/hdl/axi4stream_vip_axi4streampc.sv" into library xilinx_vip
INFO: [VRFC 10-2263] Analyzing SystemVerilog file "C:/Xilinx/Vivado/2018.1/data/xilinx_vip/hdl/axi_vip_axi4pc.sv" into library xilinx_vip
INFO: [VRFC 10-2263] Analyzing SystemVerilog file "C:/Xilinx/Vivado/2018.1/data/xilinx_vip/hdl/xil_common_vip_pkg.sv" into library xilinx_vip
INFO: [VRFC 10-2263] Analyzing SystemVerilog file "C:/Xilinx/Vivado/2018.1/data/xilinx_vip/hdl/axi4stream_vip_pkg.sv" into library xilinx_vip
INFO: [VRFC 10-2263] Analyzing SystemVerilog file "C:/Xilinx/Vivado/2018.1/data/xilinx_vip/hdl/axi_vip_pkg.sv" into library xilinx_vip
INFO: [VRFC 10-2263] Analyzing SystemVerilog file "C:/Xilinx/Vivado/2018.1/data/xilinx_vip/hdl/axi4stream_vip_if.sv" into library xilinx_vip
INFO: [VRFC 10-2263] Analyzing SystemVerilog file "C:/Xilinx/Vivado/2018.1/data/xilinx_vip/hdl/axi_vip_if.sv" into library xilinx_vip
WARNING: [VRFC 10-998] macro ARESET_XCHECK redefined [C:/Xilinx/Vivado/2018.1/data/xilinx_vip/hdl/axi_vip_if.sv:79]
WARNING: [VRFC 10-998] macro ARESET_XCHECK_SOL redefined [C:/Xilinx/Vivado/2018.1/data/xilinx_vip/hdl/axi_vip_if.sv:80]
INFO: [VRFC 10-2263] Analyzing SystemVerilog file "C:/Xilinx/Vivado/2018.1/data/xilinx_vip/hdl/clk_vip_if.sv" into library xilinx_vip
INFO: [VRFC 10-2263] Analyzing SystemVerilog file "C:/Xilinx/Vivado/2018.1/data/xilinx_vip/hdl/rst_vip_if.sv" into library xilinx_vip
INFO: [VRFC 10-2263] Analyzing SystemVerilog file "C:/Users/hrish/Downloads/ReRAM_Thesis/Project Folder/ReRam_Redefined/ReRam_Redefined.srcs/sources_1/imports/4.0 B/axi_reram_memory_controller.sv" into library xil_defaultlib
INFO: [VRFC 10-311] analyzing module axi_reram_memory_controller
ERROR: [VRFC 10-1412] syntax error near R [C:/Users/hrish/Downloads/ReRAM_Thesis/Project Folder/ReRam_Redefined/ReRam_Redefined.srcs/sources_1/imports/4.0 B/axi_reram_memory_controller.sv:443]
ERROR: [VRFC 10-1412] syntax error near RR0RERR [C:/Users/hrish/Downloads/ReRAM_Thesis/Project Folder/ReRam_Redefined/ReRam_Redefined.srcs/sources_1/imports/4.0 B/axi_reram_memory_controller.sv:449]
ERROR: [VRFC 10-1412] syntax error near [ [C:/Users/hrish/Downloads/ReRAM_Thesis/Project Folder/ReRam_Redefined/ReRam_Redefined.srcs/sources_1/imports/4.0 B/axi_reram_memory_controller.sv:457]
ERROR: [VRFC 10-1412] syntax error near [ [C:/Users/hrish/Downloads/ReRAM_Thesis/Project Folder/ReRam_Redefined/ReRam_Redefined.srcs/sources_1/imports/4.0 B/axi_reram_memory_controller.sv:580]
ERROR: [VRFC 10-91] reg_addr is not declared [C:/Users/hrish/Downloads/ReRAM_Thesis/Project Folder/ReRam_Redefined/ReRam_Redefined.srcs/sources_1/imports/4.0 B/axi_reram_memory_controller.sv:457]
ERROR: [VRFC 10-91] reg_addr is not declared [C:/Users/hrish/Downloads/ReRAM_Thesis/Project Folder/ReRam_Redefined/ReRam_Redefined.srcs/sources_1/imports/4.0 B/axi_reram_memory_controller.sv:459]
ERROR: [VRFC 10-91] reg_addr is not declared [C:/Users/hrish/Downloads/ReRAM_Thesis/Project Folder/ReRam_Redefined/ReRam_Redefined.srcs/sources_1/imports/4.0 B/axi_reram_memory_controller.sv:482]
WARNING: [VRFC 10-2167] variable word_index must explicitly be declared as automatic or static [C:/Users/hrish/Downloads/ReRAM_Thesis/Project Folder/ReRam_Redefined/ReRam_Redefined.srcs/sources_1/imports/4.0 B/axi_reram_memory_controller.sv:484]
ERROR: [VRFC 10-91] reg_addr is not declared [C:/Users/hrish/Downloads/ReRAM_Thesis/Project Folder/ReRam_Redefined/ReRam_Redefined.srcs/sources_1/imports/4.0 B/axi_reram_memory_controller.sv:484]
ERROR: [VRFC 10-91] reg_addr is not declared [C:/Users/hrish/Downloads/ReRAM_Thesis/Project Folder/ReRam_Redefined/ReRam_Redefined.srcs/sources_1/imports/4.0 B/axi_reram_memory_controller.sv:490]
WARNING: [VRFC 10-2167] variable word_idx must explicitly be declared as automatic or static [C:/Users/hrish/Downloads/ReRAM_Thesis/Project Folder/ReRam_Redefined/ReRam_Redefined.srcs/sources_1/imports/4.0 B/axi_reram_memory_controller.sv:565]
ERROR: [VRFC 10-91] healthy_count is not declared [C:/Users/hrish/Downloads/ReRAM_Thesis/Project Folder/ReRam_Redefined/ReRam_Redefined.srcs/sources_1/imports/4.0 B/axi_reram_memory_controller.sv:581]
ERROR: [VRFC 10-91] warning_count is not declared [C:/Users/hrish/Downloads/ReRAM_Thesis/Project Folder/ReRam_Redefined/ReRam_Redefined.srcs/sources_1/imports/4.0 B/axi_reram_memory_controller.sv:582]
ERROR: [VRFC 10-91] critical_count is not declared [C:/Users/hrish/Downloads/ReRAM_Thesis/Project Folder/ReRam_Redefined/ReRam_Redefined.srcs/sources_1/imports/4.0 B/axi_reram_memory_controller.sv:583]
ERROR: [VRFC 10-91] worn_count is not declared [C:/Users/hrish/Downloads/ReRAM_Thesis/Project Folder/ReRam_Redefined/ReRam_Redefined.srcs/sources_1/imports/4.0 B/axi_reram_memory_controller.sv:584]
ERROR: [VRFC 10-91] worn_count is not declared [C:/Users/hrish/Downloads/ReRAM_Thesis/Project Folder/ReRam_Redefined/ReRam_Redefined.srcs/sources_1/imports/4.0 B/axi_reram_memory_controller.sv:588]
ERROR: [VRFC 10-91] critical_count is not declared [C:/Users/hrish/Downloads/ReRAM_Thesis/Project Folder/ReRam_Redefined/ReRam_Redefined.srcs/sources_1/imports/4.0 B/axi_reram_memory_controller.sv:590]
ERROR: [VRFC 10-91] warning_count is not declared [C:/Users/hrish/Downloads/ReRAM_Thesis/Project Folder/ReRam_Redefined/ReRam_Redefined.srcs/sources_1/imports/4.0 B/axi_reram_memory_controller.sv:592]
ERROR: [VRFC 10-91] healthy_count is not declared [C:/Users/hrish/Downloads/ReRAM_Thesis/Project Folder/ReRam_Redefined/ReRam_Redefined.srcs/sources_1/imports/4.0 B/axi_reram_memory_controller.sv:594]
ERROR: [VRFC 10-91] healthy_count is not declared [C:/Users/hrish/Downloads/ReRAM_Thesis/Project Folder/ReRam_Redefined/ReRam_Redefined.srcs/sources_1/imports/4.0 B/axi_reram_memory_controller.sv:598]
ERROR: [VRFC 10-91] warning_count is not declared [C:/Users/hrish/Downloads/ReRAM_Thesis/Project Folder/ReRam_Redefined/ReRam_Redefined.srcs/sources_1/imports/4.0 B/axi_reram_memory_controller.sv:599]
INFO: [#UNDEF] Sorry, too many errors..
INFO: [USF-XSim-69] 'compile' step finished in '3' seconds
INFO: [USF-XSim-99] Step results log file:'C:/Users/hrish/Downloads/ReRAM_Thesis/Project Folder/ReRam_Redefined/ReRam_Redefined.sim/sim_1/behav/xsim/xvlog.log'
ERROR: [USF-XSim-62] 'compile' step failed with error(s). Please check the Tcl console output or 'C:/Users/hrish/Downloads/ReRAM_Thesis/Project Folder/ReRam_Redefined/ReRam_Redefined.sim/sim_1/behav/xsim/xvlog.log' file for more information.
ERROR: [Vivado 12-4473] Detected error while running simulation. Please correct the issue and retry this operation.
ERROR: [Common 17-39] 'launch_simulation' failed due to earlier errors.
reset_simulation -simset sim_1 -mode behavioral
INFO: [Vivado 12-2266] Removing simulation data...
INFO: [Vivado 12-2267] Reset complete
launch_simulation
INFO: [Vivado 12-5682] Launching behavioral simulation in 'C:/Users/hrish/Downloads/ReRAM_Thesis/Project Folder/ReRam_Redefined/ReRam_Redefined.sim/sim_1/behav/xsim'
INFO: [SIM-utils-51] Simulation object is 'sim_1'
INFO: [SIM-utils-54] Inspecting design source files for 'tb_axi_reram_memory_controller' in fileset 'sim_1'...
INFO: [USF-XSim-97] Finding global include files...
INFO: [USF-XSim-98] Fetching design files from 'sim_1'...
INFO: [USF-XSim-2] XSim::Compile design
INFO: [USF-XSim-61] Executing 'COMPILE and ANALYZE' step in 'C:/Users/hrish/Downloads/ReRAM_Thesis/Project Folder/ReRam_Redefined/ReRam_Redefined.sim/sim_1/behav/xsim'
"xvlog --incr --relax -L xil_defaultlib -prj tb_axi_reram_memory_controller_vlog.prj"
INFO: [VRFC 10-2263] Analyzing SystemVerilog file "C:/Xilinx/Vivado/2018.1/data/xilinx_vip/hdl/axi4stream_vip_axi4streampc.sv" into library xilinx_vip
INFO: [VRFC 10-2263] Analyzing SystemVerilog file "C:/Xilinx/Vivado/2018.1/data/xilinx_vip/hdl/axi_vip_axi4pc.sv" into library xilinx_vip
INFO: [VRFC 10-2263] Analyzing SystemVerilog file "C:/Xilinx/Vivado/2018.1/data/xilinx_vip/hdl/xil_common_vip_pkg.sv" into library xilinx_vip
INFO: [VRFC 10-2263] Analyzing SystemVerilog file "C:/Xilinx/Vivado/2018.1/data/xilinx_vip/hdl/axi4stream_vip_pkg.sv" into library xilinx_vip
INFO: [VRFC 10-2263] Analyzing SystemVerilog file "C:/Xilinx/Vivado/2018.1/data/xilinx_vip/hdl/axi_vip_pkg.sv" into library xilinx_vip
INFO: [VRFC 10-2263] Analyzing SystemVerilog file "C:/Xilinx/Vivado/2018.1/data/xilinx_vip/hdl/axi4stream_vip_if.sv" into library xilinx_vip
INFO: [VRFC 10-2263] Analyzing SystemVerilog file "C:/Xilinx/Vivado/2018.1/data/xilinx_vip/hdl/axi_vip_if.sv" into library xilinx_vip
WARNING: [VRFC 10-998] macro ARESET_XCHECK redefined [C:/Xilinx/Vivado/2018.1/data/xilinx_vip/hdl/axi_vip_if.sv:79]
WARNING: [VRFC 10-998] macro ARESET_XCHECK_SOL redefined [C:/Xilinx/Vivado/2018.1/data/xilinx_vip/hdl/axi_vip_if.sv:80]
INFO: [VRFC 10-2263] Analyzing SystemVerilog file "C:/Xilinx/Vivado/2018.1/data/xilinx_vip/hdl/clk_vip_if.sv" into library xilinx_vip
INFO: [VRFC 10-2263] Analyzing SystemVerilog file "C:/Xilinx/Vivado/2018.1/data/xilinx_vip/hdl/rst_vip_if.sv" into library xilinx_vip
INFO: [VRFC 10-2263] Analyzing SystemVerilog file "C:/Users/hrish/Downloads/ReRAM_Thesis/Project Folder/ReRam_Redefined/ReRam_Redefined.srcs/sources_1/imports/4.0 B/axi_reram_memory_controller.sv" into library xil_defaultlib
INFO: [VRFC 10-311] analyzing module axi_reram_memory_controller
WARNING: [VRFC 10-2167] variable wreg must explicitly be declared as automatic or static [C:/Users/hrish/Downloads/ReRAM_Thesis/Project Folder/ReRam_Redefined/ReRam_Redefined.srcs/sources_1/imports/4.0 B/axi_reram_memory_controller.sv:499]
INFO: [VRFC 10-2263] Analyzing SystemVerilog file "C:/Users/hrish/Downloads/ReRAM_Thesis/Project Folder/ReRam_Redefined/ReRam_Redefined.srcs/sources_1/imports/Downloads/reram_cell_simple.sv" into library xil_defaultlib
INFO: [VRFC 10-311] analyzing module reram_cell_simple
INFO: [VRFC 10-2263] Analyzing SystemVerilog file "C:/Users/hrish/Downloads/ReRAM_Thesis/Project Folder/ReRam_Redefined/ReRam_Redefined.srcs/sources_1/imports/3.0/reram_memory_controller_blocking.sv" into library xil_defaultlib
INFO: [VRFC 10-311] analyzing module reram_memory_controller_blocking
INFO: [VRFC 10-2263] Analyzing SystemVerilog file "C:/Users/hrish/Downloads/ReRAM_Thesis/Project Folder/ReRam_Redefined/ReRam_Redefined.srcs/sources_1/imports/2.0/reram_word_array_simple.sv" into library xil_defaultlib
INFO: [VRFC 10-311] analyzing module reram_word_array_simple
INFO: [VRFC 10-2263] Analyzing SystemVerilog file "C:/Users/hrish/Downloads/ReRAM_Thesis/Project Folder/ReRam_Redefined/ReRam_Redefined.srcs/sources_1/imports/4.0 B/tb_axi_reram_memory_controller.sv" into library xil_defaultlib
INFO: [VRFC 10-311] analyzing module tb_axi_reram_memory_controller
WARNING: [VRFC 10-2167] variable test_data must explicitly be declared as automatic or static [C:/Users/hrish/Downloads/ReRAM_Thesis/Project Folder/ReRam_Redefined/ReRam_Redefined.srcs/sources_1/imports/4.0 B/tb_axi_reram_memory_controller.sv:267]
WARNING: [VRFC 10-2167] variable expected_data must explicitly be declared as automatic or static [C:/Users/hrish/Downloads/ReRAM_Thesis/Project Folder/ReRam_Redefined/ReRam_Redefined.srcs/sources_1/imports/4.0 B/tb_axi_reram_memory_controller.sv:276]
INFO: [VRFC 10-2263] Analyzing Verilog file "C:/Users/hrish/Downloads/ReRAM_Thesis/Project Folder/ReRam_Redefined/ReRam_Redefined.sim/sim_1/behav/xsim/glbl.v" into library xil_defaultlib
INFO: [VRFC 10-311] analyzing module glbl
INFO: [USF-XSim-69] 'compile' step finished in '1' seconds
INFO: [USF-XSim-3] XSim::Elaborate design
INFO: [USF-XSim-61] Executing 'ELABORATE' step in 'C:/Users/hrish/Downloads/ReRAM_Thesis/Project Folder/ReRam_Redefined/ReRam_Redefined.sim/sim_1/behav/xsim'
Vivado Simulator 2018.1
Copyright 1986-1999, 2001-2017 Xilinx, Inc. All Rights Reserved.
Running: C:/Xilinx/Vivado/2018.1/bin/unwrapped/win64.o/xelab.exe -wto 2413a4e8c8dd4490957e722b50b7e2e6 --incr --debug typical --relax --mt 2 -L xilinx_vip -L xil_defaultlib -L unisims_ver -L unimacro_ver -L secureip --snapshot tb_axi_reram_memory_controller_behav xil_defaultlib.tb_axi_reram_memory_controller xil_defaultlib.glbl -log elaborate.log 
Using 2 slave threads.
Starting static elaboration
WARNING: [VRFC 10-597] element index 7 into mem_addr is out of bounds [C:/Users/hrish/Downloads/ReRAM_Thesis/Project Folder/ReRam_Redefined/ReRam_Redefined.srcs/sources_1/imports/4.0 B/axi_reram_memory_controller.sv:470]
WARNING: [VRFC 10-597] element index 7 into mem_addr is out of bounds [C:/Users/hrish/Downloads/ReRAM_Thesis/Project Folder/ReRam_Redefined/ReRam_Redefined.srcs/sources_1/imports/4.0 B/axi_reram_memory_controller.sv:473]
Completed static elaboration
Starting simulation data flow analysis
WARNING: [XSIM 43-4100] "C:/Users/hrish/Downloads/ReRAM_Thesis/Project Folder/ReRam_Redefined/ReRam_Redefined.sim/sim_1/behav/xsim/glbl.v" Line 6. Module glbl has a timescale but at least one module in design doesn't have timescale.
Completed simulation data flow analysis
Time Resolution for simulation is 1ps
Compiling module xil_defaultlib.reram_cell_simple(MAX_WRITE_CYCL...
Compiling module xil_defaultlib.reram_word_array_simple_default
Compiling module xil_defaultlib.reram_memory_controller_blocking...
Compiling module xil_defaultlib.axi_reram_memory_controller_defa...
Compiling module xil_defaultlib.tb_axi_reram_memory_controller
Compiling module xil_defaultlib.glbl
Built simulation snapshot tb_axi_reram_memory_controller_behav

****** Webtalk v2018.1 (64-bit)
  **** SW Build 2188600 on Wed Apr  4 18:40:38 MDT 2018
  **** IP Build 2185939 on Wed Apr  4 20:55:05 MDT 2018
    ** Copyright 1986-2018 Xilinx, Inc. All Rights Reserved.

source C:/Users/hrish/Downloads/ReRAM_Thesis/Project -notrace
couldn't read file "C:/Users/hrish/Downloads/ReRAM_Thesis/Project": permission denied
INFO: [Common 17-206] Exiting Webtalk at Thu Oct 23 02:31:34 2025...
INFO: [USF-XSim-69] 'elaborate' step finished in '4' seconds
INFO: [USF-XSim-4] XSim::Simulate design
INFO: [USF-XSim-61] Executing 'SIMULATE' step in 'C:/Users/hrish/Downloads/ReRAM_Thesis/Project Folder/ReRam_Redefined/ReRam_Redefined.sim/sim_1/behav/xsim'
INFO: [USF-XSim-98] *** Running xsim
   with args "tb_axi_reram_memory_controller_behav -key {Behavioral:sim_1:Functional:tb_axi_reram_memory_controller} -tclbatch {tb_axi_reram_memory_controller.tcl} -log {simulate.log}"
INFO: [USF-XSim-8] Loading simulator feature
Vivado Simulator 2018.1
Time resolution is 1 ps
source tb_axi_reram_memory_controller.tcl
# set curr_wave [current_wave_config]
# if { [string length $curr_wave] == 0 } {
#   if { [llength [get_objects]] > 0} {
#     add_wave /
#     set_property needs_save false [current_wave_config]
#   } else {
#      send_msg_id Add_Wave-1 WARNING "No top level signals found. Simulator will start without a wave window. If you want to open a wave window go to 'File->New Waveform Configuration' or type 'create_wave_config' in the TCL console."
#   }
# }
# run 1000ns
==============================================
AXI4-Lite ReRAM Memory Controller Test Suite
==============================================

[Phase 1] Basic Memory Read/Write Operations
[ERROR] Basic read failed. Expected: deadbeef, Got: 00000000, Resp: 0

[Phase 2] Control Register Access
[PASS] Status register: 00000000

[Phase 3] Address Validation
[ERROR] Out-of-bounds access should return SLVERR, got: 3

[Phase 4] Sequential Memory Test
[ERROR] Sequential write 0 failed
[ERROR] Sequential write 1 failed
[ERROR] Sequential write 2 failed
INFO: [USF-XSim-96] XSim completed. Design snapshot 'tb_axi_reram_memory_controller_behav' loaded.
INFO: [USF-XSim-97] XSim simulation ran for 1000ns
launch_simulation: Time (s): cpu = 00:00:02 ; elapsed = 00:00:08 . Memory (MB): peak = 911.402 ; gain = 14.516
restart
INFO: [Simtcl 6-17] Simulation restarted
run all
==============================================
AXI4-Lite ReRAM Memory Controller Test Suite
==============================================

[Phase 1] Basic Memory Read/Write Operations
[ERROR] Basic read failed. Expected: deadbeef, Got: 00000000, Resp: 0

[Phase 2] Control Register Access
[PASS] Status register: 00000000

[Phase 3] Address Validation
[ERROR] Out-of-bounds access should return SLVERR, got: 3

[Phase 4] Sequential Memory Test
[ERROR] Sequential write 0 failed
[ERROR] Sequential write 1 failed
[ERROR] Sequential write 2 failed
[ERROR] Sequential write 3 failed
[ERROR] Sequential write 4 failed
[ERROR] Sequential write 5 failed
[ERROR] Sequential write 6 failed
[ERROR] Sequential write 7 failed
[ERROR] Sequential write 8 failed
[ERROR] Sequential write 9 failed
[ERROR] Sequential write 10 failed
[ERROR] Sequential write 11 failed
[ERROR] Sequential write 12 failed
[ERROR] Sequential write 13 failed
[ERROR] Sequential write 14 failed
[ERROR] Sequential write 15 failed
[ERROR] Sequential read 0 failed. Expected: 10000000, Got: 00000000
[ERROR] Sequential read 1 failed. Expected: 10000001, Got: 00000000
[ERROR] Sequential read 2 failed. Expected: 10000002, Got: 00000000
[ERROR] Sequential read 3 failed. Expected: 10000003, Got: 00000000
[ERROR] Sequential read 4 failed. Expected: 10000004, Got: 00000000
[ERROR] Sequential read 5 failed. Expected: 10000005, Got: 00000000
[ERROR] Sequential read 6 failed. Expected: 10000006, Got: 00000000
[ERROR] Sequential read 7 failed. Expected: 10000007, Got: 00000000
[ERROR] Sequential read 8 failed. Expected: 10000008, Got: 00000000
[ERROR] Sequential read 9 failed. Expected: 10000009, Got: 00000000
[ERROR] Sequential read 10 failed. Expected: 1000000a, Got: 00000000
[ERROR] Sequential read 11 failed. Expected: 1000000b, Got: 00000000
[ERROR] Sequential read 12 failed. Expected: 1000000c, Got: 00000000
[ERROR] Sequential read 13 failed. Expected: 1000000d, Got: 00000000
[ERROR] Sequential read 14 failed. Expected: 1000000e, Got: 00000000
[ERROR] Sequential read 15 failed. Expected: 1000000f, Got: 00000000
[PASS] Sequential memory test completed

[Phase 5] Endurance Monitoring
[PASS] Write cycles register: 00000000

[Phase 6] Error Handling
[ERROR] Invalid register access should return SLVERR

[Phase 7] Health Monitoring
[PASS] Health summary: 00000000

[Phase 8] Final Status Check
[INFO] Total operations: 00000000

==============================================
Test Summary
==============================================
Total test phases: 8
Total errors: 35
*** 35 TESTS FAILED ***
==============================================
$finish called at time : 5005 ns : File "C:/Users/hrish/Downloads/ReRAM_Thesis/Project Folder/ReRam_Redefined/ReRam_Redefined.srcs/sources_1/imports/4.0 B/tb_axi_reram_memory_controller.sv" Line 348
close_sim
INFO: [Simtcl 6-16] Simulation closed
reset_simulation -simset sim_1 -mode behavioral
INFO: [Vivado 12-2266] Removing simulation data...
INFO: [Vivado 12-2267] Reset complete
launch_simulation
INFO: [Vivado 12-5682] Launching behavioral simulation in 'C:/Users/hrish/Downloads/ReRAM_Thesis/Project Folder/ReRam_Redefined/ReRam_Redefined.sim/sim_1/behav/xsim'
INFO: [SIM-utils-51] Simulation object is 'sim_1'
INFO: [SIM-utils-54] Inspecting design source files for 'tb_axi_reram_memory_controller' in fileset 'sim_1'...
INFO: [USF-XSim-97] Finding global include files...
INFO: [USF-XSim-98] Fetching design files from 'sim_1'...
INFO: [USF-XSim-2] XSim::Compile design
INFO: [USF-XSim-61] Executing 'COMPILE and ANALYZE' step in 'C:/Users/hrish/Downloads/ReRAM_Thesis/Project Folder/ReRam_Redefined/ReRam_Redefined.sim/sim_1/behav/xsim'
"xvlog --incr --relax -L xil_defaultlib -prj tb_axi_reram_memory_controller_vlog.prj"
INFO: [VRFC 10-2263] Analyzing SystemVerilog file "C:/Xilinx/Vivado/2018.1/data/xilinx_vip/hdl/axi4stream_vip_axi4streampc.sv" into library xilinx_vip
INFO: [VRFC 10-2263] Analyzing SystemVerilog file "C:/Xilinx/Vivado/2018.1/data/xilinx_vip/hdl/axi_vip_axi4pc.sv" into library xilinx_vip
INFO: [VRFC 10-2263] Analyzing SystemVerilog file "C:/Xilinx/Vivado/2018.1/data/xilinx_vip/hdl/xil_common_vip_pkg.sv" into library xilinx_vip
INFO: [VRFC 10-2263] Analyzing SystemVerilog file "C:/Xilinx/Vivado/2018.1/data/xilinx_vip/hdl/axi4stream_vip_pkg.sv" into library xilinx_vip
INFO: [VRFC 10-2263] Analyzing SystemVerilog file "C:/Xilinx/Vivado/2018.1/data/xilinx_vip/hdl/axi_vip_pkg.sv" into library xilinx_vip
INFO: [VRFC 10-2263] Analyzing SystemVerilog file "C:/Xilinx/Vivado/2018.1/data/xilinx_vip/hdl/axi4stream_vip_if.sv" into library xilinx_vip
INFO: [VRFC 10-2263] Analyzing SystemVerilog file "C:/Xilinx/Vivado/2018.1/data/xilinx_vip/hdl/axi_vip_if.sv" into library xilinx_vip
WARNING: [VRFC 10-998] macro ARESET_XCHECK redefined [C:/Xilinx/Vivado/2018.1/data/xilinx_vip/hdl/axi_vip_if.sv:79]
WARNING: [VRFC 10-998] macro ARESET_XCHECK_SOL redefined [C:/Xilinx/Vivado/2018.1/data/xilinx_vip/hdl/axi_vip_if.sv:80]
INFO: [VRFC 10-2263] Analyzing SystemVerilog file "C:/Xilinx/Vivado/2018.1/data/xilinx_vip/hdl/clk_vip_if.sv" into library xilinx_vip
INFO: [VRFC 10-2263] Analyzing SystemVerilog file "C:/Xilinx/Vivado/2018.1/data/xilinx_vip/hdl/rst_vip_if.sv" into library xilinx_vip
INFO: [VRFC 10-2263] Analyzing SystemVerilog file "C:/Users/hrish/Downloads/ReRAM_Thesis/Project Folder/ReRam_Redefined/ReRam_Redefined.srcs/sources_1/imports/4.0 B/axi_reram_memory_controller.sv" into library xil_defaultlib
INFO: [VRFC 10-311] analyzing module axi_reram_memory_controller
WARNING: [VRFC 10-2167] variable write_reg_addr must explicitly be declared as automatic or static [C:/Users/hrish/Downloads/ReRAM_Thesis/Project Folder/ReRam_Redefined/ReRam_Redefined.srcs/sources_1/imports/4.0 B/axi_reram_memory_controller.sv:726]
INFO: [VRFC 10-2263] Analyzing SystemVerilog file "C:/Users/hrish/Downloads/ReRAM_Thesis/Project Folder/ReRam_Redefined/ReRam_Redefined.srcs/sources_1/imports/Downloads/reram_cell_simple.sv" into library xil_defaultlib
INFO: [VRFC 10-311] analyzing module reram_cell_simple
INFO: [VRFC 10-2263] Analyzing SystemVerilog file "C:/Users/hrish/Downloads/ReRAM_Thesis/Project Folder/ReRam_Redefined/ReRam_Redefined.srcs/sources_1/imports/3.0/reram_memory_controller_blocking.sv" into library xil_defaultlib
INFO: [VRFC 10-311] analyzing module reram_memory_controller_blocking
INFO: [VRFC 10-2263] Analyzing SystemVerilog file "C:/Users/hrish/Downloads/ReRAM_Thesis/Project Folder/ReRam_Redefined/ReRam_Redefined.srcs/sources_1/imports/2.0/reram_word_array_simple.sv" into library xil_defaultlib
INFO: [VRFC 10-311] analyzing module reram_word_array_simple
INFO: [VRFC 10-2263] Analyzing SystemVerilog file "C:/Users/hrish/Downloads/ReRAM_Thesis/Project Folder/ReRam_Redefined/ReRam_Redefined.srcs/sources_1/imports/4.0 B/tb_axi_reram_memory_controller.sv" into library xil_defaultlib
INFO: [VRFC 10-311] analyzing module tb_axi_reram_memory_controller
WARNING: [VRFC 10-2167] variable test_data must explicitly be declared as automatic or static [C:/Users/hrish/Downloads/ReRAM_Thesis/Project Folder/ReRam_Redefined/ReRam_Redefined.srcs/sources_1/imports/4.0 B/tb_axi_reram_memory_controller.sv:267]
WARNING: [VRFC 10-2167] variable expected_data must explicitly be declared as automatic or static [C:/Users/hrish/Downloads/ReRAM_Thesis/Project Folder/ReRam_Redefined/ReRam_Redefined.srcs/sources_1/imports/4.0 B/tb_axi_reram_memory_controller.sv:276]
INFO: [VRFC 10-2263] Analyzing Verilog file "C:/Users/hrish/Downloads/ReRAM_Thesis/Project Folder/ReRam_Redefined/ReRam_Redefined.sim/sim_1/behav/xsim/glbl.v" into library xil_defaultlib
INFO: [VRFC 10-311] analyzing module glbl
INFO: [USF-XSim-69] 'compile' step finished in '2' seconds
INFO: [USF-XSim-3] XSim::Elaborate design
INFO: [USF-XSim-61] Executing 'ELABORATE' step in 'C:/Users/hrish/Downloads/ReRAM_Thesis/Project Folder/ReRam_Redefined/ReRam_Redefined.sim/sim_1/behav/xsim'
Vivado Simulator 2018.1
Copyright 1986-1999, 2001-2017 Xilinx, Inc. All Rights Reserved.
Running: C:/Xilinx/Vivado/2018.1/bin/unwrapped/win64.o/xelab.exe -wto 2413a4e8c8dd4490957e722b50b7e2e6 --incr --debug typical --relax --mt 2 -L xilinx_vip -L xil_defaultlib -L unisims_ver -L unimacro_ver -L secureip --snapshot tb_axi_reram_memory_controller_behav xil_defaultlib.tb_axi_reram_memory_controller xil_defaultlib.glbl -log elaborate.log 
Using 2 slave threads.
Starting static elaboration
ERROR: [VRFC 10-1658] variable i is driven by invalid combination of procedural drivers [C:/Users/hrish/Downloads/ReRAM_Thesis/Project Folder/ReRam_Redefined/ReRam_Redefined.srcs/sources_1/imports/4.0 B/axi_reram_memory_controller.sv:208]
WARNING: [VRFC 10-2066] i driven by this always_comb block should not be driven by any other process [C:/Users/hrish/Downloads/ReRAM_Thesis/Project Folder/ReRam_Redefined/ReRam_Redefined.srcs/sources_1/imports/4.0 B/axi_reram_memory_controller.sv:537]
WARNING: [VRFC 10-597] element index 7 into mem_addr is out of bounds [C:/Users/hrish/Downloads/ReRAM_Thesis/Project Folder/ReRam_Redefined/ReRam_Redefined.srcs/sources_1/imports/4.0 B/axi_reram_memory_controller.sv:695]
WARNING: [VRFC 10-597] element index 7 into mem_addr is out of bounds [C:/Users/hrish/Downloads/ReRAM_Thesis/Project Folder/ReRam_Redefined/ReRam_Redefined.srcs/sources_1/imports/4.0 B/axi_reram_memory_controller.sv:698]
ERROR: [XSIM 43-3322] Static elaboration of top level Verilog design unit(s) in library work failed.
INFO: [USF-XSim-69] 'elaborate' step finished in '2' seconds
INFO: [USF-XSim-99] Step results log file:'C:/Users/hrish/Downloads/ReRAM_Thesis/Project Folder/ReRam_Redefined/ReRam_Redefined.sim/sim_1/behav/xsim/elaborate.log'
ERROR: [USF-XSim-62] 'elaborate' step failed with error(s). Please check the Tcl console output or 'C:/Users/hrish/Downloads/ReRAM_Thesis/Project Folder/ReRam_Redefined/ReRam_Redefined.sim/sim_1/behav/xsim/elaborate.log' file for more information.
ERROR: [Vivado 12-4473] Detected error while running simulation. Please correct the issue and retry this operation.
ERROR: [Common 17-39] 'launch_simulation' failed due to earlier errors.
close_project
exit
INFO: [Common 17-206] Exiting Vivado at Thu Oct 23 02:51:59 2025...
