
*** Running vivado
    with args -log ReRamSpm_wrapper.vds -m64 -product Vivado -mode batch -messageDb vivado.pb -notrace -source ReRamSpm_wrapper.tcl


****** Vivado v2018.1 (64-bit)
  **** SW Build 2188600 on Wed Apr  4 18:40:38 MDT 2018
  **** IP Build 2185939 on Wed Apr  4 20:55:05 MDT 2018
    ** Copyright 1986-2018 Xilinx, Inc. All Rights Reserved.

source ReRamSpm_wrapper.tcl -notrace
create_project: Time (s): cpu = 00:00:01 ; elapsed = 00:00:06 . Memory (MB): peak = 255.465 ; gain = 25.008
INFO: [IP_Flow 19-234] Refreshing IP repositories
INFO: [IP_Flow 19-1700] Loaded user IP repository 'c:/Users/hrish/Downloads/ReRAM_Thesis/Project Folder/ip_repo/ReRAM_SPM_1.0'.
INFO: [IP_Flow 19-1700] Loaded user IP repository 'c:/Users/hrish/Downloads/ReRAM_Working'.
INFO: [IP_Flow 19-2313] Loaded Vivado IP repository 'C:/Xilinx/Vivado/2018.1/data/ip'.
CRITICAL WARNING: [IP_Flow 19-1663] Duplicate IP found for 'xilinx.com:user:reram_axilite_wrapper:1.0'. The one found in IP location 'c:/Users/hrish/Downloads/ReRAM_Thesis/Project Folder/ip_repo/ReRAM_SPM_1.0' will take precedence over the same IP in location c:/Users/hrish/Downloads/ReRAM_Working/ip repo
add_files: Time (s): cpu = 00:00:04 ; elapsed = 00:00:09 . Memory (MB): peak = 292.977 ; gain = 37.512
Command: synth_design -top ReRamSpm_wrapper -part xc7z020clg400-1
Starting synth_design
Attempting to get a license for feature 'Synthesis' and/or device 'xc7z020'
INFO: [Common 17-349] Got license for feature 'Synthesis' and/or device 'xc7z020'
INFO: Launching helper process for spawning children vivado processes
INFO: Helper process launched with PID 25024 
WARNING: [Synth 8-2490] overwriting previous definition of module reram_cell_simple [c:/Users/hrish/Downloads/ReRAM_Thesis/Project Folder/ReRam_Redefined/ReRam_Redefined.srcs/sources_1/bd/ReRamSpm/ipshared/f2a6/src/reram_cell_simple.sv:21]
WARNING: [Synth 8-2490] overwriting previous definition of module reram_memory_controller_blocking [c:/Users/hrish/Downloads/ReRAM_Thesis/Project Folder/ReRam_Redefined/ReRam_Redefined.srcs/sources_1/bd/ReRamSpm/ipshared/f2a6/src/reram_memory_controller_blocking.sv:35]
WARNING: [Synth 8-2490] overwriting previous definition of module reram_word_array_simple [c:/Users/hrish/Downloads/ReRAM_Thesis/Project Folder/ReRam_Redefined/ReRam_Redefined.srcs/sources_1/bd/ReRamSpm/ipshared/f2a6/src/reram_word_array_simple.sv:19]
WARNING: [Synth 8-2490] overwriting previous definition of module reram_axilite_wrapper [c:/Users/hrish/Downloads/ReRAM_Thesis/Project Folder/ReRam_Redefined/ReRam_Redefined.srcs/sources_1/bd/ReRamSpm/ipshared/f2a6/src/reram_axilite_wrapper.sv:9]
WARNING: [Synth 8-2490] overwriting previous definition of module tb_reram_cell_simple [c:/Users/hrish/Downloads/ReRAM_Thesis/Project Folder/ReRam_Redefined/ReRam_Redefined.srcs/sources_1/bd/ReRamSpm/ipshared/f2a6/src/tb_reram_cell_simple.sv:17]
WARNING: [Synth 8-2490] overwriting previous definition of module tb_reram_word_array_simple [c:/Users/hrish/Downloads/ReRAM_Thesis/Project Folder/ReRam_Redefined/ReRam_Redefined.srcs/sources_1/bd/ReRamSpm/ipshared/f2a6/src/tb_reram_word_array_simple.sv:8]
WARNING: [Synth 8-2490] overwriting previous definition of module tb_reram_memory_controller_blocking [c:/Users/hrish/Downloads/ReRAM_Thesis/Project Folder/ReRam_Redefined/ReRam_Redefined.srcs/sources_1/bd/ReRamSpm/ipshared/f2a6/src/tb_reram_memory_controller_blocking.sv:8]
WARNING: [Synth 8-2490] overwriting previous definition of module tb_reram_axilite_wrapper [c:/Users/hrish/Downloads/ReRAM_Thesis/Project Folder/ReRam_Redefined/ReRam_Redefined.srcs/sources_1/bd/ReRamSpm/ipshared/f2a6/src/tb_reram_axilite_wrapper.sv:15]
---------------------------------------------------------------------------------
Starting RTL Elaboration : Time (s): cpu = 00:00:19 ; elapsed = 00:00:22 . Memory (MB): peak = 413.977 ; gain = 113.246
---------------------------------------------------------------------------------
INFO: [Synth 8-6157] synthesizing module 'ReRamSpm_wrapper' [C:/Users/hrish/Downloads/ReRAM_Thesis/Project Folder/ReRam_Redefined/ReRam_Redefined.srcs/sources_1/bd/ReRamSpm/hdl/ReRamSpm_wrapper.v:12]
INFO: [Synth 8-6157] synthesizing module 'ReRamSpm' [C:/Users/hrish/Downloads/ReRAM_Thesis/Project Folder/ReRam_Redefined/ReRam_Redefined.srcs/sources_1/bd/ReRamSpm/synth/ReRamSpm.v:13]
INFO: [Synth 8-6157] synthesizing module 'ReRamSpm_processing_system7_0_0' [c:/Users/hrish/Downloads/ReRAM_Thesis/Project Folder/ReRam_Redefined/ReRam_Redefined.srcs/sources_1/bd/ReRamSpm/ip/ReRamSpm_processing_system7_0_0/synth/ReRamSpm_processing_system7_0_0.v:60]
INFO: [Synth 8-6157] synthesizing module 'processing_system7_v5_5_processing_system7' [c:/Users/hrish/Downloads/ReRAM_Thesis/Project Folder/ReRam_Redefined/ReRam_Redefined.srcs/sources_1/bd/ReRamSpm/ip/ReRamSpm_processing_system7_0_0/hdl/verilog/processing_system7_v5_5_processing_system7.v:161]
	Parameter C_USE_DEFAULT_ACP_USER_VAL bound to: 0 - type: integer 
	Parameter C_S_AXI_ACP_ARUSER_VAL bound to: 31 - type: integer 
	Parameter C_S_AXI_ACP_AWUSER_VAL bound to: 31 - type: integer 
	Parameter C_M_AXI_GP0_THREAD_ID_WIDTH bound to: 12 - type: integer 
	Parameter C_M_AXI_GP1_THREAD_ID_WIDTH bound to: 12 - type: integer 
	Parameter C_M_AXI_GP0_ENABLE_STATIC_REMAP bound to: 0 - type: integer 
	Parameter C_M_AXI_GP1_ENABLE_STATIC_REMAP bound to: 0 - type: integer 
	Parameter C_M_AXI_GP0_ID_WIDTH bound to: 12 - type: integer 
	Parameter C_M_AXI_GP1_ID_WIDTH bound to: 12 - type: integer 
	Parameter C_S_AXI_GP0_ID_WIDTH bound to: 6 - type: integer 
	Parameter C_S_AXI_GP1_ID_WIDTH bound to: 6 - type: integer 
	Parameter C_S_AXI_HP0_ID_WIDTH bound to: 6 - type: integer 
	Parameter C_S_AXI_HP1_ID_WIDTH bound to: 6 - type: integer 
	Parameter C_S_AXI_HP2_ID_WIDTH bound to: 6 - type: integer 
	Parameter C_S_AXI_HP3_ID_WIDTH bound to: 6 - type: integer 
	Parameter C_S_AXI_ACP_ID_WIDTH bound to: 3 - type: integer 
	Parameter C_S_AXI_HP0_DATA_WIDTH bound to: 64 - type: integer 
	Parameter C_S_AXI_HP1_DATA_WIDTH bound to: 64 - type: integer 
	Parameter C_S_AXI_HP2_DATA_WIDTH bound to: 64 - type: integer 
	Parameter C_S_AXI_HP3_DATA_WIDTH bound to: 64 - type: integer 
	Parameter C_INCLUDE_ACP_TRANS_CHECK bound to: 0 - type: integer 
	Parameter C_NUM_F2P_INTR_INPUTS bound to: 1 - type: integer 
	Parameter C_FCLK_CLK0_BUF bound to: TRUE - type: string 
	Parameter C_FCLK_CLK1_BUF bound to: FALSE - type: string 
	Parameter C_FCLK_CLK2_BUF bound to: FALSE - type: string 
	Parameter C_FCLK_CLK3_BUF bound to: FALSE - type: string 
	Parameter C_EMIO_GPIO_WIDTH bound to: 64 - type: integer 
	Parameter C_INCLUDE_TRACE_BUFFER bound to: 0 - type: integer 
	Parameter C_TRACE_BUFFER_FIFO_SIZE bound to: 128 - type: integer 
	Parameter C_TRACE_BUFFER_CLOCK_DELAY bound to: 12 - type: integer 
	Parameter USE_TRACE_DATA_EDGE_DETECTOR bound to: 0 - type: integer 
	Parameter C_TRACE_PIPELINE_WIDTH bound to: 8 - type: integer 
	Parameter C_PS7_SI_REV bound to: PRODUCTION - type: string 
	Parameter C_EN_EMIO_ENET0 bound to: 0 - type: integer 
	Parameter C_EN_EMIO_ENET1 bound to: 0 - type: integer 
	Parameter C_EN_EMIO_TRACE bound to: 0 - type: integer 
	Parameter C_DQ_WIDTH bound to: 32 - type: integer 
	Parameter C_DQS_WIDTH bound to: 4 - type: integer 
	Parameter C_DM_WIDTH bound to: 4 - type: integer 
	Parameter C_MIO_PRIMITIVE bound to: 54 - type: integer 
	Parameter C_PACKAGE_NAME bound to: clg400 - type: string 
	Parameter C_IRQ_F2P_MODE bound to: DIRECT - type: string 
	Parameter C_TRACE_INTERNAL_WIDTH bound to: 2 - type: integer 
	Parameter C_EN_EMIO_PJTAG bound to: 0 - type: integer 
	Parameter C_USE_AXI_NONSECURE bound to: 0 - type: integer 
	Parameter C_USE_S_AXI_HP0 bound to: 0 - type: integer 
	Parameter C_USE_S_AXI_HP1 bound to: 0 - type: integer 
	Parameter C_USE_S_AXI_HP2 bound to: 0 - type: integer 
	Parameter C_USE_S_AXI_HP3 bound to: 0 - type: integer 
	Parameter C_USE_M_AXI_GP0 bound to: 1 - type: integer 
	Parameter C_USE_M_AXI_GP1 bound to: 0 - type: integer 
	Parameter C_USE_S_AXI_GP0 bound to: 0 - type: integer 
	Parameter C_USE_S_AXI_GP1 bound to: 0 - type: integer 
	Parameter C_USE_S_AXI_ACP bound to: 0 - type: integer 
	Parameter C_GP0_EN_MODIFIABLE_TXN bound to: 1 - type: integer 
	Parameter C_GP1_EN_MODIFIABLE_TXN bound to: 1 - type: integer 
INFO: [Synth 8-5534] Detected attribute (* keep = "true" *) [c:/Users/hrish/Downloads/ReRAM_Thesis/Project Folder/ReRam_Redefined/ReRam_Redefined.srcs/sources_1/bd/ReRamSpm/ip/ReRamSpm_processing_system7_0_0/hdl/verilog/processing_system7_v5_5_processing_system7.v:1347]
INFO: [Synth 8-5534] Detected attribute (* keep = "true" *) [c:/Users/hrish/Downloads/ReRAM_Thesis/Project Folder/ReRam_Redefined/ReRam_Redefined.srcs/sources_1/bd/ReRamSpm/ip/ReRamSpm_processing_system7_0_0/hdl/verilog/processing_system7_v5_5_processing_system7.v:1348]
INFO: [Synth 8-6157] synthesizing module 'BUFG' [C:/Xilinx/Vivado/2018.1/scripts/rt/data/unisim_comp.v:609]
INFO: [Synth 8-6155] done synthesizing module 'BUFG' (1#1) [C:/Xilinx/Vivado/2018.1/scripts/rt/data/unisim_comp.v:609]
INFO: [Synth 8-6157] synthesizing module 'BIBUF' [C:/Xilinx/Vivado/2018.1/scripts/rt/data/unisim_comp.v:270]
INFO: [Synth 8-6155] done synthesizing module 'BIBUF' (2#1) [C:/Xilinx/Vivado/2018.1/scripts/rt/data/unisim_comp.v:270]
INFO: [Synth 8-6157] synthesizing module 'PS7' [C:/Xilinx/Vivado/2018.1/scripts/rt/data/unisim_comp.v:40563]
INFO: [Synth 8-6155] done synthesizing module 'PS7' (3#1) [C:/Xilinx/Vivado/2018.1/scripts/rt/data/unisim_comp.v:40563]
INFO: [Synth 8-6155] done synthesizing module 'processing_system7_v5_5_processing_system7' (4#1) [c:/Users/hrish/Downloads/ReRAM_Thesis/Project Folder/ReRam_Redefined/ReRam_Redefined.srcs/sources_1/bd/ReRamSpm/ip/ReRamSpm_processing_system7_0_0/hdl/verilog/processing_system7_v5_5_processing_system7.v:161]
WARNING: [Synth 8-350] instance 'inst' of module 'processing_system7_v5_5_processing_system7' requires 685 connections, but only 672 given [c:/Users/hrish/Downloads/ReRAM_Thesis/Project Folder/ReRam_Redefined/ReRam_Redefined.srcs/sources_1/bd/ReRamSpm/ip/ReRamSpm_processing_system7_0_0/synth/ReRamSpm_processing_system7_0_0.v:323]
INFO: [Synth 8-6155] done synthesizing module 'ReRamSpm_processing_system7_0_0' (5#1) [c:/Users/hrish/Downloads/ReRAM_Thesis/Project Folder/ReRam_Redefined/ReRam_Redefined.srcs/sources_1/bd/ReRamSpm/ip/ReRamSpm_processing_system7_0_0/synth/ReRamSpm_processing_system7_0_0.v:60]
WARNING: [Synth 8-350] instance 'processing_system7_0' of module 'ReRamSpm_processing_system7_0_0' requires 65 connections, but only 63 given [C:/Users/hrish/Downloads/ReRAM_Thesis/Project Folder/ReRam_Redefined/ReRam_Redefined.srcs/sources_1/bd/ReRamSpm/synth/ReRamSpm.v:140]
INFO: [Synth 8-6157] synthesizing module 'ReRamSpm_ps7_0_axi_periph_0' [C:/Users/hrish/Downloads/ReRAM_Thesis/Project Folder/ReRam_Redefined/ReRam_Redefined.srcs/sources_1/bd/ReRamSpm/synth/ReRamSpm.v:300]
INFO: [Synth 8-6157] synthesizing module 's00_couplers_imp_1R43PUV' [C:/Users/hrish/Downloads/ReRAM_Thesis/Project Folder/ReRam_Redefined/ReRam_Redefined.srcs/sources_1/bd/ReRamSpm/synth/ReRamSpm.v:615]
INFO: [Synth 8-6157] synthesizing module 'ReRamSpm_auto_pc_0' [c:/Users/hrish/Downloads/ReRAM_Thesis/Project Folder/ReRam_Redefined/ReRam_Redefined.srcs/sources_1/bd/ReRamSpm/ip/ReRamSpm_auto_pc_0/synth/ReRamSpm_auto_pc_0.v:58]
INFO: [Synth 8-6157] synthesizing module 'axi_protocol_converter_v2_1_16_axi_protocol_converter' [c:/Users/hrish/Downloads/ReRAM_Thesis/Project Folder/ReRam_Redefined/ReRam_Redefined.srcs/sources_1/bd/ReRamSpm/ipshared/1229/hdl/axi_protocol_converter_v2_1_vl_rfs.v:4811]
	Parameter C_FAMILY bound to: zynq - type: string 
	Parameter C_M_AXI_PROTOCOL bound to: 2 - type: integer 
	Parameter C_S_AXI_PROTOCOL bound to: 1 - type: integer 
	Parameter C_IGNORE_ID bound to: 0 - type: integer 
	Parameter C_AXI_ID_WIDTH bound to: 12 - type: integer 
	Parameter C_AXI_ADDR_WIDTH bound to: 32 - type: integer 
	Parameter C_AXI_DATA_WIDTH bound to: 32 - type: integer 
	Parameter C_AXI_SUPPORTS_WRITE bound to: 1 - type: integer 
	Parameter C_AXI_SUPPORTS_READ bound to: 1 - type: integer 
	Parameter C_AXI_SUPPORTS_USER_SIGNALS bound to: 0 - type: integer 
	Parameter C_AXI_AWUSER_WIDTH bound to: 1 - type: integer 
	Parameter C_AXI_ARUSER_WIDTH bound to: 1 - type: integer 
	Parameter C_AXI_WUSER_WIDTH bound to: 1 - type: integer 
	Parameter C_AXI_RUSER_WIDTH bound to: 1 - type: integer 
	Parameter C_AXI_BUSER_WIDTH bound to: 1 - type: integer 
	Parameter C_TRANSLATION_MODE bound to: 2 - type: integer 
	Parameter P_AXI4 bound to: 0 - type: integer 
	Parameter P_AXI3 bound to: 1 - type: integer 
	Parameter P_AXILITE bound to: 2 - type: integer 
	Parameter P_AXILITE_SIZE bound to: 3'b010 
	Parameter P_INCR bound to: 2'b01 
	Parameter P_DECERR bound to: 2'b11 
	Parameter P_SLVERR bound to: 2'b10 
	Parameter P_PROTECTION bound to: 1 - type: integer 
	Parameter P_CONVERSION bound to: 2 - type: integer 
INFO: [Synth 8-6157] synthesizing module 'axi_protocol_converter_v2_1_16_b2s' [c:/Users/hrish/Downloads/ReRAM_Thesis/Project Folder/ReRam_Redefined/ReRam_Redefined.srcs/sources_1/bd/ReRamSpm/ipshared/1229/hdl/axi_protocol_converter_v2_1_vl_rfs.v:4229]
	Parameter C_S_AXI_PROTOCOL bound to: 1 - type: integer 
	Parameter C_AXI_ID_WIDTH bound to: 12 - type: integer 
	Parameter C_AXI_ADDR_WIDTH bound to: 32 - type: integer 
	Parameter C_AXI_DATA_WIDTH bound to: 32 - type: integer 
	Parameter C_AXI_SUPPORTS_WRITE bound to: 1 - type: integer 
	Parameter C_AXI_SUPPORTS_READ bound to: 1 - type: integer 
INFO: [Synth 8-6157] synthesizing module 'axi_protocol_converter_v2_1_16_b2s_aw_channel' [c:/Users/hrish/Downloads/ReRAM_Thesis/Project Folder/ReRam_Redefined/ReRam_Redefined.srcs/sources_1/bd/ReRamSpm/ipshared/1229/hdl/axi_protocol_converter_v2_1_vl_rfs.v:3974]
	Parameter C_ID_WIDTH bound to: 12 - type: integer 
	Parameter C_AXI_ADDR_WIDTH bound to: 32 - type: integer 
INFO: [Synth 8-6157] synthesizing module 'axi_protocol_converter_v2_1_16_b2s_cmd_translator' [c:/Users/hrish/Downloads/ReRAM_Thesis/Project Folder/ReRam_Redefined/ReRam_Redefined.srcs/sources_1/bd/ReRamSpm/ipshared/1229/hdl/axi_protocol_converter_v2_1_vl_rfs.v:3467]
	Parameter C_AXI_ADDR_WIDTH bound to: 32 - type: integer 
	Parameter P_AXBURST_FIXED bound to: 2'b00 
	Parameter P_AXBURST_INCR bound to: 2'b01 
	Parameter P_AXBURST_WRAP bound to: 2'b10 
INFO: [Synth 8-6157] synthesizing module 'axi_protocol_converter_v2_1_16_b2s_incr_cmd' [c:/Users/hrish/Downloads/ReRAM_Thesis/Project Folder/ReRam_Redefined/ReRam_Redefined.srcs/sources_1/bd/ReRamSpm/ipshared/1229/hdl/axi_protocol_converter_v2_1_vl_rfs.v:3093]
	Parameter C_AXI_ADDR_WIDTH bound to: 32 - type: integer 
	Parameter L_AXI_ADDR_LOW_BIT bound to: 12 - type: integer 
INFO: [Synth 8-6155] done synthesizing module 'axi_protocol_converter_v2_1_16_b2s_incr_cmd' (6#1) [c:/Users/hrish/Downloads/ReRAM_Thesis/Project Folder/ReRam_Redefined/ReRam_Redefined.srcs/sources_1/bd/ReRamSpm/ipshared/1229/hdl/axi_protocol_converter_v2_1_vl_rfs.v:3093]
INFO: [Synth 8-6157] synthesizing module 'axi_protocol_converter_v2_1_16_b2s_wrap_cmd' [c:/Users/hrish/Downloads/ReRAM_Thesis/Project Folder/ReRam_Redefined/ReRam_Redefined.srcs/sources_1/bd/ReRamSpm/ipshared/1229/hdl/axi_protocol_converter_v2_1_vl_rfs.v:2903]
	Parameter C_AXI_ADDR_WIDTH bound to: 32 - type: integer 
	Parameter L_AXI_ADDR_LOW_BIT bound to: 12 - type: integer 
INFO: [Synth 8-6155] done synthesizing module 'axi_protocol_converter_v2_1_16_b2s_wrap_cmd' (7#1) [c:/Users/hrish/Downloads/ReRAM_Thesis/Project Folder/ReRam_Redefined/ReRam_Redefined.srcs/sources_1/bd/ReRamSpm/ipshared/1229/hdl/axi_protocol_converter_v2_1_vl_rfs.v:2903]
INFO: [Synth 8-6155] done synthesizing module 'axi_protocol_converter_v2_1_16_b2s_cmd_translator' (8#1) [c:/Users/hrish/Downloads/ReRAM_Thesis/Project Folder/ReRam_Redefined/ReRam_Redefined.srcs/sources_1/bd/ReRamSpm/ipshared/1229/hdl/axi_protocol_converter_v2_1_vl_rfs.v:3467]
INFO: [Synth 8-6157] synthesizing module 'axi_protocol_converter_v2_1_16_b2s_wr_cmd_fsm' [c:/Users/hrish/Downloads/ReRAM_Thesis/Project Folder/ReRam_Redefined/ReRam_Redefined.srcs/sources_1/bd/ReRamSpm/ipshared/1229/hdl/axi_protocol_converter_v2_1_vl_rfs.v:3225]
	Parameter SM_IDLE bound to: 2'b00 
	Parameter SM_CMD_EN bound to: 2'b01 
	Parameter SM_CMD_ACCEPTED bound to: 2'b10 
	Parameter SM_DONE_WAIT bound to: 2'b11 
INFO: [Synth 8-226] default block is never used [c:/Users/hrish/Downloads/ReRAM_Thesis/Project Folder/ReRam_Redefined/ReRam_Redefined.srcs/sources_1/bd/ReRamSpm/ipshared/1229/hdl/axi_protocol_converter_v2_1_vl_rfs.v:3279]
INFO: [Synth 8-6155] done synthesizing module 'axi_protocol_converter_v2_1_16_b2s_wr_cmd_fsm' (9#1) [c:/Users/hrish/Downloads/ReRAM_Thesis/Project Folder/ReRam_Redefined/ReRam_Redefined.srcs/sources_1/bd/ReRamSpm/ipshared/1229/hdl/axi_protocol_converter_v2_1_vl_rfs.v:3225]
INFO: [Synth 8-6155] done synthesizing module 'axi_protocol_converter_v2_1_16_b2s_aw_channel' (10#1) [c:/Users/hrish/Downloads/ReRAM_Thesis/Project Folder/ReRam_Redefined/ReRam_Redefined.srcs/sources_1/bd/ReRamSpm/ipshared/1229/hdl/axi_protocol_converter_v2_1_vl_rfs.v:3974]
INFO: [Synth 8-6157] synthesizing module 'axi_protocol_converter_v2_1_16_b2s_b_channel' [c:/Users/hrish/Downloads/ReRAM_Thesis/Project Folder/ReRam_Redefined/ReRam_Redefined.srcs/sources_1/bd/ReRamSpm/ipshared/1229/hdl/axi_protocol_converter_v2_1_vl_rfs.v:3609]
	Parameter C_ID_WIDTH bound to: 12 - type: integer 
	Parameter LP_RESP_OKAY bound to: 2'b00 
	Parameter LP_RESP_EXOKAY bound to: 2'b01 
	Parameter LP_RESP_SLVERROR bound to: 2'b10 
	Parameter LP_RESP_DECERR bound to: 2'b11 
	Parameter P_WIDTH bound to: 20 - type: integer 
	Parameter P_DEPTH bound to: 4 - type: integer 
	Parameter P_AWIDTH bound to: 2 - type: integer 
	Parameter P_RWIDTH bound to: 2 - type: integer 
	Parameter P_RDEPTH bound to: 4 - type: integer 
	Parameter P_RAWIDTH bound to: 2 - type: integer 
INFO: [Synth 8-6157] synthesizing module 'axi_protocol_converter_v2_1_16_b2s_simple_fifo' [c:/Users/hrish/Downloads/ReRAM_Thesis/Project Folder/ReRam_Redefined/ReRam_Redefined.srcs/sources_1/bd/ReRamSpm/ipshared/1229/hdl/axi_protocol_converter_v2_1_vl_rfs.v:2816]
	Parameter C_WIDTH bound to: 20 - type: integer 
	Parameter C_AWIDTH bound to: 2 - type: integer 
	Parameter C_DEPTH bound to: 4 - type: integer 
	Parameter C_EMPTY bound to: 2'b11 
	Parameter C_EMPTY_PRE bound to: 2'b00 
	Parameter C_FULL bound to: 2'b10 
	Parameter C_FULL_PRE bound to: 2'b01 
INFO: [Synth 8-6155] done synthesizing module 'axi_protocol_converter_v2_1_16_b2s_simple_fifo' (11#1) [c:/Users/hrish/Downloads/ReRAM_Thesis/Project Folder/ReRam_Redefined/ReRam_Redefined.srcs/sources_1/bd/ReRamSpm/ipshared/1229/hdl/axi_protocol_converter_v2_1_vl_rfs.v:2816]
INFO: [Synth 8-6157] synthesizing module 'axi_protocol_converter_v2_1_16_b2s_simple_fifo__parameterized0' [c:/Users/hrish/Downloads/ReRAM_Thesis/Project Folder/ReRam_Redefined/ReRam_Redefined.srcs/sources_1/bd/ReRamSpm/ipshared/1229/hdl/axi_protocol_converter_v2_1_vl_rfs.v:2816]
	Parameter C_WIDTH bound to: 2 - type: integer 
	Parameter C_AWIDTH bound to: 2 - type: integer 
	Parameter C_DEPTH bound to: 4 - type: integer 
	Parameter C_EMPTY bound to: 2'b11 
	Parameter C_EMPTY_PRE bound to: 2'b00 
	Parameter C_FULL bound to: 2'b10 
	Parameter C_FULL_PRE bound to: 2'b01 
INFO: [Synth 8-6155] done synthesizing module 'axi_protocol_converter_v2_1_16_b2s_simple_fifo__parameterized0' (11#1) [c:/Users/hrish/Downloads/ReRAM_Thesis/Project Folder/ReRam_Redefined/ReRam_Redefined.srcs/sources_1/bd/ReRamSpm/ipshared/1229/hdl/axi_protocol_converter_v2_1_vl_rfs.v:2816]
INFO: [Synth 8-6155] done synthesizing module 'axi_protocol_converter_v2_1_16_b2s_b_channel' (12#1) [c:/Users/hrish/Downloads/ReRAM_Thesis/Project Folder/ReRam_Redefined/ReRam_Redefined.srcs/sources_1/bd/ReRamSpm/ipshared/1229/hdl/axi_protocol_converter_v2_1_vl_rfs.v:3609]
INFO: [Synth 8-6157] synthesizing module 'axi_protocol_converter_v2_1_16_b2s_ar_channel' [c:/Users/hrish/Downloads/ReRAM_Thesis/Project Folder/ReRam_Redefined/ReRam_Redefined.srcs/sources_1/bd/ReRamSpm/ipshared/1229/hdl/axi_protocol_converter_v2_1_vl_rfs.v:4085]
	Parameter C_ID_WIDTH bound to: 12 - type: integer 
	Parameter C_AXI_ADDR_WIDTH bound to: 32 - type: integer 
INFO: [Synth 8-6157] synthesizing module 'axi_protocol_converter_v2_1_16_b2s_rd_cmd_fsm' [c:/Users/hrish/Downloads/ReRAM_Thesis/Project Folder/ReRam_Redefined/ReRam_Redefined.srcs/sources_1/bd/ReRamSpm/ipshared/1229/hdl/axi_protocol_converter_v2_1_vl_rfs.v:3336]
	Parameter SM_IDLE bound to: 2'b00 
	Parameter SM_CMD_EN bound to: 2'b01 
	Parameter SM_CMD_ACCEPTED bound to: 2'b10 
	Parameter SM_DONE bound to: 2'b11 
INFO: [Synth 8-226] default block is never used [c:/Users/hrish/Downloads/ReRAM_Thesis/Project Folder/ReRam_Redefined/ReRam_Redefined.srcs/sources_1/bd/ReRamSpm/ipshared/1229/hdl/axi_protocol_converter_v2_1_vl_rfs.v:3398]
WARNING: [Synth 8-6014] Unused sequential element state_r1_reg was removed.  [c:/Users/hrish/Downloads/ReRAM_Thesis/Project Folder/ReRam_Redefined/ReRam_Redefined.srcs/sources_1/bd/ReRamSpm/ipshared/1229/hdl/axi_protocol_converter_v2_1_vl_rfs.v:3386]
WARNING: [Synth 8-6014] Unused sequential element s_arlen_r_reg was removed.  [c:/Users/hrish/Downloads/ReRAM_Thesis/Project Folder/ReRam_Redefined/ReRam_Redefined.srcs/sources_1/bd/ReRamSpm/ipshared/1229/hdl/axi_protocol_converter_v2_1_vl_rfs.v:3387]
INFO: [Synth 8-6155] done synthesizing module 'axi_protocol_converter_v2_1_16_b2s_rd_cmd_fsm' (13#1) [c:/Users/hrish/Downloads/ReRAM_Thesis/Project Folder/ReRam_Redefined/ReRam_Redefined.srcs/sources_1/bd/ReRamSpm/ipshared/1229/hdl/axi_protocol_converter_v2_1_vl_rfs.v:3336]
INFO: [Synth 8-6155] done synthesizing module 'axi_protocol_converter_v2_1_16_b2s_ar_channel' (14#1) [c:/Users/hrish/Downloads/ReRAM_Thesis/Project Folder/ReRam_Redefined/ReRam_Redefined.srcs/sources_1/bd/ReRamSpm/ipshared/1229/hdl/axi_protocol_converter_v2_1_vl_rfs.v:4085]
INFO: [Synth 8-6157] synthesizing module 'axi_protocol_converter_v2_1_16_b2s_r_channel' [c:/Users/hrish/Downloads/ReRAM_Thesis/Project Folder/ReRam_Redefined/ReRam_Redefined.srcs/sources_1/bd/ReRamSpm/ipshared/1229/hdl/axi_protocol_converter_v2_1_vl_rfs.v:3814]
	Parameter C_ID_WIDTH bound to: 12 - type: integer 
	Parameter C_DATA_WIDTH bound to: 32 - type: integer 
	Parameter P_WIDTH bound to: 13 - type: integer 
	Parameter P_DEPTH bound to: 32 - type: integer 
	Parameter P_AWIDTH bound to: 5 - type: integer 
	Parameter P_D_WIDTH bound to: 34 - type: integer 
	Parameter P_D_DEPTH bound to: 32 - type: integer 
	Parameter P_D_AWIDTH bound to: 5 - type: integer 
INFO: [Synth 8-6157] synthesizing module 'axi_protocol_converter_v2_1_16_b2s_simple_fifo__parameterized1' [c:/Users/hrish/Downloads/ReRAM_Thesis/Project Folder/ReRam_Redefined/ReRam_Redefined.srcs/sources_1/bd/ReRamSpm/ipshared/1229/hdl/axi_protocol_converter_v2_1_vl_rfs.v:2816]
	Parameter C_WIDTH bound to: 34 - type: integer 
	Parameter C_AWIDTH bound to: 5 - type: integer 
	Parameter C_DEPTH bound to: 32 - type: integer 
	Parameter C_EMPTY bound to: 5'b11111 
	Parameter C_EMPTY_PRE bound to: 5'b00000 
	Parameter C_FULL bound to: 5'b11110 
	Parameter C_FULL_PRE bound to: 5'b11010 
INFO: [Synth 8-6155] done synthesizing module 'axi_protocol_converter_v2_1_16_b2s_simple_fifo__parameterized1' (14#1) [c:/Users/hrish/Downloads/ReRAM_Thesis/Project Folder/ReRam_Redefined/ReRam_Redefined.srcs/sources_1/bd/ReRamSpm/ipshared/1229/hdl/axi_protocol_converter_v2_1_vl_rfs.v:2816]
INFO: [Synth 8-6157] synthesizing module 'axi_protocol_converter_v2_1_16_b2s_simple_fifo__parameterized2' [c:/Users/hrish/Downloads/ReRAM_Thesis/Project Folder/ReRam_Redefined/ReRam_Redefined.srcs/sources_1/bd/ReRamSpm/ipshared/1229/hdl/axi_protocol_converter_v2_1_vl_rfs.v:2816]
	Parameter C_WIDTH bound to: 13 - type: integer 
	Parameter C_AWIDTH bound to: 5 - type: integer 
	Parameter C_DEPTH bound to: 32 - type: integer 
	Parameter C_EMPTY bound to: 5'b11111 
	Parameter C_EMPTY_PRE bound to: 5'b00000 
	Parameter C_FULL bound to: 5'b11110 
	Parameter C_FULL_PRE bound to: 5'b11010 
INFO: [Synth 8-6155] done synthesizing module 'axi_protocol_converter_v2_1_16_b2s_simple_fifo__parameterized2' (14#1) [c:/Users/hrish/Downloads/ReRAM_Thesis/Project Folder/ReRam_Redefined/ReRam_Redefined.srcs/sources_1/bd/ReRamSpm/ipshared/1229/hdl/axi_protocol_converter_v2_1_vl_rfs.v:2816]
INFO: [Synth 8-6155] done synthesizing module 'axi_protocol_converter_v2_1_16_b2s_r_channel' (15#1) [c:/Users/hrish/Downloads/ReRAM_Thesis/Project Folder/ReRam_Redefined/ReRam_Redefined.srcs/sources_1/bd/ReRamSpm/ipshared/1229/hdl/axi_protocol_converter_v2_1_vl_rfs.v:3814]
INFO: [Synth 8-6157] synthesizing module 'axi_register_slice_v2_1_16_axi_register_slice' [c:/Users/hrish/Downloads/ReRAM_Thesis/Project Folder/ReRam_Redefined/ReRam_Redefined.srcs/sources_1/bd/ReRamSpm/ipshared/0cde/hdl/axi_register_slice_v2_1_vl_rfs.v:2413]
	Parameter C_FAMILY bound to: virtex6 - type: string 
	Parameter C_AXI_PROTOCOL bound to: 1 - type: integer 
	Parameter C_AXI_ID_WIDTH bound to: 12 - type: integer 
	Parameter C_AXI_ADDR_WIDTH bound to: 32 - type: integer 
	Parameter C_AXI_DATA_WIDTH bound to: 32 - type: integer 
	Parameter C_AXI_SUPPORTS_USER_SIGNALS bound to: 0 - type: integer 
	Parameter C_AXI_AWUSER_WIDTH bound to: 1 - type: integer 
	Parameter C_AXI_ARUSER_WIDTH bound to: 1 - type: integer 
	Parameter C_AXI_WUSER_WIDTH bound to: 1 - type: integer 
	Parameter C_AXI_RUSER_WIDTH bound to: 1 - type: integer 
	Parameter C_AXI_BUSER_WIDTH bound to: 1 - type: integer 
	Parameter C_REG_CONFIG_AW bound to: 1 - type: integer 
	Parameter C_REG_CONFIG_W bound to: 0 - type: integer 
	Parameter C_REG_CONFIG_B bound to: 1 - type: integer 
	Parameter C_REG_CONFIG_AR bound to: 1 - type: integer 
	Parameter C_REG_CONFIG_R bound to: 1 - type: integer 
	Parameter C_NUM_SLR_CROSSINGS bound to: 0 - type: integer 
	Parameter C_PIPELINES_MASTER_AW bound to: 0 - type: integer 
	Parameter C_PIPELINES_MASTER_W bound to: 0 - type: integer 
	Parameter C_PIPELINES_MASTER_B bound to: 0 - type: integer 
	Parameter C_PIPELINES_MASTER_AR bound to: 0 - type: integer 
	Parameter C_PIPELINES_MASTER_R bound to: 0 - type: integer 
	Parameter C_PIPELINES_SLAVE_AW bound to: 0 - type: integer 
	Parameter C_PIPELINES_SLAVE_W bound to: 0 - type: integer 
	Parameter C_PIPELINES_SLAVE_B bound to: 0 - type: integer 
	Parameter C_PIPELINES_SLAVE_AR bound to: 0 - type: integer 
	Parameter C_PIPELINES_SLAVE_R bound to: 0 - type: integer 
	Parameter C_PIPELINES_MIDDLE_AW bound to: 0 - type: integer 
	Parameter C_PIPELINES_MIDDLE_W bound to: 0 - type: integer 
	Parameter C_PIPELINES_MIDDLE_B bound to: 0 - type: integer 
	Parameter C_PIPELINES_MIDDLE_AR bound to: 0 - type: integer 
	Parameter C_PIPELINES_MIDDLE_R bound to: 0 - type: integer 
	Parameter C_AXI_SUPPORTS_REGION_SIGNALS bound to: 0 - type: integer 
	Parameter P_FORWARD bound to: 0 - type: integer 
	Parameter P_RESPONSE bound to: 1 - type: integer 
	Parameter G_AXI_AWADDR_INDEX bound to: 0 - type: integer 
	Parameter G_AXI_AWADDR_WIDTH bound to: 32 - type: integer 
	Parameter G_AXI_AWPROT_INDEX bound to: 32 - type: integer 
	Parameter G_AXI_AWPROT_WIDTH bound to: 3 - type: integer 
	Parameter G_AXI_AWSIZE_INDEX bound to: 35 - type: integer 
	Parameter G_AXI_AWSIZE_WIDTH bound to: 3 - type: integer 
	Parameter G_AXI_AWBURST_INDEX bound to: 38 - type: integer 
	Parameter G_AXI_AWBURST_WIDTH bound to: 2 - type: integer 
	Parameter G_AXI_AWCACHE_INDEX bound to: 40 - type: integer 
	Parameter G_AXI_AWCACHE_WIDTH bound to: 4 - type: integer 
	Parameter G_AXI_AWLEN_INDEX bound to: 44 - type: integer 
	Parameter G_AXI_AWLEN_WIDTH bound to: 4 - type: integer 
	Parameter G_AXI_AWLOCK_INDEX bound to: 48 - type: integer 
	Parameter G_AXI_AWLOCK_WIDTH bound to: 2 - type: integer 
	Parameter G_AXI_AWID_INDEX bound to: 50 - type: integer 
	Parameter G_AXI_AWID_WIDTH bound to: 12 - type: integer 
	Parameter G_AXI_AWQOS_INDEX bound to: 62 - type: integer 
	Parameter G_AXI_AWQOS_WIDTH bound to: 4 - type: integer 
	Parameter G_AXI_AWREGION_INDEX bound to: 66 - type: integer 
	Parameter G_AXI_AWREGION_WIDTH bound to: 0 - type: integer 
	Parameter G_AXI_AWUSER_INDEX bound to: 66 - type: integer 
	Parameter G_AXI_AWUSER_WIDTH bound to: 0 - type: integer 
	Parameter G_AXI_AWPAYLOAD_WIDTH bound to: 66 - type: integer 
	Parameter G_AXI_ARADDR_INDEX bound to: 0 - type: integer 
	Parameter G_AXI_ARADDR_WIDTH bound to: 32 - type: integer 
	Parameter G_AXI_ARPROT_INDEX bound to: 32 - type: integer 
	Parameter G_AXI_ARPROT_WIDTH bound to: 3 - type: integer 
	Parameter G_AXI_ARSIZE_INDEX bound to: 35 - type: integer 
	Parameter G_AXI_ARSIZE_WIDTH bound to: 3 - type: integer 
	Parameter G_AXI_ARBURST_INDEX bound to: 38 - type: integer 
	Parameter G_AXI_ARBURST_WIDTH bound to: 2 - type: integer 
	Parameter G_AXI_ARCACHE_INDEX bound to: 40 - type: integer 
	Parameter G_AXI_ARCACHE_WIDTH bound to: 4 - type: integer 
	Parameter G_AXI_ARLEN_INDEX bound to: 44 - type: integer 
	Parameter G_AXI_ARLEN_WIDTH bound to: 4 - type: integer 
	Parameter G_AXI_ARLOCK_INDEX bound to: 48 - type: integer 
	Parameter G_AXI_ARLOCK_WIDTH bound to: 2 - type: integer 
	Parameter G_AXI_ARID_INDEX bound to: 50 - type: integer 
	Parameter G_AXI_ARID_WIDTH bound to: 12 - type: integer 
	Parameter G_AXI_ARQOS_INDEX bound to: 62 - type: integer 
	Parameter G_AXI_ARQOS_WIDTH bound to: 4 - type: integer 
	Parameter G_AXI_ARREGION_INDEX bound to: 66 - type: integer 
	Parameter G_AXI_ARREGION_WIDTH bound to: 0 - type: integer 
	Parameter G_AXI_ARUSER_INDEX bound to: 66 - type: integer 
	Parameter G_AXI_ARUSER_WIDTH bound to: 0 - type: integer 
	Parameter G_AXI_ARPAYLOAD_WIDTH bound to: 66 - type: integer 
	Parameter G_AXI_WDATA_INDEX bound to: 0 - type: integer 
	Parameter G_AXI_WDATA_WIDTH bound to: 32 - type: integer 
	Parameter G_AXI_WSTRB_INDEX bound to: 32 - type: integer 
	Parameter G_AXI_WSTRB_WIDTH bound to: 4 - type: integer 
	Parameter G_AXI_WLAST_INDEX bound to: 36 - type: integer 
	Parameter G_AXI_WLAST_WIDTH bound to: 1 - type: integer 
	Parameter G_AXI_WID_INDEX bound to: 37 - type: integer 
	Parameter G_AXI_WID_WIDTH bound to: 12 - type: integer 
	Parameter G_AXI_WUSER_INDEX bound to: 49 - type: integer 
	Parameter G_AXI_WUSER_WIDTH bound to: 0 - type: integer 
	Parameter G_AXI_WPAYLOAD_WIDTH bound to: 49 - type: integer 
	Parameter G_AXI_BRESP_INDEX bound to: 0 - type: integer 
	Parameter G_AXI_BRESP_WIDTH bound to: 2 - type: integer 
	Parameter G_AXI_BID_INDEX bound to: 2 - type: integer 
	Parameter G_AXI_BID_WIDTH bound to: 12 - type: integer 
	Parameter G_AXI_BUSER_INDEX bound to: 14 - type: integer 
	Parameter G_AXI_BUSER_WIDTH bound to: 0 - type: integer 
	Parameter G_AXI_BPAYLOAD_WIDTH bound to: 14 - type: integer 
	Parameter G_AXI_RDATA_INDEX bound to: 0 - type: integer 
	Parameter G_AXI_RDATA_WIDTH bound to: 32 - type: integer 
	Parameter G_AXI_RRESP_INDEX bound to: 32 - type: integer 
	Parameter G_AXI_RRESP_WIDTH bound to: 2 - type: integer 
	Parameter G_AXI_RLAST_INDEX bound to: 34 - type: integer 
	Parameter G_AXI_RLAST_WIDTH bound to: 1 - type: integer 
	Parameter G_AXI_RID_INDEX bound to: 35 - type: integer 
	Parameter G_AXI_RID_WIDTH bound to: 12 - type: integer 
	Parameter G_AXI_RUSER_INDEX bound to: 47 - type: integer 
	Parameter G_AXI_RUSER_WIDTH bound to: 0 - type: integer 
	Parameter G_AXI_RPAYLOAD_WIDTH bound to: 47 - type: integer 
INFO: [Synth 8-6157] synthesizing module 'axi_register_slice_v2_1_16_axic_register_slice' [c:/Users/hrish/Downloads/ReRAM_Thesis/Project Folder/ReRam_Redefined/ReRam_Redefined.srcs/sources_1/bd/ReRamSpm/ipshared/0cde/hdl/axi_register_slice_v2_1_vl_rfs.v:189]
	Parameter C_FAMILY bound to: virtex6 - type: string 
	Parameter C_DATA_WIDTH bound to: 66 - type: integer 
	Parameter C_REG_CONFIG bound to: 1 - type: integer 
INFO: [Synth 8-6155] done synthesizing module 'axi_register_slice_v2_1_16_axic_register_slice' (16#1) [c:/Users/hrish/Downloads/ReRAM_Thesis/Project Folder/ReRam_Redefined/ReRam_Redefined.srcs/sources_1/bd/ReRamSpm/ipshared/0cde/hdl/axi_register_slice_v2_1_vl_rfs.v:189]
INFO: [Synth 8-6157] synthesizing module 'axi_register_slice_v2_1_16_axic_register_slice__parameterized0' [c:/Users/hrish/Downloads/ReRAM_Thesis/Project Folder/ReRam_Redefined/ReRam_Redefined.srcs/sources_1/bd/ReRamSpm/ipshared/0cde/hdl/axi_register_slice_v2_1_vl_rfs.v:189]
	Parameter C_FAMILY bound to: virtex6 - type: string 
	Parameter C_DATA_WIDTH bound to: 49 - type: integer 
	Parameter C_REG_CONFIG bound to: 0 - type: integer 
INFO: [Synth 8-6155] done synthesizing module 'axi_register_slice_v2_1_16_axic_register_slice__parameterized0' (16#1) [c:/Users/hrish/Downloads/ReRAM_Thesis/Project Folder/ReRam_Redefined/ReRam_Redefined.srcs/sources_1/bd/ReRamSpm/ipshared/0cde/hdl/axi_register_slice_v2_1_vl_rfs.v:189]
INFO: [Synth 8-6157] synthesizing module 'axi_register_slice_v2_1_16_axic_register_slice__parameterized1' [c:/Users/hrish/Downloads/ReRAM_Thesis/Project Folder/ReRam_Redefined/ReRam_Redefined.srcs/sources_1/bd/ReRamSpm/ipshared/0cde/hdl/axi_register_slice_v2_1_vl_rfs.v:189]
	Parameter C_FAMILY bound to: virtex6 - type: string 
	Parameter C_DATA_WIDTH bound to: 14 - type: integer 
	Parameter C_REG_CONFIG bound to: 1 - type: integer 
INFO: [Synth 8-6155] done synthesizing module 'axi_register_slice_v2_1_16_axic_register_slice__parameterized1' (16#1) [c:/Users/hrish/Downloads/ReRAM_Thesis/Project Folder/ReRam_Redefined/ReRam_Redefined.srcs/sources_1/bd/ReRamSpm/ipshared/0cde/hdl/axi_register_slice_v2_1_vl_rfs.v:189]
INFO: [Synth 8-6157] synthesizing module 'axi_register_slice_v2_1_16_axic_register_slice__parameterized2' [c:/Users/hrish/Downloads/ReRAM_Thesis/Project Folder/ReRam_Redefined/ReRam_Redefined.srcs/sources_1/bd/ReRamSpm/ipshared/0cde/hdl/axi_register_slice_v2_1_vl_rfs.v:189]
	Parameter C_FAMILY bound to: virtex6 - type: string 
	Parameter C_DATA_WIDTH bound to: 47 - type: integer 
	Parameter C_REG_CONFIG bound to: 1 - type: integer 
INFO: [Synth 8-6155] done synthesizing module 'axi_register_slice_v2_1_16_axic_register_slice__parameterized2' (16#1) [c:/Users/hrish/Downloads/ReRAM_Thesis/Project Folder/ReRam_Redefined/ReRam_Redefined.srcs/sources_1/bd/ReRamSpm/ipshared/0cde/hdl/axi_register_slice_v2_1_vl_rfs.v:189]
INFO: [Synth 8-6157] synthesizing module 'axi_infrastructure_v1_1_0_axi2vector' [c:/Users/hrish/Downloads/ReRAM_Thesis/Project Folder/ReRam_Redefined/ReRam_Redefined.srcs/sources_1/bd/ReRamSpm/ipshared/ec67/hdl/axi_infrastructure_v1_1_vl_rfs.v:60]
	Parameter C_AXI_PROTOCOL bound to: 1 - type: integer 
	Parameter C_AXI_ID_WIDTH bound to: 12 - type: integer 
	Parameter C_AXI_ADDR_WIDTH bound to: 32 - type: integer 
	Parameter C_AXI_DATA_WIDTH bound to: 32 - type: integer 
	Parameter C_AXI_SUPPORTS_USER_SIGNALS bound to: 0 - type: integer 
	Parameter C_AXI_SUPPORTS_REGION_SIGNALS bound to: 0 - type: integer 
	Parameter C_AXI_AWUSER_WIDTH bound to: 1 - type: integer 
	Parameter C_AXI_WUSER_WIDTH bound to: 1 - type: integer 
	Parameter C_AXI_BUSER_WIDTH bound to: 1 - type: integer 
	Parameter C_AXI_ARUSER_WIDTH bound to: 1 - type: integer 
	Parameter C_AXI_RUSER_WIDTH bound to: 1 - type: integer 
	Parameter C_AWPAYLOAD_WIDTH bound to: 66 - type: integer 
	Parameter C_WPAYLOAD_WIDTH bound to: 49 - type: integer 
	Parameter C_BPAYLOAD_WIDTH bound to: 14 - type: integer 
	Parameter C_ARPAYLOAD_WIDTH bound to: 66 - type: integer 
	Parameter C_RPAYLOAD_WIDTH bound to: 47 - type: integer 
	Parameter G_AXI_AWADDR_INDEX bound to: 0 - type: integer 
	Parameter G_AXI_AWADDR_WIDTH bound to: 32 - type: integer 
	Parameter G_AXI_AWPROT_INDEX bound to: 32 - type: integer 
	Parameter G_AXI_AWPROT_WIDTH bound to: 3 - type: integer 
	Parameter G_AXI_AWSIZE_INDEX bound to: 35 - type: integer 
	Parameter G_AXI_AWSIZE_WIDTH bound to: 3 - type: integer 
	Parameter G_AXI_AWBURST_INDEX bound to: 38 - type: integer 
	Parameter G_AXI_AWBURST_WIDTH bound to: 2 - type: integer 
	Parameter G_AXI_AWCACHE_INDEX bound to: 40 - type: integer 
	Parameter G_AXI_AWCACHE_WIDTH bound to: 4 - type: integer 
	Parameter G_AXI_AWLEN_INDEX bound to: 44 - type: integer 
	Parameter G_AXI_AWLEN_WIDTH bound to: 4 - type: integer 
	Parameter G_AXI_AWLOCK_INDEX bound to: 48 - type: integer 
	Parameter G_AXI_AWLOCK_WIDTH bound to: 2 - type: integer 
	Parameter G_AXI_AWID_INDEX bound to: 50 - type: integer 
	Parameter G_AXI_AWID_WIDTH bound to: 12 - type: integer 
	Parameter G_AXI_AWQOS_INDEX bound to: 62 - type: integer 
	Parameter G_AXI_AWQOS_WIDTH bound to: 4 - type: integer 
	Parameter G_AXI_AWREGION_INDEX bound to: 66 - type: integer 
	Parameter G_AXI_AWREGION_WIDTH bound to: 0 - type: integer 
	Parameter G_AXI_AWUSER_INDEX bound to: 66 - type: integer 
	Parameter G_AXI_AWUSER_WIDTH bound to: 0 - type: integer 
	Parameter G_AXI_AWPAYLOAD_WIDTH bound to: 66 - type: integer 
	Parameter G_AXI_ARADDR_INDEX bound to: 0 - type: integer 
	Parameter G_AXI_ARADDR_WIDTH bound to: 32 - type: integer 
	Parameter G_AXI_ARPROT_INDEX bound to: 32 - type: integer 
	Parameter G_AXI_ARPROT_WIDTH bound to: 3 - type: integer 
	Parameter G_AXI_ARSIZE_INDEX bound to: 35 - type: integer 
	Parameter G_AXI_ARSIZE_WIDTH bound to: 3 - type: integer 
	Parameter G_AXI_ARBURST_INDEX bound to: 38 - type: integer 
	Parameter G_AXI_ARBURST_WIDTH bound to: 2 - type: integer 
	Parameter G_AXI_ARCACHE_INDEX bound to: 40 - type: integer 
	Parameter G_AXI_ARCACHE_WIDTH bound to: 4 - type: integer 
	Parameter G_AXI_ARLEN_INDEX bound to: 44 - type: integer 
	Parameter G_AXI_ARLEN_WIDTH bound to: 4 - type: integer 
	Parameter G_AXI_ARLOCK_INDEX bound to: 48 - type: integer 
	Parameter G_AXI_ARLOCK_WIDTH bound to: 2 - type: integer 
	Parameter G_AXI_ARID_INDEX bound to: 50 - type: integer 
	Parameter G_AXI_ARID_WIDTH bound to: 12 - type: integer 
	Parameter G_AXI_ARQOS_INDEX bound to: 62 - type: integer 
	Parameter G_AXI_ARQOS_WIDTH bound to: 4 - type: integer 
	Parameter G_AXI_ARREGION_INDEX bound to: 66 - type: integer 
	Parameter G_AXI_ARREGION_WIDTH bound to: 0 - type: integer 
	Parameter G_AXI_ARUSER_INDEX bound to: 66 - type: integer 
	Parameter G_AXI_ARUSER_WIDTH bound to: 0 - type: integer 
	Parameter G_AXI_ARPAYLOAD_WIDTH bound to: 66 - type: integer 
	Parameter G_AXI_WDATA_INDEX bound to: 0 - type: integer 
	Parameter G_AXI_WDATA_WIDTH bound to: 32 - type: integer 
	Parameter G_AXI_WSTRB_INDEX bound to: 32 - type: integer 
	Parameter G_AXI_WSTRB_WIDTH bound to: 4 - type: integer 
	Parameter G_AXI_WLAST_INDEX bound to: 36 - type: integer 
	Parameter G_AXI_WLAST_WIDTH bound to: 1 - type: integer 
	Parameter G_AXI_WID_INDEX bound to: 37 - type: integer 
	Parameter G_AXI_WID_WIDTH bound to: 12 - type: integer 
	Parameter G_AXI_WUSER_INDEX bound to: 49 - type: integer 
	Parameter G_AXI_WUSER_WIDTH bound to: 0 - type: integer 
	Parameter G_AXI_WPAYLOAD_WIDTH bound to: 49 - type: integer 
	Parameter G_AXI_BRESP_INDEX bound to: 0 - type: integer 
	Parameter G_AXI_BRESP_WIDTH bound to: 2 - type: integer 
	Parameter G_AXI_BID_INDEX bound to: 2 - type: integer 
	Parameter G_AXI_BID_WIDTH bound to: 12 - type: integer 
	Parameter G_AXI_BUSER_INDEX bound to: 14 - type: integer 
	Parameter G_AXI_BUSER_WIDTH bound to: 0 - type: integer 
	Parameter G_AXI_BPAYLOAD_WIDTH bound to: 14 - type: integer 
	Parameter G_AXI_RDATA_INDEX bound to: 0 - type: integer 
	Parameter G_AXI_RDATA_WIDTH bound to: 32 - type: integer 
	Parameter G_AXI_RRESP_INDEX bound to: 32 - type: integer 
	Parameter G_AXI_RRESP_WIDTH bound to: 2 - type: integer 
	Parameter G_AXI_RLAST_INDEX bound to: 34 - type: integer 
	Parameter G_AXI_RLAST_WIDTH bound to: 1 - type: integer 
	Parameter G_AXI_RID_INDEX bound to: 35 - type: integer 
	Parameter G_AXI_RID_WIDTH bound to: 12 - type: integer 
	Parameter G_AXI_RUSER_INDEX bound to: 47 - type: integer 
	Parameter G_AXI_RUSER_WIDTH bound to: 0 - type: integer 
	Parameter G_AXI_RPAYLOAD_WIDTH bound to: 47 - type: integer 
INFO: [Synth 8-6155] done synthesizing module 'axi_infrastructure_v1_1_0_axi2vector' (17#1) [c:/Users/hrish/Downloads/ReRAM_Thesis/Project Folder/ReRam_Redefined/ReRam_Redefined.srcs/sources_1/bd/ReRamSpm/ipshared/ec67/hdl/axi_infrastructure_v1_1_vl_rfs.v:60]
INFO: [Synth 8-6157] synthesizing module 'axi_infrastructure_v1_1_0_vector2axi' [c:/Users/hrish/Downloads/ReRAM_Thesis/Project Folder/ReRam_Redefined/ReRam_Redefined.srcs/sources_1/bd/ReRamSpm/ipshared/ec67/hdl/axi_infrastructure_v1_1_vl_rfs.v:474]
	Parameter C_AXI_PROTOCOL bound to: 1 - type: integer 
	Parameter C_AXI_ID_WIDTH bound to: 12 - type: integer 
	Parameter C_AXI_ADDR_WIDTH bound to: 32 - type: integer 
	Parameter C_AXI_DATA_WIDTH bound to: 32 - type: integer 
	Parameter C_AXI_SUPPORTS_USER_SIGNALS bound to: 0 - type: integer 
	Parameter C_AXI_SUPPORTS_REGION_SIGNALS bound to: 0 - type: integer 
	Parameter C_AXI_AWUSER_WIDTH bound to: 1 - type: integer 
	Parameter C_AXI_WUSER_WIDTH bound to: 1 - type: integer 
	Parameter C_AXI_BUSER_WIDTH bound to: 1 - type: integer 
	Parameter C_AXI_ARUSER_WIDTH bound to: 1 - type: integer 
	Parameter C_AXI_RUSER_WIDTH bound to: 1 - type: integer 
	Parameter C_AWPAYLOAD_WIDTH bound to: 66 - type: integer 
	Parameter C_WPAYLOAD_WIDTH bound to: 49 - type: integer 
	Parameter C_BPAYLOAD_WIDTH bound to: 14 - type: integer 
	Parameter C_ARPAYLOAD_WIDTH bound to: 66 - type: integer 
	Parameter C_RPAYLOAD_WIDTH bound to: 47 - type: integer 
	Parameter G_AXI_AWADDR_INDEX bound to: 0 - type: integer 
	Parameter G_AXI_AWADDR_WIDTH bound to: 32 - type: integer 
	Parameter G_AXI_AWPROT_INDEX bound to: 32 - type: integer 
	Parameter G_AXI_AWPROT_WIDTH bound to: 3 - type: integer 
	Parameter G_AXI_AWSIZE_INDEX bound to: 35 - type: integer 
	Parameter G_AXI_AWSIZE_WIDTH bound to: 3 - type: integer 
	Parameter G_AXI_AWBURST_INDEX bound to: 38 - type: integer 
	Parameter G_AXI_AWBURST_WIDTH bound to: 2 - type: integer 
	Parameter G_AXI_AWCACHE_INDEX bound to: 40 - type: integer 
	Parameter G_AXI_AWCACHE_WIDTH bound to: 4 - type: integer 
	Parameter G_AXI_AWLEN_INDEX bound to: 44 - type: integer 
	Parameter G_AXI_AWLEN_WIDTH bound to: 4 - type: integer 
	Parameter G_AXI_AWLOCK_INDEX bound to: 48 - type: integer 
	Parameter G_AXI_AWLOCK_WIDTH bound to: 2 - type: integer 
	Parameter G_AXI_AWID_INDEX bound to: 50 - type: integer 
	Parameter G_AXI_AWID_WIDTH bound to: 12 - type: integer 
	Parameter G_AXI_AWQOS_INDEX bound to: 62 - type: integer 
	Parameter G_AXI_AWQOS_WIDTH bound to: 4 - type: integer 
	Parameter G_AXI_AWREGION_INDEX bound to: 66 - type: integer 
	Parameter G_AXI_AWREGION_WIDTH bound to: 0 - type: integer 
	Parameter G_AXI_AWUSER_INDEX bound to: 66 - type: integer 
	Parameter G_AXI_AWUSER_WIDTH bound to: 0 - type: integer 
	Parameter G_AXI_AWPAYLOAD_WIDTH bound to: 66 - type: integer 
	Parameter G_AXI_ARADDR_INDEX bound to: 0 - type: integer 
	Parameter G_AXI_ARADDR_WIDTH bound to: 32 - type: integer 
	Parameter G_AXI_ARPROT_INDEX bound to: 32 - type: integer 
	Parameter G_AXI_ARPROT_WIDTH bound to: 3 - type: integer 
	Parameter G_AXI_ARSIZE_INDEX bound to: 35 - type: integer 
	Parameter G_AXI_ARSIZE_WIDTH bound to: 3 - type: integer 
	Parameter G_AXI_ARBURST_INDEX bound to: 38 - type: integer 
	Parameter G_AXI_ARBURST_WIDTH bound to: 2 - type: integer 
	Parameter G_AXI_ARCACHE_INDEX bound to: 40 - type: integer 
	Parameter G_AXI_ARCACHE_WIDTH bound to: 4 - type: integer 
	Parameter G_AXI_ARLEN_INDEX bound to: 44 - type: integer 
	Parameter G_AXI_ARLEN_WIDTH bound to: 4 - type: integer 
	Parameter G_AXI_ARLOCK_INDEX bound to: 48 - type: integer 
	Parameter G_AXI_ARLOCK_WIDTH bound to: 2 - type: integer 
	Parameter G_AXI_ARID_INDEX bound to: 50 - type: integer 
	Parameter G_AXI_ARID_WIDTH bound to: 12 - type: integer 
	Parameter G_AXI_ARQOS_INDEX bound to: 62 - type: integer 
	Parameter G_AXI_ARQOS_WIDTH bound to: 4 - type: integer 
	Parameter G_AXI_ARREGION_INDEX bound to: 66 - type: integer 
	Parameter G_AXI_ARREGION_WIDTH bound to: 0 - type: integer 
	Parameter G_AXI_ARUSER_INDEX bound to: 66 - type: integer 
	Parameter G_AXI_ARUSER_WIDTH bound to: 0 - type: integer 
	Parameter G_AXI_ARPAYLOAD_WIDTH bound to: 66 - type: integer 
	Parameter G_AXI_WDATA_INDEX bound to: 0 - type: integer 
	Parameter G_AXI_WDATA_WIDTH bound to: 32 - type: integer 
	Parameter G_AXI_WSTRB_INDEX bound to: 32 - type: integer 
	Parameter G_AXI_WSTRB_WIDTH bound to: 4 - type: integer 
	Parameter G_AXI_WLAST_INDEX bound to: 36 - type: integer 
	Parameter G_AXI_WLAST_WIDTH bound to: 1 - type: integer 
	Parameter G_AXI_WID_INDEX bound to: 37 - type: integer 
	Parameter G_AXI_WID_WIDTH bound to: 12 - type: integer 
	Parameter G_AXI_WUSER_INDEX bound to: 49 - type: integer 
	Parameter G_AXI_WUSER_WIDTH bound to: 0 - type: integer 
	Parameter G_AXI_WPAYLOAD_WIDTH bound to: 49 - type: integer 
	Parameter G_AXI_BRESP_INDEX bound to: 0 - type: integer 
	Parameter G_AXI_BRESP_WIDTH bound to: 2 - type: integer 
	Parameter G_AXI_BID_INDEX bound to: 2 - type: integer 
	Parameter G_AXI_BID_WIDTH bound to: 12 - type: integer 
	Parameter G_AXI_BUSER_INDEX bound to: 14 - type: integer 
	Parameter G_AXI_BUSER_WIDTH bound to: 0 - type: integer 
	Parameter G_AXI_BPAYLOAD_WIDTH bound to: 14 - type: integer 
	Parameter G_AXI_RDATA_INDEX bound to: 0 - type: integer 
	Parameter G_AXI_RDATA_WIDTH bound to: 32 - type: integer 
	Parameter G_AXI_RRESP_INDEX bound to: 32 - type: integer 
	Parameter G_AXI_RRESP_WIDTH bound to: 2 - type: integer 
	Parameter G_AXI_RLAST_INDEX bound to: 34 - type: integer 
	Parameter G_AXI_RLAST_WIDTH bound to: 1 - type: integer 
	Parameter G_AXI_RID_INDEX bound to: 35 - type: integer 
	Parameter G_AXI_RID_WIDTH bound to: 12 - type: integer 
	Parameter G_AXI_RUSER_INDEX bound to: 47 - type: integer 
	Parameter G_AXI_RUSER_WIDTH bound to: 0 - type: integer 
	Parameter G_AXI_RPAYLOAD_WIDTH bound to: 47 - type: integer 
INFO: [Synth 8-6155] done synthesizing module 'axi_infrastructure_v1_1_0_vector2axi' (18#1) [c:/Users/hrish/Downloads/ReRAM_Thesis/Project Folder/ReRam_Redefined/ReRam_Redefined.srcs/sources_1/bd/ReRamSpm/ipshared/ec67/hdl/axi_infrastructure_v1_1_vl_rfs.v:474]
INFO: [Synth 8-6155] done synthesizing module 'axi_register_slice_v2_1_16_axi_register_slice' (19#1) [c:/Users/hrish/Downloads/ReRAM_Thesis/Project Folder/ReRam_Redefined/ReRam_Redefined.srcs/sources_1/bd/ReRamSpm/ipshared/0cde/hdl/axi_register_slice_v2_1_vl_rfs.v:2413]
WARNING: [Synth 8-350] instance 'SI_REG' of module 'axi_register_slice_v2_1_16_axi_register_slice' requires 93 connections, but only 92 given [c:/Users/hrish/Downloads/ReRAM_Thesis/Project Folder/ReRam_Redefined/ReRam_Redefined.srcs/sources_1/bd/ReRamSpm/ipshared/1229/hdl/axi_protocol_converter_v2_1_vl_rfs.v:4395]
INFO: [Synth 8-6157] synthesizing module 'axi_register_slice_v2_1_16_axi_register_slice__parameterized0' [c:/Users/hrish/Downloads/ReRAM_Thesis/Project Folder/ReRam_Redefined/ReRam_Redefined.srcs/sources_1/bd/ReRamSpm/ipshared/0cde/hdl/axi_register_slice_v2_1_vl_rfs.v:2413]
	Parameter C_FAMILY bound to: virtex6 - type: string 
	Parameter C_AXI_PROTOCOL bound to: 2 - type: integer 
	Parameter C_AXI_ID_WIDTH bound to: 1 - type: integer 
	Parameter C_AXI_ADDR_WIDTH bound to: 32 - type: integer 
	Parameter C_AXI_DATA_WIDTH bound to: 32 - type: integer 
	Parameter C_AXI_SUPPORTS_USER_SIGNALS bound to: 0 - type: integer 
	Parameter C_AXI_AWUSER_WIDTH bound to: 1 - type: integer 
	Parameter C_AXI_ARUSER_WIDTH bound to: 1 - type: integer 
	Parameter C_AXI_WUSER_WIDTH bound to: 1 - type: integer 
	Parameter C_AXI_RUSER_WIDTH bound to: 1 - type: integer 
	Parameter C_AXI_BUSER_WIDTH bound to: 1 - type: integer 
	Parameter C_REG_CONFIG_AW bound to: 0 - type: integer 
	Parameter C_REG_CONFIG_W bound to: 0 - type: integer 
	Parameter C_REG_CONFIG_B bound to: 0 - type: integer 
	Parameter C_REG_CONFIG_AR bound to: 0 - type: integer 
	Parameter C_REG_CONFIG_R bound to: 0 - type: integer 
	Parameter C_NUM_SLR_CROSSINGS bound to: 0 - type: integer 
	Parameter C_PIPELINES_MASTER_AW bound to: 0 - type: integer 
	Parameter C_PIPELINES_MASTER_W bound to: 0 - type: integer 
	Parameter C_PIPELINES_MASTER_B bound to: 0 - type: integer 
	Parameter C_PIPELINES_MASTER_AR bound to: 0 - type: integer 
	Parameter C_PIPELINES_MASTER_R bound to: 0 - type: integer 
	Parameter C_PIPELINES_SLAVE_AW bound to: 0 - type: integer 
	Parameter C_PIPELINES_SLAVE_W bound to: 0 - type: integer 
	Parameter C_PIPELINES_SLAVE_B bound to: 0 - type: integer 
	Parameter C_PIPELINES_SLAVE_AR bound to: 0 - type: integer 
	Parameter C_PIPELINES_SLAVE_R bound to: 0 - type: integer 
	Parameter C_PIPELINES_MIDDLE_AW bound to: 0 - type: integer 
	Parameter C_PIPELINES_MIDDLE_W bound to: 0 - type: integer 
	Parameter C_PIPELINES_MIDDLE_B bound to: 0 - type: integer 
	Parameter C_PIPELINES_MIDDLE_AR bound to: 0 - type: integer 
	Parameter C_PIPELINES_MIDDLE_R bound to: 0 - type: integer 
	Parameter C_AXI_SUPPORTS_REGION_SIGNALS bound to: 0 - type: integer 
	Parameter P_FORWARD bound to: 0 - type: integer 
	Parameter P_RESPONSE bound to: 1 - type: integer 
	Parameter G_AXI_AWADDR_INDEX bound to: 0 - type: integer 
	Parameter G_AXI_AWADDR_WIDTH bound to: 32 - type: integer 
	Parameter G_AXI_AWPROT_INDEX bound to: 32 - type: integer 
	Parameter G_AXI_AWPROT_WIDTH bound to: 3 - type: integer 
	Parameter G_AXI_AWSIZE_INDEX bound to: 35 - type: integer 
	Parameter G_AXI_AWSIZE_WIDTH bound to: 0 - type: integer 
	Parameter G_AXI_AWBURST_INDEX bound to: 35 - type: integer 
	Parameter G_AXI_AWBURST_WIDTH bound to: 0 - type: integer 
	Parameter G_AXI_AWCACHE_INDEX bound to: 35 - type: integer 
	Parameter G_AXI_AWCACHE_WIDTH bound to: 0 - type: integer 
	Parameter G_AXI_AWLEN_INDEX bound to: 35 - type: integer 
	Parameter G_AXI_AWLEN_WIDTH bound to: 0 - type: integer 
	Parameter G_AXI_AWLOCK_INDEX bound to: 35 - type: integer 
	Parameter G_AXI_AWLOCK_WIDTH bound to: 0 - type: integer 
	Parameter G_AXI_AWID_INDEX bound to: 35 - type: integer 
	Parameter G_AXI_AWID_WIDTH bound to: 0 - type: integer 
	Parameter G_AXI_AWQOS_INDEX bound to: 35 - type: integer 
	Parameter G_AXI_AWQOS_WIDTH bound to: 0 - type: integer 
	Parameter G_AXI_AWREGION_INDEX bound to: 35 - type: integer 
	Parameter G_AXI_AWREGION_WIDTH bound to: 0 - type: integer 
	Parameter G_AXI_AWUSER_INDEX bound to: 35 - type: integer 
	Parameter G_AXI_AWUSER_WIDTH bound to: 0 - type: integer 
	Parameter G_AXI_AWPAYLOAD_WIDTH bound to: 35 - type: integer 
	Parameter G_AXI_ARADDR_INDEX bound to: 0 - type: integer 
	Parameter G_AXI_ARADDR_WIDTH bound to: 32 - type: integer 
	Parameter G_AXI_ARPROT_INDEX bound to: 32 - type: integer 
	Parameter G_AXI_ARPROT_WIDTH bound to: 3 - type: integer 
	Parameter G_AXI_ARSIZE_INDEX bound to: 35 - type: integer 
	Parameter G_AXI_ARSIZE_WIDTH bound to: 0 - type: integer 
	Parameter G_AXI_ARBURST_INDEX bound to: 35 - type: integer 
	Parameter G_AXI_ARBURST_WIDTH bound to: 0 - type: integer 
	Parameter G_AXI_ARCACHE_INDEX bound to: 35 - type: integer 
	Parameter G_AXI_ARCACHE_WIDTH bound to: 0 - type: integer 
	Parameter G_AXI_ARLEN_INDEX bound to: 35 - type: integer 
	Parameter G_AXI_ARLEN_WIDTH bound to: 0 - type: integer 
	Parameter G_AXI_ARLOCK_INDEX bound to: 35 - type: integer 
	Parameter G_AXI_ARLOCK_WIDTH bound to: 0 - type: integer 
	Parameter G_AXI_ARID_INDEX bound to: 35 - type: integer 
	Parameter G_AXI_ARID_WIDTH bound to: 0 - type: integer 
	Parameter G_AXI_ARQOS_INDEX bound to: 35 - type: integer 
	Parameter G_AXI_ARQOS_WIDTH bound to: 0 - type: integer 
	Parameter G_AXI_ARREGION_INDEX bound to: 35 - type: integer 
	Parameter G_AXI_ARREGION_WIDTH bound to: 0 - type: integer 
	Parameter G_AXI_ARUSER_INDEX bound to: 35 - type: integer 
	Parameter G_AXI_ARUSER_WIDTH bound to: 0 - type: integer 
	Parameter G_AXI_ARPAYLOAD_WIDTH bound to: 35 - type: integer 
	Parameter G_AXI_WDATA_INDEX bound to: 0 - type: integer 
	Parameter G_AXI_WDATA_WIDTH bound to: 32 - type: integer 
	Parameter G_AXI_WSTRB_INDEX bound to: 32 - type: integer 
	Parameter G_AXI_WSTRB_WIDTH bound to: 4 - type: integer 
	Parameter G_AXI_WLAST_INDEX bound to: 36 - type: integer 
	Parameter G_AXI_WLAST_WIDTH bound to: 0 - type: integer 
	Parameter G_AXI_WID_INDEX bound to: 36 - type: integer 
	Parameter G_AXI_WID_WIDTH bound to: 0 - type: integer 
	Parameter G_AXI_WUSER_INDEX bound to: 36 - type: integer 
	Parameter G_AXI_WUSER_WIDTH bound to: 0 - type: integer 
	Parameter G_AXI_WPAYLOAD_WIDTH bound to: 36 - type: integer 
	Parameter G_AXI_BRESP_INDEX bound to: 0 - type: integer 
	Parameter G_AXI_BRESP_WIDTH bound to: 2 - type: integer 
	Parameter G_AXI_BID_INDEX bound to: 2 - type: integer 
	Parameter G_AXI_BID_WIDTH bound to: 0 - type: integer 
	Parameter G_AXI_BUSER_INDEX bound to: 2 - type: integer 
	Parameter G_AXI_BUSER_WIDTH bound to: 0 - type: integer 
	Parameter G_AXI_BPAYLOAD_WIDTH bound to: 2 - type: integer 
	Parameter G_AXI_RDATA_INDEX bound to: 0 - type: integer 
	Parameter G_AXI_RDATA_WIDTH bound to: 32 - type: integer 
	Parameter G_AXI_RRESP_INDEX bound to: 32 - type: integer 
	Parameter G_AXI_RRESP_WIDTH bound to: 2 - type: integer 
	Parameter G_AXI_RLAST_INDEX bound to: 34 - type: integer 
	Parameter G_AXI_RLAST_WIDTH bound to: 0 - type: integer 
	Parameter G_AXI_RID_INDEX bound to: 34 - type: integer 
	Parameter G_AXI_RID_WIDTH bound to: 0 - type: integer 
	Parameter G_AXI_RUSER_INDEX bound to: 34 - type: integer 
	Parameter G_AXI_RUSER_WIDTH bound to: 0 - type: integer 
	Parameter G_AXI_RPAYLOAD_WIDTH bound to: 34 - type: integer 
INFO: [Synth 8-6157] synthesizing module 'axi_register_slice_v2_1_16_axic_register_slice__parameterized3' [c:/Users/hrish/Downloads/ReRAM_Thesis/Project Folder/ReRam_Redefined/ReRam_Redefined.srcs/sources_1/bd/ReRamSpm/ipshared/0cde/hdl/axi_register_slice_v2_1_vl_rfs.v:189]
	Parameter C_FAMILY bound to: virtex6 - type: string 
	Parameter C_DATA_WIDTH bound to: 35 - type: integer 
	Parameter C_REG_CONFIG bound to: 0 - type: integer 
INFO: [Synth 8-6155] done synthesizing module 'axi_register_slice_v2_1_16_axic_register_slice__parameterized3' (19#1) [c:/Users/hrish/Downloads/ReRAM_Thesis/Project Folder/ReRam_Redefined/ReRam_Redefined.srcs/sources_1/bd/ReRamSpm/ipshared/0cde/hdl/axi_register_slice_v2_1_vl_rfs.v:189]
INFO: [Synth 8-6157] synthesizing module 'axi_register_slice_v2_1_16_axic_register_slice__parameterized4' [c:/Users/hrish/Downloads/ReRAM_Thesis/Project Folder/ReRam_Redefined/ReRam_Redefined.srcs/sources_1/bd/ReRamSpm/ipshared/0cde/hdl/axi_register_slice_v2_1_vl_rfs.v:189]
	Parameter C_FAMILY bound to: virtex6 - type: string 
	Parameter C_DATA_WIDTH bound to: 36 - type: integer 
	Parameter C_REG_CONFIG bound to: 0 - type: integer 
INFO: [Synth 8-6155] done synthesizing module 'axi_register_slice_v2_1_16_axic_register_slice__parameterized4' (19#1) [c:/Users/hrish/Downloads/ReRAM_Thesis/Project Folder/ReRam_Redefined/ReRam_Redefined.srcs/sources_1/bd/ReRamSpm/ipshared/0cde/hdl/axi_register_slice_v2_1_vl_rfs.v:189]
INFO: [Synth 8-6157] synthesizing module 'axi_register_slice_v2_1_16_axic_register_slice__parameterized5' [c:/Users/hrish/Downloads/ReRAM_Thesis/Project Folder/ReRam_Redefined/ReRam_Redefined.srcs/sources_1/bd/ReRamSpm/ipshared/0cde/hdl/axi_register_slice_v2_1_vl_rfs.v:189]
	Parameter C_FAMILY bound to: virtex6 - type: string 
	Parameter C_DATA_WIDTH bound to: 2 - type: integer 
	Parameter C_REG_CONFIG bound to: 0 - type: integer 
INFO: [Synth 8-6155] done synthesizing module 'axi_register_slice_v2_1_16_axic_register_slice__parameterized5' (19#1) [c:/Users/hrish/Downloads/ReRAM_Thesis/Project Folder/ReRam_Redefined/ReRam_Redefined.srcs/sources_1/bd/ReRamSpm/ipshared/0cde/hdl/axi_register_slice_v2_1_vl_rfs.v:189]
INFO: [Synth 8-6157] synthesizing module 'axi_register_slice_v2_1_16_axic_register_slice__parameterized6' [c:/Users/hrish/Downloads/ReRAM_Thesis/Project Folder/ReRam_Redefined/ReRam_Redefined.srcs/sources_1/bd/ReRamSpm/ipshared/0cde/hdl/axi_register_slice_v2_1_vl_rfs.v:189]
	Parameter C_FAMILY bound to: virtex6 - type: string 
	Parameter C_DATA_WIDTH bound to: 34 - type: integer 
	Parameter C_REG_CONFIG bound to: 0 - type: integer 
INFO: [Synth 8-6155] done synthesizing module 'axi_register_slice_v2_1_16_axic_register_slice__parameterized6' (19#1) [c:/Users/hrish/Downloads/ReRAM_Thesis/Project Folder/ReRam_Redefined/ReRam_Redefined.srcs/sources_1/bd/ReRamSpm/ipshared/0cde/hdl/axi_register_slice_v2_1_vl_rfs.v:189]
INFO: [Synth 8-6157] synthesizing module 'axi_infrastructure_v1_1_0_axi2vector__parameterized0' [c:/Users/hrish/Downloads/ReRAM_Thesis/Project Folder/ReRam_Redefined/ReRam_Redefined.srcs/sources_1/bd/ReRamSpm/ipshared/ec67/hdl/axi_infrastructure_v1_1_vl_rfs.v:60]
	Parameter C_AXI_PROTOCOL bound to: 2 - type: integer 
	Parameter C_AXI_ID_WIDTH bound to: 1 - type: integer 
	Parameter C_AXI_ADDR_WIDTH bound to: 32 - type: integer 
	Parameter C_AXI_DATA_WIDTH bound to: 32 - type: integer 
	Parameter C_AXI_SUPPORTS_USER_SIGNALS bound to: 0 - type: integer 
	Parameter C_AXI_SUPPORTS_REGION_SIGNALS bound to: 0 - type: integer 
	Parameter C_AXI_AWUSER_WIDTH bound to: 1 - type: integer 
	Parameter C_AXI_WUSER_WIDTH bound to: 1 - type: integer 
	Parameter C_AXI_BUSER_WIDTH bound to: 1 - type: integer 
	Parameter C_AXI_ARUSER_WIDTH bound to: 1 - type: integer 
	Parameter C_AXI_RUSER_WIDTH bound to: 1 - type: integer 
	Parameter C_AWPAYLOAD_WIDTH bound to: 35 - type: integer 
	Parameter C_WPAYLOAD_WIDTH bound to: 36 - type: integer 
	Parameter C_BPAYLOAD_WIDTH bound to: 2 - type: integer 
	Parameter C_ARPAYLOAD_WIDTH bound to: 35 - type: integer 
	Parameter C_RPAYLOAD_WIDTH bound to: 34 - type: integer 
	Parameter G_AXI_AWADDR_INDEX bound to: 0 - type: integer 
	Parameter G_AXI_AWADDR_WIDTH bound to: 32 - type: integer 
	Parameter G_AXI_AWPROT_INDEX bound to: 32 - type: integer 
	Parameter G_AXI_AWPROT_WIDTH bound to: 3 - type: integer 
	Parameter G_AXI_AWSIZE_INDEX bound to: 35 - type: integer 
	Parameter G_AXI_AWSIZE_WIDTH bound to: 0 - type: integer 
	Parameter G_AXI_AWBURST_INDEX bound to: 35 - type: integer 
	Parameter G_AXI_AWBURST_WIDTH bound to: 0 - type: integer 
	Parameter G_AXI_AWCACHE_INDEX bound to: 35 - type: integer 
	Parameter G_AXI_AWCACHE_WIDTH bound to: 0 - type: integer 
	Parameter G_AXI_AWLEN_INDEX bound to: 35 - type: integer 
	Parameter G_AXI_AWLEN_WIDTH bound to: 0 - type: integer 
	Parameter G_AXI_AWLOCK_INDEX bound to: 35 - type: integer 
	Parameter G_AXI_AWLOCK_WIDTH bound to: 0 - type: integer 
	Parameter G_AXI_AWID_INDEX bound to: 35 - type: integer 
	Parameter G_AXI_AWID_WIDTH bound to: 0 - type: integer 
	Parameter G_AXI_AWQOS_INDEX bound to: 35 - type: integer 
	Parameter G_AXI_AWQOS_WIDTH bound to: 0 - type: integer 
	Parameter G_AXI_AWREGION_INDEX bound to: 35 - type: integer 
	Parameter G_AXI_AWREGION_WIDTH bound to: 0 - type: integer 
	Parameter G_AXI_AWUSER_INDEX bound to: 35 - type: integer 
	Parameter G_AXI_AWUSER_WIDTH bound to: 0 - type: integer 
	Parameter G_AXI_AWPAYLOAD_WIDTH bound to: 35 - type: integer 
	Parameter G_AXI_ARADDR_INDEX bound to: 0 - type: integer 
	Parameter G_AXI_ARADDR_WIDTH bound to: 32 - type: integer 
	Parameter G_AXI_ARPROT_INDEX bound to: 32 - type: integer 
	Parameter G_AXI_ARPROT_WIDTH bound to: 3 - type: integer 
	Parameter G_AXI_ARSIZE_INDEX bound to: 35 - type: integer 
	Parameter G_AXI_ARSIZE_WIDTH bound to: 0 - type: integer 
	Parameter G_AXI_ARBURST_INDEX bound to: 35 - type: integer 
	Parameter G_AXI_ARBURST_WIDTH bound to: 0 - type: integer 
	Parameter G_AXI_ARCACHE_INDEX bound to: 35 - type: integer 
	Parameter G_AXI_ARCACHE_WIDTH bound to: 0 - type: integer 
	Parameter G_AXI_ARLEN_INDEX bound to: 35 - type: integer 
	Parameter G_AXI_ARLEN_WIDTH bound to: 0 - type: integer 
	Parameter G_AXI_ARLOCK_INDEX bound to: 35 - type: integer 
	Parameter G_AXI_ARLOCK_WIDTH bound to: 0 - type: integer 
	Parameter G_AXI_ARID_INDEX bound to: 35 - type: integer 
	Parameter G_AXI_ARID_WIDTH bound to: 0 - type: integer 
	Parameter G_AXI_ARQOS_INDEX bound to: 35 - type: integer 
	Parameter G_AXI_ARQOS_WIDTH bound to: 0 - type: integer 
	Parameter G_AXI_ARREGION_INDEX bound to: 35 - type: integer 
	Parameter G_AXI_ARREGION_WIDTH bound to: 0 - type: integer 
	Parameter G_AXI_ARUSER_INDEX bound to: 35 - type: integer 
	Parameter G_AXI_ARUSER_WIDTH bound to: 0 - type: integer 
	Parameter G_AXI_ARPAYLOAD_WIDTH bound to: 35 - type: integer 
	Parameter G_AXI_WDATA_INDEX bound to: 0 - type: integer 
	Parameter G_AXI_WDATA_WIDTH bound to: 32 - type: integer 
	Parameter G_AXI_WSTRB_INDEX bound to: 32 - type: integer 
	Parameter G_AXI_WSTRB_WIDTH bound to: 4 - type: integer 
	Parameter G_AXI_WLAST_INDEX bound to: 36 - type: integer 
	Parameter G_AXI_WLAST_WIDTH bound to: 0 - type: integer 
	Parameter G_AXI_WID_INDEX bound to: 36 - type: integer 
	Parameter G_AXI_WID_WIDTH bound to: 0 - type: integer 
	Parameter G_AXI_WUSER_INDEX bound to: 36 - type: integer 
	Parameter G_AXI_WUSER_WIDTH bound to: 0 - type: integer 
	Parameter G_AXI_WPAYLOAD_WIDTH bound to: 36 - type: integer 
	Parameter G_AXI_BRESP_INDEX bound to: 0 - type: integer 
	Parameter G_AXI_BRESP_WIDTH bound to: 2 - type: integer 
	Parameter G_AXI_BID_INDEX bound to: 2 - type: integer 
	Parameter G_AXI_BID_WIDTH bound to: 0 - type: integer 
	Parameter G_AXI_BUSER_INDEX bound to: 2 - type: integer 
	Parameter G_AXI_BUSER_WIDTH bound to: 0 - type: integer 
	Parameter G_AXI_BPAYLOAD_WIDTH bound to: 2 - type: integer 
	Parameter G_AXI_RDATA_INDEX bound to: 0 - type: integer 
	Parameter G_AXI_RDATA_WIDTH bound to: 32 - type: integer 
	Parameter G_AXI_RRESP_INDEX bound to: 32 - type: integer 
	Parameter G_AXI_RRESP_WIDTH bound to: 2 - type: integer 
	Parameter G_AXI_RLAST_INDEX bound to: 34 - type: integer 
	Parameter G_AXI_RLAST_WIDTH bound to: 0 - type: integer 
	Parameter G_AXI_RID_INDEX bound to: 34 - type: integer 
	Parameter G_AXI_RID_WIDTH bound to: 0 - type: integer 
	Parameter G_AXI_RUSER_INDEX bound to: 34 - type: integer 
	Parameter G_AXI_RUSER_WIDTH bound to: 0 - type: integer 
	Parameter G_AXI_RPAYLOAD_WIDTH bound to: 34 - type: integer 
INFO: [Synth 8-6155] done synthesizing module 'axi_infrastructure_v1_1_0_axi2vector__parameterized0' (19#1) [c:/Users/hrish/Downloads/ReRAM_Thesis/Project Folder/ReRam_Redefined/ReRam_Redefined.srcs/sources_1/bd/ReRamSpm/ipshared/ec67/hdl/axi_infrastructure_v1_1_vl_rfs.v:60]
INFO: [Synth 8-6157] synthesizing module 'axi_infrastructure_v1_1_0_vector2axi__parameterized0' [c:/Users/hrish/Downloads/ReRAM_Thesis/Project Folder/ReRam_Redefined/ReRam_Redefined.srcs/sources_1/bd/ReRamSpm/ipshared/ec67/hdl/axi_infrastructure_v1_1_vl_rfs.v:474]
	Parameter C_AXI_PROTOCOL bound to: 2 - type: integer 
	Parameter C_AXI_ID_WIDTH bound to: 1 - type: integer 
	Parameter C_AXI_ADDR_WIDTH bound to: 32 - type: integer 
	Parameter C_AXI_DATA_WIDTH bound to: 32 - type: integer 
	Parameter C_AXI_SUPPORTS_USER_SIGNALS bound to: 0 - type: integer 
	Parameter C_AXI_SUPPORTS_REGION_SIGNALS bound to: 0 - type: integer 
	Parameter C_AXI_AWUSER_WIDTH bound to: 1 - type: integer 
	Parameter C_AXI_WUSER_WIDTH bound to: 1 - type: integer 
	Parameter C_AXI_BUSER_WIDTH bound to: 1 - type: integer 
	Parameter C_AXI_ARUSER_WIDTH bound to: 1 - type: integer 
	Parameter C_AXI_RUSER_WIDTH bound to: 1 - type: integer 
	Parameter C_AWPAYLOAD_WIDTH bound to: 35 - type: integer 
	Parameter C_WPAYLOAD_WIDTH bound to: 36 - type: integer 
	Parameter C_BPAYLOAD_WIDTH bound to: 2 - type: integer 
	Parameter C_ARPAYLOAD_WIDTH bound to: 35 - type: integer 
	Parameter C_RPAYLOAD_WIDTH bound to: 34 - type: integer 
	Parameter G_AXI_AWADDR_INDEX bound to: 0 - type: integer 
	Parameter G_AXI_AWADDR_WIDTH bound to: 32 - type: integer 
	Parameter G_AXI_AWPROT_INDEX bound to: 32 - type: integer 
	Parameter G_AXI_AWPROT_WIDTH bound to: 3 - type: integer 
	Parameter G_AXI_AWSIZE_INDEX bound to: 35 - type: integer 
	Parameter G_AXI_AWSIZE_WIDTH bound to: 0 - type: integer 
	Parameter G_AXI_AWBURST_INDEX bound to: 35 - type: integer 
	Parameter G_AXI_AWBURST_WIDTH bound to: 0 - type: integer 
	Parameter G_AXI_AWCACHE_INDEX bound to: 35 - type: integer 
	Parameter G_AXI_AWCACHE_WIDTH bound to: 0 - type: integer 
	Parameter G_AXI_AWLEN_INDEX bound to: 35 - type: integer 
	Parameter G_AXI_AWLEN_WIDTH bound to: 0 - type: integer 
	Parameter G_AXI_AWLOCK_INDEX bound to: 35 - type: integer 
	Parameter G_AXI_AWLOCK_WIDTH bound to: 0 - type: integer 
	Parameter G_AXI_AWID_INDEX bound to: 35 - type: integer 
	Parameter G_AXI_AWID_WIDTH bound to: 0 - type: integer 
	Parameter G_AXI_AWQOS_INDEX bound to: 35 - type: integer 
	Parameter G_AXI_AWQOS_WIDTH bound to: 0 - type: integer 
	Parameter G_AXI_AWREGION_INDEX bound to: 35 - type: integer 
	Parameter G_AXI_AWREGION_WIDTH bound to: 0 - type: integer 
	Parameter G_AXI_AWUSER_INDEX bound to: 35 - type: integer 
	Parameter G_AXI_AWUSER_WIDTH bound to: 0 - type: integer 
	Parameter G_AXI_AWPAYLOAD_WIDTH bound to: 35 - type: integer 
	Parameter G_AXI_ARADDR_INDEX bound to: 0 - type: integer 
	Parameter G_AXI_ARADDR_WIDTH bound to: 32 - type: integer 
	Parameter G_AXI_ARPROT_INDEX bound to: 32 - type: integer 
	Parameter G_AXI_ARPROT_WIDTH bound to: 3 - type: integer 
	Parameter G_AXI_ARSIZE_INDEX bound to: 35 - type: integer 
	Parameter G_AXI_ARSIZE_WIDTH bound to: 0 - type: integer 
	Parameter G_AXI_ARBURST_INDEX bound to: 35 - type: integer 
	Parameter G_AXI_ARBURST_WIDTH bound to: 0 - type: integer 
	Parameter G_AXI_ARCACHE_INDEX bound to: 35 - type: integer 
	Parameter G_AXI_ARCACHE_WIDTH bound to: 0 - type: integer 
	Parameter G_AXI_ARLEN_INDEX bound to: 35 - type: integer 
	Parameter G_AXI_ARLEN_WIDTH bound to: 0 - type: integer 
	Parameter G_AXI_ARLOCK_INDEX bound to: 35 - type: integer 
	Parameter G_AXI_ARLOCK_WIDTH bound to: 0 - type: integer 
	Parameter G_AXI_ARID_INDEX bound to: 35 - type: integer 
	Parameter G_AXI_ARID_WIDTH bound to: 0 - type: integer 
	Parameter G_AXI_ARQOS_INDEX bound to: 35 - type: integer 
	Parameter G_AXI_ARQOS_WIDTH bound to: 0 - type: integer 
	Parameter G_AXI_ARREGION_INDEX bound to: 35 - type: integer 
	Parameter G_AXI_ARREGION_WIDTH bound to: 0 - type: integer 
	Parameter G_AXI_ARUSER_INDEX bound to: 35 - type: integer 
	Parameter G_AXI_ARUSER_WIDTH bound to: 0 - type: integer 
	Parameter G_AXI_ARPAYLOAD_WIDTH bound to: 35 - type: integer 
	Parameter G_AXI_WDATA_INDEX bound to: 0 - type: integer 
	Parameter G_AXI_WDATA_WIDTH bound to: 32 - type: integer 
	Parameter G_AXI_WSTRB_INDEX bound to: 32 - type: integer 
	Parameter G_AXI_WSTRB_WIDTH bound to: 4 - type: integer 
	Parameter G_AXI_WLAST_INDEX bound to: 36 - type: integer 
	Parameter G_AXI_WLAST_WIDTH bound to: 0 - type: integer 
	Parameter G_AXI_WID_INDEX bound to: 36 - type: integer 
	Parameter G_AXI_WID_WIDTH bound to: 0 - type: integer 
	Parameter G_AXI_WUSER_INDEX bound to: 36 - type: integer 
	Parameter G_AXI_WUSER_WIDTH bound to: 0 - type: integer 
	Parameter G_AXI_WPAYLOAD_WIDTH bound to: 36 - type: integer 
	Parameter G_AXI_BRESP_INDEX bound to: 0 - type: integer 
	Parameter G_AXI_BRESP_WIDTH bound to: 2 - type: integer 
	Parameter G_AXI_BID_INDEX bound to: 2 - type: integer 
	Parameter G_AXI_BID_WIDTH bound to: 0 - type: integer 
	Parameter G_AXI_BUSER_INDEX bound to: 2 - type: integer 
	Parameter G_AXI_BUSER_WIDTH bound to: 0 - type: integer 
	Parameter G_AXI_BPAYLOAD_WIDTH bound to: 2 - type: integer 
	Parameter G_AXI_RDATA_INDEX bound to: 0 - type: integer 
	Parameter G_AXI_RDATA_WIDTH bound to: 32 - type: integer 
	Parameter G_AXI_RRESP_INDEX bound to: 32 - type: integer 
	Parameter G_AXI_RRESP_WIDTH bound to: 2 - type: integer 
	Parameter G_AXI_RLAST_INDEX bound to: 34 - type: integer 
	Parameter G_AXI_RLAST_WIDTH bound to: 0 - type: integer 
	Parameter G_AXI_RID_INDEX bound to: 34 - type: integer 
	Parameter G_AXI_RID_WIDTH bound to: 0 - type: integer 
	Parameter G_AXI_RUSER_INDEX bound to: 34 - type: integer 
	Parameter G_AXI_RUSER_WIDTH bound to: 0 - type: integer 
	Parameter G_AXI_RPAYLOAD_WIDTH bound to: 34 - type: integer 
INFO: [Synth 8-6155] done synthesizing module 'axi_infrastructure_v1_1_0_vector2axi__parameterized0' (19#1) [c:/Users/hrish/Downloads/ReRAM_Thesis/Project Folder/ReRam_Redefined/ReRam_Redefined.srcs/sources_1/bd/ReRamSpm/ipshared/ec67/hdl/axi_infrastructure_v1_1_vl_rfs.v:474]
INFO: [Synth 8-6155] done synthesizing module 'axi_register_slice_v2_1_16_axi_register_slice__parameterized0' (19#1) [c:/Users/hrish/Downloads/ReRAM_Thesis/Project Folder/ReRam_Redefined/ReRam_Redefined.srcs/sources_1/bd/ReRamSpm/ipshared/0cde/hdl/axi_register_slice_v2_1_vl_rfs.v:2413]
WARNING: [Synth 8-350] instance 'MI_REG' of module 'axi_register_slice_v2_1_16_axi_register_slice' requires 93 connections, but only 92 given [c:/Users/hrish/Downloads/ReRAM_Thesis/Project Folder/ReRam_Redefined/ReRam_Redefined.srcs/sources_1/bd/ReRamSpm/ipshared/1229/hdl/axi_protocol_converter_v2_1_vl_rfs.v:4650]
INFO: [Synth 8-6155] done synthesizing module 'axi_protocol_converter_v2_1_16_b2s' (20#1) [c:/Users/hrish/Downloads/ReRAM_Thesis/Project Folder/ReRam_Redefined/ReRam_Redefined.srcs/sources_1/bd/ReRamSpm/ipshared/1229/hdl/axi_protocol_converter_v2_1_vl_rfs.v:4229]
INFO: [Synth 8-6155] done synthesizing module 'axi_protocol_converter_v2_1_16_axi_protocol_converter' (21#1) [c:/Users/hrish/Downloads/ReRAM_Thesis/Project Folder/ReRam_Redefined/ReRam_Redefined.srcs/sources_1/bd/ReRamSpm/ipshared/1229/hdl/axi_protocol_converter_v2_1_vl_rfs.v:4811]
INFO: [Synth 8-6155] done synthesizing module 'ReRamSpm_auto_pc_0' (22#1) [c:/Users/hrish/Downloads/ReRAM_Thesis/Project Folder/ReRam_Redefined/ReRam_Redefined.srcs/sources_1/bd/ReRamSpm/ip/ReRamSpm_auto_pc_0/synth/ReRamSpm_auto_pc_0.v:58]
INFO: [Synth 8-6155] done synthesizing module 's00_couplers_imp_1R43PUV' (23#1) [C:/Users/hrish/Downloads/ReRAM_Thesis/Project Folder/ReRam_Redefined/ReRam_Redefined.srcs/sources_1/bd/ReRamSpm/synth/ReRamSpm.v:615]
INFO: [Synth 8-6155] done synthesizing module 'ReRamSpm_ps7_0_axi_periph_0' (24#1) [C:/Users/hrish/Downloads/ReRAM_Thesis/Project Folder/ReRam_Redefined/ReRam_Redefined.srcs/sources_1/bd/ReRamSpm/synth/ReRamSpm.v:300]
INFO: [Synth 8-6157] synthesizing module 'ReRamSpm_reram_axilite_wrapper_0_0' [c:/Users/hrish/Downloads/ReRAM_Thesis/Project Folder/ReRam_Redefined/ReRam_Redefined.srcs/sources_1/bd/ReRamSpm/ip/ReRamSpm_reram_axilite_wrapper_0_0/synth/ReRamSpm_reram_axilite_wrapper_0_0.sv:57]
INFO: [Synth 8-6157] synthesizing module 'reram_axilite_wrapper' [c:/Users/hrish/Downloads/ReRAM_Thesis/Project Folder/ReRam_Redefined/ReRam_Redefined.srcs/sources_1/bd/ReRamSpm/ipshared/f2a6/src/reram_axilite_wrapper.sv:9]
	Parameter MEMORY_DEPTH bound to: 16 - type: integer 
	Parameter DATA_WIDTH bound to: 32 - type: integer 
	Parameter CORE_ADDR_WIDTH bound to: 4 - type: integer 
	Parameter C_S_AXI_DATA_WIDTH bound to: 32 - type: integer 
	Parameter C_S_AXI_ADDR_WIDTH bound to: 10 - type: integer 
	Parameter ADDR_MEM_BASE bound to: 0 - type: integer 
	Parameter ADDR_MEM_END bound to: 63 - type: integer 
	Parameter ADDR_REG_BASE bound to: 256 - type: integer 
	Parameter ADDR_TOTAL_READS bound to: 256 - type: integer 
	Parameter ADDR_TOTAL_WRITES bound to: 260 - type: integer 
	Parameter ADDR_WORD_ERRORS bound to: 264 - type: integer 
	Parameter ADDR_CELL_ERRORS_ANY bound to: 268 - type: integer 
	Parameter ADDR_WRITE_CYCLES_BASE bound to: 288 - type: integer 
	Parameter ADDR_WRITE_CYCLES_0_3 bound to: 288 - type: integer 
	Parameter ADDR_WRITE_CYCLES_4_7 bound to: 292 - type: integer 
	Parameter ADDR_WRITE_CYCLES_8_11 bound to: 296 - type: integer 
	Parameter ADDR_WRITE_CYCLES_12_15 bound to: 300 - type: integer 
	Parameter ADDR_CELL_ERRORS_BASE bound to: 512 - type: integer 
	Parameter ADDR_CELL_ERRORS_END bound to: 575 - type: integer 
	Parameter WORD_BITMAP_PAD bound to: 16 - type: integer 
	Parameter WR_IDLE bound to: 2'b00 
	Parameter WR_WAIT_CORE bound to: 2'b01 
	Parameter WR_RESP bound to: 2'b10 
	Parameter RD_IDLE bound to: 2'b00 
	Parameter RD_WAIT_CORE bound to: 2'b01 
	Parameter RD_RESP bound to: 2'b10 
INFO: [Synth 8-6157] synthesizing module 'reram_memory_controller_blocking' [c:/Users/hrish/Downloads/ReRAM_Thesis/Project Folder/ReRam_Redefined/ReRam_Redefined.srcs/sources_1/bd/ReRamSpm/ipshared/f2a6/src/reram_memory_controller_blocking.sv:35]
	Parameter MEMORY_DEPTH bound to: 16 - type: integer 
	Parameter DATA_WIDTH bound to: 32 - type: integer 
	Parameter ADDR_WIDTH bound to: 4 - type: integer 
	Parameter READ_DELAY_CYCLES bound to: 32'sb00000000000000000000000000000011 
	Parameter SET_DELAY_CYCLES bound to: 32'sb00000000000000000000000000001010 
	Parameter RESET_DELAY_CYCLES bound to: 32'sb00000000000000000000000000001010 
	Parameter MAX_WRITE_CYCLES bound to: 32'sb00000000000000000000000011001000 
	Parameter CMD_NOP bound to: 2'b00 
	Parameter CMD_READ bound to: 2'b01 
	Parameter CMD_WRITE bound to: 2'b10 
INFO: [Synth 8-6157] synthesizing module 'reram_word_array_simple' [c:/Users/hrish/Downloads/ReRAM_Thesis/Project Folder/ReRam_Redefined/ReRam_Redefined.srcs/sources_1/bd/ReRamSpm/ipshared/f2a6/src/reram_word_array_simple.sv:19]
	Parameter WORD_WIDTH bound to: 32 - type: integer 
	Parameter READ_DELAY_CYCLES bound to: 32'sb00000000000000000000000000000011 
	Parameter SET_DELAY_CYCLES bound to: 32'sb00000000000000000000000000001010 
	Parameter RESET_DELAY_CYCLES bound to: 32'sb00000000000000000000000000001010 
	Parameter MAX_WRITE_CYCLES bound to: 32'sb00000000000000000000000011001000 
	Parameter CMD_NOP bound to: 2'b00 
	Parameter CMD_READ bound to: 2'b01 
	Parameter CMD_WRITE bound to: 2'b10 
INFO: [Synth 8-6157] synthesizing module 'reram_cell_simple' [c:/Users/hrish/Downloads/ReRAM_Thesis/Project Folder/ReRam_Redefined/ReRam_Redefined.srcs/sources_1/bd/ReRamSpm/ipshared/f2a6/src/reram_cell_simple.sv:21]
	Parameter READ_DELAY_CYCLES bound to: 32'sb00000000000000000000000000000011 
	Parameter SET_DELAY_CYCLES bound to: 32'sb00000000000000000000000000001010 
	Parameter RESET_DELAY_CYCLES bound to: 32'sb00000000000000000000000000001010 
	Parameter MAX_WRITE_CYCLES bound to: 32'sb00000000000000000000000011001000 
	Parameter CMD_NOP bound to: 2'b00 
	Parameter CMD_READ bound to: 2'b01 
	Parameter CMD_WRITE bound to: 2'b10 
	Parameter ERR_NONE bound to: 2'b00 
	Parameter ERR_BUSY bound to: 2'b01 
	Parameter ERR_WORN_OUT bound to: 2'b10 
INFO: [Synth 8-226] default block is never used [c:/Users/hrish/Downloads/ReRAM_Thesis/Project Folder/ReRam_Redefined/ReRam_Redefined.srcs/sources_1/bd/ReRamSpm/ipshared/f2a6/src/reram_cell_simple.sv:107]
INFO: [Synth 8-155] case statement is not full and has no default [c:/Users/hrish/Downloads/ReRAM_Thesis/Project Folder/ReRam_Redefined/ReRam_Redefined.srcs/sources_1/bd/ReRamSpm/ipshared/f2a6/src/reram_cell_simple.sv:141]
INFO: [Synth 8-155] case statement is not full and has no default [c:/Users/hrish/Downloads/ReRAM_Thesis/Project Folder/ReRam_Redefined/ReRam_Redefined.srcs/sources_1/bd/ReRamSpm/ipshared/f2a6/src/reram_cell_simple.sv:192]
INFO: [Synth 8-155] case statement is not full and has no default [c:/Users/hrish/Downloads/ReRAM_Thesis/Project Folder/ReRam_Redefined/ReRam_Redefined.srcs/sources_1/bd/ReRamSpm/ipshared/f2a6/src/reram_cell_simple.sv:224]
INFO: [Synth 8-6155] done synthesizing module 'reram_cell_simple' (25#1) [c:/Users/hrish/Downloads/ReRAM_Thesis/Project Folder/ReRam_Redefined/ReRam_Redefined.srcs/sources_1/bd/ReRamSpm/ipshared/f2a6/src/reram_cell_simple.sv:21]
INFO: [Synth 8-294] found qualifier unique on case statement: implementing as parallel_case [c:/Users/hrish/Downloads/ReRAM_Thesis/Project Folder/ReRam_Redefined/ReRam_Redefined.srcs/sources_1/bd/ReRamSpm/ipshared/f2a6/src/reram_word_array_simple.sv:193]
INFO: [Synth 8-6155] done synthesizing module 'reram_word_array_simple' (26#1) [c:/Users/hrish/Downloads/ReRAM_Thesis/Project Folder/ReRam_Redefined/ReRam_Redefined.srcs/sources_1/bd/ReRamSpm/ipshared/f2a6/src/reram_word_array_simple.sv:19]
INFO: [Synth 8-6155] done synthesizing module 'reram_memory_controller_blocking' (27#1) [c:/Users/hrish/Downloads/ReRAM_Thesis/Project Folder/ReRam_Redefined/ReRam_Redefined.srcs/sources_1/bd/ReRamSpm/ipshared/f2a6/src/reram_memory_controller_blocking.sv:35]
INFO: [Synth 8-294] found qualifier unique on case statement: implementing as parallel_case [c:/Users/hrish/Downloads/ReRAM_Thesis/Project Folder/ReRam_Redefined/ReRam_Redefined.srcs/sources_1/bd/ReRamSpm/ipshared/f2a6/src/reram_axilite_wrapper.sv:285]
INFO: [Synth 8-4471] merging register 'axi_wready_reg' into 'axi_awready_reg' [c:/Users/hrish/Downloads/ReRAM_Thesis/Project Folder/ReRam_Redefined/ReRam_Redefined.srcs/sources_1/bd/ReRamSpm/ipshared/f2a6/src/reram_axilite_wrapper.sv:168]
WARNING: [Synth 8-6014] Unused sequential element axi_wready_reg was removed.  [c:/Users/hrish/Downloads/ReRAM_Thesis/Project Folder/ReRam_Redefined/ReRam_Redefined.srcs/sources_1/bd/ReRamSpm/ipshared/f2a6/src/reram_axilite_wrapper.sv:168]
INFO: [Synth 8-6155] done synthesizing module 'reram_axilite_wrapper' (28#1) [c:/Users/hrish/Downloads/ReRAM_Thesis/Project Folder/ReRam_Redefined/ReRam_Redefined.srcs/sources_1/bd/ReRamSpm/ipshared/f2a6/src/reram_axilite_wrapper.sv:9]
INFO: [Synth 8-6155] done synthesizing module 'ReRamSpm_reram_axilite_wrapper_0_0' (29#1) [c:/Users/hrish/Downloads/ReRAM_Thesis/Project Folder/ReRam_Redefined/ReRam_Redefined.srcs/sources_1/bd/ReRamSpm/ip/ReRamSpm_reram_axilite_wrapper_0_0/synth/ReRamSpm_reram_axilite_wrapper_0_0.sv:57]
INFO: [Synth 8-638] synthesizing module 'ReRamSpm_rst_ps7_0_50M_0' [c:/Users/hrish/Downloads/ReRAM_Thesis/Project Folder/ReRam_Redefined/ReRam_Redefined.srcs/sources_1/bd/ReRamSpm/ip/ReRamSpm_rst_ps7_0_50M_0/synth/ReRamSpm_rst_ps7_0_50M_0.vhd:74]
	Parameter C_FAMILY bound to: zynq - type: string 
	Parameter C_EXT_RST_WIDTH bound to: 4 - type: integer 
	Parameter C_AUX_RST_WIDTH bound to: 4 - type: integer 
	Parameter C_EXT_RESET_HIGH bound to: 1'b0 
	Parameter C_AUX_RESET_HIGH bound to: 1'b0 
	Parameter C_NUM_BUS_RST bound to: 1 - type: integer 
	Parameter C_NUM_PERP_RST bound to: 1 - type: integer 
	Parameter C_NUM_INTERCONNECT_ARESETN bound to: 1 - type: integer 
	Parameter C_NUM_PERP_ARESETN bound to: 1 - type: integer 
INFO: [Synth 8-3491] module 'proc_sys_reset' declared at 'c:/Users/hrish/Downloads/ReRAM_Thesis/Project Folder/ReRam_Redefined/ReRam_Redefined.srcs/sources_1/bd/ReRamSpm/ipshared/f86a/hdl/proc_sys_reset_v5_0_vh_rfs.vhd:1264' bound to instance 'U0' of component 'proc_sys_reset' [c:/Users/hrish/Downloads/ReRAM_Thesis/Project Folder/ReRam_Redefined/ReRam_Redefined.srcs/sources_1/bd/ReRamSpm/ip/ReRamSpm_rst_ps7_0_50M_0/synth/ReRamSpm_rst_ps7_0_50M_0.vhd:129]
INFO: [Synth 8-638] synthesizing module 'proc_sys_reset' [c:/Users/hrish/Downloads/ReRAM_Thesis/Project Folder/ReRam_Redefined/ReRam_Redefined.srcs/sources_1/bd/ReRamSpm/ipshared/f86a/hdl/proc_sys_reset_v5_0_vh_rfs.vhd:1323]
	Parameter C_FAMILY bound to: zynq - type: string 
	Parameter C_EXT_RST_WIDTH bound to: 4 - type: integer 
	Parameter C_AUX_RST_WIDTH bound to: 4 - type: integer 
	Parameter C_EXT_RESET_HIGH bound to: 1'b0 
	Parameter C_AUX_RESET_HIGH bound to: 1'b0 
	Parameter C_NUM_BUS_RST bound to: 1 - type: integer 
	Parameter C_NUM_PERP_RST bound to: 1 - type: integer 
	Parameter C_NUM_INTERCONNECT_ARESETN bound to: 1 - type: integer 
	Parameter C_NUM_PERP_ARESETN bound to: 1 - type: integer 
	Parameter INIT bound to: 1'b1 
	Parameter IS_C_INVERTED bound to: 1'b0 
	Parameter IS_D_INVERTED bound to: 1'b0 
	Parameter IS_R_INVERTED bound to: 1'b0 
INFO: [Synth 8-113] binding component instance 'FDRE_inst' to cell 'FDRE' [c:/Users/hrish/Downloads/ReRAM_Thesis/Project Folder/ReRam_Redefined/ReRam_Redefined.srcs/sources_1/bd/ReRamSpm/ipshared/f86a/hdl/proc_sys_reset_v5_0_vh_rfs.vhd:1392]
	Parameter INIT bound to: 1'b1 
	Parameter IS_C_INVERTED bound to: 1'b0 
	Parameter IS_D_INVERTED bound to: 1'b0 
	Parameter IS_R_INVERTED bound to: 1'b0 
INFO: [Synth 8-113] binding component instance 'FDRE_BSR' to cell 'FDRE' [c:/Users/hrish/Downloads/ReRAM_Thesis/Project Folder/ReRam_Redefined/ReRam_Redefined.srcs/sources_1/bd/ReRamSpm/ipshared/f86a/hdl/proc_sys_reset_v5_0_vh_rfs.vhd:1408]
	Parameter INIT bound to: 1'b0 
	Parameter IS_C_INVERTED bound to: 1'b0 
	Parameter IS_D_INVERTED bound to: 1'b0 
	Parameter IS_R_INVERTED bound to: 1'b0 
INFO: [Synth 8-113] binding component instance 'FDRE_BSR_N' to cell 'FDRE' [c:/Users/hrish/Downloads/ReRAM_Thesis/Project Folder/ReRam_Redefined/ReRam_Redefined.srcs/sources_1/bd/ReRamSpm/ipshared/f86a/hdl/proc_sys_reset_v5_0_vh_rfs.vhd:1434]
	Parameter INIT bound to: 1'b1 
	Parameter IS_C_INVERTED bound to: 1'b0 
	Parameter IS_D_INVERTED bound to: 1'b0 
	Parameter IS_R_INVERTED bound to: 1'b0 
INFO: [Synth 8-113] binding component instance 'FDRE_PER' to cell 'FDRE' [c:/Users/hrish/Downloads/ReRAM_Thesis/Project Folder/ReRam_Redefined/ReRam_Redefined.srcs/sources_1/bd/ReRamSpm/ipshared/f86a/hdl/proc_sys_reset_v5_0_vh_rfs.vhd:1457]
	Parameter INIT bound to: 1'b0 
	Parameter IS_C_INVERTED bound to: 1'b0 
	Parameter IS_D_INVERTED bound to: 1'b0 
	Parameter IS_R_INVERTED bound to: 1'b0 
INFO: [Synth 8-113] binding component instance 'FDRE_PER_N' to cell 'FDRE' [c:/Users/hrish/Downloads/ReRAM_Thesis/Project Folder/ReRam_Redefined/ReRam_Redefined.srcs/sources_1/bd/ReRamSpm/ipshared/f86a/hdl/proc_sys_reset_v5_0_vh_rfs.vhd:1481]
INFO: [Synth 8-638] synthesizing module 'lpf' [c:/Users/hrish/Downloads/ReRAM_Thesis/Project Folder/ReRam_Redefined/ReRam_Redefined.srcs/sources_1/bd/ReRamSpm/ipshared/f86a/hdl/proc_sys_reset_v5_0_vh_rfs.vhd:816]
	Parameter C_EXT_RST_WIDTH bound to: 4 - type: integer 
	Parameter C_AUX_RST_WIDTH bound to: 4 - type: integer 
	Parameter C_EXT_RESET_HIGH bound to: 1'b0 
	Parameter C_AUX_RESET_HIGH bound to: 1'b0 
INFO: [Synth 8-3491] module 'SRL16' declared at 'C:/Xilinx/Vivado/2018.1/scripts/rt/data/unisim_comp.v:50693' bound to instance 'POR_SRL_I' of component 'SRL16' [c:/Users/hrish/Downloads/ReRAM_Thesis/Project Folder/ReRam_Redefined/ReRam_Redefined.srcs/sources_1/bd/ReRamSpm/ipshared/f86a/hdl/proc_sys_reset_v5_0_vh_rfs.vhd:868]
INFO: [Synth 8-6157] synthesizing module 'SRL16' [C:/Xilinx/Vivado/2018.1/scripts/rt/data/unisim_comp.v:50693]
	Parameter INIT bound to: 16'b0000000000000000 
INFO: [Synth 8-6155] done synthesizing module 'SRL16' (30#1) [C:/Xilinx/Vivado/2018.1/scripts/rt/data/unisim_comp.v:50693]
INFO: [Synth 8-638] synthesizing module 'cdc_sync' [c:/Users/hrish/Downloads/ReRAM_Thesis/Project Folder/ReRam_Redefined/ReRam_Redefined.srcs/sources_1/bd/ReRamSpm/ipshared/ef1e/hdl/lib_cdc_v1_0_rfs.vhd:106]
	Parameter C_CDC_TYPE bound to: 1 - type: integer 
	Parameter C_RESET_STATE bound to: 0 - type: integer 
	Parameter C_SINGLE_BIT bound to: 1 - type: integer 
	Parameter C_FLOP_INPUT bound to: 0 - type: integer 
	Parameter C_VECTOR_WIDTH bound to: 2 - type: integer 
	Parameter C_MTBF_STAGES bound to: 4 - type: integer 
	Parameter INIT bound to: 1'b0 
INFO: [Synth 8-113] binding component instance 'CROSS_PLEVEL_IN2SCNDRY_IN_cdc_to' to cell 'FDR' [c:/Users/hrish/Downloads/ReRAM_Thesis/Project Folder/ReRam_Redefined/ReRam_Redefined.srcs/sources_1/bd/ReRamSpm/ipshared/ef1e/hdl/lib_cdc_v1_0_rfs.vhd:514]
	Parameter INIT bound to: 1'b0 
INFO: [Synth 8-113] binding component instance 'CROSS_PLEVEL_IN2SCNDRY_s_level_out_d2' to cell 'FDR' [c:/Users/hrish/Downloads/ReRAM_Thesis/Project Folder/ReRam_Redefined/ReRam_Redefined.srcs/sources_1/bd/ReRamSpm/ipshared/ef1e/hdl/lib_cdc_v1_0_rfs.vhd:545]
	Parameter INIT bound to: 1'b0 
INFO: [Synth 8-113] binding component instance 'CROSS_PLEVEL_IN2SCNDRY_s_level_out_d3' to cell 'FDR' [c:/Users/hrish/Downloads/ReRAM_Thesis/Project Folder/ReRam_Redefined/ReRam_Redefined.srcs/sources_1/bd/ReRamSpm/ipshared/ef1e/hdl/lib_cdc_v1_0_rfs.vhd:554]
	Parameter INIT bound to: 1'b0 
INFO: [Synth 8-113] binding component instance 'CROSS_PLEVEL_IN2SCNDRY_s_level_out_d4' to cell 'FDR' [c:/Users/hrish/Downloads/ReRAM_Thesis/Project Folder/ReRam_Redefined/ReRam_Redefined.srcs/sources_1/bd/ReRamSpm/ipshared/ef1e/hdl/lib_cdc_v1_0_rfs.vhd:564]
	Parameter INIT bound to: 1'b0 
INFO: [Synth 8-113] binding component instance 'CROSS_PLEVEL_IN2SCNDRY_s_level_out_d5' to cell 'FDR' [c:/Users/hrish/Downloads/ReRAM_Thesis/Project Folder/ReRam_Redefined/ReRam_Redefined.srcs/sources_1/bd/ReRamSpm/ipshared/ef1e/hdl/lib_cdc_v1_0_rfs.vhd:574]
	Parameter INIT bound to: 1'b0 
INFO: [Synth 8-113] binding component instance 'CROSS_PLEVEL_IN2SCNDRY_s_level_out_d6' to cell 'FDR' [c:/Users/hrish/Downloads/ReRAM_Thesis/Project Folder/ReRam_Redefined/ReRam_Redefined.srcs/sources_1/bd/ReRamSpm/ipshared/ef1e/hdl/lib_cdc_v1_0_rfs.vhd:584]
INFO: [Synth 8-256] done synthesizing module 'cdc_sync' (31#1) [c:/Users/hrish/Downloads/ReRAM_Thesis/Project Folder/ReRam_Redefined/ReRam_Redefined.srcs/sources_1/bd/ReRamSpm/ipshared/ef1e/hdl/lib_cdc_v1_0_rfs.vhd:106]
WARNING: [Synth 8-6426] Mix of Sync and Async assignments to register 'EXT_LPF[1].exr_lpf_reg' in module 'lpf' in the same process may cause logic issues. 
 Please split the sync and async parts into different processes [c:/Users/hrish/Downloads/ReRAM_Thesis/Project Folder/ReRam_Redefined/ReRam_Redefined.srcs/sources_1/bd/ReRamSpm/ipshared/f86a/hdl/proc_sys_reset_v5_0_vh_rfs.vhd:984]
WARNING: [Synth 8-6426] Mix of Sync and Async assignments to register 'EXT_LPF[2].exr_lpf_reg' in module 'lpf' in the same process may cause logic issues. 
 Please split the sync and async parts into different processes [c:/Users/hrish/Downloads/ReRAM_Thesis/Project Folder/ReRam_Redefined/ReRam_Redefined.srcs/sources_1/bd/ReRamSpm/ipshared/f86a/hdl/proc_sys_reset_v5_0_vh_rfs.vhd:1063]
WARNING: [Synth 8-6426] Mix of Sync and Async assignments to register 'EXT_LPF[3].exr_lpf_reg' in module 'lpf' in the same process may cause logic issues. 
 Please split the sync and async parts into different processes [c:/Users/hrish/Downloads/ReRAM_Thesis/Project Folder/ReRam_Redefined/ReRam_Redefined.srcs/sources_1/bd/ReRamSpm/ipshared/f86a/hdl/proc_sys_reset_v5_0_vh_rfs.vhd:1063]
WARNING: [Synth 8-6426] Mix of Sync and Async assignments to register 'AUX_LPF[1].asr_lpf_reg' in module 'lpf' in the same process may cause logic issues. 
 Please split the sync and async parts into different processes [c:/Users/hrish/Downloads/ReRAM_Thesis/Project Folder/ReRam_Redefined/ReRam_Redefined.srcs/sources_1/bd/ReRamSpm/ipshared/f86a/hdl/proc_sys_reset_v5_0_vh_rfs.vhd:1045]
WARNING: [Synth 8-6426] Mix of Sync and Async assignments to register 'AUX_LPF[2].asr_lpf_reg' in module 'lpf' in the same process may cause logic issues. 
 Please split the sync and async parts into different processes [c:/Users/hrish/Downloads/ReRAM_Thesis/Project Folder/ReRam_Redefined/ReRam_Redefined.srcs/sources_1/bd/ReRamSpm/ipshared/f86a/hdl/proc_sys_reset_v5_0_vh_rfs.vhd:1096]
WARNING: [Synth 8-6426] Mix of Sync and Async assignments to register 'AUX_LPF[3].asr_lpf_reg' in module 'lpf' in the same process may cause logic issues. 
 Please split the sync and async parts into different processes [c:/Users/hrish/Downloads/ReRAM_Thesis/Project Folder/ReRam_Redefined/ReRam_Redefined.srcs/sources_1/bd/ReRamSpm/ipshared/f86a/hdl/proc_sys_reset_v5_0_vh_rfs.vhd:1096]
INFO: [Synth 8-256] done synthesizing module 'lpf' (32#1) [c:/Users/hrish/Downloads/ReRAM_Thesis/Project Folder/ReRam_Redefined/ReRam_Redefined.srcs/sources_1/bd/ReRamSpm/ipshared/f86a/hdl/proc_sys_reset_v5_0_vh_rfs.vhd:816]
INFO: [Synth 8-638] synthesizing module 'sequence_psr' [c:/Users/hrish/Downloads/ReRAM_Thesis/Project Folder/ReRam_Redefined/ReRam_Redefined.srcs/sources_1/bd/ReRamSpm/ipshared/f86a/hdl/proc_sys_reset_v5_0_vh_rfs.vhd:301]
INFO: [Synth 8-638] synthesizing module 'upcnt_n' [c:/Users/hrish/Downloads/ReRAM_Thesis/Project Folder/ReRam_Redefined/ReRam_Redefined.srcs/sources_1/bd/ReRamSpm/ipshared/f86a/hdl/proc_sys_reset_v5_0_vh_rfs.vhd:125]
	Parameter C_SIZE bound to: 6 - type: integer 
INFO: [Synth 8-256] done synthesizing module 'upcnt_n' (33#1) [c:/Users/hrish/Downloads/ReRAM_Thesis/Project Folder/ReRam_Redefined/ReRam_Redefined.srcs/sources_1/bd/ReRamSpm/ipshared/f86a/hdl/proc_sys_reset_v5_0_vh_rfs.vhd:125]
INFO: [Synth 8-256] done synthesizing module 'sequence_psr' (34#1) [c:/Users/hrish/Downloads/ReRAM_Thesis/Project Folder/ReRam_Redefined/ReRam_Redefined.srcs/sources_1/bd/ReRamSpm/ipshared/f86a/hdl/proc_sys_reset_v5_0_vh_rfs.vhd:301]
INFO: [Synth 8-256] done synthesizing module 'proc_sys_reset' (35#1) [c:/Users/hrish/Downloads/ReRAM_Thesis/Project Folder/ReRam_Redefined/ReRam_Redefined.srcs/sources_1/bd/ReRamSpm/ipshared/f86a/hdl/proc_sys_reset_v5_0_vh_rfs.vhd:1323]
INFO: [Synth 8-256] done synthesizing module 'ReRamSpm_rst_ps7_0_50M_0' (36#1) [c:/Users/hrish/Downloads/ReRAM_Thesis/Project Folder/ReRam_Redefined/ReRam_Redefined.srcs/sources_1/bd/ReRamSpm/ip/ReRamSpm_rst_ps7_0_50M_0/synth/ReRamSpm_rst_ps7_0_50M_0.vhd:74]
WARNING: [Synth 8-350] instance 'rst_ps7_0_50M' of module 'ReRamSpm_rst_ps7_0_50M_0' requires 10 connections, but only 7 given [C:/Users/hrish/Downloads/ReRAM_Thesis/Project Folder/ReRam_Redefined/ReRam_Redefined.srcs/sources_1/bd/ReRamSpm/synth/ReRamSpm.v:290]
INFO: [Synth 8-6155] done synthesizing module 'ReRamSpm' (37#1) [C:/Users/hrish/Downloads/ReRAM_Thesis/Project Folder/ReRam_Redefined/ReRam_Redefined.srcs/sources_1/bd/ReRamSpm/synth/ReRamSpm.v:13]
INFO: [Synth 8-6155] done synthesizing module 'ReRamSpm_wrapper' (38#1) [C:/Users/hrish/Downloads/ReRAM_Thesis/Project Folder/ReRam_Redefined/ReRam_Redefined.srcs/sources_1/bd/ReRamSpm/hdl/ReRamSpm_wrapper.v:12]
WARNING: [Synth 8-3331] design cdc_sync has unconnected port prmry_aclk
WARNING: [Synth 8-3331] design cdc_sync has unconnected port prmry_resetn
WARNING: [Synth 8-3331] design cdc_sync has unconnected port prmry_vect_in[1]
WARNING: [Synth 8-3331] design cdc_sync has unconnected port prmry_vect_in[0]
WARNING: [Synth 8-3331] design cdc_sync has unconnected port scndry_resetn
WARNING: [Synth 8-3331] design reram_axilite_wrapper has unconnected port S_AXI_AWPROT[2]
WARNING: [Synth 8-3331] design reram_axilite_wrapper has unconnected port S_AXI_AWPROT[1]
WARNING: [Synth 8-3331] design reram_axilite_wrapper has unconnected port S_AXI_AWPROT[0]
WARNING: [Synth 8-3331] design reram_axilite_wrapper has unconnected port S_AXI_WSTRB[3]
WARNING: [Synth 8-3331] design reram_axilite_wrapper has unconnected port S_AXI_WSTRB[2]
WARNING: [Synth 8-3331] design reram_axilite_wrapper has unconnected port S_AXI_WSTRB[1]
WARNING: [Synth 8-3331] design reram_axilite_wrapper has unconnected port S_AXI_WSTRB[0]
WARNING: [Synth 8-3331] design reram_axilite_wrapper has unconnected port S_AXI_ARPROT[2]
WARNING: [Synth 8-3331] design reram_axilite_wrapper has unconnected port S_AXI_ARPROT[1]
WARNING: [Synth 8-3331] design reram_axilite_wrapper has unconnected port S_AXI_ARPROT[0]
WARNING: [Synth 8-3331] design axi_infrastructure_v1_1_0_vector2axi__parameterized0 has unconnected port m_axi_bid[0]
WARNING: [Synth 8-3331] design axi_infrastructure_v1_1_0_vector2axi__parameterized0 has unconnected port m_axi_buser[0]
WARNING: [Synth 8-3331] design axi_infrastructure_v1_1_0_vector2axi__parameterized0 has unconnected port m_axi_rid[0]
WARNING: [Synth 8-3331] design axi_infrastructure_v1_1_0_vector2axi__parameterized0 has unconnected port m_axi_rlast
WARNING: [Synth 8-3331] design axi_infrastructure_v1_1_0_vector2axi__parameterized0 has unconnected port m_axi_ruser[0]
WARNING: [Synth 8-3331] design axi_infrastructure_v1_1_0_axi2vector__parameterized0 has unconnected port s_axi_awid[0]
WARNING: [Synth 8-3331] design axi_infrastructure_v1_1_0_axi2vector__parameterized0 has unconnected port s_axi_awlen[7]
WARNING: [Synth 8-3331] design axi_infrastructure_v1_1_0_axi2vector__parameterized0 has unconnected port s_axi_awlen[6]
WARNING: [Synth 8-3331] design axi_infrastructure_v1_1_0_axi2vector__parameterized0 has unconnected port s_axi_awlen[5]
WARNING: [Synth 8-3331] design axi_infrastructure_v1_1_0_axi2vector__parameterized0 has unconnected port s_axi_awlen[4]
WARNING: [Synth 8-3331] design axi_infrastructure_v1_1_0_axi2vector__parameterized0 has unconnected port s_axi_awlen[3]
WARNING: [Synth 8-3331] design axi_infrastructure_v1_1_0_axi2vector__parameterized0 has unconnected port s_axi_awlen[2]
WARNING: [Synth 8-3331] design axi_infrastructure_v1_1_0_axi2vector__parameterized0 has unconnected port s_axi_awlen[1]
WARNING: [Synth 8-3331] design axi_infrastructure_v1_1_0_axi2vector__parameterized0 has unconnected port s_axi_awlen[0]
WARNING: [Synth 8-3331] design axi_infrastructure_v1_1_0_axi2vector__parameterized0 has unconnected port s_axi_awsize[2]
WARNING: [Synth 8-3331] design axi_infrastructure_v1_1_0_axi2vector__parameterized0 has unconnected port s_axi_awsize[1]
WARNING: [Synth 8-3331] design axi_infrastructure_v1_1_0_axi2vector__parameterized0 has unconnected port s_axi_awsize[0]
WARNING: [Synth 8-3331] design axi_infrastructure_v1_1_0_axi2vector__parameterized0 has unconnected port s_axi_awburst[1]
WARNING: [Synth 8-3331] design axi_infrastructure_v1_1_0_axi2vector__parameterized0 has unconnected port s_axi_awburst[0]
WARNING: [Synth 8-3331] design axi_infrastructure_v1_1_0_axi2vector__parameterized0 has unconnected port s_axi_awlock[0]
WARNING: [Synth 8-3331] design axi_infrastructure_v1_1_0_axi2vector__parameterized0 has unconnected port s_axi_awcache[3]
WARNING: [Synth 8-3331] design axi_infrastructure_v1_1_0_axi2vector__parameterized0 has unconnected port s_axi_awcache[2]
WARNING: [Synth 8-3331] design axi_infrastructure_v1_1_0_axi2vector__parameterized0 has unconnected port s_axi_awcache[1]
WARNING: [Synth 8-3331] design axi_infrastructure_v1_1_0_axi2vector__parameterized0 has unconnected port s_axi_awcache[0]
WARNING: [Synth 8-3331] design axi_infrastructure_v1_1_0_axi2vector__parameterized0 has unconnected port s_axi_awregion[3]
WARNING: [Synth 8-3331] design axi_infrastructure_v1_1_0_axi2vector__parameterized0 has unconnected port s_axi_awregion[2]
WARNING: [Synth 8-3331] design axi_infrastructure_v1_1_0_axi2vector__parameterized0 has unconnected port s_axi_awregion[1]
WARNING: [Synth 8-3331] design axi_infrastructure_v1_1_0_axi2vector__parameterized0 has unconnected port s_axi_awregion[0]
WARNING: [Synth 8-3331] design axi_infrastructure_v1_1_0_axi2vector__parameterized0 has unconnected port s_axi_awqos[3]
WARNING: [Synth 8-3331] design axi_infrastructure_v1_1_0_axi2vector__parameterized0 has unconnected port s_axi_awqos[2]
WARNING: [Synth 8-3331] design axi_infrastructure_v1_1_0_axi2vector__parameterized0 has unconnected port s_axi_awqos[1]
WARNING: [Synth 8-3331] design axi_infrastructure_v1_1_0_axi2vector__parameterized0 has unconnected port s_axi_awqos[0]
WARNING: [Synth 8-3331] design axi_infrastructure_v1_1_0_axi2vector__parameterized0 has unconnected port s_axi_awuser[0]
WARNING: [Synth 8-3331] design axi_infrastructure_v1_1_0_axi2vector__parameterized0 has unconnected port s_axi_wid[0]
WARNING: [Synth 8-3331] design axi_infrastructure_v1_1_0_axi2vector__parameterized0 has unconnected port s_axi_wlast
WARNING: [Synth 8-3331] design axi_infrastructure_v1_1_0_axi2vector__parameterized0 has unconnected port s_axi_wuser[0]
WARNING: [Synth 8-3331] design axi_infrastructure_v1_1_0_axi2vector__parameterized0 has unconnected port s_axi_arid[0]
WARNING: [Synth 8-3331] design axi_infrastructure_v1_1_0_axi2vector__parameterized0 has unconnected port s_axi_arlen[7]
WARNING: [Synth 8-3331] design axi_infrastructure_v1_1_0_axi2vector__parameterized0 has unconnected port s_axi_arlen[6]
WARNING: [Synth 8-3331] design axi_infrastructure_v1_1_0_axi2vector__parameterized0 has unconnected port s_axi_arlen[5]
WARNING: [Synth 8-3331] design axi_infrastructure_v1_1_0_axi2vector__parameterized0 has unconnected port s_axi_arlen[4]
WARNING: [Synth 8-3331] design axi_infrastructure_v1_1_0_axi2vector__parameterized0 has unconnected port s_axi_arlen[3]
WARNING: [Synth 8-3331] design axi_infrastructure_v1_1_0_axi2vector__parameterized0 has unconnected port s_axi_arlen[2]
WARNING: [Synth 8-3331] design axi_infrastructure_v1_1_0_axi2vector__parameterized0 has unconnected port s_axi_arlen[1]
WARNING: [Synth 8-3331] design axi_infrastructure_v1_1_0_axi2vector__parameterized0 has unconnected port s_axi_arlen[0]
WARNING: [Synth 8-3331] design axi_infrastructure_v1_1_0_axi2vector__parameterized0 has unconnected port s_axi_arsize[2]
WARNING: [Synth 8-3331] design axi_infrastructure_v1_1_0_axi2vector__parameterized0 has unconnected port s_axi_arsize[1]
WARNING: [Synth 8-3331] design axi_infrastructure_v1_1_0_axi2vector__parameterized0 has unconnected port s_axi_arsize[0]
WARNING: [Synth 8-3331] design axi_infrastructure_v1_1_0_axi2vector__parameterized0 has unconnected port s_axi_arburst[1]
WARNING: [Synth 8-3331] design axi_infrastructure_v1_1_0_axi2vector__parameterized0 has unconnected port s_axi_arburst[0]
WARNING: [Synth 8-3331] design axi_infrastructure_v1_1_0_axi2vector__parameterized0 has unconnected port s_axi_arlock[0]
WARNING: [Synth 8-3331] design axi_infrastructure_v1_1_0_axi2vector__parameterized0 has unconnected port s_axi_arcache[3]
WARNING: [Synth 8-3331] design axi_infrastructure_v1_1_0_axi2vector__parameterized0 has unconnected port s_axi_arcache[2]
WARNING: [Synth 8-3331] design axi_infrastructure_v1_1_0_axi2vector__parameterized0 has unconnected port s_axi_arcache[1]
WARNING: [Synth 8-3331] design axi_infrastructure_v1_1_0_axi2vector__parameterized0 has unconnected port s_axi_arcache[0]
WARNING: [Synth 8-3331] design axi_infrastructure_v1_1_0_axi2vector__parameterized0 has unconnected port s_axi_arregion[3]
WARNING: [Synth 8-3331] design axi_infrastructure_v1_1_0_axi2vector__parameterized0 has unconnected port s_axi_arregion[2]
WARNING: [Synth 8-3331] design axi_infrastructure_v1_1_0_axi2vector__parameterized0 has unconnected port s_axi_arregion[1]
WARNING: [Synth 8-3331] design axi_infrastructure_v1_1_0_axi2vector__parameterized0 has unconnected port s_axi_arregion[0]
WARNING: [Synth 8-3331] design axi_infrastructure_v1_1_0_axi2vector__parameterized0 has unconnected port s_axi_arqos[3]
WARNING: [Synth 8-3331] design axi_infrastructure_v1_1_0_axi2vector__parameterized0 has unconnected port s_axi_arqos[2]
WARNING: [Synth 8-3331] design axi_infrastructure_v1_1_0_axi2vector__parameterized0 has unconnected port s_axi_arqos[1]
WARNING: [Synth 8-3331] design axi_infrastructure_v1_1_0_axi2vector__parameterized0 has unconnected port s_axi_arqos[0]
WARNING: [Synth 8-3331] design axi_infrastructure_v1_1_0_axi2vector__parameterized0 has unconnected port s_axi_aruser[0]
WARNING: [Synth 8-3331] design axi_register_slice_v2_1_16_axic_register_slice__parameterized6 has unconnected port ACLK
WARNING: [Synth 8-3331] design axi_register_slice_v2_1_16_axic_register_slice__parameterized6 has unconnected port ARESET
WARNING: [Synth 8-3331] design axi_register_slice_v2_1_16_axic_register_slice__parameterized3 has unconnected port ACLK
WARNING: [Synth 8-3331] design axi_register_slice_v2_1_16_axic_register_slice__parameterized3 has unconnected port ARESET
WARNING: [Synth 8-3331] design axi_register_slice_v2_1_16_axic_register_slice__parameterized5 has unconnected port ACLK
WARNING: [Synth 8-3331] design axi_register_slice_v2_1_16_axic_register_slice__parameterized5 has unconnected port ARESET
WARNING: [Synth 8-3331] design axi_register_slice_v2_1_16_axic_register_slice__parameterized4 has unconnected port ACLK
WARNING: [Synth 8-3331] design axi_register_slice_v2_1_16_axic_register_slice__parameterized4 has unconnected port ARESET
WARNING: [Synth 8-3331] design axi_register_slice_v2_1_16_axi_register_slice__parameterized0 has unconnected port aclk2x
WARNING: [Synth 8-3331] design axi_infrastructure_v1_1_0_vector2axi has unconnected port m_axi_buser[0]
WARNING: [Synth 8-3331] design axi_infrastructure_v1_1_0_vector2axi has unconnected port m_axi_ruser[0]
WARNING: [Synth 8-3331] design axi_infrastructure_v1_1_0_axi2vector has unconnected port s_axi_awregion[3]
WARNING: [Synth 8-3331] design axi_infrastructure_v1_1_0_axi2vector has unconnected port s_axi_awregion[2]
WARNING: [Synth 8-3331] design axi_infrastructure_v1_1_0_axi2vector has unconnected port s_axi_awregion[1]
WARNING: [Synth 8-3331] design axi_infrastructure_v1_1_0_axi2vector has unconnected port s_axi_awregion[0]
WARNING: [Synth 8-3331] design axi_infrastructure_v1_1_0_axi2vector has unconnected port s_axi_awuser[0]
WARNING: [Synth 8-3331] design axi_infrastructure_v1_1_0_axi2vector has unconnected port s_axi_wuser[0]
WARNING: [Synth 8-3331] design axi_infrastructure_v1_1_0_axi2vector has unconnected port s_axi_arregion[3]
WARNING: [Synth 8-3331] design axi_infrastructure_v1_1_0_axi2vector has unconnected port s_axi_arregion[2]
WARNING: [Synth 8-3331] design axi_infrastructure_v1_1_0_axi2vector has unconnected port s_axi_arregion[1]
WARNING: [Synth 8-3331] design axi_infrastructure_v1_1_0_axi2vector has unconnected port s_axi_arregion[0]
INFO: [Common 17-14] Message 'Synth 8-3331' appears 100 times and further instances of the messages will be disabled. Use the Tcl command set_msg_config to change the current settings.
---------------------------------------------------------------------------------
Finished RTL Elaboration : Time (s): cpu = 00:01:10 ; elapsed = 00:01:18 . Memory (MB): peak = 577.492 ; gain = 276.762
---------------------------------------------------------------------------------

Report Check Netlist: 
+------+------------------+-------+---------+-------+------------------+
|      |Item              |Errors |Warnings |Status |Description       |
+------+------------------+-------+---------+-------+------------------+
|1     |multi_driven_nets |      0|        0|Passed |Multi driven nets |
+------+------------------+-------+---------+-------+------------------+
---------------------------------------------------------------------------------
Start Handling Custom Attributes
---------------------------------------------------------------------------------
---------------------------------------------------------------------------------
Finished Handling Custom Attributes : Time (s): cpu = 00:01:11 ; elapsed = 00:01:19 . Memory (MB): peak = 577.492 ; gain = 276.762
---------------------------------------------------------------------------------
---------------------------------------------------------------------------------
Finished RTL Optimization Phase 1 : Time (s): cpu = 00:01:11 ; elapsed = 00:01:19 . Memory (MB): peak = 577.492 ; gain = 276.762
---------------------------------------------------------------------------------
INFO: [Netlist 29-17] Analyzing 13 Unisim elements for replacement
INFO: [Netlist 29-28] Unisim Transformation completed in 0 CPU seconds
INFO: [Device 21-403] Loading part xc7z020clg400-1
INFO: [Project 1-570] Preparing netlist for logic optimization

Processing XDC Constraints
Initializing timing engine
Parsing XDC File [c:/Users/hrish/Downloads/ReRAM_Thesis/Project Folder/ReRam_Redefined/ReRam_Redefined.srcs/sources_1/bd/ReRamSpm/ip/ReRamSpm_processing_system7_0_0/ReRamSpm_processing_system7_0_0.xdc] for cell 'ReRamSpm_i/processing_system7_0/inst'
Finished Parsing XDC File [c:/Users/hrish/Downloads/ReRAM_Thesis/Project Folder/ReRam_Redefined/ReRam_Redefined.srcs/sources_1/bd/ReRamSpm/ip/ReRamSpm_processing_system7_0_0/ReRamSpm_processing_system7_0_0.xdc] for cell 'ReRamSpm_i/processing_system7_0/inst'
INFO: [Project 1-236] Implementation specific constraints were found while reading constraint file [c:/Users/hrish/Downloads/ReRAM_Thesis/Project Folder/ReRam_Redefined/ReRam_Redefined.srcs/sources_1/bd/ReRamSpm/ip/ReRamSpm_processing_system7_0_0/ReRamSpm_processing_system7_0_0.xdc]. These constraints will be ignored for synthesis but will be used in implementation. Impacted constraints are listed in the file [.Xil/ReRamSpm_wrapper_propImpl.xdc].
Resolution: To avoid this warning, move constraints listed in [.Xil/ReRamSpm_wrapper_propImpl.xdc] to another XDC file and exclude this new file from synthesis with the used_in_synthesis property (File Properties dialog in GUI) and re-run elaboration/synthesis.
Parsing XDC File [c:/Users/hrish/Downloads/ReRAM_Thesis/Project Folder/ReRam_Redefined/ReRam_Redefined.srcs/sources_1/bd/ReRamSpm/ip/ReRamSpm_rst_ps7_0_50M_0/ReRamSpm_rst_ps7_0_50M_0_board.xdc] for cell 'ReRamSpm_i/rst_ps7_0_50M/U0'
Finished Parsing XDC File [c:/Users/hrish/Downloads/ReRAM_Thesis/Project Folder/ReRam_Redefined/ReRam_Redefined.srcs/sources_1/bd/ReRamSpm/ip/ReRamSpm_rst_ps7_0_50M_0/ReRamSpm_rst_ps7_0_50M_0_board.xdc] for cell 'ReRamSpm_i/rst_ps7_0_50M/U0'
Parsing XDC File [c:/Users/hrish/Downloads/ReRAM_Thesis/Project Folder/ReRam_Redefined/ReRam_Redefined.srcs/sources_1/bd/ReRamSpm/ip/ReRamSpm_rst_ps7_0_50M_0/ReRamSpm_rst_ps7_0_50M_0.xdc] for cell 'ReRamSpm_i/rst_ps7_0_50M/U0'
Finished Parsing XDC File [c:/Users/hrish/Downloads/ReRAM_Thesis/Project Folder/ReRam_Redefined/ReRam_Redefined.srcs/sources_1/bd/ReRamSpm/ip/ReRamSpm_rst_ps7_0_50M_0/ReRamSpm_rst_ps7_0_50M_0.xdc] for cell 'ReRamSpm_i/rst_ps7_0_50M/U0'
Parsing XDC File [C:/Users/hrish/Downloads/ReRAM_Thesis/Project Folder/ReRam_Redefined/ReRam_Redefined.runs/synth_1/dont_touch.xdc]
Finished Parsing XDC File [C:/Users/hrish/Downloads/ReRAM_Thesis/Project Folder/ReRam_Redefined/ReRam_Redefined.runs/synth_1/dont_touch.xdc]
INFO: [Project 1-236] Implementation specific constraints were found while reading constraint file [C:/Users/hrish/Downloads/ReRAM_Thesis/Project Folder/ReRam_Redefined/ReRam_Redefined.runs/synth_1/dont_touch.xdc]. These constraints will be ignored for synthesis but will be used in implementation. Impacted constraints are listed in the file [.Xil/ReRamSpm_wrapper_propImpl.xdc].
Resolution: To avoid this warning, move constraints listed in [.Xil/ReRamSpm_wrapper_propImpl.xdc] to another XDC file and exclude this new file from synthesis with the used_in_synthesis property (File Properties dialog in GUI) and re-run elaboration/synthesis.
Completed Processing XDC Constraints

INFO: [Project 1-111] Unisim Transformation Summary:
  A total of 13 instances were transformed.
  FDR => FDRE: 12 instances
  SRL16 => SRL16E: 1 instances

Constraint Validation Runtime : Time (s): cpu = 00:00:00 ; elapsed = 00:00:00.108 . Memory (MB): peak = 1017.160 ; gain = 0.000
---------------------------------------------------------------------------------
Finished Constraint Validation : Time (s): cpu = 00:01:58 ; elapsed = 00:02:10 . Memory (MB): peak = 1017.160 ; gain = 716.430
---------------------------------------------------------------------------------
---------------------------------------------------------------------------------
Start Loading Part and Timing Information
---------------------------------------------------------------------------------
Loading part: xc7z020clg400-1
---------------------------------------------------------------------------------
Finished Loading Part and Timing Information : Time (s): cpu = 00:01:58 ; elapsed = 00:02:10 . Memory (MB): peak = 1017.160 ; gain = 716.430
---------------------------------------------------------------------------------
---------------------------------------------------------------------------------
Start Applying 'set_property' XDC Constraints
---------------------------------------------------------------------------------
Applied set_property DONT_TOUCH = true for ReRamSpm_i. (constraint file  auto generated constraint, line ).
Applied set_property DONT_TOUCH = true for ReRamSpm_i/processing_system7_0. (constraint file  auto generated constraint, line ).
Applied set_property DONT_TOUCH = true for ReRamSpm_i/reram_axilite_wrapper_0. (constraint file  auto generated constraint, line ).
Applied set_property DONT_TOUCH = true for ReRamSpm_i/ps7_0_axi_periph. (constraint file  auto generated constraint, line ).
Applied set_property DONT_TOUCH = true for ReRamSpm_i/rst_ps7_0_50M. (constraint file  auto generated constraint, line ).
Applied set_property DONT_TOUCH = true for ReRamSpm_i/ps7_0_axi_periph/s00_couplers/auto_pc. (constraint file  auto generated constraint, line ).
Applied set_property DONT_TOUCH = true for ReRamSpm_i/processing_system7_0/inst. (constraint file  {C:/Users/hrish/Downloads/ReRAM_Thesis/Project Folder/ReRam_Redefined/ReRam_Redefined.runs/synth_1/dont_touch.xdc}, line 23).
Applied set_property DONT_TOUCH = true for ReRamSpm_i/rst_ps7_0_50M/U0. (constraint file  {C:/Users/hrish/Downloads/ReRAM_Thesis/Project Folder/ReRam_Redefined/ReRam_Redefined.runs/synth_1/dont_touch.xdc}, line 26).
---------------------------------------------------------------------------------
Finished applying 'set_property' XDC Constraints : Time (s): cpu = 00:01:58 ; elapsed = 00:02:11 . Memory (MB): peak = 1017.160 ; gain = 716.430
---------------------------------------------------------------------------------
WARNING: [Synth 8-6014] Unused sequential element memory_reg[3] was removed.  [c:/Users/hrish/Downloads/ReRAM_Thesis/Project Folder/ReRam_Redefined/ReRam_Redefined.srcs/sources_1/bd/ReRamSpm/ipshared/1229/hdl/axi_protocol_converter_v2_1_vl_rfs.v:2857]
WARNING: [Synth 8-6014] Unused sequential element memory_reg[2] was removed.  [c:/Users/hrish/Downloads/ReRAM_Thesis/Project Folder/ReRam_Redefined/ReRam_Redefined.srcs/sources_1/bd/ReRamSpm/ipshared/1229/hdl/axi_protocol_converter_v2_1_vl_rfs.v:2857]
WARNING: [Synth 8-6014] Unused sequential element memory_reg[1] was removed.  [c:/Users/hrish/Downloads/ReRAM_Thesis/Project Folder/ReRam_Redefined/ReRam_Redefined.srcs/sources_1/bd/ReRamSpm/ipshared/1229/hdl/axi_protocol_converter_v2_1_vl_rfs.v:2857]
WARNING: [Synth 8-6014] Unused sequential element memory_reg[0] was removed.  [c:/Users/hrish/Downloads/ReRAM_Thesis/Project Folder/ReRam_Redefined/ReRam_Redefined.srcs/sources_1/bd/ReRamSpm/ipshared/1229/hdl/axi_protocol_converter_v2_1_vl_rfs.v:2857]
WARNING: [Synth 8-6014] Unused sequential element memory_reg[3] was removed.  [c:/Users/hrish/Downloads/ReRAM_Thesis/Project Folder/ReRam_Redefined/ReRam_Redefined.srcs/sources_1/bd/ReRamSpm/ipshared/1229/hdl/axi_protocol_converter_v2_1_vl_rfs.v:2857]
WARNING: [Synth 8-6014] Unused sequential element memory_reg[2] was removed.  [c:/Users/hrish/Downloads/ReRAM_Thesis/Project Folder/ReRam_Redefined/ReRam_Redefined.srcs/sources_1/bd/ReRamSpm/ipshared/1229/hdl/axi_protocol_converter_v2_1_vl_rfs.v:2857]
WARNING: [Synth 8-6014] Unused sequential element memory_reg[1] was removed.  [c:/Users/hrish/Downloads/ReRAM_Thesis/Project Folder/ReRam_Redefined/ReRam_Redefined.srcs/sources_1/bd/ReRamSpm/ipshared/1229/hdl/axi_protocol_converter_v2_1_vl_rfs.v:2857]
WARNING: [Synth 8-6014] Unused sequential element memory_reg[0] was removed.  [c:/Users/hrish/Downloads/ReRAM_Thesis/Project Folder/ReRam_Redefined/ReRam_Redefined.srcs/sources_1/bd/ReRamSpm/ipshared/1229/hdl/axi_protocol_converter_v2_1_vl_rfs.v:2857]
INFO: [Synth 8-802] inferred FSM for state register 'state_reg' in module 'axi_protocol_converter_v2_1_16_b2s_rd_cmd_fsm'
INFO: [Synth 8-5544] ROM "next_state" won't be mapped to Block RAM because address size (1) smaller than threshold (5)
INFO: [Synth 8-5544] ROM "next_state" won't be mapped to Block RAM because address size (1) smaller than threshold (5)
WARNING: [Synth 8-6014] Unused sequential element memory_reg[31] was removed.  [c:/Users/hrish/Downloads/ReRAM_Thesis/Project Folder/ReRam_Redefined/ReRam_Redefined.srcs/sources_1/bd/ReRamSpm/ipshared/1229/hdl/axi_protocol_converter_v2_1_vl_rfs.v:2857]
WARNING: [Synth 8-6014] Unused sequential element memory_reg[30] was removed.  [c:/Users/hrish/Downloads/ReRAM_Thesis/Project Folder/ReRam_Redefined/ReRam_Redefined.srcs/sources_1/bd/ReRamSpm/ipshared/1229/hdl/axi_protocol_converter_v2_1_vl_rfs.v:2857]
WARNING: [Synth 8-6014] Unused sequential element memory_reg[29] was removed.  [c:/Users/hrish/Downloads/ReRAM_Thesis/Project Folder/ReRam_Redefined/ReRam_Redefined.srcs/sources_1/bd/ReRamSpm/ipshared/1229/hdl/axi_protocol_converter_v2_1_vl_rfs.v:2857]
WARNING: [Synth 8-6014] Unused sequential element memory_reg[28] was removed.  [c:/Users/hrish/Downloads/ReRAM_Thesis/Project Folder/ReRam_Redefined/ReRam_Redefined.srcs/sources_1/bd/ReRamSpm/ipshared/1229/hdl/axi_protocol_converter_v2_1_vl_rfs.v:2857]
WARNING: [Synth 8-6014] Unused sequential element memory_reg[27] was removed.  [c:/Users/hrish/Downloads/ReRAM_Thesis/Project Folder/ReRam_Redefined/ReRam_Redefined.srcs/sources_1/bd/ReRamSpm/ipshared/1229/hdl/axi_protocol_converter_v2_1_vl_rfs.v:2857]
WARNING: [Synth 8-6014] Unused sequential element memory_reg[26] was removed.  [c:/Users/hrish/Downloads/ReRAM_Thesis/Project Folder/ReRam_Redefined/ReRam_Redefined.srcs/sources_1/bd/ReRamSpm/ipshared/1229/hdl/axi_protocol_converter_v2_1_vl_rfs.v:2857]
WARNING: [Synth 8-6014] Unused sequential element memory_reg[25] was removed.  [c:/Users/hrish/Downloads/ReRAM_Thesis/Project Folder/ReRam_Redefined/ReRam_Redefined.srcs/sources_1/bd/ReRamSpm/ipshared/1229/hdl/axi_protocol_converter_v2_1_vl_rfs.v:2857]
WARNING: [Synth 8-6014] Unused sequential element memory_reg[24] was removed.  [c:/Users/hrish/Downloads/ReRAM_Thesis/Project Folder/ReRam_Redefined/ReRam_Redefined.srcs/sources_1/bd/ReRamSpm/ipshared/1229/hdl/axi_protocol_converter_v2_1_vl_rfs.v:2857]
WARNING: [Synth 8-6014] Unused sequential element memory_reg[23] was removed.  [c:/Users/hrish/Downloads/ReRAM_Thesis/Project Folder/ReRam_Redefined/ReRam_Redefined.srcs/sources_1/bd/ReRamSpm/ipshared/1229/hdl/axi_protocol_converter_v2_1_vl_rfs.v:2857]
WARNING: [Synth 8-6014] Unused sequential element memory_reg[22] was removed.  [c:/Users/hrish/Downloads/ReRAM_Thesis/Project Folder/ReRam_Redefined/ReRam_Redefined.srcs/sources_1/bd/ReRamSpm/ipshared/1229/hdl/axi_protocol_converter_v2_1_vl_rfs.v:2857]
WARNING: [Synth 8-6014] Unused sequential element memory_reg[21] was removed.  [c:/Users/hrish/Downloads/ReRAM_Thesis/Project Folder/ReRam_Redefined/ReRam_Redefined.srcs/sources_1/bd/ReRamSpm/ipshared/1229/hdl/axi_protocol_converter_v2_1_vl_rfs.v:2857]
WARNING: [Synth 8-6014] Unused sequential element memory_reg[20] was removed.  [c:/Users/hrish/Downloads/ReRAM_Thesis/Project Folder/ReRam_Redefined/ReRam_Redefined.srcs/sources_1/bd/ReRamSpm/ipshared/1229/hdl/axi_protocol_converter_v2_1_vl_rfs.v:2857]
WARNING: [Synth 8-6014] Unused sequential element memory_reg[19] was removed.  [c:/Users/hrish/Downloads/ReRAM_Thesis/Project Folder/ReRam_Redefined/ReRam_Redefined.srcs/sources_1/bd/ReRamSpm/ipshared/1229/hdl/axi_protocol_converter_v2_1_vl_rfs.v:2857]
WARNING: [Synth 8-6014] Unused sequential element memory_reg[18] was removed.  [c:/Users/hrish/Downloads/ReRAM_Thesis/Project Folder/ReRam_Redefined/ReRam_Redefined.srcs/sources_1/bd/ReRamSpm/ipshared/1229/hdl/axi_protocol_converter_v2_1_vl_rfs.v:2857]
WARNING: [Synth 8-6014] Unused sequential element memory_reg[17] was removed.  [c:/Users/hrish/Downloads/ReRAM_Thesis/Project Folder/ReRam_Redefined/ReRam_Redefined.srcs/sources_1/bd/ReRamSpm/ipshared/1229/hdl/axi_protocol_converter_v2_1_vl_rfs.v:2857]
WARNING: [Synth 8-6014] Unused sequential element memory_reg[16] was removed.  [c:/Users/hrish/Downloads/ReRAM_Thesis/Project Folder/ReRam_Redefined/ReRam_Redefined.srcs/sources_1/bd/ReRamSpm/ipshared/1229/hdl/axi_protocol_converter_v2_1_vl_rfs.v:2857]
WARNING: [Synth 8-6014] Unused sequential element memory_reg[15] was removed.  [c:/Users/hrish/Downloads/ReRAM_Thesis/Project Folder/ReRam_Redefined/ReRam_Redefined.srcs/sources_1/bd/ReRamSpm/ipshared/1229/hdl/axi_protocol_converter_v2_1_vl_rfs.v:2857]
WARNING: [Synth 8-6014] Unused sequential element memory_reg[14] was removed.  [c:/Users/hrish/Downloads/ReRAM_Thesis/Project Folder/ReRam_Redefined/ReRam_Redefined.srcs/sources_1/bd/ReRamSpm/ipshared/1229/hdl/axi_protocol_converter_v2_1_vl_rfs.v:2857]
WARNING: [Synth 8-6014] Unused sequential element memory_reg[13] was removed.  [c:/Users/hrish/Downloads/ReRAM_Thesis/Project Folder/ReRam_Redefined/ReRam_Redefined.srcs/sources_1/bd/ReRamSpm/ipshared/1229/hdl/axi_protocol_converter_v2_1_vl_rfs.v:2857]
WARNING: [Synth 8-6014] Unused sequential element memory_reg[12] was removed.  [c:/Users/hrish/Downloads/ReRAM_Thesis/Project Folder/ReRam_Redefined/ReRam_Redefined.srcs/sources_1/bd/ReRamSpm/ipshared/1229/hdl/axi_protocol_converter_v2_1_vl_rfs.v:2857]
WARNING: [Synth 8-6014] Unused sequential element memory_reg[11] was removed.  [c:/Users/hrish/Downloads/ReRAM_Thesis/Project Folder/ReRam_Redefined/ReRam_Redefined.srcs/sources_1/bd/ReRamSpm/ipshared/1229/hdl/axi_protocol_converter_v2_1_vl_rfs.v:2857]
WARNING: [Synth 8-6014] Unused sequential element memory_reg[10] was removed.  [c:/Users/hrish/Downloads/ReRAM_Thesis/Project Folder/ReRam_Redefined/ReRam_Redefined.srcs/sources_1/bd/ReRamSpm/ipshared/1229/hdl/axi_protocol_converter_v2_1_vl_rfs.v:2857]
WARNING: [Synth 8-6014] Unused sequential element memory_reg[9] was removed.  [c:/Users/hrish/Downloads/ReRAM_Thesis/Project Folder/ReRam_Redefined/ReRam_Redefined.srcs/sources_1/bd/ReRamSpm/ipshared/1229/hdl/axi_protocol_converter_v2_1_vl_rfs.v:2857]
WARNING: [Synth 8-6014] Unused sequential element memory_reg[8] was removed.  [c:/Users/hrish/Downloads/ReRAM_Thesis/Project Folder/ReRam_Redefined/ReRam_Redefined.srcs/sources_1/bd/ReRamSpm/ipshared/1229/hdl/axi_protocol_converter_v2_1_vl_rfs.v:2857]
WARNING: [Synth 8-6014] Unused sequential element memory_reg[7] was removed.  [c:/Users/hrish/Downloads/ReRAM_Thesis/Project Folder/ReRam_Redefined/ReRam_Redefined.srcs/sources_1/bd/ReRamSpm/ipshared/1229/hdl/axi_protocol_converter_v2_1_vl_rfs.v:2857]
WARNING: [Synth 8-6014] Unused sequential element memory_reg[6] was removed.  [c:/Users/hrish/Downloads/ReRAM_Thesis/Project Folder/ReRam_Redefined/ReRam_Redefined.srcs/sources_1/bd/ReRamSpm/ipshared/1229/hdl/axi_protocol_converter_v2_1_vl_rfs.v:2857]
WARNING: [Synth 8-6014] Unused sequential element memory_reg[5] was removed.  [c:/Users/hrish/Downloads/ReRAM_Thesis/Project Folder/ReRam_Redefined/ReRam_Redefined.srcs/sources_1/bd/ReRamSpm/ipshared/1229/hdl/axi_protocol_converter_v2_1_vl_rfs.v:2857]
WARNING: [Synth 8-6014] Unused sequential element memory_reg[4] was removed.  [c:/Users/hrish/Downloads/ReRAM_Thesis/Project Folder/ReRam_Redefined/ReRam_Redefined.srcs/sources_1/bd/ReRamSpm/ipshared/1229/hdl/axi_protocol_converter_v2_1_vl_rfs.v:2857]
WARNING: [Synth 8-6014] Unused sequential element memory_reg[3] was removed.  [c:/Users/hrish/Downloads/ReRAM_Thesis/Project Folder/ReRam_Redefined/ReRam_Redefined.srcs/sources_1/bd/ReRamSpm/ipshared/1229/hdl/axi_protocol_converter_v2_1_vl_rfs.v:2857]
WARNING: [Synth 8-6014] Unused sequential element memory_reg[2] was removed.  [c:/Users/hrish/Downloads/ReRAM_Thesis/Project Folder/ReRam_Redefined/ReRam_Redefined.srcs/sources_1/bd/ReRamSpm/ipshared/1229/hdl/axi_protocol_converter_v2_1_vl_rfs.v:2857]
WARNING: [Synth 8-6014] Unused sequential element memory_reg[1] was removed.  [c:/Users/hrish/Downloads/ReRAM_Thesis/Project Folder/ReRam_Redefined/ReRam_Redefined.srcs/sources_1/bd/ReRamSpm/ipshared/1229/hdl/axi_protocol_converter_v2_1_vl_rfs.v:2857]
WARNING: [Synth 8-6014] Unused sequential element memory_reg[0] was removed.  [c:/Users/hrish/Downloads/ReRAM_Thesis/Project Folder/ReRam_Redefined/ReRam_Redefined.srcs/sources_1/bd/ReRamSpm/ipshared/1229/hdl/axi_protocol_converter_v2_1_vl_rfs.v:2857]
WARNING: [Synth 8-6014] Unused sequential element memory_reg[31] was removed.  [c:/Users/hrish/Downloads/ReRAM_Thesis/Project Folder/ReRam_Redefined/ReRam_Redefined.srcs/sources_1/bd/ReRamSpm/ipshared/1229/hdl/axi_protocol_converter_v2_1_vl_rfs.v:2857]
WARNING: [Synth 8-6014] Unused sequential element memory_reg[30] was removed.  [c:/Users/hrish/Downloads/ReRAM_Thesis/Project Folder/ReRam_Redefined/ReRam_Redefined.srcs/sources_1/bd/ReRamSpm/ipshared/1229/hdl/axi_protocol_converter_v2_1_vl_rfs.v:2857]
WARNING: [Synth 8-6014] Unused sequential element memory_reg[29] was removed.  [c:/Users/hrish/Downloads/ReRAM_Thesis/Project Folder/ReRam_Redefined/ReRam_Redefined.srcs/sources_1/bd/ReRamSpm/ipshared/1229/hdl/axi_protocol_converter_v2_1_vl_rfs.v:2857]
WARNING: [Synth 8-6014] Unused sequential element memory_reg[28] was removed.  [c:/Users/hrish/Downloads/ReRAM_Thesis/Project Folder/ReRam_Redefined/ReRam_Redefined.srcs/sources_1/bd/ReRamSpm/ipshared/1229/hdl/axi_protocol_converter_v2_1_vl_rfs.v:2857]
WARNING: [Synth 8-6014] Unused sequential element memory_reg[27] was removed.  [c:/Users/hrish/Downloads/ReRAM_Thesis/Project Folder/ReRam_Redefined/ReRam_Redefined.srcs/sources_1/bd/ReRamSpm/ipshared/1229/hdl/axi_protocol_converter_v2_1_vl_rfs.v:2857]
WARNING: [Synth 8-6014] Unused sequential element memory_reg[26] was removed.  [c:/Users/hrish/Downloads/ReRAM_Thesis/Project Folder/ReRam_Redefined/ReRam_Redefined.srcs/sources_1/bd/ReRamSpm/ipshared/1229/hdl/axi_protocol_converter_v2_1_vl_rfs.v:2857]
WARNING: [Synth 8-6014] Unused sequential element memory_reg[25] was removed.  [c:/Users/hrish/Downloads/ReRAM_Thesis/Project Folder/ReRam_Redefined/ReRam_Redefined.srcs/sources_1/bd/ReRamSpm/ipshared/1229/hdl/axi_protocol_converter_v2_1_vl_rfs.v:2857]
WARNING: [Synth 8-6014] Unused sequential element memory_reg[24] was removed.  [c:/Users/hrish/Downloads/ReRAM_Thesis/Project Folder/ReRam_Redefined/ReRam_Redefined.srcs/sources_1/bd/ReRamSpm/ipshared/1229/hdl/axi_protocol_converter_v2_1_vl_rfs.v:2857]
WARNING: [Synth 8-6014] Unused sequential element memory_reg[23] was removed.  [c:/Users/hrish/Downloads/ReRAM_Thesis/Project Folder/ReRam_Redefined/ReRam_Redefined.srcs/sources_1/bd/ReRamSpm/ipshared/1229/hdl/axi_protocol_converter_v2_1_vl_rfs.v:2857]
WARNING: [Synth 8-6014] Unused sequential element memory_reg[22] was removed.  [c:/Users/hrish/Downloads/ReRAM_Thesis/Project Folder/ReRam_Redefined/ReRam_Redefined.srcs/sources_1/bd/ReRamSpm/ipshared/1229/hdl/axi_protocol_converter_v2_1_vl_rfs.v:2857]
WARNING: [Synth 8-6014] Unused sequential element memory_reg[21] was removed.  [c:/Users/hrish/Downloads/ReRAM_Thesis/Project Folder/ReRam_Redefined/ReRam_Redefined.srcs/sources_1/bd/ReRamSpm/ipshared/1229/hdl/axi_protocol_converter_v2_1_vl_rfs.v:2857]
WARNING: [Synth 8-6014] Unused sequential element memory_reg[20] was removed.  [c:/Users/hrish/Downloads/ReRAM_Thesis/Project Folder/ReRam_Redefined/ReRam_Redefined.srcs/sources_1/bd/ReRamSpm/ipshared/1229/hdl/axi_protocol_converter_v2_1_vl_rfs.v:2857]
WARNING: [Synth 8-6014] Unused sequential element memory_reg[19] was removed.  [c:/Users/hrish/Downloads/ReRAM_Thesis/Project Folder/ReRam_Redefined/ReRam_Redefined.srcs/sources_1/bd/ReRamSpm/ipshared/1229/hdl/axi_protocol_converter_v2_1_vl_rfs.v:2857]
WARNING: [Synth 8-6014] Unused sequential element memory_reg[18] was removed.  [c:/Users/hrish/Downloads/ReRAM_Thesis/Project Folder/ReRam_Redefined/ReRam_Redefined.srcs/sources_1/bd/ReRamSpm/ipshared/1229/hdl/axi_protocol_converter_v2_1_vl_rfs.v:2857]
WARNING: [Synth 8-6014] Unused sequential element memory_reg[17] was removed.  [c:/Users/hrish/Downloads/ReRAM_Thesis/Project Folder/ReRam_Redefined/ReRam_Redefined.srcs/sources_1/bd/ReRamSpm/ipshared/1229/hdl/axi_protocol_converter_v2_1_vl_rfs.v:2857]
WARNING: [Synth 8-6014] Unused sequential element memory_reg[16] was removed.  [c:/Users/hrish/Downloads/ReRAM_Thesis/Project Folder/ReRam_Redefined/ReRam_Redefined.srcs/sources_1/bd/ReRamSpm/ipshared/1229/hdl/axi_protocol_converter_v2_1_vl_rfs.v:2857]
WARNING: [Synth 8-6014] Unused sequential element memory_reg[15] was removed.  [c:/Users/hrish/Downloads/ReRAM_Thesis/Project Folder/ReRam_Redefined/ReRam_Redefined.srcs/sources_1/bd/ReRamSpm/ipshared/1229/hdl/axi_protocol_converter_v2_1_vl_rfs.v:2857]
WARNING: [Synth 8-6014] Unused sequential element memory_reg[14] was removed.  [c:/Users/hrish/Downloads/ReRAM_Thesis/Project Folder/ReRam_Redefined/ReRam_Redefined.srcs/sources_1/bd/ReRamSpm/ipshared/1229/hdl/axi_protocol_converter_v2_1_vl_rfs.v:2857]
WARNING: [Synth 8-6014] Unused sequential element memory_reg[13] was removed.  [c:/Users/hrish/Downloads/ReRAM_Thesis/Project Folder/ReRam_Redefined/ReRam_Redefined.srcs/sources_1/bd/ReRamSpm/ipshared/1229/hdl/axi_protocol_converter_v2_1_vl_rfs.v:2857]
WARNING: [Synth 8-6014] Unused sequential element memory_reg[12] was removed.  [c:/Users/hrish/Downloads/ReRAM_Thesis/Project Folder/ReRam_Redefined/ReRam_Redefined.srcs/sources_1/bd/ReRamSpm/ipshared/1229/hdl/axi_protocol_converter_v2_1_vl_rfs.v:2857]
WARNING: [Synth 8-6014] Unused sequential element memory_reg[11] was removed.  [c:/Users/hrish/Downloads/ReRAM_Thesis/Project Folder/ReRam_Redefined/ReRam_Redefined.srcs/sources_1/bd/ReRamSpm/ipshared/1229/hdl/axi_protocol_converter_v2_1_vl_rfs.v:2857]
WARNING: [Synth 8-6014] Unused sequential element memory_reg[10] was removed.  [c:/Users/hrish/Downloads/ReRAM_Thesis/Project Folder/ReRam_Redefined/ReRam_Redefined.srcs/sources_1/bd/ReRamSpm/ipshared/1229/hdl/axi_protocol_converter_v2_1_vl_rfs.v:2857]
WARNING: [Synth 8-6014] Unused sequential element memory_reg[9] was removed.  [c:/Users/hrish/Downloads/ReRAM_Thesis/Project Folder/ReRam_Redefined/ReRam_Redefined.srcs/sources_1/bd/ReRamSpm/ipshared/1229/hdl/axi_protocol_converter_v2_1_vl_rfs.v:2857]
WARNING: [Synth 8-6014] Unused sequential element memory_reg[8] was removed.  [c:/Users/hrish/Downloads/ReRAM_Thesis/Project Folder/ReRam_Redefined/ReRam_Redefined.srcs/sources_1/bd/ReRamSpm/ipshared/1229/hdl/axi_protocol_converter_v2_1_vl_rfs.v:2857]
WARNING: [Synth 8-6014] Unused sequential element memory_reg[7] was removed.  [c:/Users/hrish/Downloads/ReRAM_Thesis/Project Folder/ReRam_Redefined/ReRam_Redefined.srcs/sources_1/bd/ReRamSpm/ipshared/1229/hdl/axi_protocol_converter_v2_1_vl_rfs.v:2857]
WARNING: [Synth 8-6014] Unused sequential element memory_reg[6] was removed.  [c:/Users/hrish/Downloads/ReRAM_Thesis/Project Folder/ReRam_Redefined/ReRam_Redefined.srcs/sources_1/bd/ReRamSpm/ipshared/1229/hdl/axi_protocol_converter_v2_1_vl_rfs.v:2857]
WARNING: [Synth 8-6014] Unused sequential element memory_reg[5] was removed.  [c:/Users/hrish/Downloads/ReRAM_Thesis/Project Folder/ReRam_Redefined/ReRam_Redefined.srcs/sources_1/bd/ReRamSpm/ipshared/1229/hdl/axi_protocol_converter_v2_1_vl_rfs.v:2857]
WARNING: [Synth 8-6014] Unused sequential element memory_reg[4] was removed.  [c:/Users/hrish/Downloads/ReRAM_Thesis/Project Folder/ReRam_Redefined/ReRam_Redefined.srcs/sources_1/bd/ReRamSpm/ipshared/1229/hdl/axi_protocol_converter_v2_1_vl_rfs.v:2857]
WARNING: [Synth 8-6014] Unused sequential element memory_reg[3] was removed.  [c:/Users/hrish/Downloads/ReRAM_Thesis/Project Folder/ReRam_Redefined/ReRam_Redefined.srcs/sources_1/bd/ReRamSpm/ipshared/1229/hdl/axi_protocol_converter_v2_1_vl_rfs.v:2857]
WARNING: [Synth 8-6014] Unused sequential element memory_reg[2] was removed.  [c:/Users/hrish/Downloads/ReRAM_Thesis/Project Folder/ReRam_Redefined/ReRam_Redefined.srcs/sources_1/bd/ReRamSpm/ipshared/1229/hdl/axi_protocol_converter_v2_1_vl_rfs.v:2857]
WARNING: [Synth 8-6014] Unused sequential element memory_reg[1] was removed.  [c:/Users/hrish/Downloads/ReRAM_Thesis/Project Folder/ReRam_Redefined/ReRam_Redefined.srcs/sources_1/bd/ReRamSpm/ipshared/1229/hdl/axi_protocol_converter_v2_1_vl_rfs.v:2857]
WARNING: [Synth 8-6014] Unused sequential element memory_reg[0] was removed.  [c:/Users/hrish/Downloads/ReRAM_Thesis/Project Folder/ReRam_Redefined/ReRam_Redefined.srcs/sources_1/bd/ReRamSpm/ipshared/1229/hdl/axi_protocol_converter_v2_1_vl_rfs.v:2857]
INFO: [Synth 8-5544] ROM "read_success_next" won't be mapped to Block RAM because address size (2) smaller than threshold (5)
INFO: [Synth 8-5544] ROM "write_success_next" won't be mapped to Block RAM because address size (2) smaller than threshold (5)
INFO: [Synth 8-802] inferred FSM for state register 'current_word_state_reg' in module 'reram_word_array_simple'
INFO: [Synth 8-5544] ROM "next_word_state" won't be mapped to Block RAM because address size (2) smaller than threshold (5)
INFO: [Synth 8-802] inferred FSM for state register 'state_reg' in module 'reram_memory_controller_blocking'
INFO: [Synth 8-5544] ROM "read_counter" won't be mapped to Block RAM because address size (3) smaller than threshold (5)
INFO: [Synth 8-5544] ROM "done_o" won't be mapped to Block RAM because address size (3) smaller than threshold (5)
INFO: [Synth 8-5544] ROM "next_state" won't be mapped to Block RAM because address size (1) smaller than threshold (5)
INFO: [Synth 8-802] inferred FSM for state register 'wr_state_reg' in module 'reram_axilite_wrapper'
INFO: [Synth 8-802] inferred FSM for state register 'rd_state_reg' in module 'reram_axilite_wrapper'
INFO: [Synth 8-5544] ROM "wr_state" won't be mapped to Block RAM because address size (2) smaller than threshold (5)
INFO: [Synth 8-5544] ROM "rd_state" won't be mapped to Block RAM because address size (1) smaller than threshold (5)
INFO: [Synth 8-4471] merging register 'seq_cnt_en_reg' into 'from_sys_reg' [c:/Users/hrish/Downloads/ReRAM_Thesis/Project Folder/ReRam_Redefined/ReRam_Redefined.srcs/sources_1/bd/ReRamSpm/ipshared/f86a/hdl/proc_sys_reset_v5_0_vh_rfs.vhd:377]
WARNING: [Synth 8-6014] Unused sequential element seq_cnt_en_reg was removed.  [c:/Users/hrish/Downloads/ReRAM_Thesis/Project Folder/ReRam_Redefined/ReRam_Redefined.srcs/sources_1/bd/ReRamSpm/ipshared/f86a/hdl/proc_sys_reset_v5_0_vh_rfs.vhd:377]
INFO: [Synth 8-6159] Found Keep on FSM register 'state_reg' in module 'axi_protocol_converter_v2_1_16_b2s_rd_cmd_fsm', re-encoding will not be performed
---------------------------------------------------------------------------------------------------
                   State |                     New Encoding |                Previous Encoding 
---------------------------------------------------------------------------------------------------
               WORD_IDLE |                              001 |                               00
            WORD_READING |                              010 |                               01
            WORD_WRITING |                              100 |                               10
---------------------------------------------------------------------------------------------------
INFO: [Synth 8-3354] encoded FSM with state register 'current_word_state_reg' using encoding 'one-hot' in module 'reram_word_array_simple'
---------------------------------------------------------------------------------------------------
                   State |                     New Encoding |                Previous Encoding 
---------------------------------------------------------------------------------------------------
                    IDLE |                               00 |                              000
                 READING |                               11 |                              001
                 WRITING |                               10 |                              010
             ERROR_STATE |                               01 |                              011
---------------------------------------------------------------------------------------------------
INFO: [Synth 8-3354] encoded FSM with state register 'state_reg' using encoding 'sequential' in module 'reram_memory_controller_blocking'
---------------------------------------------------------------------------------------------------
                   State |                     New Encoding |                Previous Encoding 
---------------------------------------------------------------------------------------------------
                 WR_IDLE |                              001 |                               00
            WR_WAIT_CORE |                              010 |                               01
                 WR_RESP |                              100 |                               10
---------------------------------------------------------------------------------------------------
INFO: [Synth 8-3354] encoded FSM with state register 'wr_state_reg' using encoding 'one-hot' in module 'reram_axilite_wrapper'
---------------------------------------------------------------------------------------------------
                   State |                     New Encoding |                Previous Encoding 
---------------------------------------------------------------------------------------------------
                 RD_IDLE |                               00 |                               00
            RD_WAIT_CORE |                               01 |                               01
                 RD_RESP |                               10 |                               10
---------------------------------------------------------------------------------------------------
INFO: [Synth 8-3354] encoded FSM with state register 'rd_state_reg' using encoding 'sequential' in module 'reram_axilite_wrapper'
---------------------------------------------------------------------------------
Finished RTL Optimization Phase 2 : Time (s): cpu = 00:02:03 ; elapsed = 00:02:17 . Memory (MB): peak = 1017.160 ; gain = 716.430
---------------------------------------------------------------------------------

Report RTL Partitions: 
+------+--------------------------------------+------------+----------+
|      |RTL Partition                         |Replication |Instances |
+------+--------------------------------------+------------+----------+
|1     |reram_word_array_simple               |          16|     22776|
|2     |reram_memory_controller_blocking__GC0 |           1|      1484|
|3     |reram_axilite_wrapper__GC0            |           1|      1113|
|4     |ReRamSpm__GC0                         |           1|      2807|
+------+--------------------------------------+------------+----------+
---------------------------------------------------------------------------------
Start RTL Component Statistics 
---------------------------------------------------------------------------------
Detailed RTL Component Info : 
+---Adders : 
	   2 Input     32 Bit       Adders := 512   
	   2 Input     12 Bit       Adders := 8     
	   2 Input      9 Bit       Adders := 2     
	   2 Input      8 Bit       Adders := 513   
	   2 Input      6 Bit       Adders := 1     
	   2 Input      5 Bit       Adders := 5     
	   2 Input      4 Bit       Adders := 4     
	   2 Input      2 Bit       Adders := 3     
+---Registers : 
	               66 Bit    Registers := 4     
	               47 Bit    Registers := 2     
	               32 Bit    Registers := 1043  
	               14 Bit    Registers := 2     
	               12 Bit    Registers := 9     
	               10 Bit    Registers := 2     
	                9 Bit    Registers := 2     
	                8 Bit    Registers := 514   
	                6 Bit    Registers := 1     
	                5 Bit    Registers := 4     
	                4 Bit    Registers := 9     
	                3 Bit    Registers := 3     
	                2 Bit    Registers := 537   
	                1 Bit    Registers := 2090  
+---Muxes : 
	   2 Input     66 Bit        Muxes := 4     
	   2 Input     47 Bit        Muxes := 2     
	   2 Input     32 Bit        Muxes := 555   
	   3 Input     32 Bit        Muxes := 17    
	   2 Input     14 Bit        Muxes := 2     
	   2 Input     12 Bit        Muxes := 6     
	   2 Input      9 Bit        Muxes := 4     
	   2 Input      8 Bit        Muxes := 496   
	   2 Input      6 Bit        Muxes := 1     
	   2 Input      5 Bit        Muxes := 6     
	   7 Input      4 Bit        Muxes := 512   
	   2 Input      4 Bit        Muxes := 19    
	   3 Input      3 Bit        Muxes := 32    
	   2 Input      3 Bit        Muxes := 48    
	   2 Input      2 Bit        Muxes := 7247  
	   3 Input      2 Bit        Muxes := 2099  
	   4 Input      2 Bit        Muxes := 52    
	   5 Input      2 Bit        Muxes := 1     
	   4 Input      1 Bit        Muxes := 2049  
	   2 Input      1 Bit        Muxes := 3639  
	   3 Input      1 Bit        Muxes := 3597  
---------------------------------------------------------------------------------
Finished RTL Component Statistics 
---------------------------------------------------------------------------------
---------------------------------------------------------------------------------
Start RTL Hierarchical Component Statistics 
---------------------------------------------------------------------------------
Hierarchical RTL Component report 
Module reram_cell_simple__1 
Detailed RTL Component Info : 
+---Adders : 
	   2 Input     32 Bit       Adders := 1     
	   2 Input      8 Bit       Adders := 1     
+---Registers : 
	               32 Bit    Registers := 2     
	                8 Bit    Registers := 1     
	                2 Bit    Registers := 1     
	                1 Bit    Registers := 4     
+---Muxes : 
	   2 Input     32 Bit        Muxes := 1     
	   7 Input      4 Bit        Muxes := 1     
	   2 Input      2 Bit        Muxes := 14    
	   3 Input      2 Bit        Muxes := 4     
	   4 Input      1 Bit        Muxes := 4     
	   2 Input      1 Bit        Muxes := 7     
	   3 Input      1 Bit        Muxes := 7     
Module reram_cell_simple__2 
Detailed RTL Component Info : 
+---Adders : 
	   2 Input     32 Bit       Adders := 1     
	   2 Input      8 Bit       Adders := 1     
+---Registers : 
	               32 Bit    Registers := 2     
	                8 Bit    Registers := 1     
	                2 Bit    Registers := 1     
	                1 Bit    Registers := 4     
+---Muxes : 
	   2 Input     32 Bit        Muxes := 1     
	   7 Input      4 Bit        Muxes := 1     
	   2 Input      2 Bit        Muxes := 14    
	   3 Input      2 Bit        Muxes := 4     
	   4 Input      1 Bit        Muxes := 4     
	   2 Input      1 Bit        Muxes := 7     
	   3 Input      1 Bit        Muxes := 7     
Module reram_cell_simple__3 
Detailed RTL Component Info : 
+---Adders : 
	   2 Input     32 Bit       Adders := 1     
	   2 Input      8 Bit       Adders := 1     
+---Registers : 
	               32 Bit    Registers := 2     
	                8 Bit    Registers := 1     
	                2 Bit    Registers := 1     
	                1 Bit    Registers := 4     
+---Muxes : 
	   2 Input     32 Bit        Muxes := 1     
	   7 Input      4 Bit        Muxes := 1     
	   2 Input      2 Bit        Muxes := 14    
	   3 Input      2 Bit        Muxes := 4     
	   4 Input      1 Bit        Muxes := 4     
	   2 Input      1 Bit        Muxes := 7     
	   3 Input      1 Bit        Muxes := 7     
Module reram_cell_simple__4 
Detailed RTL Component Info : 
+---Adders : 
	   2 Input     32 Bit       Adders := 1     
	   2 Input      8 Bit       Adders := 1     
+---Registers : 
	               32 Bit    Registers := 2     
	                8 Bit    Registers := 1     
	                2 Bit    Registers := 1     
	                1 Bit    Registers := 4     
+---Muxes : 
	   2 Input     32 Bit        Muxes := 1     
	   7 Input      4 Bit        Muxes := 1     
	   2 Input      2 Bit        Muxes := 14    
	   3 Input      2 Bit        Muxes := 4     
	   4 Input      1 Bit        Muxes := 4     
	   2 Input      1 Bit        Muxes := 7     
	   3 Input      1 Bit        Muxes := 7     
Module reram_cell_simple__5 
Detailed RTL Component Info : 
+---Adders : 
	   2 Input     32 Bit       Adders := 1     
	   2 Input      8 Bit       Adders := 1     
+---Registers : 
	               32 Bit    Registers := 2     
	                8 Bit    Registers := 1     
	                2 Bit    Registers := 1     
	                1 Bit    Registers := 4     
+---Muxes : 
	   2 Input     32 Bit        Muxes := 1     
	   7 Input      4 Bit        Muxes := 1     
	   2 Input      2 Bit        Muxes := 14    
	   3 Input      2 Bit        Muxes := 4     
	   4 Input      1 Bit        Muxes := 4     
	   2 Input      1 Bit        Muxes := 7     
	   3 Input      1 Bit        Muxes := 7     
Module reram_cell_simple__6 
Detailed RTL Component Info : 
+---Adders : 
	   2 Input     32 Bit       Adders := 1     
	   2 Input      8 Bit       Adders := 1     
+---Registers : 
	               32 Bit    Registers := 2     
	                8 Bit    Registers := 1     
	                2 Bit    Registers := 1     
	                1 Bit    Registers := 4     
+---Muxes : 
	   2 Input     32 Bit        Muxes := 1     
	   7 Input      4 Bit        Muxes := 1     
	   2 Input      2 Bit        Muxes := 14    
	   3 Input      2 Bit        Muxes := 4     
	   4 Input      1 Bit        Muxes := 4     
	   2 Input      1 Bit        Muxes := 7     
	   3 Input      1 Bit        Muxes := 7     
Module reram_cell_simple__7 
Detailed RTL Component Info : 
+---Adders : 
	   2 Input     32 Bit       Adders := 1     
	   2 Input      8 Bit       Adders := 1     
+---Registers : 
	               32 Bit    Registers := 2     
	                8 Bit    Registers := 1     
	                2 Bit    Registers := 1     
	                1 Bit    Registers := 4     
+---Muxes : 
	   2 Input     32 Bit        Muxes := 1     
	   7 Input      4 Bit        Muxes := 1     
	   2 Input      2 Bit        Muxes := 14    
	   3 Input      2 Bit        Muxes := 4     
	   4 Input      1 Bit        Muxes := 4     
	   2 Input      1 Bit        Muxes := 7     
	   3 Input      1 Bit        Muxes := 7     
Module reram_cell_simple__8 
Detailed RTL Component Info : 
+---Adders : 
	   2 Input     32 Bit       Adders := 1     
	   2 Input      8 Bit       Adders := 1     
+---Registers : 
	               32 Bit    Registers := 2     
	                8 Bit    Registers := 1     
	                2 Bit    Registers := 1     
	                1 Bit    Registers := 4     
+---Muxes : 
	   2 Input     32 Bit        Muxes := 1     
	   7 Input      4 Bit        Muxes := 1     
	   2 Input      2 Bit        Muxes := 14    
	   3 Input      2 Bit        Muxes := 4     
	   4 Input      1 Bit        Muxes := 4     
	   2 Input      1 Bit        Muxes := 7     
	   3 Input      1 Bit        Muxes := 7     
Module reram_cell_simple__9 
Detailed RTL Component Info : 
+---Adders : 
	   2 Input     32 Bit       Adders := 1     
	   2 Input      8 Bit       Adders := 1     
+---Registers : 
	               32 Bit    Registers := 2     
	                8 Bit    Registers := 1     
	                2 Bit    Registers := 1     
	                1 Bit    Registers := 4     
+---Muxes : 
	   2 Input     32 Bit        Muxes := 1     
	   7 Input      4 Bit        Muxes := 1     
	   2 Input      2 Bit        Muxes := 14    
	   3 Input      2 Bit        Muxes := 4     
	   4 Input      1 Bit        Muxes := 4     
	   2 Input      1 Bit        Muxes := 7     
	   3 Input      1 Bit        Muxes := 7     
Module reram_cell_simple__10 
Detailed RTL Component Info : 
+---Adders : 
	   2 Input     32 Bit       Adders := 1     
	   2 Input      8 Bit       Adders := 1     
+---Registers : 
	               32 Bit    Registers := 2     
	                8 Bit    Registers := 1     
	                2 Bit    Registers := 1     
	                1 Bit    Registers := 4     
+---Muxes : 
	   2 Input     32 Bit        Muxes := 1     
	   7 Input      4 Bit        Muxes := 1     
	   2 Input      2 Bit        Muxes := 14    
	   3 Input      2 Bit        Muxes := 4     
	   4 Input      1 Bit        Muxes := 4     
	   2 Input      1 Bit        Muxes := 7     
	   3 Input      1 Bit        Muxes := 7     
Module reram_cell_simple__11 
Detailed RTL Component Info : 
+---Adders : 
	   2 Input     32 Bit       Adders := 1     
	   2 Input      8 Bit       Adders := 1     
+---Registers : 
	               32 Bit    Registers := 2     
	                8 Bit    Registers := 1     
	                2 Bit    Registers := 1     
	                1 Bit    Registers := 4     
+---Muxes : 
	   2 Input     32 Bit        Muxes := 1     
	   7 Input      4 Bit        Muxes := 1     
	   2 Input      2 Bit        Muxes := 14    
	   3 Input      2 Bit        Muxes := 4     
	   4 Input      1 Bit        Muxes := 4     
	   2 Input      1 Bit        Muxes := 7     
	   3 Input      1 Bit        Muxes := 7     
Module reram_cell_simple__12 
Detailed RTL Component Info : 
+---Adders : 
	   2 Input     32 Bit       Adders := 1     
	   2 Input      8 Bit       Adders := 1     
+---Registers : 
	               32 Bit    Registers := 2     
	                8 Bit    Registers := 1     
	                2 Bit    Registers := 1     
	                1 Bit    Registers := 4     
+---Muxes : 
	   2 Input     32 Bit        Muxes := 1     
	   7 Input      4 Bit        Muxes := 1     
	   2 Input      2 Bit        Muxes := 14    
	   3 Input      2 Bit        Muxes := 4     
	   4 Input      1 Bit        Muxes := 4     
	   2 Input      1 Bit        Muxes := 7     
	   3 Input      1 Bit        Muxes := 7     
Module reram_cell_simple__13 
Detailed RTL Component Info : 
+---Adders : 
	   2 Input     32 Bit       Adders := 1     
	   2 Input      8 Bit       Adders := 1     
+---Registers : 
	               32 Bit    Registers := 2     
	                8 Bit    Registers := 1     
	                2 Bit    Registers := 1     
	                1 Bit    Registers := 4     
+---Muxes : 
	   2 Input     32 Bit        Muxes := 1     
	   7 Input      4 Bit        Muxes := 1     
	   2 Input      2 Bit        Muxes := 14    
	   3 Input      2 Bit        Muxes := 4     
	   4 Input      1 Bit        Muxes := 4     
	   2 Input      1 Bit        Muxes := 7     
	   3 Input      1 Bit        Muxes := 7     
Module reram_cell_simple__14 
Detailed RTL Component Info : 
+---Adders : 
	   2 Input     32 Bit       Adders := 1     
	   2 Input      8 Bit       Adders := 1     
+---Registers : 
	               32 Bit    Registers := 2     
	                8 Bit    Registers := 1     
	                2 Bit    Registers := 1     
	                1 Bit    Registers := 4     
+---Muxes : 
	   2 Input     32 Bit        Muxes := 1     
	   7 Input      4 Bit        Muxes := 1     
	   2 Input      2 Bit        Muxes := 14    
	   3 Input      2 Bit        Muxes := 4     
	   4 Input      1 Bit        Muxes := 4     
	   2 Input      1 Bit        Muxes := 7     
	   3 Input      1 Bit        Muxes := 7     
Module reram_cell_simple__15 
Detailed RTL Component Info : 
+---Adders : 
	   2 Input     32 Bit       Adders := 1     
	   2 Input      8 Bit       Adders := 1     
+---Registers : 
	               32 Bit    Registers := 2     
	                8 Bit    Registers := 1     
	                2 Bit    Registers := 1     
	                1 Bit    Registers := 4     
+---Muxes : 
	   2 Input     32 Bit        Muxes := 1     
	   7 Input      4 Bit        Muxes := 1     
	   2 Input      2 Bit        Muxes := 14    
	   3 Input      2 Bit        Muxes := 4     
	   4 Input      1 Bit        Muxes := 4     
	   2 Input      1 Bit        Muxes := 7     
	   3 Input      1 Bit        Muxes := 7     
Module reram_cell_simple__16 
Detailed RTL Component Info : 
+---Adders : 
	   2 Input     32 Bit       Adders := 1     
	   2 Input      8 Bit       Adders := 1     
+---Registers : 
	               32 Bit    Registers := 2     
	                8 Bit    Registers := 1     
	                2 Bit    Registers := 1     
	                1 Bit    Registers := 4     
+---Muxes : 
	   2 Input     32 Bit        Muxes := 1     
	   7 Input      4 Bit        Muxes := 1     
	   2 Input      2 Bit        Muxes := 14    
	   3 Input      2 Bit        Muxes := 4     
	   4 Input      1 Bit        Muxes := 4     
	   2 Input      1 Bit        Muxes := 7     
	   3 Input      1 Bit        Muxes := 7     
Module reram_cell_simple__17 
Detailed RTL Component Info : 
+---Adders : 
	   2 Input     32 Bit       Adders := 1     
	   2 Input      8 Bit       Adders := 1     
+---Registers : 
	               32 Bit    Registers := 2     
	                8 Bit    Registers := 1     
	                2 Bit    Registers := 1     
	                1 Bit    Registers := 4     
+---Muxes : 
	   2 Input     32 Bit        Muxes := 1     
	   7 Input      4 Bit        Muxes := 1     
	   2 Input      2 Bit        Muxes := 14    
	   3 Input      2 Bit        Muxes := 4     
	   4 Input      1 Bit        Muxes := 4     
	   2 Input      1 Bit        Muxes := 7     
	   3 Input      1 Bit        Muxes := 7     
Module reram_cell_simple__18 
Detailed RTL Component Info : 
+---Adders : 
	   2 Input     32 Bit       Adders := 1     
	   2 Input      8 Bit       Adders := 1     
+---Registers : 
	               32 Bit    Registers := 2     
	                8 Bit    Registers := 1     
	                2 Bit    Registers := 1     
	                1 Bit    Registers := 4     
+---Muxes : 
	   2 Input     32 Bit        Muxes := 1     
	   7 Input      4 Bit        Muxes := 1     
	   2 Input      2 Bit        Muxes := 14    
	   3 Input      2 Bit        Muxes := 4     
	   4 Input      1 Bit        Muxes := 4     
	   2 Input      1 Bit        Muxes := 7     
	   3 Input      1 Bit        Muxes := 7     
Module reram_cell_simple__19 
Detailed RTL Component Info : 
+---Adders : 
	   2 Input     32 Bit       Adders := 1     
	   2 Input      8 Bit       Adders := 1     
+---Registers : 
	               32 Bit    Registers := 2     
	                8 Bit    Registers := 1     
	                2 Bit    Registers := 1     
	                1 Bit    Registers := 4     
+---Muxes : 
	   2 Input     32 Bit        Muxes := 1     
	   7 Input      4 Bit        Muxes := 1     
	   2 Input      2 Bit        Muxes := 14    
	   3 Input      2 Bit        Muxes := 4     
	   4 Input      1 Bit        Muxes := 4     
	   2 Input      1 Bit        Muxes := 7     
	   3 Input      1 Bit        Muxes := 7     
Module reram_cell_simple__20 
Detailed RTL Component Info : 
+---Adders : 
	   2 Input     32 Bit       Adders := 1     
	   2 Input      8 Bit       Adders := 1     
+---Registers : 
	               32 Bit    Registers := 2     
	                8 Bit    Registers := 1     
	                2 Bit    Registers := 1     
	                1 Bit    Registers := 4     
+---Muxes : 
	   2 Input     32 Bit        Muxes := 1     
	   7 Input      4 Bit        Muxes := 1     
	   2 Input      2 Bit        Muxes := 14    
	   3 Input      2 Bit        Muxes := 4     
	   4 Input      1 Bit        Muxes := 4     
	   2 Input      1 Bit        Muxes := 7     
	   3 Input      1 Bit        Muxes := 7     
Module reram_cell_simple__21 
Detailed RTL Component Info : 
+---Adders : 
	   2 Input     32 Bit       Adders := 1     
	   2 Input      8 Bit       Adders := 1     
+---Registers : 
	               32 Bit    Registers := 2     
	                8 Bit    Registers := 1     
	                2 Bit    Registers := 1     
	                1 Bit    Registers := 4     
+---Muxes : 
	   2 Input     32 Bit        Muxes := 1     
	   7 Input      4 Bit        Muxes := 1     
	   2 Input      2 Bit        Muxes := 14    
	   3 Input      2 Bit        Muxes := 4     
	   4 Input      1 Bit        Muxes := 4     
	   2 Input      1 Bit        Muxes := 7     
	   3 Input      1 Bit        Muxes := 7     
Module reram_cell_simple__22 
Detailed RTL Component Info : 
+---Adders : 
	   2 Input     32 Bit       Adders := 1     
	   2 Input      8 Bit       Adders := 1     
+---Registers : 
	               32 Bit    Registers := 2     
	                8 Bit    Registers := 1     
	                2 Bit    Registers := 1     
	                1 Bit    Registers := 4     
+---Muxes : 
	   2 Input     32 Bit        Muxes := 1     
	   7 Input      4 Bit        Muxes := 1     
	   2 Input      2 Bit        Muxes := 14    
	   3 Input      2 Bit        Muxes := 4     
	   4 Input      1 Bit        Muxes := 4     
	   2 Input      1 Bit        Muxes := 7     
	   3 Input      1 Bit        Muxes := 7     
Module reram_cell_simple__23 
Detailed RTL Component Info : 
+---Adders : 
	   2 Input     32 Bit       Adders := 1     
	   2 Input      8 Bit       Adders := 1     
+---Registers : 
	               32 Bit    Registers := 2     
	                8 Bit    Registers := 1     
	                2 Bit    Registers := 1     
	                1 Bit    Registers := 4     
+---Muxes : 
	   2 Input     32 Bit        Muxes := 1     
	   7 Input      4 Bit        Muxes := 1     
	   2 Input      2 Bit        Muxes := 14    
	   3 Input      2 Bit        Muxes := 4     
	   4 Input      1 Bit        Muxes := 4     
	   2 Input      1 Bit        Muxes := 7     
	   3 Input      1 Bit        Muxes := 7     
Module reram_cell_simple__24 
Detailed RTL Component Info : 
+---Adders : 
	   2 Input     32 Bit       Adders := 1     
	   2 Input      8 Bit       Adders := 1     
+---Registers : 
	               32 Bit    Registers := 2     
	                8 Bit    Registers := 1     
	                2 Bit    Registers := 1     
	                1 Bit    Registers := 4     
+---Muxes : 
	   2 Input     32 Bit        Muxes := 1     
	   7 Input      4 Bit        Muxes := 1     
	   2 Input      2 Bit        Muxes := 14    
	   3 Input      2 Bit        Muxes := 4     
	   4 Input      1 Bit        Muxes := 4     
	   2 Input      1 Bit        Muxes := 7     
	   3 Input      1 Bit        Muxes := 7     
Module reram_cell_simple__25 
Detailed RTL Component Info : 
+---Adders : 
	   2 Input     32 Bit       Adders := 1     
	   2 Input      8 Bit       Adders := 1     
+---Registers : 
	               32 Bit    Registers := 2     
	                8 Bit    Registers := 1     
	                2 Bit    Registers := 1     
	                1 Bit    Registers := 4     
+---Muxes : 
	   2 Input     32 Bit        Muxes := 1     
	   7 Input      4 Bit        Muxes := 1     
	   2 Input      2 Bit        Muxes := 14    
	   3 Input      2 Bit        Muxes := 4     
	   4 Input      1 Bit        Muxes := 4     
	   2 Input      1 Bit        Muxes := 7     
	   3 Input      1 Bit        Muxes := 7     
Module reram_cell_simple__26 
Detailed RTL Component Info : 
+---Adders : 
	   2 Input     32 Bit       Adders := 1     
	   2 Input      8 Bit       Adders := 1     
+---Registers : 
	               32 Bit    Registers := 2     
	                8 Bit    Registers := 1     
	                2 Bit    Registers := 1     
	                1 Bit    Registers := 4     
+---Muxes : 
	   2 Input     32 Bit        Muxes := 1     
	   7 Input      4 Bit        Muxes := 1     
	   2 Input      2 Bit        Muxes := 14    
	   3 Input      2 Bit        Muxes := 4     
	   4 Input      1 Bit        Muxes := 4     
	   2 Input      1 Bit        Muxes := 7     
	   3 Input      1 Bit        Muxes := 7     
Module reram_cell_simple__27 
Detailed RTL Component Info : 
+---Adders : 
	   2 Input     32 Bit       Adders := 1     
	   2 Input      8 Bit       Adders := 1     
+---Registers : 
	               32 Bit    Registers := 2     
	                8 Bit    Registers := 1     
	                2 Bit    Registers := 1     
	                1 Bit    Registers := 4     
+---Muxes : 
	   2 Input     32 Bit        Muxes := 1     
	   7 Input      4 Bit        Muxes := 1     
	   2 Input      2 Bit        Muxes := 14    
	   3 Input      2 Bit        Muxes := 4     
	   4 Input      1 Bit        Muxes := 4     
	   2 Input      1 Bit        Muxes := 7     
	   3 Input      1 Bit        Muxes := 7     
Module reram_cell_simple__28 
Detailed RTL Component Info : 
+---Adders : 
	   2 Input     32 Bit       Adders := 1     
	   2 Input      8 Bit       Adders := 1     
+---Registers : 
	               32 Bit    Registers := 2     
	                8 Bit    Registers := 1     
	                2 Bit    Registers := 1     
	                1 Bit    Registers := 4     
+---Muxes : 
	   2 Input     32 Bit        Muxes := 1     
	   7 Input      4 Bit        Muxes := 1     
	   2 Input      2 Bit        Muxes := 14    
	   3 Input      2 Bit        Muxes := 4     
	   4 Input      1 Bit        Muxes := 4     
	   2 Input      1 Bit        Muxes := 7     
	   3 Input      1 Bit        Muxes := 7     
Module reram_cell_simple__29 
Detailed RTL Component Info : 
+---Adders : 
	   2 Input     32 Bit       Adders := 1     
	   2 Input      8 Bit       Adders := 1     
+---Registers : 
	               32 Bit    Registers := 2     
	                8 Bit    Registers := 1     
	                2 Bit    Registers := 1     
	                1 Bit    Registers := 4     
+---Muxes : 
	   2 Input     32 Bit        Muxes := 1     
	   7 Input      4 Bit        Muxes := 1     
	   2 Input      2 Bit        Muxes := 14    
	   3 Input      2 Bit        Muxes := 4     
	   4 Input      1 Bit        Muxes := 4     
	   2 Input      1 Bit        Muxes := 7     
	   3 Input      1 Bit        Muxes := 7     
Module reram_cell_simple__30 
Detailed RTL Component Info : 
+---Adders : 
	   2 Input     32 Bit       Adders := 1     
	   2 Input      8 Bit       Adders := 1     
+---Registers : 
	               32 Bit    Registers := 2     
	                8 Bit    Registers := 1     
	                2 Bit    Registers := 1     
	                1 Bit    Registers := 4     
+---Muxes : 
	   2 Input     32 Bit        Muxes := 1     
	   7 Input      4 Bit        Muxes := 1     
	   2 Input      2 Bit        Muxes := 14    
	   3 Input      2 Bit        Muxes := 4     
	   4 Input      1 Bit        Muxes := 4     
	   2 Input      1 Bit        Muxes := 7     
	   3 Input      1 Bit        Muxes := 7     
Module reram_cell_simple__31 
Detailed RTL Component Info : 
+---Adders : 
	   2 Input     32 Bit       Adders := 1     
	   2 Input      8 Bit       Adders := 1     
+---Registers : 
	               32 Bit    Registers := 2     
	                8 Bit    Registers := 1     
	                2 Bit    Registers := 1     
	                1 Bit    Registers := 4     
+---Muxes : 
	   2 Input     32 Bit        Muxes := 1     
	   7 Input      4 Bit        Muxes := 1     
	   2 Input      2 Bit        Muxes := 14    
	   3 Input      2 Bit        Muxes := 4     
	   4 Input      1 Bit        Muxes := 4     
	   2 Input      1 Bit        Muxes := 7     
	   3 Input      1 Bit        Muxes := 7     
Module reram_cell_simple 
Detailed RTL Component Info : 
+---Adders : 
	   2 Input     32 Bit       Adders := 1     
	   2 Input      8 Bit       Adders := 1     
+---Registers : 
	               32 Bit    Registers := 2     
	                8 Bit    Registers := 1     
	                2 Bit    Registers := 1     
	                1 Bit    Registers := 4     
+---Muxes : 
	   2 Input     32 Bit        Muxes := 1     
	   7 Input      4 Bit        Muxes := 1     
	   2 Input      2 Bit        Muxes := 14    
	   3 Input      2 Bit        Muxes := 4     
	   4 Input      1 Bit        Muxes := 4     
	   2 Input      1 Bit        Muxes := 7     
	   3 Input      1 Bit        Muxes := 7     
Module reram_word_array_simple 
Detailed RTL Component Info : 
+---Registers : 
	               32 Bit    Registers := 1     
	                2 Bit    Registers := 1     
+---Muxes : 
	   2 Input     32 Bit        Muxes := 2     
	   3 Input     32 Bit        Muxes := 1     
	   2 Input      8 Bit        Muxes := 31    
	   3 Input      3 Bit        Muxes := 2     
	   2 Input      3 Bit        Muxes := 3     
	   4 Input      2 Bit        Muxes := 3     
	   2 Input      2 Bit        Muxes := 4     
	   3 Input      2 Bit        Muxes := 3     
	   2 Input      1 Bit        Muxes := 1     
Module reram_memory_controller_blocking 
Detailed RTL Component Info : 
+---Registers : 
	               32 Bit    Registers := 1     
	                4 Bit    Registers := 1     
	                2 Bit    Registers := 1     
+---Muxes : 
	   2 Input     32 Bit        Muxes := 1     
	   3 Input      2 Bit        Muxes := 2     
	   4 Input      2 Bit        Muxes := 1     
	   2 Input      2 Bit        Muxes := 2     
	   2 Input      1 Bit        Muxes := 9     
	   4 Input      1 Bit        Muxes := 1     
	   3 Input      1 Bit        Muxes := 1     
Module reram_axilite_wrapper 
Detailed RTL Component Info : 
+---Registers : 
	               32 Bit    Registers := 2     
	               10 Bit    Registers := 2     
	                4 Bit    Registers := 2     
	                1 Bit    Registers := 6     
+---Muxes : 
	   2 Input     32 Bit        Muxes := 2     
	   3 Input     32 Bit        Muxes := 1     
	   2 Input      4 Bit        Muxes := 1     
	   3 Input      2 Bit        Muxes := 1     
	   2 Input      2 Bit        Muxes := 1     
	   2 Input      1 Bit        Muxes := 3     
	   3 Input      1 Bit        Muxes := 12    
Module axi_protocol_converter_v2_1_16_b2s_incr_cmd 
Detailed RTL Component Info : 
+---Adders : 
	   2 Input     12 Bit       Adders := 3     
	   2 Input      9 Bit       Adders := 1     
+---Registers : 
	               12 Bit    Registers := 1     
	                9 Bit    Registers := 1     
	                1 Bit    Registers := 2     
+---Muxes : 
	   2 Input     32 Bit        Muxes := 1     
	   2 Input     12 Bit        Muxes := 1     
	   2 Input      9 Bit        Muxes := 2     
	   2 Input      4 Bit        Muxes := 1     
	   2 Input      1 Bit        Muxes := 4     
Module axi_protocol_converter_v2_1_16_b2s_wrap_cmd 
Detailed RTL Component Info : 
+---Adders : 
	   2 Input     12 Bit       Adders := 1     
	   2 Input      5 Bit       Adders := 1     
	   2 Input      4 Bit       Adders := 2     
+---Registers : 
	               12 Bit    Registers := 2     
	                5 Bit    Registers := 1     
	                4 Bit    Registers := 3     
	                1 Bit    Registers := 2     
+---Muxes : 
	   2 Input     32 Bit        Muxes := 1     
	   2 Input     12 Bit        Muxes := 2     
	   2 Input      5 Bit        Muxes := 2     
	   2 Input      4 Bit        Muxes := 8     
	   2 Input      1 Bit        Muxes := 4     
Module axi_protocol_converter_v2_1_16_b2s_cmd_translator 
Detailed RTL Component Info : 
+---Registers : 
	                1 Bit    Registers := 3     
+---Muxes : 
	   2 Input     32 Bit        Muxes := 2     
	   2 Input      1 Bit        Muxes := 4     
Module axi_protocol_converter_v2_1_16_b2s_wr_cmd_fsm 
Detailed RTL Component Info : 
+---Registers : 
	                2 Bit    Registers := 1     
+---Muxes : 
	   2 Input      2 Bit        Muxes := 4     
	   4 Input      2 Bit        Muxes := 2     
Module axi_protocol_converter_v2_1_16_b2s_aw_channel 
Detailed RTL Component Info : 
+---Registers : 
	               12 Bit    Registers := 1     
	                8 Bit    Registers := 1     
Module axi_protocol_converter_v2_1_16_b2s_simple_fifo 
Detailed RTL Component Info : 
+---Adders : 
	   2 Input      2 Bit       Adders := 1     
+---Registers : 
	                2 Bit    Registers := 1     
+---Muxes : 
	   2 Input      2 Bit        Muxes := 1     
Module axi_protocol_converter_v2_1_16_b2s_simple_fifo__parameterized0 
Detailed RTL Component Info : 
+---Adders : 
	   2 Input      2 Bit       Adders := 2     
+---Registers : 
	                2 Bit    Registers := 1     
+---Muxes : 
	   2 Input      2 Bit        Muxes := 2     
Module axi_protocol_converter_v2_1_16_b2s_b_channel 
Detailed RTL Component Info : 
+---Adders : 
	   2 Input      8 Bit       Adders := 1     
+---Registers : 
	                8 Bit    Registers := 1     
	                2 Bit    Registers := 1     
	                1 Bit    Registers := 3     
Module axi_protocol_converter_v2_1_16_b2s_incr_cmd__1 
Detailed RTL Component Info : 
+---Adders : 
	   2 Input     12 Bit       Adders := 3     
	   2 Input      9 Bit       Adders := 1     
+---Registers : 
	               12 Bit    Registers := 1     
	                9 Bit    Registers := 1     
	                1 Bit    Registers := 2     
+---Muxes : 
	   2 Input     32 Bit        Muxes := 1     
	   2 Input     12 Bit        Muxes := 1     
	   2 Input      9 Bit        Muxes := 2     
	   2 Input      4 Bit        Muxes := 1     
	   2 Input      1 Bit        Muxes := 4     
Module axi_protocol_converter_v2_1_16_b2s_wrap_cmd__1 
Detailed RTL Component Info : 
+---Adders : 
	   2 Input     12 Bit       Adders := 1     
	   2 Input      5 Bit       Adders := 1     
	   2 Input      4 Bit       Adders := 2     
+---Registers : 
	               12 Bit    Registers := 2     
	                5 Bit    Registers := 1     
	                4 Bit    Registers := 3     
	                1 Bit    Registers := 2     
+---Muxes : 
	   2 Input     32 Bit        Muxes := 1     
	   2 Input     12 Bit        Muxes := 2     
	   2 Input      5 Bit        Muxes := 2     
	   2 Input      4 Bit        Muxes := 8     
	   2 Input      1 Bit        Muxes := 4     
Module axi_protocol_converter_v2_1_16_b2s_cmd_translator__1 
Detailed RTL Component Info : 
+---Registers : 
	                1 Bit    Registers := 3     
+---Muxes : 
	   2 Input     32 Bit        Muxes := 2     
	   2 Input      1 Bit        Muxes := 4     
Module axi_protocol_converter_v2_1_16_b2s_rd_cmd_fsm 
Detailed RTL Component Info : 
+---Muxes : 
	   4 Input      2 Bit        Muxes := 1     
	   2 Input      2 Bit        Muxes := 4     
	   5 Input      2 Bit        Muxes := 1     
	   2 Input      1 Bit        Muxes := 2     
Module axi_protocol_converter_v2_1_16_b2s_ar_channel 
Detailed RTL Component Info : 
+---Registers : 
	               12 Bit    Registers := 1     
Module axi_protocol_converter_v2_1_16_b2s_simple_fifo__parameterized1 
Detailed RTL Component Info : 
+---Adders : 
	   2 Input      5 Bit       Adders := 2     
+---Registers : 
	                5 Bit    Registers := 1     
+---Muxes : 
	   2 Input      5 Bit        Muxes := 2     
Module axi_protocol_converter_v2_1_16_b2s_simple_fifo__parameterized2 
Detailed RTL Component Info : 
+---Adders : 
	   2 Input      5 Bit       Adders := 1     
+---Registers : 
	                5 Bit    Registers := 1     
+---Muxes : 
	   2 Input      2 Bit        Muxes := 1     
Module axi_protocol_converter_v2_1_16_b2s_r_channel 
Detailed RTL Component Info : 
+---Registers : 
	               12 Bit    Registers := 1     
	                1 Bit    Registers := 2     
Module axi_register_slice_v2_1_16_axic_register_slice__1 
Detailed RTL Component Info : 
+---Registers : 
	               66 Bit    Registers := 2     
	                2 Bit    Registers := 1     
	                1 Bit    Registers := 2     
+---Muxes : 
	   2 Input     66 Bit        Muxes := 2     
Module axi_register_slice_v2_1_16_axic_register_slice__parameterized1 
Detailed RTL Component Info : 
+---Registers : 
	               14 Bit    Registers := 2     
	                2 Bit    Registers := 1     
	                1 Bit    Registers := 2     
+---Muxes : 
	   2 Input     14 Bit        Muxes := 2     
Module axi_register_slice_v2_1_16_axic_register_slice 
Detailed RTL Component Info : 
+---Registers : 
	               66 Bit    Registers := 2     
	                2 Bit    Registers := 1     
	                1 Bit    Registers := 2     
+---Muxes : 
	   2 Input     66 Bit        Muxes := 2     
Module axi_register_slice_v2_1_16_axic_register_slice__parameterized2 
Detailed RTL Component Info : 
+---Registers : 
	               47 Bit    Registers := 2     
	                2 Bit    Registers := 1     
	                1 Bit    Registers := 2     
+---Muxes : 
	   2 Input     47 Bit        Muxes := 2     
Module axi_protocol_converter_v2_1_16_b2s 
Detailed RTL Component Info : 
+---Registers : 
	                1 Bit    Registers := 1     
Module lpf 
Detailed RTL Component Info : 
+---Registers : 
	                1 Bit    Registers := 3     
Module upcnt_n 
Detailed RTL Component Info : 
+---Adders : 
	   2 Input      6 Bit       Adders := 1     
+---Registers : 
	                6 Bit    Registers := 1     
+---Muxes : 
	   2 Input      6 Bit        Muxes := 1     
	   2 Input      1 Bit        Muxes := 1     
Module sequence_psr 
Detailed RTL Component Info : 
+---Registers : 
	                3 Bit    Registers := 3     
	                1 Bit    Registers := 5     
---------------------------------------------------------------------------------
Finished RTL Hierarchical Component Statistics
---------------------------------------------------------------------------------
---------------------------------------------------------------------------------
Start Part Resource Summary
---------------------------------------------------------------------------------
Part Resources:
DSPs: 220 (col length:60)
BRAMs: 280 (col length: RAMB18 60 RAMB36 30)
---------------------------------------------------------------------------------
Finished Part Resource Summary
---------------------------------------------------------------------------------
---------------------------------------------------------------------------------
Start Cross Boundary and Area Optimization
---------------------------------------------------------------------------------
Warning: Parallel synthesis criteria is not met 
INFO: [Synth 8-3936] Found unconnected internal register 'inst/gen_axilite.gen_b2s_conv.axilite_b2s/SI_REG/aw.aw_pipe/m_payload_i_reg' and it is trimmed from '66' to '62' bits. [c:/Users/hrish/Downloads/ReRAM_Thesis/Project Folder/ReRam_Redefined/ReRam_Redefined.srcs/sources_1/bd/ReRamSpm/ipshared/0cde/hdl/axi_register_slice_v2_1_vl_rfs.v:422]
INFO: [Synth 8-3936] Found unconnected internal register 'inst/gen_axilite.gen_b2s_conv.axilite_b2s/SI_REG/ar.ar_pipe/m_payload_i_reg' and it is trimmed from '66' to '62' bits. [c:/Users/hrish/Downloads/ReRAM_Thesis/Project Folder/ReRam_Redefined/ReRam_Redefined.srcs/sources_1/bd/ReRamSpm/ipshared/0cde/hdl/axi_register_slice_v2_1_vl_rfs.v:422]
INFO: [Synth 8-3886] merging instance 'reram_word_array_simple:/cell_instances[0].cell_inst/target_delay_reg[2]' (FDCE) to 'reram_word_array_simple:/cell_instances[0].cell_inst/target_delay_reg[4]'
INFO: [Synth 8-3886] merging instance 'reram_word_array_simple:/cell_instances[0].cell_inst/target_delay_reg[4]' (FDCE) to 'reram_word_array_simple:/cell_instances[0].cell_inst/target_delay_reg[5]'
INFO: [Synth 8-3886] merging instance 'reram_word_array_simple:/cell_instances[0].cell_inst/target_delay_reg[5]' (FDCE) to 'reram_word_array_simple:/cell_instances[0].cell_inst/target_delay_reg[6]'
INFO: [Synth 8-3886] merging instance 'reram_word_array_simple:/cell_instances[0].cell_inst/target_delay_reg[6]' (FDCE) to 'reram_word_array_simple:/cell_instances[0].cell_inst/target_delay_reg[7]'
INFO: [Synth 8-3886] merging instance 'reram_word_array_simple:/cell_instances[0].cell_inst/target_delay_reg[7]' (FDCE) to 'reram_word_array_simple:/cell_instances[0].cell_inst/target_delay_reg[8]'
INFO: [Synth 8-3886] merging instance 'reram_word_array_simple:/cell_instances[0].cell_inst/target_delay_reg[8]' (FDCE) to 'reram_word_array_simple:/cell_instances[0].cell_inst/target_delay_reg[9]'
INFO: [Synth 8-3886] merging instance 'reram_word_array_simple:/cell_instances[0].cell_inst/target_delay_reg[9]' (FDCE) to 'reram_word_array_simple:/cell_instances[0].cell_inst/target_delay_reg[10]'
INFO: [Synth 8-3886] merging instance 'reram_word_array_simple:/cell_instances[0].cell_inst/target_delay_reg[10]' (FDCE) to 'reram_word_array_simple:/cell_instances[0].cell_inst/target_delay_reg[11]'
INFO: [Synth 8-3886] merging instance 'reram_word_array_simple:/cell_instances[0].cell_inst/target_delay_reg[11]' (FDCE) to 'reram_word_array_simple:/cell_instances[0].cell_inst/target_delay_reg[12]'
INFO: [Synth 8-3886] merging instance 'reram_word_array_simple:/cell_instances[0].cell_inst/target_delay_reg[12]' (FDCE) to 'reram_word_array_simple:/cell_instances[0].cell_inst/target_delay_reg[13]'
INFO: [Synth 8-3886] merging instance 'reram_word_array_simple:/cell_instances[0].cell_inst/target_delay_reg[13]' (FDCE) to 'reram_word_array_simple:/cell_instances[0].cell_inst/target_delay_reg[14]'
INFO: [Synth 8-3886] merging instance 'reram_word_array_simple:/cell_instances[0].cell_inst/target_delay_reg[14]' (FDCE) to 'reram_word_array_simple:/cell_instances[0].cell_inst/target_delay_reg[15]'
INFO: [Synth 8-3886] merging instance 'reram_word_array_simple:/cell_instances[0].cell_inst/target_delay_reg[15]' (FDCE) to 'reram_word_array_simple:/cell_instances[0].cell_inst/target_delay_reg[16]'
INFO: [Synth 8-3886] merging instance 'reram_word_array_simple:/cell_instances[0].cell_inst/target_delay_reg[16]' (FDCE) to 'reram_word_array_simple:/cell_instances[0].cell_inst/target_delay_reg[17]'
INFO: [Synth 8-3886] merging instance 'reram_word_array_simple:/cell_instances[0].cell_inst/target_delay_reg[17]' (FDCE) to 'reram_word_array_simple:/cell_instances[0].cell_inst/target_delay_reg[18]'
INFO: [Synth 8-3886] merging instance 'reram_word_array_simple:/cell_instances[0].cell_inst/target_delay_reg[18]' (FDCE) to 'reram_word_array_simple:/cell_instances[0].cell_inst/target_delay_reg[19]'
INFO: [Synth 8-3886] merging instance 'reram_word_array_simple:/cell_instances[0].cell_inst/target_delay_reg[19]' (FDCE) to 'reram_word_array_simple:/cell_instances[0].cell_inst/target_delay_reg[20]'
INFO: [Synth 8-3886] merging instance 'reram_word_array_simple:/cell_instances[0].cell_inst/target_delay_reg[20]' (FDCE) to 'reram_word_array_simple:/cell_instances[0].cell_inst/target_delay_reg[21]'
INFO: [Synth 8-3886] merging instance 'reram_word_array_simple:/cell_instances[0].cell_inst/target_delay_reg[21]' (FDCE) to 'reram_word_array_simple:/cell_instances[0].cell_inst/target_delay_reg[22]'
INFO: [Synth 8-3886] merging instance 'reram_word_array_simple:/cell_instances[0].cell_inst/target_delay_reg[22]' (FDCE) to 'reram_word_array_simple:/cell_instances[0].cell_inst/target_delay_reg[23]'
INFO: [Synth 8-3886] merging instance 'reram_word_array_simple:/cell_instances[0].cell_inst/target_delay_reg[23]' (FDCE) to 'reram_word_array_simple:/cell_instances[0].cell_inst/target_delay_reg[24]'
INFO: [Synth 8-3886] merging instance 'reram_word_array_simple:/cell_instances[0].cell_inst/target_delay_reg[24]' (FDCE) to 'reram_word_array_simple:/cell_instances[0].cell_inst/target_delay_reg[25]'
INFO: [Synth 8-3886] merging instance 'reram_word_array_simple:/cell_instances[0].cell_inst/target_delay_reg[25]' (FDCE) to 'reram_word_array_simple:/cell_instances[0].cell_inst/target_delay_reg[26]'
INFO: [Synth 8-3886] merging instance 'reram_word_array_simple:/cell_instances[0].cell_inst/target_delay_reg[26]' (FDCE) to 'reram_word_array_simple:/cell_instances[0].cell_inst/target_delay_reg[27]'
INFO: [Synth 8-3886] merging instance 'reram_word_array_simple:/cell_instances[0].cell_inst/target_delay_reg[27]' (FDCE) to 'reram_word_array_simple:/cell_instances[0].cell_inst/target_delay_reg[28]'
INFO: [Synth 8-3886] merging instance 'reram_word_array_simple:/cell_instances[0].cell_inst/target_delay_reg[28]' (FDCE) to 'reram_word_array_simple:/cell_instances[0].cell_inst/target_delay_reg[29]'
INFO: [Synth 8-3886] merging instance 'reram_word_array_simple:/cell_instances[0].cell_inst/target_delay_reg[29]' (FDCE) to 'reram_word_array_simple:/cell_instances[0].cell_inst/target_delay_reg[30]'
INFO: [Synth 8-3886] merging instance 'reram_word_array_simple:/cell_instances[0].cell_inst/target_delay_reg[30]' (FDCE) to 'reram_word_array_simple:/cell_instances[0].cell_inst/target_delay_reg[31]'
INFO: [Synth 8-3333] propagating constant 0 across sequential element (reram_word_array_simple:/\cell_instances[0].cell_inst /\target_delay_reg[31] )
INFO: [Synth 8-3886] merging instance 'reram_word_array_simple:/cell_instances[1].cell_inst/target_delay_reg[2]' (FDCE) to 'reram_word_array_simple:/cell_instances[1].cell_inst/target_delay_reg[4]'
INFO: [Synth 8-3886] merging instance 'reram_word_array_simple:/cell_instances[1].cell_inst/target_delay_reg[4]' (FDCE) to 'reram_word_array_simple:/cell_instances[1].cell_inst/target_delay_reg[5]'
INFO: [Synth 8-3886] merging instance 'reram_word_array_simple:/cell_instances[1].cell_inst/target_delay_reg[5]' (FDCE) to 'reram_word_array_simple:/cell_instances[1].cell_inst/target_delay_reg[6]'
INFO: [Synth 8-3886] merging instance 'reram_word_array_simple:/cell_instances[1].cell_inst/target_delay_reg[6]' (FDCE) to 'reram_word_array_simple:/cell_instances[1].cell_inst/target_delay_reg[7]'
INFO: [Synth 8-3886] merging instance 'reram_word_array_simple:/cell_instances[1].cell_inst/target_delay_reg[7]' (FDCE) to 'reram_word_array_simple:/cell_instances[1].cell_inst/target_delay_reg[8]'
INFO: [Synth 8-3886] merging instance 'reram_word_array_simple:/cell_instances[1].cell_inst/target_delay_reg[8]' (FDCE) to 'reram_word_array_simple:/cell_instances[1].cell_inst/target_delay_reg[9]'
INFO: [Synth 8-3886] merging instance 'reram_word_array_simple:/cell_instances[1].cell_inst/target_delay_reg[9]' (FDCE) to 'reram_word_array_simple:/cell_instances[1].cell_inst/target_delay_reg[10]'
INFO: [Synth 8-3886] merging instance 'reram_word_array_simple:/cell_instances[1].cell_inst/target_delay_reg[10]' (FDCE) to 'reram_word_array_simple:/cell_instances[1].cell_inst/target_delay_reg[11]'
INFO: [Synth 8-3886] merging instance 'reram_word_array_simple:/cell_instances[1].cell_inst/target_delay_reg[11]' (FDCE) to 'reram_word_array_simple:/cell_instances[1].cell_inst/target_delay_reg[12]'
INFO: [Synth 8-3886] merging instance 'reram_word_array_simple:/cell_instances[1].cell_inst/target_delay_reg[12]' (FDCE) to 'reram_word_array_simple:/cell_instances[1].cell_inst/target_delay_reg[13]'
INFO: [Synth 8-3886] merging instance 'reram_word_array_simple:/cell_instances[1].cell_inst/target_delay_reg[13]' (FDCE) to 'reram_word_array_simple:/cell_instances[1].cell_inst/target_delay_reg[14]'
INFO: [Synth 8-3886] merging instance 'reram_word_array_simple:/cell_instances[1].cell_inst/target_delay_reg[14]' (FDCE) to 'reram_word_array_simple:/cell_instances[1].cell_inst/target_delay_reg[15]'
INFO: [Synth 8-3886] merging instance 'reram_word_array_simple:/cell_instances[1].cell_inst/target_delay_reg[15]' (FDCE) to 'reram_word_array_simple:/cell_instances[1].cell_inst/target_delay_reg[16]'
INFO: [Synth 8-3886] merging instance 'reram_word_array_simple:/cell_instances[1].cell_inst/target_delay_reg[16]' (FDCE) to 'reram_word_array_simple:/cell_instances[1].cell_inst/target_delay_reg[17]'
INFO: [Synth 8-3886] merging instance 'reram_word_array_simple:/cell_instances[1].cell_inst/target_delay_reg[17]' (FDCE) to 'reram_word_array_simple:/cell_instances[1].cell_inst/target_delay_reg[18]'
INFO: [Synth 8-3886] merging instance 'reram_word_array_simple:/cell_instances[1].cell_inst/target_delay_reg[18]' (FDCE) to 'reram_word_array_simple:/cell_instances[1].cell_inst/target_delay_reg[19]'
INFO: [Synth 8-3886] merging instance 'reram_word_array_simple:/cell_instances[1].cell_inst/target_delay_reg[19]' (FDCE) to 'reram_word_array_simple:/cell_instances[1].cell_inst/target_delay_reg[20]'
INFO: [Synth 8-3886] merging instance 'reram_word_array_simple:/cell_instances[1].cell_inst/target_delay_reg[20]' (FDCE) to 'reram_word_array_simple:/cell_instances[1].cell_inst/target_delay_reg[21]'
INFO: [Synth 8-3886] merging instance 'reram_word_array_simple:/cell_instances[1].cell_inst/target_delay_reg[21]' (FDCE) to 'reram_word_array_simple:/cell_instances[1].cell_inst/target_delay_reg[22]'
INFO: [Synth 8-3886] merging instance 'reram_word_array_simple:/cell_instances[1].cell_inst/target_delay_reg[22]' (FDCE) to 'reram_word_array_simple:/cell_instances[1].cell_inst/target_delay_reg[23]'
INFO: [Synth 8-3886] merging instance 'reram_word_array_simple:/cell_instances[1].cell_inst/target_delay_reg[23]' (FDCE) to 'reram_word_array_simple:/cell_instances[1].cell_inst/target_delay_reg[24]'
INFO: [Synth 8-3886] merging instance 'reram_word_array_simple:/cell_instances[1].cell_inst/target_delay_reg[24]' (FDCE) to 'reram_word_array_simple:/cell_instances[1].cell_inst/target_delay_reg[25]'
INFO: [Synth 8-3886] merging instance 'reram_word_array_simple:/cell_instances[1].cell_inst/target_delay_reg[25]' (FDCE) to 'reram_word_array_simple:/cell_instances[1].cell_inst/target_delay_reg[26]'
INFO: [Synth 8-3886] merging instance 'reram_word_array_simple:/cell_instances[1].cell_inst/target_delay_reg[26]' (FDCE) to 'reram_word_array_simple:/cell_instances[1].cell_inst/target_delay_reg[27]'
INFO: [Synth 8-3886] merging instance 'reram_word_array_simple:/cell_instances[1].cell_inst/target_delay_reg[27]' (FDCE) to 'reram_word_array_simple:/cell_instances[1].cell_inst/target_delay_reg[28]'
INFO: [Synth 8-3886] merging instance 'reram_word_array_simple:/cell_instances[1].cell_inst/target_delay_reg[28]' (FDCE) to 'reram_word_array_simple:/cell_instances[1].cell_inst/target_delay_reg[29]'
INFO: [Synth 8-3886] merging instance 'reram_word_array_simple:/cell_instances[1].cell_inst/target_delay_reg[29]' (FDCE) to 'reram_word_array_simple:/cell_instances[1].cell_inst/target_delay_reg[30]'
INFO: [Synth 8-3886] merging instance 'reram_word_array_simple:/cell_instances[1].cell_inst/target_delay_reg[30]' (FDCE) to 'reram_word_array_simple:/cell_instances[1].cell_inst/target_delay_reg[31]'
INFO: [Synth 8-3333] propagating constant 0 across sequential element (reram_word_array_simple:/\cell_instances[1].cell_inst /\target_delay_reg[31] )
INFO: [Synth 8-3886] merging instance 'reram_word_array_simple:/cell_instances[2].cell_inst/target_delay_reg[2]' (FDCE) to 'reram_word_array_simple:/cell_instances[2].cell_inst/target_delay_reg[4]'
INFO: [Synth 8-3886] merging instance 'reram_word_array_simple:/cell_instances[2].cell_inst/target_delay_reg[4]' (FDCE) to 'reram_word_array_simple:/cell_instances[2].cell_inst/target_delay_reg[5]'
INFO: [Synth 8-3886] merging instance 'reram_word_array_simple:/cell_instances[2].cell_inst/target_delay_reg[5]' (FDCE) to 'reram_word_array_simple:/cell_instances[2].cell_inst/target_delay_reg[6]'
INFO: [Synth 8-3886] merging instance 'reram_word_array_simple:/cell_instances[2].cell_inst/target_delay_reg[6]' (FDCE) to 'reram_word_array_simple:/cell_instances[2].cell_inst/target_delay_reg[7]'
INFO: [Synth 8-3886] merging instance 'reram_word_array_simple:/cell_instances[2].cell_inst/target_delay_reg[7]' (FDCE) to 'reram_word_array_simple:/cell_instances[2].cell_inst/target_delay_reg[8]'
INFO: [Synth 8-3886] merging instance 'reram_word_array_simple:/cell_instances[2].cell_inst/target_delay_reg[8]' (FDCE) to 'reram_word_array_simple:/cell_instances[2].cell_inst/target_delay_reg[9]'
INFO: [Synth 8-3886] merging instance 'reram_word_array_simple:/cell_instances[2].cell_inst/target_delay_reg[9]' (FDCE) to 'reram_word_array_simple:/cell_instances[2].cell_inst/target_delay_reg[10]'
INFO: [Synth 8-3886] merging instance 'reram_word_array_simple:/cell_instances[2].cell_inst/target_delay_reg[10]' (FDCE) to 'reram_word_array_simple:/cell_instances[2].cell_inst/target_delay_reg[11]'
INFO: [Synth 8-3886] merging instance 'reram_word_array_simple:/cell_instances[2].cell_inst/target_delay_reg[11]' (FDCE) to 'reram_word_array_simple:/cell_instances[2].cell_inst/target_delay_reg[12]'
INFO: [Synth 8-3886] merging instance 'reram_word_array_simple:/cell_instances[2].cell_inst/target_delay_reg[12]' (FDCE) to 'reram_word_array_simple:/cell_instances[2].cell_inst/target_delay_reg[13]'
INFO: [Synth 8-3886] merging instance 'reram_word_array_simple:/cell_instances[2].cell_inst/target_delay_reg[13]' (FDCE) to 'reram_word_array_simple:/cell_instances[2].cell_inst/target_delay_reg[14]'
INFO: [Synth 8-3886] merging instance 'reram_word_array_simple:/cell_instances[2].cell_inst/target_delay_reg[14]' (FDCE) to 'reram_word_array_simple:/cell_instances[2].cell_inst/target_delay_reg[15]'
INFO: [Synth 8-3886] merging instance 'reram_word_array_simple:/cell_instances[2].cell_inst/target_delay_reg[15]' (FDCE) to 'reram_word_array_simple:/cell_instances[2].cell_inst/target_delay_reg[16]'
INFO: [Synth 8-3886] merging instance 'reram_word_array_simple:/cell_instances[2].cell_inst/target_delay_reg[16]' (FDCE) to 'reram_word_array_simple:/cell_instances[2].cell_inst/target_delay_reg[17]'
INFO: [Synth 8-3886] merging instance 'reram_word_array_simple:/cell_instances[2].cell_inst/target_delay_reg[17]' (FDCE) to 'reram_word_array_simple:/cell_instances[2].cell_inst/target_delay_reg[18]'
INFO: [Synth 8-3886] merging instance 'reram_word_array_simple:/cell_instances[2].cell_inst/target_delay_reg[18]' (FDCE) to 'reram_word_array_simple:/cell_instances[2].cell_inst/target_delay_reg[19]'
INFO: [Synth 8-3886] merging instance 'reram_word_array_simple:/cell_instances[2].cell_inst/target_delay_reg[19]' (FDCE) to 'reram_word_array_simple:/cell_instances[2].cell_inst/target_delay_reg[20]'
INFO: [Synth 8-3886] merging instance 'reram_word_array_simple:/cell_instances[2].cell_inst/target_delay_reg[20]' (FDCE) to 'reram_word_array_simple:/cell_instances[2].cell_inst/target_delay_reg[21]'
INFO: [Synth 8-3886] merging instance 'reram_word_array_simple:/cell_instances[2].cell_inst/target_delay_reg[21]' (FDCE) to 'reram_word_array_simple:/cell_instances[2].cell_inst/target_delay_reg[22]'
INFO: [Synth 8-3886] merging instance 'reram_word_array_simple:/cell_instances[2].cell_inst/target_delay_reg[22]' (FDCE) to 'reram_word_array_simple:/cell_instances[2].cell_inst/target_delay_reg[23]'
INFO: [Synth 8-3886] merging instance 'reram_word_array_simple:/cell_instances[2].cell_inst/target_delay_reg[23]' (FDCE) to 'reram_word_array_simple:/cell_instances[2].cell_inst/target_delay_reg[24]'
INFO: [Synth 8-3886] merging instance 'reram_word_array_simple:/cell_instances[2].cell_inst/target_delay_reg[24]' (FDCE) to 'reram_word_array_simple:/cell_instances[2].cell_inst/target_delay_reg[25]'
INFO: [Synth 8-3886] merging instance 'reram_word_array_simple:/cell_instances[2].cell_inst/target_delay_reg[25]' (FDCE) to 'reram_word_array_simple:/cell_instances[2].cell_inst/target_delay_reg[26]'
INFO: [Synth 8-3886] merging instance 'reram_word_array_simple:/cell_instances[2].cell_inst/target_delay_reg[26]' (FDCE) to 'reram_word_array_simple:/cell_instances[2].cell_inst/target_delay_reg[27]'
INFO: [Synth 8-3886] merging instance 'reram_word_array_simple:/cell_instances[2].cell_inst/target_delay_reg[27]' (FDCE) to 'reram_word_array_simple:/cell_instances[2].cell_inst/target_delay_reg[28]'
INFO: [Synth 8-3886] merging instance 'reram_word_array_simple:/cell_instances[2].cell_inst/target_delay_reg[28]' (FDCE) to 'reram_word_array_simple:/cell_instances[2].cell_inst/target_delay_reg[29]'
INFO: [Synth 8-3886] merging instance 'reram_word_array_simple:/cell_instances[2].cell_inst/target_delay_reg[29]' (FDCE) to 'reram_word_array_simple:/cell_instances[2].cell_inst/target_delay_reg[30]'
INFO: [Synth 8-3886] merging instance 'reram_word_array_simple:/cell_instances[2].cell_inst/target_delay_reg[30]' (FDCE) to 'reram_word_array_simple:/cell_instances[2].cell_inst/target_delay_reg[31]'
INFO: [Synth 8-3333] propagating constant 0 across sequential element (reram_word_array_simple:/\cell_instances[2].cell_inst /\target_delay_reg[31] )
INFO: [Synth 8-3886] merging instance 'reram_word_array_simple:/cell_instances[3].cell_inst/target_delay_reg[2]' (FDCE) to 'reram_word_array_simple:/cell_instances[3].cell_inst/target_delay_reg[4]'
INFO: [Synth 8-3886] merging instance 'reram_word_array_simple:/cell_instances[3].cell_inst/target_delay_reg[4]' (FDCE) to 'reram_word_array_simple:/cell_instances[3].cell_inst/target_delay_reg[5]'
INFO: [Synth 8-3886] merging instance 'reram_word_array_simple:/cell_instances[3].cell_inst/target_delay_reg[5]' (FDCE) to 'reram_word_array_simple:/cell_instances[3].cell_inst/target_delay_reg[6]'
INFO: [Synth 8-3886] merging instance 'reram_word_array_simple:/cell_instances[3].cell_inst/target_delay_reg[6]' (FDCE) to 'reram_word_array_simple:/cell_instances[3].cell_inst/target_delay_reg[7]'
INFO: [Synth 8-3886] merging instance 'reram_word_array_simple:/cell_instances[3].cell_inst/target_delay_reg[7]' (FDCE) to 'reram_word_array_simple:/cell_instances[3].cell_inst/target_delay_reg[8]'
INFO: [Synth 8-3886] merging instance 'reram_word_array_simple:/cell_instances[3].cell_inst/target_delay_reg[8]' (FDCE) to 'reram_word_array_simple:/cell_instances[3].cell_inst/target_delay_reg[9]'
INFO: [Synth 8-3886] merging instance 'reram_word_array_simple:/cell_instances[3].cell_inst/target_delay_reg[9]' (FDCE) to 'reram_word_array_simple:/cell_instances[3].cell_inst/target_delay_reg[10]'
INFO: [Synth 8-3886] merging instance 'reram_word_array_simple:/cell_instances[3].cell_inst/target_delay_reg[10]' (FDCE) to 'reram_word_array_simple:/cell_instances[3].cell_inst/target_delay_reg[11]'
INFO: [Synth 8-3886] merging instance 'reram_word_array_simple:/cell_instances[3].cell_inst/target_delay_reg[11]' (FDCE) to 'reram_word_array_simple:/cell_instances[3].cell_inst/target_delay_reg[12]'
INFO: [Synth 8-3886] merging instance 'reram_word_array_simple:/cell_instances[3].cell_inst/target_delay_reg[12]' (FDCE) to 'reram_word_array_simple:/cell_instances[3].cell_inst/target_delay_reg[13]'
INFO: [Synth 8-3886] merging instance 'reram_word_array_simple:/cell_instances[3].cell_inst/target_delay_reg[13]' (FDCE) to 'reram_word_array_simple:/cell_instances[3].cell_inst/target_delay_reg[14]'
INFO: [Synth 8-3886] merging instance 'reram_word_array_simple:/cell_instances[3].cell_inst/target_delay_reg[14]' (FDCE) to 'reram_word_array_simple:/cell_instances[3].cell_inst/target_delay_reg[15]'
INFO: [Synth 8-3886] merging instance 'reram_word_array_simple:/cell_instances[3].cell_inst/target_delay_reg[15]' (FDCE) to 'reram_word_array_simple:/cell_instances[3].cell_inst/target_delay_reg[16]'
INFO: [Synth 8-3886] merging instance 'reram_word_array_simple:/cell_instances[3].cell_inst/target_delay_reg[16]' (FDCE) to 'reram_word_array_simple:/cell_instances[3].cell_inst/target_delay_reg[17]'
INFO: [Synth 8-3886] merging instance 'reram_word_array_simple:/cell_instances[3].cell_inst/target_delay_reg[17]' (FDCE) to 'reram_word_array_simple:/cell_instances[3].cell_inst/target_delay_reg[18]'
INFO: [Synth 8-3886] merging instance 'reram_word_array_simple:/cell_instances[3].cell_inst/target_delay_reg[18]' (FDCE) to 'reram_word_array_simple:/cell_instances[3].cell_inst/target_delay_reg[19]'
INFO: [Common 17-14] Message 'Synth 8-3886' appears 100 times and further instances of the messages will be disabled. Use the Tcl command set_msg_config to change the current settings.
INFO: [Synth 8-3333] propagating constant 0 across sequential element (reram_word_array_simple:/\cell_instances[3].cell_inst /\target_delay_reg[31] )
INFO: [Synth 8-3333] propagating constant 0 across sequential element (reram_word_array_simple:/\cell_instances[4].cell_inst /\target_delay_reg[31] )
INFO: [Synth 8-3333] propagating constant 0 across sequential element (reram_word_array_simple:/\cell_instances[5].cell_inst /\target_delay_reg[31] )
INFO: [Synth 8-3333] propagating constant 0 across sequential element (reram_word_array_simple:/\cell_instances[6].cell_inst /\target_delay_reg[31] )
INFO: [Synth 8-3333] propagating constant 0 across sequential element (reram_word_array_simple:/\cell_instances[7].cell_inst /\target_delay_reg[31] )
INFO: [Synth 8-3333] propagating constant 0 across sequential element (reram_word_array_simple:/\cell_instances[8].cell_inst /\target_delay_reg[31] )
INFO: [Synth 8-3333] propagating constant 0 across sequential element (reram_word_array_simple:/\cell_instances[9].cell_inst /\target_delay_reg[31] )
INFO: [Synth 8-3333] propagating constant 0 across sequential element (reram_word_array_simple:/\cell_instances[10].cell_inst /\target_delay_reg[31] )
INFO: [Synth 8-3333] propagating constant 0 across sequential element (reram_word_array_simple:/\cell_instances[11].cell_inst /\target_delay_reg[31] )
INFO: [Synth 8-3333] propagating constant 0 across sequential element (reram_word_array_simple:/\cell_instances[12].cell_inst /\target_delay_reg[31] )
INFO: [Synth 8-3333] propagating constant 0 across sequential element (reram_word_array_simple:/\cell_instances[13].cell_inst /\target_delay_reg[31] )
INFO: [Synth 8-3333] propagating constant 0 across sequential element (reram_word_array_simple:/\cell_instances[14].cell_inst /\target_delay_reg[31] )
INFO: [Synth 8-3333] propagating constant 0 across sequential element (reram_word_array_simple:/\cell_instances[15].cell_inst /\target_delay_reg[31] )
INFO: [Synth 8-3333] propagating constant 0 across sequential element (reram_word_array_simple:/\cell_instances[16].cell_inst /\target_delay_reg[31] )
INFO: [Synth 8-3333] propagating constant 0 across sequential element (reram_word_array_simple:/\cell_instances[17].cell_inst /\target_delay_reg[31] )
INFO: [Synth 8-3333] propagating constant 0 across sequential element (reram_word_array_simple:/\cell_instances[18].cell_inst /\target_delay_reg[31] )
INFO: [Synth 8-3333] propagating constant 0 across sequential element (reram_word_array_simple:/\cell_instances[19].cell_inst /\target_delay_reg[31] )
INFO: [Synth 8-3333] propagating constant 0 across sequential element (reram_word_array_simple:/\cell_instances[20].cell_inst /\target_delay_reg[31] )
INFO: [Synth 8-3333] propagating constant 0 across sequential element (reram_word_array_simple:/\cell_instances[21].cell_inst /\target_delay_reg[31] )
INFO: [Synth 8-3333] propagating constant 0 across sequential element (reram_word_array_simple:/\cell_instances[22].cell_inst /\target_delay_reg[31] )
INFO: [Synth 8-3333] propagating constant 0 across sequential element (reram_word_array_simple:/\cell_instances[23].cell_inst /\target_delay_reg[31] )
INFO: [Synth 8-3333] propagating constant 0 across sequential element (reram_word_array_simple:/\cell_instances[24].cell_inst /\target_delay_reg[31] )
INFO: [Synth 8-3333] propagating constant 0 across sequential element (reram_word_array_simple:/\cell_instances[25].cell_inst /\target_delay_reg[31] )
INFO: [Synth 8-3333] propagating constant 0 across sequential element (reram_word_array_simple:/\cell_instances[26].cell_inst /\target_delay_reg[31] )
INFO: [Synth 8-3333] propagating constant 0 across sequential element (reram_word_array_simple:/\cell_instances[27].cell_inst /\target_delay_reg[31] )
INFO: [Synth 8-3333] propagating constant 0 across sequential element (reram_word_array_simple:/\cell_instances[28].cell_inst /\target_delay_reg[31] )
INFO: [Synth 8-3333] propagating constant 0 across sequential element (reram_word_array_simple:/\cell_instances[29].cell_inst /\target_delay_reg[31] )
INFO: [Synth 8-3333] propagating constant 0 across sequential element (reram_word_array_simple:/\cell_instances[30].cell_inst /\target_delay_reg[31] )
INFO: [Synth 8-3333] propagating constant 0 across sequential element (reram_word_array_simple:/\cell_instances[31].cell_inst /\target_delay_reg[31] )
WARNING: [Synth 8-3332] Sequential element (target_delay_reg[31]) is unused and will be removed from module reram_cell_simple__1.
WARNING: [Synth 8-3332] Sequential element (target_delay_reg[31]) is unused and will be removed from module reram_cell_simple__2.
WARNING: [Synth 8-3332] Sequential element (target_delay_reg[31]) is unused and will be removed from module reram_cell_simple__3.
WARNING: [Synth 8-3332] Sequential element (target_delay_reg[31]) is unused and will be removed from module reram_cell_simple__4.
WARNING: [Synth 8-3332] Sequential element (target_delay_reg[31]) is unused and will be removed from module reram_cell_simple__5.
WARNING: [Synth 8-3332] Sequential element (target_delay_reg[31]) is unused and will be removed from module reram_cell_simple__6.
WARNING: [Synth 8-3332] Sequential element (target_delay_reg[31]) is unused and will be removed from module reram_cell_simple__7.
WARNING: [Synth 8-3332] Sequential element (target_delay_reg[31]) is unused and will be removed from module reram_cell_simple__8.
WARNING: [Synth 8-3332] Sequential element (target_delay_reg[31]) is unused and will be removed from module reram_cell_simple__9.
WARNING: [Synth 8-3332] Sequential element (target_delay_reg[31]) is unused and will be removed from module reram_cell_simple__10.
WARNING: [Synth 8-3332] Sequential element (target_delay_reg[31]) is unused and will be removed from module reram_cell_simple__11.
WARNING: [Synth 8-3332] Sequential element (target_delay_reg[31]) is unused and will be removed from module reram_cell_simple__12.
WARNING: [Synth 8-3332] Sequential element (target_delay_reg[31]) is unused and will be removed from module reram_cell_simple__13.
WARNING: [Synth 8-3332] Sequential element (target_delay_reg[31]) is unused and will be removed from module reram_cell_simple__14.
WARNING: [Synth 8-3332] Sequential element (target_delay_reg[31]) is unused and will be removed from module reram_cell_simple__15.
WARNING: [Synth 8-3332] Sequential element (target_delay_reg[31]) is unused and will be removed from module reram_cell_simple__16.
WARNING: [Synth 8-3332] Sequential element (target_delay_reg[31]) is unused and will be removed from module reram_cell_simple__17.
WARNING: [Synth 8-3332] Sequential element (target_delay_reg[31]) is unused and will be removed from module reram_cell_simple__18.
WARNING: [Synth 8-3332] Sequential element (target_delay_reg[31]) is unused and will be removed from module reram_cell_simple__19.
WARNING: [Synth 8-3332] Sequential element (target_delay_reg[31]) is unused and will be removed from module reram_cell_simple__20.
WARNING: [Synth 8-3332] Sequential element (target_delay_reg[31]) is unused and will be removed from module reram_cell_simple__21.
WARNING: [Synth 8-3332] Sequential element (target_delay_reg[31]) is unused and will be removed from module reram_cell_simple__22.
WARNING: [Synth 8-3332] Sequential element (target_delay_reg[31]) is unused and will be removed from module reram_cell_simple__23.
WARNING: [Synth 8-3332] Sequential element (target_delay_reg[31]) is unused and will be removed from module reram_cell_simple__24.
WARNING: [Synth 8-3332] Sequential element (target_delay_reg[31]) is unused and will be removed from module reram_cell_simple__25.
WARNING: [Synth 8-3332] Sequential element (target_delay_reg[31]) is unused and will be removed from module reram_cell_simple__26.
WARNING: [Synth 8-3332] Sequential element (target_delay_reg[31]) is unused and will be removed from module reram_cell_simple__27.
WARNING: [Synth 8-3332] Sequential element (target_delay_reg[31]) is unused and will be removed from module reram_cell_simple__28.
WARNING: [Synth 8-3332] Sequential element (target_delay_reg[31]) is unused and will be removed from module reram_cell_simple__29.
WARNING: [Synth 8-3332] Sequential element (target_delay_reg[31]) is unused and will be removed from module reram_cell_simple__30.
WARNING: [Synth 8-3332] Sequential element (target_delay_reg[31]) is unused and will be removed from module reram_cell_simple__31.
WARNING: [Synth 8-3332] Sequential element (target_delay_reg[31]) is unused and will be removed from module reram_cell_simple.
INFO: [Synth 8-3332] Sequential element (inst/gen_axilite.gen_b2s_conv.axilite_b2s/SI_REG/aw.aw_pipe/skid_buffer_reg[65]) is unused and will be removed from module ReRamSpm_auto_pc_0.
INFO: [Synth 8-3332] Sequential element (inst/gen_axilite.gen_b2s_conv.axilite_b2s/SI_REG/aw.aw_pipe/skid_buffer_reg[64]) is unused and will be removed from module ReRamSpm_auto_pc_0.
INFO: [Synth 8-3332] Sequential element (inst/gen_axilite.gen_b2s_conv.axilite_b2s/SI_REG/aw.aw_pipe/skid_buffer_reg[63]) is unused and will be removed from module ReRamSpm_auto_pc_0.
INFO: [Synth 8-3332] Sequential element (inst/gen_axilite.gen_b2s_conv.axilite_b2s/SI_REG/aw.aw_pipe/skid_buffer_reg[62]) is unused and will be removed from module ReRamSpm_auto_pc_0.
INFO: [Synth 8-3332] Sequential element (inst/gen_axilite.gen_b2s_conv.axilite_b2s/SI_REG/aw.aw_pipe/skid_buffer_reg[49]) is unused and will be removed from module ReRamSpm_auto_pc_0.
INFO: [Synth 8-3332] Sequential element (inst/gen_axilite.gen_b2s_conv.axilite_b2s/SI_REG/aw.aw_pipe/skid_buffer_reg[48]) is unused and will be removed from module ReRamSpm_auto_pc_0.
INFO: [Synth 8-3332] Sequential element (inst/gen_axilite.gen_b2s_conv.axilite_b2s/SI_REG/aw.aw_pipe/skid_buffer_reg[43]) is unused and will be removed from module ReRamSpm_auto_pc_0.
INFO: [Synth 8-3332] Sequential element (inst/gen_axilite.gen_b2s_conv.axilite_b2s/SI_REG/aw.aw_pipe/skid_buffer_reg[42]) is unused and will be removed from module ReRamSpm_auto_pc_0.
INFO: [Synth 8-3332] Sequential element (inst/gen_axilite.gen_b2s_conv.axilite_b2s/SI_REG/aw.aw_pipe/skid_buffer_reg[41]) is unused and will be removed from module ReRamSpm_auto_pc_0.
INFO: [Synth 8-3332] Sequential element (inst/gen_axilite.gen_b2s_conv.axilite_b2s/SI_REG/aw.aw_pipe/skid_buffer_reg[40]) is unused and will be removed from module ReRamSpm_auto_pc_0.
INFO: [Synth 8-3332] Sequential element (inst/gen_axilite.gen_b2s_conv.axilite_b2s/SI_REG/aw.aw_pipe/skid_buffer_reg[37]) is unused and will be removed from module ReRamSpm_auto_pc_0.
INFO: [Synth 8-3332] Sequential element (inst/gen_axilite.gen_b2s_conv.axilite_b2s/SI_REG/aw.aw_pipe/m_payload_i_reg[49]) is unused and will be removed from module ReRamSpm_auto_pc_0.
INFO: [Synth 8-3332] Sequential element (inst/gen_axilite.gen_b2s_conv.axilite_b2s/SI_REG/aw.aw_pipe/m_payload_i_reg[48]) is unused and will be removed from module ReRamSpm_auto_pc_0.
INFO: [Synth 8-3332] Sequential element (inst/gen_axilite.gen_b2s_conv.axilite_b2s/SI_REG/aw.aw_pipe/m_payload_i_reg[43]) is unused and will be removed from module ReRamSpm_auto_pc_0.
INFO: [Synth 8-3332] Sequential element (inst/gen_axilite.gen_b2s_conv.axilite_b2s/SI_REG/aw.aw_pipe/m_payload_i_reg[42]) is unused and will be removed from module ReRamSpm_auto_pc_0.
INFO: [Synth 8-3332] Sequential element (inst/gen_axilite.gen_b2s_conv.axilite_b2s/SI_REG/aw.aw_pipe/m_payload_i_reg[41]) is unused and will be removed from module ReRamSpm_auto_pc_0.
INFO: [Synth 8-3332] Sequential element (inst/gen_axilite.gen_b2s_conv.axilite_b2s/SI_REG/aw.aw_pipe/m_payload_i_reg[40]) is unused and will be removed from module ReRamSpm_auto_pc_0.
INFO: [Synth 8-3332] Sequential element (inst/gen_axilite.gen_b2s_conv.axilite_b2s/SI_REG/aw.aw_pipe/m_payload_i_reg[37]) is unused and will be removed from module ReRamSpm_auto_pc_0.
INFO: [Synth 8-3332] Sequential element (inst/gen_axilite.gen_b2s_conv.axilite_b2s/SI_REG/ar.ar_pipe/skid_buffer_reg[65]) is unused and will be removed from module ReRamSpm_auto_pc_0.
INFO: [Synth 8-3332] Sequential element (inst/gen_axilite.gen_b2s_conv.axilite_b2s/SI_REG/ar.ar_pipe/skid_buffer_reg[64]) is unused and will be removed from module ReRamSpm_auto_pc_0.
INFO: [Synth 8-3332] Sequential element (inst/gen_axilite.gen_b2s_conv.axilite_b2s/SI_REG/ar.ar_pipe/skid_buffer_reg[63]) is unused and will be removed from module ReRamSpm_auto_pc_0.
INFO: [Synth 8-3332] Sequential element (inst/gen_axilite.gen_b2s_conv.axilite_b2s/SI_REG/ar.ar_pipe/skid_buffer_reg[62]) is unused and will be removed from module ReRamSpm_auto_pc_0.
INFO: [Synth 8-3332] Sequential element (inst/gen_axilite.gen_b2s_conv.axilite_b2s/SI_REG/ar.ar_pipe/skid_buffer_reg[49]) is unused and will be removed from module ReRamSpm_auto_pc_0.
INFO: [Synth 8-3332] Sequential element (inst/gen_axilite.gen_b2s_conv.axilite_b2s/SI_REG/ar.ar_pipe/skid_buffer_reg[48]) is unused and will be removed from module ReRamSpm_auto_pc_0.
INFO: [Synth 8-3332] Sequential element (inst/gen_axilite.gen_b2s_conv.axilite_b2s/SI_REG/ar.ar_pipe/skid_buffer_reg[43]) is unused and will be removed from module ReRamSpm_auto_pc_0.
INFO: [Synth 8-3332] Sequential element (inst/gen_axilite.gen_b2s_conv.axilite_b2s/SI_REG/ar.ar_pipe/skid_buffer_reg[42]) is unused and will be removed from module ReRamSpm_auto_pc_0.
INFO: [Synth 8-3332] Sequential element (inst/gen_axilite.gen_b2s_conv.axilite_b2s/SI_REG/ar.ar_pipe/skid_buffer_reg[41]) is unused and will be removed from module ReRamSpm_auto_pc_0.
INFO: [Synth 8-3332] Sequential element (inst/gen_axilite.gen_b2s_conv.axilite_b2s/SI_REG/ar.ar_pipe/skid_buffer_reg[40]) is unused and will be removed from module ReRamSpm_auto_pc_0.
INFO: [Synth 8-3332] Sequential element (inst/gen_axilite.gen_b2s_conv.axilite_b2s/SI_REG/ar.ar_pipe/skid_buffer_reg[37]) is unused and will be removed from module ReRamSpm_auto_pc_0.
INFO: [Synth 8-3332] Sequential element (inst/gen_axilite.gen_b2s_conv.axilite_b2s/SI_REG/ar.ar_pipe/m_payload_i_reg[49]) is unused and will be removed from module ReRamSpm_auto_pc_0.
INFO: [Synth 8-3332] Sequential element (inst/gen_axilite.gen_b2s_conv.axilite_b2s/SI_REG/ar.ar_pipe/m_payload_i_reg[48]) is unused and will be removed from module ReRamSpm_auto_pc_0.
INFO: [Synth 8-3332] Sequential element (inst/gen_axilite.gen_b2s_conv.axilite_b2s/SI_REG/ar.ar_pipe/m_payload_i_reg[43]) is unused and will be removed from module ReRamSpm_auto_pc_0.
INFO: [Synth 8-3332] Sequential element (inst/gen_axilite.gen_b2s_conv.axilite_b2s/SI_REG/ar.ar_pipe/m_payload_i_reg[42]) is unused and will be removed from module ReRamSpm_auto_pc_0.
INFO: [Synth 8-3332] Sequential element (inst/gen_axilite.gen_b2s_conv.axilite_b2s/SI_REG/ar.ar_pipe/m_payload_i_reg[41]) is unused and will be removed from module ReRamSpm_auto_pc_0.
INFO: [Synth 8-3332] Sequential element (inst/gen_axilite.gen_b2s_conv.axilite_b2s/SI_REG/ar.ar_pipe/m_payload_i_reg[40]) is unused and will be removed from module ReRamSpm_auto_pc_0.
INFO: [Synth 8-3332] Sequential element (inst/gen_axilite.gen_b2s_conv.axilite_b2s/SI_REG/ar.ar_pipe/m_payload_i_reg[37]) is unused and will be removed from module ReRamSpm_auto_pc_0.
WARNING: [Synth 8-3332] Sequential element (EXT_LPF/ACTIVE_LOW_EXT.ACT_LO_EXT/GENERATE_LEVEL_P_S_CDC.SINGLE_BIT.CROSS_PLEVEL_IN2SCNDRY_s_level_out_d5) is unused and will be removed from module proc_sys_reset.
WARNING: [Synth 8-3332] Sequential element (EXT_LPF/ACTIVE_LOW_EXT.ACT_LO_EXT/GENERATE_LEVEL_P_S_CDC.SINGLE_BIT.CROSS_PLEVEL_IN2SCNDRY_s_level_out_d6) is unused and will be removed from module proc_sys_reset.
WARNING: [Synth 8-3332] Sequential element (EXT_LPF/ACTIVE_LOW_AUX.ACT_LO_AUX/GENERATE_LEVEL_P_S_CDC.SINGLE_BIT.CROSS_PLEVEL_IN2SCNDRY_s_level_out_d5) is unused and will be removed from module proc_sys_reset.
WARNING: [Synth 8-3332] Sequential element (EXT_LPF/ACTIVE_LOW_AUX.ACT_LO_AUX/GENERATE_LEVEL_P_S_CDC.SINGLE_BIT.CROSS_PLEVEL_IN2SCNDRY_s_level_out_d6) is unused and will be removed from module proc_sys_reset.
---------------------------------------------------------------------------------
Finished Cross Boundary and Area Optimization : Time (s): cpu = 00:02:25 ; elapsed = 00:02:40 . Memory (MB): peak = 1017.160 ; gain = 716.430
---------------------------------------------------------------------------------

Report RTL Partitions: 
+------+--------------------------------------+------------+----------+
|      |RTL Partition                         |Replication |Instances |
+------+--------------------------------------+------------+----------+
|1     |reram_word_array_simple               |          16|      9159|
|2     |reram_memory_controller_blocking__GC0 |           1|      1271|
|3     |reram_axilite_wrapper__GC0            |           1|      1046|
|4     |ReRamSpm__GC0                         |           1|      1975|
+------+--------------------------------------+------------+----------+
---------------------------------------------------------------------------------
Start Applying XDC Timing Constraints
---------------------------------------------------------------------------------
---------------------------------------------------------------------------------
Finished Applying XDC Timing Constraints : Time (s): cpu = 00:02:38 ; elapsed = 00:02:55 . Memory (MB): peak = 1017.160 ; gain = 716.430
---------------------------------------------------------------------------------
---------------------------------------------------------------------------------
Start Timing Optimization
---------------------------------------------------------------------------------
---------------------------------------------------------------------------------
Finished Timing Optimization : Time (s): cpu = 00:02:44 ; elapsed = 00:03:01 . Memory (MB): peak = 1095.184 ; gain = 794.453
---------------------------------------------------------------------------------

Report RTL Partitions: 
+------+--------------------------------------+------------+----------+
|      |RTL Partition                         |Replication |Instances |
+------+--------------------------------------+------------+----------+
|1     |reram_word_array_simple               |          16|      9159|
|2     |reram_memory_controller_blocking__GC0 |           1|      1271|
|3     |reram_axilite_wrapper__GC0            |           1|      1046|
|4     |ReRamSpm__GC0                         |           1|      1975|
+------+--------------------------------------+------------+----------+
---------------------------------------------------------------------------------
Start Technology Mapping
---------------------------------------------------------------------------------
INFO: [Synth 8-3332] Sequential element (inst/gen_axilite.gen_b2s_conv.axilite_b2s/WR.aw_channel_0/cmd_translator_0/incr_cmd_0/axlen_cnt_reg[8]) is unused and will be removed from module ReRamSpm_auto_pc_0.
INFO: [Synth 8-3332] Sequential element (inst/gen_axilite.gen_b2s_conv.axilite_b2s/RD.ar_channel_0/cmd_translator_0/incr_cmd_0/axlen_cnt_reg[8]) is unused and will be removed from module ReRamSpm_auto_pc_0.
---------------------------------------------------------------------------------
Finished Technology Mapping : Time (s): cpu = 00:03:08 ; elapsed = 00:03:28 . Memory (MB): peak = 1179.668 ; gain = 878.938
---------------------------------------------------------------------------------

Report RTL Partitions: 
+-+--------------+------------+----------+
| |RTL Partition |Replication |Instances |
+-+--------------+------------+----------+
+-+--------------+------------+----------+
---------------------------------------------------------------------------------
Start IO Insertion
---------------------------------------------------------------------------------
---------------------------------------------------------------------------------
Start Flattening Before IO Insertion
---------------------------------------------------------------------------------
---------------------------------------------------------------------------------
Finished Flattening Before IO Insertion
---------------------------------------------------------------------------------
---------------------------------------------------------------------------------
Start Final Netlist Cleanup
---------------------------------------------------------------------------------
INFO: [Synth 8-5365] Flop inst/gen_axilite.gen_b2s_conv.axilite_b2s/SI_REG/ar.ar_pipe/aresetn_d_reg[1] is being inverted and renamed to inst/gen_axilite.gen_b2s_conv.axilite_b2s/SI_REG/ar.ar_pipe/aresetn_d_reg[1]_inv.
INFO: [Synth 8-4618] Found max_fanout attribute set to 10 on net \inst/gen_axilite.gen_b2s_conv.axilite_b2s/RD.r_channel_0/transaction_fifo_0/cnt_read [3]. Fanout reduced from 17 to 7 by creating 2 replicas.
INFO: [Synth 8-4618] Found max_fanout attribute set to 10 on net \inst/gen_axilite.gen_b2s_conv.axilite_b2s/RD.r_channel_0/transaction_fifo_0/cnt_read [4]. Fanout reduced from 16 to 7 by creating 2 replicas.
INFO: [Synth 8-4618] Found max_fanout attribute set to 10 on net \inst/gen_axilite.gen_b2s_conv.axilite_b2s/RD.r_channel_0/transaction_fifo_0/cnt_read [2]. Fanout reduced from 18 to 7 by creating 2 replicas.
INFO: [Synth 8-4618] Found max_fanout attribute set to 10 on net \inst/gen_axilite.gen_b2s_conv.axilite_b2s/RD.r_channel_0/transaction_fifo_0/cnt_read [1]. Fanout reduced from 20 to 7 by creating 2 replicas.
INFO: [Synth 8-4618] Found max_fanout attribute set to 10 on net \inst/gen_axilite.gen_b2s_conv.axilite_b2s/RD.r_channel_0/transaction_fifo_0/cnt_read [0]. Fanout reduced from 21 to 7 by creating 3 replicas.
INFO: [Synth 8-4618] Found max_fanout attribute set to 10 on net \inst/gen_axilite.gen_b2s_conv.axilite_b2s/WR.b_channel_0/bid_fifo_0/cnt_read [1]. Fanout reduced from 23 to 8 by creating 2 replicas.
INFO: [Synth 8-4618] Found max_fanout attribute set to 10 on net \inst/gen_axilite.gen_b2s_conv.axilite_b2s/WR.b_channel_0/bid_fifo_0/cnt_read [0]. Fanout reduced from 24 to 8 by creating 2 replicas.
INFO: [Synth 8-4618] Found max_fanout attribute set to 10 on net \inst/gen_axilite.gen_b2s_conv.axilite_b2s/RD.r_channel_0/rd_data_fifo_0/cnt_read [4]. Fanout reduced from 40 to 9 by creating 4 replicas.
INFO: [Synth 8-4618] Found max_fanout attribute set to 10 on net \inst/gen_axilite.gen_b2s_conv.axilite_b2s/RD.r_channel_0/rd_data_fifo_0/cnt_read [3]. Fanout reduced from 41 to 9 by creating 4 replicas.
INFO: [Synth 8-4618] Found max_fanout attribute set to 10 on net \inst/gen_axilite.gen_b2s_conv.axilite_b2s/RD.r_channel_0/rd_data_fifo_0/cnt_read [0]. Fanout reduced from 45 to 9 by creating 5 replicas.
INFO: [Synth 8-4618] Found max_fanout attribute set to 10 on net \inst/gen_axilite.gen_b2s_conv.axilite_b2s/RD.r_channel_0/rd_data_fifo_0/cnt_read [1]. Fanout reduced from 44 to 9 by creating 5 replicas.
INFO: [Synth 8-4618] Found max_fanout attribute set to 10 on net \inst/gen_axilite.gen_b2s_conv.axilite_b2s/RD.r_channel_0/rd_data_fifo_0/cnt_read [2]. Fanout reduced from 43 to 9 by creating 4 replicas.
INFO: [Synth 8-4618] Found max_fanout attribute set to 20 on net \inst/gen_axilite.gen_b2s_conv.axilite_b2s/RD.ar_channel_0/ar_cmd_fsm_0/state [1]. Fanout reduced from 28 to 14 by creating 1 replicas.
INFO: [Synth 8-4618] Found max_fanout attribute set to 20 on net \inst/gen_axilite.gen_b2s_conv.axilite_b2s/RD.ar_channel_0/ar_cmd_fsm_0/state [0]. Fanout reduced from 30 to 15 by creating 1 replicas.
INFO: [Synth 8-4618] Found max_fanout attribute set to 20 on net \inst/gen_axilite.gen_b2s_conv.axilite_b2s/WR.aw_channel_0/aw_cmd_fsm_0/state [1]. Fanout reduced from 24 to 12 by creating 1 replicas.
INFO: [Synth 8-4618] Found max_fanout attribute set to 20 on net \inst/gen_axilite.gen_b2s_conv.axilite_b2s/WR.aw_channel_0/aw_cmd_fsm_0/state [0]. Fanout reduced from 24 to 12 by creating 1 replicas.
---------------------------------------------------------------------------------
Finished Final Netlist Cleanup
---------------------------------------------------------------------------------
---------------------------------------------------------------------------------
Finished IO Insertion : Time (s): cpu = 00:03:18 ; elapsed = 00:03:38 . Memory (MB): peak = 1261.777 ; gain = 961.047
---------------------------------------------------------------------------------

Report Check Netlist: 
+------+------------------+-------+---------+-------+------------------+
|      |Item              |Errors |Warnings |Status |Description       |
+------+------------------+-------+---------+-------+------------------+
|1     |multi_driven_nets |      0|        0|Passed |Multi driven nets |
+------+------------------+-------+---------+-------+------------------+
---------------------------------------------------------------------------------
Start Renaming Generated Instances
---------------------------------------------------------------------------------
---------------------------------------------------------------------------------
Finished Renaming Generated Instances : Time (s): cpu = 00:03:20 ; elapsed = 00:03:40 . Memory (MB): peak = 1261.777 ; gain = 961.047
---------------------------------------------------------------------------------

Report RTL Partitions: 
+-+--------------+------------+----------+
| |RTL Partition |Replication |Instances |
+-+--------------+------------+----------+
+-+--------------+------------+----------+
---------------------------------------------------------------------------------
Start Rebuilding User Hierarchy
---------------------------------------------------------------------------------
---------------------------------------------------------------------------------
Finished Rebuilding User Hierarchy : Time (s): cpu = 00:03:40 ; elapsed = 00:04:00 . Memory (MB): peak = 1261.777 ; gain = 961.047
---------------------------------------------------------------------------------
---------------------------------------------------------------------------------
Start Renaming Generated Ports
---------------------------------------------------------------------------------
---------------------------------------------------------------------------------
Finished Renaming Generated Ports : Time (s): cpu = 00:03:41 ; elapsed = 00:04:02 . Memory (MB): peak = 1261.777 ; gain = 961.047
---------------------------------------------------------------------------------
---------------------------------------------------------------------------------
Start Handling Custom Attributes
---------------------------------------------------------------------------------
---------------------------------------------------------------------------------
Finished Handling Custom Attributes : Time (s): cpu = 00:03:43 ; elapsed = 00:04:04 . Memory (MB): peak = 1261.777 ; gain = 961.047
---------------------------------------------------------------------------------
---------------------------------------------------------------------------------
Start Renaming Generated Nets
---------------------------------------------------------------------------------
---------------------------------------------------------------------------------
Finished Renaming Generated Nets : Time (s): cpu = 00:03:43 ; elapsed = 00:04:04 . Memory (MB): peak = 1261.777 ; gain = 961.047
---------------------------------------------------------------------------------
---------------------------------------------------------------------------------
Start ROM, RAM, DSP and Shift Register Reporting
---------------------------------------------------------------------------------

Dynamic Shift Register Report:
+------------+----------------+--------+------------+--------+---------+--------+--------+--------+
|Module Name | RTL Name       | Length | Data Width | SRL16E | SRLC32E | Mux F7 | Mux F8 | Mux F9 | 
+------------+----------------+--------+------------+--------+---------+--------+--------+--------+
|dsrl        | memory_reg[3]  | 4      | 20         | 20     | 0       | 0      | 0      | 0      | 
|dsrl__1     | memory_reg[3]  | 4      | 2          | 2      | 0       | 0      | 0      | 0      | 
|dsrl__2     | memory_reg[31] | 32     | 34         | 0      | 34      | 0      | 0      | 0      | 
|dsrl__3     | memory_reg[31] | 32     | 13         | 0      | 13      | 0      | 0      | 0      | 
+------------+----------------+--------+------------+--------+---------+--------+--------+--------+

---------------------------------------------------------------------------------
Finished ROM, RAM, DSP and Shift Register Reporting
---------------------------------------------------------------------------------
---------------------------------------------------------------------------------
Start Writing Synthesis Report
---------------------------------------------------------------------------------

Report BlackBoxes: 
+-+--------------+----------+
| |BlackBox name |Instances |
+-+--------------+----------+
+-+--------------+----------+

Report Cell Usage: 
+------+--------+------+
|      |Cell    |Count |
+------+--------+------+
|1     |BIBUF   |   130|
|2     |BUFG    |     1|
|3     |CARRY4  |  6674|
|4     |LUT1    |   635|
|5     |LUT2    | 16955|
|6     |LUT3    |  4859|
|7     |LUT4    | 20918|
|8     |LUT5    |  5807|
|9     |LUT6    |  5833|
|10    |MUXF7   |   100|
|11    |MUXF8   |    33|
|12    |PS7     |     1|
|13    |SRL16   |     1|
|14    |SRL16E  |    18|
|15    |SRLC32E |    47|
|16    |FDCE    | 25304|
|17    |FDPE    |    16|
|18    |FDR     |     8|
|19    |FDRE    |   678|
|20    |FDSE    |    56|
+------+--------+------+

Report Instance Areas: 
+------+---------------------------------------------------+---------------------------------------------------------------+------+
|      |Instance                                           |Module                                                         |Cells |
+------+---------------------------------------------------+---------------------------------------------------------------+------+
|1     |top                                                |                                                               | 88074|
|2     |  ReRamSpm_i                                       |ReRamSpm                                                       | 88074|
|3     |    reram_axilite_wrapper_0                        |ReRamSpm_reram_axilite_wrapper_0_0                             | 86575|
|4     |      inst                                         |reram_axilite_wrapper                                          | 86575|
|5     |        u_core                                     |reram_memory_controller_blocking                               | 86464|
|6     |          \word_arrays[0].word_array_inst          |reram_word_array_simple                                        |  5362|
|7     |            \cell_instances[0].cell_inst           |reram_cell_simple_499                                          |   141|
|8     |            \cell_instances[10].cell_inst          |reram_cell_simple_500                                          |   136|
|9     |            \cell_instances[11].cell_inst          |reram_cell_simple_501                                          |   168|
|10    |            \cell_instances[12].cell_inst          |reram_cell_simple_502                                          |   140|
|11    |            \cell_instances[13].cell_inst          |reram_cell_simple_503                                          |   164|
|12    |            \cell_instances[14].cell_inst          |reram_cell_simple_504                                          |   136|
|13    |            \cell_instances[15].cell_inst          |reram_cell_simple_505                                          |   164|
|14    |            \cell_instances[16].cell_inst          |reram_cell_simple_506                                          |   136|
|15    |            \cell_instances[17].cell_inst          |reram_cell_simple_507                                          |   164|
|16    |            \cell_instances[18].cell_inst          |reram_cell_simple_508                                          |   137|
|17    |            \cell_instances[19].cell_inst          |reram_cell_simple_509                                          |   164|
|18    |            \cell_instances[1].cell_inst           |reram_cell_simple_510                                          |   168|
|19    |            \cell_instances[20].cell_inst          |reram_cell_simple_511                                          |   136|
|20    |            \cell_instances[21].cell_inst          |reram_cell_simple_512                                          |   164|
|21    |            \cell_instances[22].cell_inst          |reram_cell_simple_513                                          |   136|
|22    |            \cell_instances[23].cell_inst          |reram_cell_simple_514                                          |   164|
|23    |            \cell_instances[24].cell_inst          |reram_cell_simple_515                                          |   137|
|24    |            \cell_instances[25].cell_inst          |reram_cell_simple_516                                          |   164|
|25    |            \cell_instances[26].cell_inst          |reram_cell_simple_517                                          |   136|
|26    |            \cell_instances[27].cell_inst          |reram_cell_simple_518                                          |   164|
|27    |            \cell_instances[28].cell_inst          |reram_cell_simple_519                                          |   136|
|28    |            \cell_instances[29].cell_inst          |reram_cell_simple_520                                          |   164|
|29    |            \cell_instances[2].cell_inst           |reram_cell_simple_521                                          |   136|
|30    |            \cell_instances[30].cell_inst          |reram_cell_simple_522                                          |   137|
|31    |            \cell_instances[31].cell_inst          |reram_cell_simple_523                                          |   148|
|32    |            \cell_instances[3].cell_inst           |reram_cell_simple_524                                          |   168|
|33    |            \cell_instances[4].cell_inst           |reram_cell_simple_525                                          |   136|
|34    |            \cell_instances[5].cell_inst           |reram_cell_simple_526                                          |   168|
|35    |            \cell_instances[6].cell_inst           |reram_cell_simple_527                                          |   137|
|36    |            \cell_instances[7].cell_inst           |reram_cell_simple_528                                          |   168|
|37    |            \cell_instances[8].cell_inst           |reram_cell_simple_529                                          |   138|
|38    |            \cell_instances[9].cell_inst           |reram_cell_simple_530                                          |   168|
|39    |          \word_arrays[10].word_array_inst         |reram_word_array_simple_5                                      |  5362|
|40    |            \cell_instances[0].cell_inst           |reram_cell_simple_467                                          |   141|
|41    |            \cell_instances[10].cell_inst          |reram_cell_simple_468                                          |   136|
|42    |            \cell_instances[11].cell_inst          |reram_cell_simple_469                                          |   168|
|43    |            \cell_instances[12].cell_inst          |reram_cell_simple_470                                          |   140|
|44    |            \cell_instances[13].cell_inst          |reram_cell_simple_471                                          |   164|
|45    |            \cell_instances[14].cell_inst          |reram_cell_simple_472                                          |   136|
|46    |            \cell_instances[15].cell_inst          |reram_cell_simple_473                                          |   164|
|47    |            \cell_instances[16].cell_inst          |reram_cell_simple_474                                          |   136|
|48    |            \cell_instances[17].cell_inst          |reram_cell_simple_475                                          |   164|
|49    |            \cell_instances[18].cell_inst          |reram_cell_simple_476                                          |   137|
|50    |            \cell_instances[19].cell_inst          |reram_cell_simple_477                                          |   164|
|51    |            \cell_instances[1].cell_inst           |reram_cell_simple_478                                          |   168|
|52    |            \cell_instances[20].cell_inst          |reram_cell_simple_479                                          |   136|
|53    |            \cell_instances[21].cell_inst          |reram_cell_simple_480                                          |   164|
|54    |            \cell_instances[22].cell_inst          |reram_cell_simple_481                                          |   136|
|55    |            \cell_instances[23].cell_inst          |reram_cell_simple_482                                          |   164|
|56    |            \cell_instances[24].cell_inst          |reram_cell_simple_483                                          |   137|
|57    |            \cell_instances[25].cell_inst          |reram_cell_simple_484                                          |   164|
|58    |            \cell_instances[26].cell_inst          |reram_cell_simple_485                                          |   136|
|59    |            \cell_instances[27].cell_inst          |reram_cell_simple_486                                          |   164|
|60    |            \cell_instances[28].cell_inst          |reram_cell_simple_487                                          |   136|
|61    |            \cell_instances[29].cell_inst          |reram_cell_simple_488                                          |   164|
|62    |            \cell_instances[2].cell_inst           |reram_cell_simple_489                                          |   136|
|63    |            \cell_instances[30].cell_inst          |reram_cell_simple_490                                          |   137|
|64    |            \cell_instances[31].cell_inst          |reram_cell_simple_491                                          |   148|
|65    |            \cell_instances[3].cell_inst           |reram_cell_simple_492                                          |   168|
|66    |            \cell_instances[4].cell_inst           |reram_cell_simple_493                                          |   136|
|67    |            \cell_instances[5].cell_inst           |reram_cell_simple_494                                          |   168|
|68    |            \cell_instances[6].cell_inst           |reram_cell_simple_495                                          |   137|
|69    |            \cell_instances[7].cell_inst           |reram_cell_simple_496                                          |   168|
|70    |            \cell_instances[8].cell_inst           |reram_cell_simple_497                                          |   138|
|71    |            \cell_instances[9].cell_inst           |reram_cell_simple_498                                          |   168|
|72    |          \word_arrays[11].word_array_inst         |reram_word_array_simple_6                                      |  5462|
|73    |            \cell_instances[0].cell_inst           |reram_cell_simple_435                                          |   144|
|74    |            \cell_instances[10].cell_inst          |reram_cell_simple_436                                          |   139|
|75    |            \cell_instances[11].cell_inst          |reram_cell_simple_437                                          |   171|
|76    |            \cell_instances[12].cell_inst          |reram_cell_simple_438                                          |   143|
|77    |            \cell_instances[13].cell_inst          |reram_cell_simple_439                                          |   167|
|78    |            \cell_instances[14].cell_inst          |reram_cell_simple_440                                          |   139|
|79    |            \cell_instances[15].cell_inst          |reram_cell_simple_441                                          |   167|
|80    |            \cell_instances[16].cell_inst          |reram_cell_simple_442                                          |   139|
|81    |            \cell_instances[17].cell_inst          |reram_cell_simple_443                                          |   167|
|82    |            \cell_instances[18].cell_inst          |reram_cell_simple_444                                          |   142|
|83    |            \cell_instances[19].cell_inst          |reram_cell_simple_445                                          |   167|
|84    |            \cell_instances[1].cell_inst           |reram_cell_simple_446                                          |   171|
|85    |            \cell_instances[20].cell_inst          |reram_cell_simple_447                                          |   139|
|86    |            \cell_instances[21].cell_inst          |reram_cell_simple_448                                          |   167|
|87    |            \cell_instances[22].cell_inst          |reram_cell_simple_449                                          |   139|
|88    |            \cell_instances[23].cell_inst          |reram_cell_simple_450                                          |   167|
|89    |            \cell_instances[24].cell_inst          |reram_cell_simple_451                                          |   140|
|90    |            \cell_instances[25].cell_inst          |reram_cell_simple_452                                          |   167|
|91    |            \cell_instances[26].cell_inst          |reram_cell_simple_453                                          |   139|
|92    |            \cell_instances[27].cell_inst          |reram_cell_simple_454                                          |   167|
|93    |            \cell_instances[28].cell_inst          |reram_cell_simple_455                                          |   139|
|94    |            \cell_instances[29].cell_inst          |reram_cell_simple_456                                          |   167|
|95    |            \cell_instances[2].cell_inst           |reram_cell_simple_457                                          |   139|
|96    |            \cell_instances[30].cell_inst          |reram_cell_simple_458                                          |   140|
|97    |            \cell_instances[31].cell_inst          |reram_cell_simple_459                                          |   151|
|98    |            \cell_instances[3].cell_inst           |reram_cell_simple_460                                          |   171|
|99    |            \cell_instances[4].cell_inst           |reram_cell_simple_461                                          |   139|
|100   |            \cell_instances[5].cell_inst           |reram_cell_simple_462                                          |   171|
|101   |            \cell_instances[6].cell_inst           |reram_cell_simple_463                                          |   140|
|102   |            \cell_instances[7].cell_inst           |reram_cell_simple_464                                          |   171|
|103   |            \cell_instances[8].cell_inst           |reram_cell_simple_465                                          |   143|
|104   |            \cell_instances[9].cell_inst           |reram_cell_simple_466                                          |   171|
|105   |          \word_arrays[12].word_array_inst         |reram_word_array_simple_7                                      |  5370|
|106   |            \cell_instances[0].cell_inst           |reram_cell_simple_403                                          |   141|
|107   |            \cell_instances[10].cell_inst          |reram_cell_simple_404                                          |   136|
|108   |            \cell_instances[11].cell_inst          |reram_cell_simple_405                                          |   168|
|109   |            \cell_instances[12].cell_inst          |reram_cell_simple_406                                          |   140|
|110   |            \cell_instances[13].cell_inst          |reram_cell_simple_407                                          |   164|
|111   |            \cell_instances[14].cell_inst          |reram_cell_simple_408                                          |   136|
|112   |            \cell_instances[15].cell_inst          |reram_cell_simple_409                                          |   164|
|113   |            \cell_instances[16].cell_inst          |reram_cell_simple_410                                          |   136|
|114   |            \cell_instances[17].cell_inst          |reram_cell_simple_411                                          |   164|
|115   |            \cell_instances[18].cell_inst          |reram_cell_simple_412                                          |   137|
|116   |            \cell_instances[19].cell_inst          |reram_cell_simple_413                                          |   164|
|117   |            \cell_instances[1].cell_inst           |reram_cell_simple_414                                          |   168|
|118   |            \cell_instances[20].cell_inst          |reram_cell_simple_415                                          |   136|
|119   |            \cell_instances[21].cell_inst          |reram_cell_simple_416                                          |   164|
|120   |            \cell_instances[22].cell_inst          |reram_cell_simple_417                                          |   136|
|121   |            \cell_instances[23].cell_inst          |reram_cell_simple_418                                          |   164|
|122   |            \cell_instances[24].cell_inst          |reram_cell_simple_419                                          |   137|
|123   |            \cell_instances[25].cell_inst          |reram_cell_simple_420                                          |   164|
|124   |            \cell_instances[26].cell_inst          |reram_cell_simple_421                                          |   136|
|125   |            \cell_instances[27].cell_inst          |reram_cell_simple_422                                          |   164|
|126   |            \cell_instances[28].cell_inst          |reram_cell_simple_423                                          |   136|
|127   |            \cell_instances[29].cell_inst          |reram_cell_simple_424                                          |   164|
|128   |            \cell_instances[2].cell_inst           |reram_cell_simple_425                                          |   136|
|129   |            \cell_instances[30].cell_inst          |reram_cell_simple_426                                          |   137|
|130   |            \cell_instances[31].cell_inst          |reram_cell_simple_427                                          |   156|
|131   |            \cell_instances[3].cell_inst           |reram_cell_simple_428                                          |   168|
|132   |            \cell_instances[4].cell_inst           |reram_cell_simple_429                                          |   136|
|133   |            \cell_instances[5].cell_inst           |reram_cell_simple_430                                          |   168|
|134   |            \cell_instances[6].cell_inst           |reram_cell_simple_431                                          |   137|
|135   |            \cell_instances[7].cell_inst           |reram_cell_simple_432                                          |   168|
|136   |            \cell_instances[8].cell_inst           |reram_cell_simple_433                                          |   138|
|137   |            \cell_instances[9].cell_inst           |reram_cell_simple_434                                          |   168|
|138   |          \word_arrays[13].word_array_inst         |reram_word_array_simple_8                                      |  5370|
|139   |            \cell_instances[0].cell_inst           |reram_cell_simple_371                                          |   141|
|140   |            \cell_instances[10].cell_inst          |reram_cell_simple_372                                          |   136|
|141   |            \cell_instances[11].cell_inst          |reram_cell_simple_373                                          |   168|
|142   |            \cell_instances[12].cell_inst          |reram_cell_simple_374                                          |   140|
|143   |            \cell_instances[13].cell_inst          |reram_cell_simple_375                                          |   164|
|144   |            \cell_instances[14].cell_inst          |reram_cell_simple_376                                          |   136|
|145   |            \cell_instances[15].cell_inst          |reram_cell_simple_377                                          |   164|
|146   |            \cell_instances[16].cell_inst          |reram_cell_simple_378                                          |   136|
|147   |            \cell_instances[17].cell_inst          |reram_cell_simple_379                                          |   164|
|148   |            \cell_instances[18].cell_inst          |reram_cell_simple_380                                          |   137|
|149   |            \cell_instances[19].cell_inst          |reram_cell_simple_381                                          |   164|
|150   |            \cell_instances[1].cell_inst           |reram_cell_simple_382                                          |   168|
|151   |            \cell_instances[20].cell_inst          |reram_cell_simple_383                                          |   136|
|152   |            \cell_instances[21].cell_inst          |reram_cell_simple_384                                          |   164|
|153   |            \cell_instances[22].cell_inst          |reram_cell_simple_385                                          |   136|
|154   |            \cell_instances[23].cell_inst          |reram_cell_simple_386                                          |   164|
|155   |            \cell_instances[24].cell_inst          |reram_cell_simple_387                                          |   137|
|156   |            \cell_instances[25].cell_inst          |reram_cell_simple_388                                          |   164|
|157   |            \cell_instances[26].cell_inst          |reram_cell_simple_389                                          |   136|
|158   |            \cell_instances[27].cell_inst          |reram_cell_simple_390                                          |   164|
|159   |            \cell_instances[28].cell_inst          |reram_cell_simple_391                                          |   136|
|160   |            \cell_instances[29].cell_inst          |reram_cell_simple_392                                          |   164|
|161   |            \cell_instances[2].cell_inst           |reram_cell_simple_393                                          |   136|
|162   |            \cell_instances[30].cell_inst          |reram_cell_simple_394                                          |   137|
|163   |            \cell_instances[31].cell_inst          |reram_cell_simple_395                                          |   156|
|164   |            \cell_instances[3].cell_inst           |reram_cell_simple_396                                          |   168|
|165   |            \cell_instances[4].cell_inst           |reram_cell_simple_397                                          |   136|
|166   |            \cell_instances[5].cell_inst           |reram_cell_simple_398                                          |   168|
|167   |            \cell_instances[6].cell_inst           |reram_cell_simple_399                                          |   137|
|168   |            \cell_instances[7].cell_inst           |reram_cell_simple_400                                          |   168|
|169   |            \cell_instances[8].cell_inst           |reram_cell_simple_401                                          |   138|
|170   |            \cell_instances[9].cell_inst           |reram_cell_simple_402                                          |   168|
|171   |          \word_arrays[14].word_array_inst         |reram_word_array_simple_9                                      |  5378|
|172   |            \cell_instances[0].cell_inst           |reram_cell_simple_339                                          |   141|
|173   |            \cell_instances[10].cell_inst          |reram_cell_simple_340                                          |   136|
|174   |            \cell_instances[11].cell_inst          |reram_cell_simple_341                                          |   168|
|175   |            \cell_instances[12].cell_inst          |reram_cell_simple_342                                          |   140|
|176   |            \cell_instances[13].cell_inst          |reram_cell_simple_343                                          |   164|
|177   |            \cell_instances[14].cell_inst          |reram_cell_simple_344                                          |   136|
|178   |            \cell_instances[15].cell_inst          |reram_cell_simple_345                                          |   164|
|179   |            \cell_instances[16].cell_inst          |reram_cell_simple_346                                          |   136|
|180   |            \cell_instances[17].cell_inst          |reram_cell_simple_347                                          |   164|
|181   |            \cell_instances[18].cell_inst          |reram_cell_simple_348                                          |   137|
|182   |            \cell_instances[19].cell_inst          |reram_cell_simple_349                                          |   164|
|183   |            \cell_instances[1].cell_inst           |reram_cell_simple_350                                          |   168|
|184   |            \cell_instances[20].cell_inst          |reram_cell_simple_351                                          |   136|
|185   |            \cell_instances[21].cell_inst          |reram_cell_simple_352                                          |   164|
|186   |            \cell_instances[22].cell_inst          |reram_cell_simple_353                                          |   136|
|187   |            \cell_instances[23].cell_inst          |reram_cell_simple_354                                          |   164|
|188   |            \cell_instances[24].cell_inst          |reram_cell_simple_355                                          |   137|
|189   |            \cell_instances[25].cell_inst          |reram_cell_simple_356                                          |   164|
|190   |            \cell_instances[26].cell_inst          |reram_cell_simple_357                                          |   136|
|191   |            \cell_instances[27].cell_inst          |reram_cell_simple_358                                          |   164|
|192   |            \cell_instances[28].cell_inst          |reram_cell_simple_359                                          |   136|
|193   |            \cell_instances[29].cell_inst          |reram_cell_simple_360                                          |   164|
|194   |            \cell_instances[2].cell_inst           |reram_cell_simple_361                                          |   136|
|195   |            \cell_instances[30].cell_inst          |reram_cell_simple_362                                          |   137|
|196   |            \cell_instances[31].cell_inst          |reram_cell_simple_363                                          |   164|
|197   |            \cell_instances[3].cell_inst           |reram_cell_simple_364                                          |   168|
|198   |            \cell_instances[4].cell_inst           |reram_cell_simple_365                                          |   136|
|199   |            \cell_instances[5].cell_inst           |reram_cell_simple_366                                          |   168|
|200   |            \cell_instances[6].cell_inst           |reram_cell_simple_367                                          |   137|
|201   |            \cell_instances[7].cell_inst           |reram_cell_simple_368                                          |   168|
|202   |            \cell_instances[8].cell_inst           |reram_cell_simple_369                                          |   138|
|203   |            \cell_instances[9].cell_inst           |reram_cell_simple_370                                          |   168|
|204   |          \word_arrays[15].word_array_inst         |reram_word_array_simple_10                                     |  5445|
|205   |            \cell_instances[0].cell_inst           |reram_cell_simple_307                                          |   144|
|206   |            \cell_instances[10].cell_inst          |reram_cell_simple_308                                          |   138|
|207   |            \cell_instances[11].cell_inst          |reram_cell_simple_309                                          |   170|
|208   |            \cell_instances[12].cell_inst          |reram_cell_simple_310                                          |   142|
|209   |            \cell_instances[13].cell_inst          |reram_cell_simple_311                                          |   166|
|210   |            \cell_instances[14].cell_inst          |reram_cell_simple_312                                          |   138|
|211   |            \cell_instances[15].cell_inst          |reram_cell_simple_313                                          |   166|
|212   |            \cell_instances[16].cell_inst          |reram_cell_simple_314                                          |   138|
|213   |            \cell_instances[17].cell_inst          |reram_cell_simple_315                                          |   166|
|214   |            \cell_instances[18].cell_inst          |reram_cell_simple_316                                          |   140|
|215   |            \cell_instances[19].cell_inst          |reram_cell_simple_317                                          |   166|
|216   |            \cell_instances[1].cell_inst           |reram_cell_simple_318                                          |   170|
|217   |            \cell_instances[20].cell_inst          |reram_cell_simple_319                                          |   138|
|218   |            \cell_instances[21].cell_inst          |reram_cell_simple_320                                          |   166|
|219   |            \cell_instances[22].cell_inst          |reram_cell_simple_321                                          |   138|
|220   |            \cell_instances[23].cell_inst          |reram_cell_simple_322                                          |   166|
|221   |            \cell_instances[24].cell_inst          |reram_cell_simple_323                                          |   139|
|222   |            \cell_instances[25].cell_inst          |reram_cell_simple_324                                          |   166|
|223   |            \cell_instances[26].cell_inst          |reram_cell_simple_325                                          |   138|
|224   |            \cell_instances[27].cell_inst          |reram_cell_simple_326                                          |   166|
|225   |            \cell_instances[28].cell_inst          |reram_cell_simple_327                                          |   138|
|226   |            \cell_instances[29].cell_inst          |reram_cell_simple_328                                          |   166|
|227   |            \cell_instances[2].cell_inst           |reram_cell_simple_329                                          |   138|
|228   |            \cell_instances[30].cell_inst          |reram_cell_simple_330                                          |   139|
|229   |            \cell_instances[31].cell_inst          |reram_cell_simple_331                                          |   166|
|230   |            \cell_instances[3].cell_inst           |reram_cell_simple_332                                          |   170|
|231   |            \cell_instances[4].cell_inst           |reram_cell_simple_333                                          |   138|
|232   |            \cell_instances[5].cell_inst           |reram_cell_simple_334                                          |   170|
|233   |            \cell_instances[6].cell_inst           |reram_cell_simple_335                                          |   139|
|234   |            \cell_instances[7].cell_inst           |reram_cell_simple_336                                          |   170|
|235   |            \cell_instances[8].cell_inst           |reram_cell_simple_337                                          |   141|
|236   |            \cell_instances[9].cell_inst           |reram_cell_simple_338                                          |   170|
|237   |          \word_arrays[1].word_array_inst          |reram_word_array_simple_11                                     |  5362|
|238   |            \cell_instances[0].cell_inst           |reram_cell_simple_275                                          |   141|
|239   |            \cell_instances[10].cell_inst          |reram_cell_simple_276                                          |   136|
|240   |            \cell_instances[11].cell_inst          |reram_cell_simple_277                                          |   168|
|241   |            \cell_instances[12].cell_inst          |reram_cell_simple_278                                          |   140|
|242   |            \cell_instances[13].cell_inst          |reram_cell_simple_279                                          |   164|
|243   |            \cell_instances[14].cell_inst          |reram_cell_simple_280                                          |   136|
|244   |            \cell_instances[15].cell_inst          |reram_cell_simple_281                                          |   164|
|245   |            \cell_instances[16].cell_inst          |reram_cell_simple_282                                          |   136|
|246   |            \cell_instances[17].cell_inst          |reram_cell_simple_283                                          |   164|
|247   |            \cell_instances[18].cell_inst          |reram_cell_simple_284                                          |   137|
|248   |            \cell_instances[19].cell_inst          |reram_cell_simple_285                                          |   164|
|249   |            \cell_instances[1].cell_inst           |reram_cell_simple_286                                          |   168|
|250   |            \cell_instances[20].cell_inst          |reram_cell_simple_287                                          |   136|
|251   |            \cell_instances[21].cell_inst          |reram_cell_simple_288                                          |   164|
|252   |            \cell_instances[22].cell_inst          |reram_cell_simple_289                                          |   136|
|253   |            \cell_instances[23].cell_inst          |reram_cell_simple_290                                          |   164|
|254   |            \cell_instances[24].cell_inst          |reram_cell_simple_291                                          |   137|
|255   |            \cell_instances[25].cell_inst          |reram_cell_simple_292                                          |   164|
|256   |            \cell_instances[26].cell_inst          |reram_cell_simple_293                                          |   136|
|257   |            \cell_instances[27].cell_inst          |reram_cell_simple_294                                          |   164|
|258   |            \cell_instances[28].cell_inst          |reram_cell_simple_295                                          |   136|
|259   |            \cell_instances[29].cell_inst          |reram_cell_simple_296                                          |   164|
|260   |            \cell_instances[2].cell_inst           |reram_cell_simple_297                                          |   136|
|261   |            \cell_instances[30].cell_inst          |reram_cell_simple_298                                          |   137|
|262   |            \cell_instances[31].cell_inst          |reram_cell_simple_299                                          |   148|
|263   |            \cell_instances[3].cell_inst           |reram_cell_simple_300                                          |   168|
|264   |            \cell_instances[4].cell_inst           |reram_cell_simple_301                                          |   136|
|265   |            \cell_instances[5].cell_inst           |reram_cell_simple_302                                          |   168|
|266   |            \cell_instances[6].cell_inst           |reram_cell_simple_303                                          |   137|
|267   |            \cell_instances[7].cell_inst           |reram_cell_simple_304                                          |   168|
|268   |            \cell_instances[8].cell_inst           |reram_cell_simple_305                                          |   138|
|269   |            \cell_instances[9].cell_inst           |reram_cell_simple_306                                          |   168|
|270   |          \word_arrays[2].word_array_inst          |reram_word_array_simple_12                                     |  5362|
|271   |            \cell_instances[0].cell_inst           |reram_cell_simple_243                                          |   141|
|272   |            \cell_instances[10].cell_inst          |reram_cell_simple_244                                          |   136|
|273   |            \cell_instances[11].cell_inst          |reram_cell_simple_245                                          |   168|
|274   |            \cell_instances[12].cell_inst          |reram_cell_simple_246                                          |   140|
|275   |            \cell_instances[13].cell_inst          |reram_cell_simple_247                                          |   164|
|276   |            \cell_instances[14].cell_inst          |reram_cell_simple_248                                          |   136|
|277   |            \cell_instances[15].cell_inst          |reram_cell_simple_249                                          |   164|
|278   |            \cell_instances[16].cell_inst          |reram_cell_simple_250                                          |   136|
|279   |            \cell_instances[17].cell_inst          |reram_cell_simple_251                                          |   164|
|280   |            \cell_instances[18].cell_inst          |reram_cell_simple_252                                          |   137|
|281   |            \cell_instances[19].cell_inst          |reram_cell_simple_253                                          |   164|
|282   |            \cell_instances[1].cell_inst           |reram_cell_simple_254                                          |   168|
|283   |            \cell_instances[20].cell_inst          |reram_cell_simple_255                                          |   136|
|284   |            \cell_instances[21].cell_inst          |reram_cell_simple_256                                          |   164|
|285   |            \cell_instances[22].cell_inst          |reram_cell_simple_257                                          |   136|
|286   |            \cell_instances[23].cell_inst          |reram_cell_simple_258                                          |   164|
|287   |            \cell_instances[24].cell_inst          |reram_cell_simple_259                                          |   137|
|288   |            \cell_instances[25].cell_inst          |reram_cell_simple_260                                          |   164|
|289   |            \cell_instances[26].cell_inst          |reram_cell_simple_261                                          |   136|
|290   |            \cell_instances[27].cell_inst          |reram_cell_simple_262                                          |   164|
|291   |            \cell_instances[28].cell_inst          |reram_cell_simple_263                                          |   136|
|292   |            \cell_instances[29].cell_inst          |reram_cell_simple_264                                          |   164|
|293   |            \cell_instances[2].cell_inst           |reram_cell_simple_265                                          |   136|
|294   |            \cell_instances[30].cell_inst          |reram_cell_simple_266                                          |   137|
|295   |            \cell_instances[31].cell_inst          |reram_cell_simple_267                                          |   148|
|296   |            \cell_instances[3].cell_inst           |reram_cell_simple_268                                          |   168|
|297   |            \cell_instances[4].cell_inst           |reram_cell_simple_269                                          |   136|
|298   |            \cell_instances[5].cell_inst           |reram_cell_simple_270                                          |   168|
|299   |            \cell_instances[6].cell_inst           |reram_cell_simple_271                                          |   137|
|300   |            \cell_instances[7].cell_inst           |reram_cell_simple_272                                          |   168|
|301   |            \cell_instances[8].cell_inst           |reram_cell_simple_273                                          |   138|
|302   |            \cell_instances[9].cell_inst           |reram_cell_simple_274                                          |   168|
|303   |          \word_arrays[3].word_array_inst          |reram_word_array_simple_13                                     |  5607|
|304   |            \cell_instances[0].cell_inst           |reram_cell_simple_211                                          |   148|
|305   |            \cell_instances[10].cell_inst          |reram_cell_simple_212                                          |   143|
|306   |            \cell_instances[11].cell_inst          |reram_cell_simple_213                                          |   175|
|307   |            \cell_instances[12].cell_inst          |reram_cell_simple_214                                          |   147|
|308   |            \cell_instances[13].cell_inst          |reram_cell_simple_215                                          |   171|
|309   |            \cell_instances[14].cell_inst          |reram_cell_simple_216                                          |   143|
|310   |            \cell_instances[15].cell_inst          |reram_cell_simple_217                                          |   171|
|311   |            \cell_instances[16].cell_inst          |reram_cell_simple_218                                          |   143|
|312   |            \cell_instances[17].cell_inst          |reram_cell_simple_219                                          |   171|
|313   |            \cell_instances[18].cell_inst          |reram_cell_simple_220                                          |   148|
|314   |            \cell_instances[19].cell_inst          |reram_cell_simple_221                                          |   171|
|315   |            \cell_instances[1].cell_inst           |reram_cell_simple_222                                          |   175|
|316   |            \cell_instances[20].cell_inst          |reram_cell_simple_223                                          |   143|
|317   |            \cell_instances[21].cell_inst          |reram_cell_simple_224                                          |   171|
|318   |            \cell_instances[22].cell_inst          |reram_cell_simple_225                                          |   143|
|319   |            \cell_instances[23].cell_inst          |reram_cell_simple_226                                          |   171|
|320   |            \cell_instances[24].cell_inst          |reram_cell_simple_227                                          |   144|
|321   |            \cell_instances[25].cell_inst          |reram_cell_simple_228                                          |   171|
|322   |            \cell_instances[26].cell_inst          |reram_cell_simple_229                                          |   143|
|323   |            \cell_instances[27].cell_inst          |reram_cell_simple_230                                          |   171|
|324   |            \cell_instances[28].cell_inst          |reram_cell_simple_231                                          |   143|
|325   |            \cell_instances[29].cell_inst          |reram_cell_simple_232                                          |   171|
|326   |            \cell_instances[2].cell_inst           |reram_cell_simple_233                                          |   143|
|327   |            \cell_instances[30].cell_inst          |reram_cell_simple_234                                          |   144|
|328   |            \cell_instances[31].cell_inst          |reram_cell_simple_235                                          |   155|
|329   |            \cell_instances[3].cell_inst           |reram_cell_simple_236                                          |   175|
|330   |            \cell_instances[4].cell_inst           |reram_cell_simple_237                                          |   143|
|331   |            \cell_instances[5].cell_inst           |reram_cell_simple_238                                          |   175|
|332   |            \cell_instances[6].cell_inst           |reram_cell_simple_239                                          |   144|
|333   |            \cell_instances[7].cell_inst           |reram_cell_simple_240                                          |   175|
|334   |            \cell_instances[8].cell_inst           |reram_cell_simple_241                                          |   162|
|335   |            \cell_instances[9].cell_inst           |reram_cell_simple_242                                          |   175|
|336   |          \word_arrays[4].word_array_inst          |reram_word_array_simple_14                                     |  5362|
|337   |            \cell_instances[0].cell_inst           |reram_cell_simple_179                                          |   141|
|338   |            \cell_instances[10].cell_inst          |reram_cell_simple_180                                          |   136|
|339   |            \cell_instances[11].cell_inst          |reram_cell_simple_181                                          |   168|
|340   |            \cell_instances[12].cell_inst          |reram_cell_simple_182                                          |   140|
|341   |            \cell_instances[13].cell_inst          |reram_cell_simple_183                                          |   164|
|342   |            \cell_instances[14].cell_inst          |reram_cell_simple_184                                          |   136|
|343   |            \cell_instances[15].cell_inst          |reram_cell_simple_185                                          |   164|
|344   |            \cell_instances[16].cell_inst          |reram_cell_simple_186                                          |   136|
|345   |            \cell_instances[17].cell_inst          |reram_cell_simple_187                                          |   164|
|346   |            \cell_instances[18].cell_inst          |reram_cell_simple_188                                          |   137|
|347   |            \cell_instances[19].cell_inst          |reram_cell_simple_189                                          |   164|
|348   |            \cell_instances[1].cell_inst           |reram_cell_simple_190                                          |   168|
|349   |            \cell_instances[20].cell_inst          |reram_cell_simple_191                                          |   136|
|350   |            \cell_instances[21].cell_inst          |reram_cell_simple_192                                          |   164|
|351   |            \cell_instances[22].cell_inst          |reram_cell_simple_193                                          |   136|
|352   |            \cell_instances[23].cell_inst          |reram_cell_simple_194                                          |   164|
|353   |            \cell_instances[24].cell_inst          |reram_cell_simple_195                                          |   137|
|354   |            \cell_instances[25].cell_inst          |reram_cell_simple_196                                          |   164|
|355   |            \cell_instances[26].cell_inst          |reram_cell_simple_197                                          |   136|
|356   |            \cell_instances[27].cell_inst          |reram_cell_simple_198                                          |   164|
|357   |            \cell_instances[28].cell_inst          |reram_cell_simple_199                                          |   136|
|358   |            \cell_instances[29].cell_inst          |reram_cell_simple_200                                          |   164|
|359   |            \cell_instances[2].cell_inst           |reram_cell_simple_201                                          |   136|
|360   |            \cell_instances[30].cell_inst          |reram_cell_simple_202                                          |   137|
|361   |            \cell_instances[31].cell_inst          |reram_cell_simple_203                                          |   148|
|362   |            \cell_instances[3].cell_inst           |reram_cell_simple_204                                          |   168|
|363   |            \cell_instances[4].cell_inst           |reram_cell_simple_205                                          |   136|
|364   |            \cell_instances[5].cell_inst           |reram_cell_simple_206                                          |   168|
|365   |            \cell_instances[6].cell_inst           |reram_cell_simple_207                                          |   137|
|366   |            \cell_instances[7].cell_inst           |reram_cell_simple_208                                          |   168|
|367   |            \cell_instances[8].cell_inst           |reram_cell_simple_209                                          |   138|
|368   |            \cell_instances[9].cell_inst           |reram_cell_simple_210                                          |   168|
|369   |          \word_arrays[5].word_array_inst          |reram_word_array_simple_15                                     |  5362|
|370   |            \cell_instances[0].cell_inst           |reram_cell_simple_147                                          |   141|
|371   |            \cell_instances[10].cell_inst          |reram_cell_simple_148                                          |   136|
|372   |            \cell_instances[11].cell_inst          |reram_cell_simple_149                                          |   168|
|373   |            \cell_instances[12].cell_inst          |reram_cell_simple_150                                          |   140|
|374   |            \cell_instances[13].cell_inst          |reram_cell_simple_151                                          |   164|
|375   |            \cell_instances[14].cell_inst          |reram_cell_simple_152                                          |   136|
|376   |            \cell_instances[15].cell_inst          |reram_cell_simple_153                                          |   164|
|377   |            \cell_instances[16].cell_inst          |reram_cell_simple_154                                          |   136|
|378   |            \cell_instances[17].cell_inst          |reram_cell_simple_155                                          |   164|
|379   |            \cell_instances[18].cell_inst          |reram_cell_simple_156                                          |   137|
|380   |            \cell_instances[19].cell_inst          |reram_cell_simple_157                                          |   164|
|381   |            \cell_instances[1].cell_inst           |reram_cell_simple_158                                          |   168|
|382   |            \cell_instances[20].cell_inst          |reram_cell_simple_159                                          |   136|
|383   |            \cell_instances[21].cell_inst          |reram_cell_simple_160                                          |   164|
|384   |            \cell_instances[22].cell_inst          |reram_cell_simple_161                                          |   136|
|385   |            \cell_instances[23].cell_inst          |reram_cell_simple_162                                          |   164|
|386   |            \cell_instances[24].cell_inst          |reram_cell_simple_163                                          |   137|
|387   |            \cell_instances[25].cell_inst          |reram_cell_simple_164                                          |   164|
|388   |            \cell_instances[26].cell_inst          |reram_cell_simple_165                                          |   136|
|389   |            \cell_instances[27].cell_inst          |reram_cell_simple_166                                          |   164|
|390   |            \cell_instances[28].cell_inst          |reram_cell_simple_167                                          |   136|
|391   |            \cell_instances[29].cell_inst          |reram_cell_simple_168                                          |   164|
|392   |            \cell_instances[2].cell_inst           |reram_cell_simple_169                                          |   136|
|393   |            \cell_instances[30].cell_inst          |reram_cell_simple_170                                          |   137|
|394   |            \cell_instances[31].cell_inst          |reram_cell_simple_171                                          |   148|
|395   |            \cell_instances[3].cell_inst           |reram_cell_simple_172                                          |   168|
|396   |            \cell_instances[4].cell_inst           |reram_cell_simple_173                                          |   136|
|397   |            \cell_instances[5].cell_inst           |reram_cell_simple_174                                          |   168|
|398   |            \cell_instances[6].cell_inst           |reram_cell_simple_175                                          |   137|
|399   |            \cell_instances[7].cell_inst           |reram_cell_simple_176                                          |   168|
|400   |            \cell_instances[8].cell_inst           |reram_cell_simple_177                                          |   138|
|401   |            \cell_instances[9].cell_inst           |reram_cell_simple_178                                          |   168|
|402   |          \word_arrays[6].word_array_inst          |reram_word_array_simple_16                                     |  5362|
|403   |            \cell_instances[0].cell_inst           |reram_cell_simple_115                                          |   141|
|404   |            \cell_instances[10].cell_inst          |reram_cell_simple_116                                          |   136|
|405   |            \cell_instances[11].cell_inst          |reram_cell_simple_117                                          |   168|
|406   |            \cell_instances[12].cell_inst          |reram_cell_simple_118                                          |   140|
|407   |            \cell_instances[13].cell_inst          |reram_cell_simple_119                                          |   164|
|408   |            \cell_instances[14].cell_inst          |reram_cell_simple_120                                          |   136|
|409   |            \cell_instances[15].cell_inst          |reram_cell_simple_121                                          |   164|
|410   |            \cell_instances[16].cell_inst          |reram_cell_simple_122                                          |   136|
|411   |            \cell_instances[17].cell_inst          |reram_cell_simple_123                                          |   164|
|412   |            \cell_instances[18].cell_inst          |reram_cell_simple_124                                          |   137|
|413   |            \cell_instances[19].cell_inst          |reram_cell_simple_125                                          |   164|
|414   |            \cell_instances[1].cell_inst           |reram_cell_simple_126                                          |   168|
|415   |            \cell_instances[20].cell_inst          |reram_cell_simple_127                                          |   136|
|416   |            \cell_instances[21].cell_inst          |reram_cell_simple_128                                          |   164|
|417   |            \cell_instances[22].cell_inst          |reram_cell_simple_129                                          |   136|
|418   |            \cell_instances[23].cell_inst          |reram_cell_simple_130                                          |   164|
|419   |            \cell_instances[24].cell_inst          |reram_cell_simple_131                                          |   137|
|420   |            \cell_instances[25].cell_inst          |reram_cell_simple_132                                          |   164|
|421   |            \cell_instances[26].cell_inst          |reram_cell_simple_133                                          |   136|
|422   |            \cell_instances[27].cell_inst          |reram_cell_simple_134                                          |   164|
|423   |            \cell_instances[28].cell_inst          |reram_cell_simple_135                                          |   136|
|424   |            \cell_instances[29].cell_inst          |reram_cell_simple_136                                          |   164|
|425   |            \cell_instances[2].cell_inst           |reram_cell_simple_137                                          |   136|
|426   |            \cell_instances[30].cell_inst          |reram_cell_simple_138                                          |   137|
|427   |            \cell_instances[31].cell_inst          |reram_cell_simple_139                                          |   148|
|428   |            \cell_instances[3].cell_inst           |reram_cell_simple_140                                          |   168|
|429   |            \cell_instances[4].cell_inst           |reram_cell_simple_141                                          |   136|
|430   |            \cell_instances[5].cell_inst           |reram_cell_simple_142                                          |   168|
|431   |            \cell_instances[6].cell_inst           |reram_cell_simple_143                                          |   137|
|432   |            \cell_instances[7].cell_inst           |reram_cell_simple_144                                          |   168|
|433   |            \cell_instances[8].cell_inst           |reram_cell_simple_145                                          |   138|
|434   |            \cell_instances[9].cell_inst           |reram_cell_simple_146                                          |   168|
|435   |          \word_arrays[7].word_array_inst          |reram_word_array_simple_17                                     |  5428|
|436   |            \cell_instances[0].cell_inst           |reram_cell_simple_83                                           |   143|
|437   |            \cell_instances[10].cell_inst          |reram_cell_simple_84                                           |   138|
|438   |            \cell_instances[11].cell_inst          |reram_cell_simple_85                                           |   170|
|439   |            \cell_instances[12].cell_inst          |reram_cell_simple_86                                           |   142|
|440   |            \cell_instances[13].cell_inst          |reram_cell_simple_87                                           |   166|
|441   |            \cell_instances[14].cell_inst          |reram_cell_simple_88                                           |   138|
|442   |            \cell_instances[15].cell_inst          |reram_cell_simple_89                                           |   166|
|443   |            \cell_instances[16].cell_inst          |reram_cell_simple_90                                           |   138|
|444   |            \cell_instances[17].cell_inst          |reram_cell_simple_91                                           |   166|
|445   |            \cell_instances[18].cell_inst          |reram_cell_simple_92                                           |   140|
|446   |            \cell_instances[19].cell_inst          |reram_cell_simple_93                                           |   166|
|447   |            \cell_instances[1].cell_inst           |reram_cell_simple_94                                           |   170|
|448   |            \cell_instances[20].cell_inst          |reram_cell_simple_95                                           |   138|
|449   |            \cell_instances[21].cell_inst          |reram_cell_simple_96                                           |   166|
|450   |            \cell_instances[22].cell_inst          |reram_cell_simple_97                                           |   138|
|451   |            \cell_instances[23].cell_inst          |reram_cell_simple_98                                           |   166|
|452   |            \cell_instances[24].cell_inst          |reram_cell_simple_99                                           |   139|
|453   |            \cell_instances[25].cell_inst          |reram_cell_simple_100                                          |   166|
|454   |            \cell_instances[26].cell_inst          |reram_cell_simple_101                                          |   138|
|455   |            \cell_instances[27].cell_inst          |reram_cell_simple_102                                          |   166|
|456   |            \cell_instances[28].cell_inst          |reram_cell_simple_103                                          |   138|
|457   |            \cell_instances[29].cell_inst          |reram_cell_simple_104                                          |   166|
|458   |            \cell_instances[2].cell_inst           |reram_cell_simple_105                                          |   138|
|459   |            \cell_instances[30].cell_inst          |reram_cell_simple_106                                          |   139|
|460   |            \cell_instances[31].cell_inst          |reram_cell_simple_107                                          |   150|
|461   |            \cell_instances[3].cell_inst           |reram_cell_simple_108                                          |   170|
|462   |            \cell_instances[4].cell_inst           |reram_cell_simple_109                                          |   138|
|463   |            \cell_instances[5].cell_inst           |reram_cell_simple_110                                          |   170|
|464   |            \cell_instances[6].cell_inst           |reram_cell_simple_111                                          |   139|
|465   |            \cell_instances[7].cell_inst           |reram_cell_simple_112                                          |   170|
|466   |            \cell_instances[8].cell_inst           |reram_cell_simple_113                                          |   141|
|467   |            \cell_instances[9].cell_inst           |reram_cell_simple_114                                          |   170|
|468   |          \word_arrays[8].word_array_inst          |reram_word_array_simple_18                                     |  5362|
|469   |            \cell_instances[0].cell_inst           |reram_cell_simple_51                                           |   141|
|470   |            \cell_instances[10].cell_inst          |reram_cell_simple_52                                           |   136|
|471   |            \cell_instances[11].cell_inst          |reram_cell_simple_53                                           |   168|
|472   |            \cell_instances[12].cell_inst          |reram_cell_simple_54                                           |   140|
|473   |            \cell_instances[13].cell_inst          |reram_cell_simple_55                                           |   164|
|474   |            \cell_instances[14].cell_inst          |reram_cell_simple_56                                           |   136|
|475   |            \cell_instances[15].cell_inst          |reram_cell_simple_57                                           |   164|
|476   |            \cell_instances[16].cell_inst          |reram_cell_simple_58                                           |   136|
|477   |            \cell_instances[17].cell_inst          |reram_cell_simple_59                                           |   164|
|478   |            \cell_instances[18].cell_inst          |reram_cell_simple_60                                           |   137|
|479   |            \cell_instances[19].cell_inst          |reram_cell_simple_61                                           |   164|
|480   |            \cell_instances[1].cell_inst           |reram_cell_simple_62                                           |   168|
|481   |            \cell_instances[20].cell_inst          |reram_cell_simple_63                                           |   136|
|482   |            \cell_instances[21].cell_inst          |reram_cell_simple_64                                           |   164|
|483   |            \cell_instances[22].cell_inst          |reram_cell_simple_65                                           |   136|
|484   |            \cell_instances[23].cell_inst          |reram_cell_simple_66                                           |   164|
|485   |            \cell_instances[24].cell_inst          |reram_cell_simple_67                                           |   137|
|486   |            \cell_instances[25].cell_inst          |reram_cell_simple_68                                           |   164|
|487   |            \cell_instances[26].cell_inst          |reram_cell_simple_69                                           |   136|
|488   |            \cell_instances[27].cell_inst          |reram_cell_simple_70                                           |   164|
|489   |            \cell_instances[28].cell_inst          |reram_cell_simple_71                                           |   136|
|490   |            \cell_instances[29].cell_inst          |reram_cell_simple_72                                           |   164|
|491   |            \cell_instances[2].cell_inst           |reram_cell_simple_73                                           |   136|
|492   |            \cell_instances[30].cell_inst          |reram_cell_simple_74                                           |   137|
|493   |            \cell_instances[31].cell_inst          |reram_cell_simple_75                                           |   148|
|494   |            \cell_instances[3].cell_inst           |reram_cell_simple_76                                           |   168|
|495   |            \cell_instances[4].cell_inst           |reram_cell_simple_77                                           |   136|
|496   |            \cell_instances[5].cell_inst           |reram_cell_simple_78                                           |   168|
|497   |            \cell_instances[6].cell_inst           |reram_cell_simple_79                                           |   137|
|498   |            \cell_instances[7].cell_inst           |reram_cell_simple_80                                           |   168|
|499   |            \cell_instances[8].cell_inst           |reram_cell_simple_81                                           |   138|
|500   |            \cell_instances[9].cell_inst           |reram_cell_simple_82                                           |   168|
|501   |          \word_arrays[9].word_array_inst          |reram_word_array_simple_19                                     |  5362|
|502   |            \cell_instances[0].cell_inst           |reram_cell_simple                                              |   141|
|503   |            \cell_instances[10].cell_inst          |reram_cell_simple_20                                           |   136|
|504   |            \cell_instances[11].cell_inst          |reram_cell_simple_21                                           |   168|
|505   |            \cell_instances[12].cell_inst          |reram_cell_simple_22                                           |   140|
|506   |            \cell_instances[13].cell_inst          |reram_cell_simple_23                                           |   164|
|507   |            \cell_instances[14].cell_inst          |reram_cell_simple_24                                           |   136|
|508   |            \cell_instances[15].cell_inst          |reram_cell_simple_25                                           |   164|
|509   |            \cell_instances[16].cell_inst          |reram_cell_simple_26                                           |   136|
|510   |            \cell_instances[17].cell_inst          |reram_cell_simple_27                                           |   164|
|511   |            \cell_instances[18].cell_inst          |reram_cell_simple_28                                           |   137|
|512   |            \cell_instances[19].cell_inst          |reram_cell_simple_29                                           |   164|
|513   |            \cell_instances[1].cell_inst           |reram_cell_simple_30                                           |   168|
|514   |            \cell_instances[20].cell_inst          |reram_cell_simple_31                                           |   136|
|515   |            \cell_instances[21].cell_inst          |reram_cell_simple_32                                           |   164|
|516   |            \cell_instances[22].cell_inst          |reram_cell_simple_33                                           |   136|
|517   |            \cell_instances[23].cell_inst          |reram_cell_simple_34                                           |   164|
|518   |            \cell_instances[24].cell_inst          |reram_cell_simple_35                                           |   137|
|519   |            \cell_instances[25].cell_inst          |reram_cell_simple_36                                           |   164|
|520   |            \cell_instances[26].cell_inst          |reram_cell_simple_37                                           |   136|
|521   |            \cell_instances[27].cell_inst          |reram_cell_simple_38                                           |   164|
|522   |            \cell_instances[28].cell_inst          |reram_cell_simple_39                                           |   136|
|523   |            \cell_instances[29].cell_inst          |reram_cell_simple_40                                           |   164|
|524   |            \cell_instances[2].cell_inst           |reram_cell_simple_41                                           |   136|
|525   |            \cell_instances[30].cell_inst          |reram_cell_simple_42                                           |   137|
|526   |            \cell_instances[31].cell_inst          |reram_cell_simple_43                                           |   148|
|527   |            \cell_instances[3].cell_inst           |reram_cell_simple_44                                           |   168|
|528   |            \cell_instances[4].cell_inst           |reram_cell_simple_45                                           |   136|
|529   |            \cell_instances[5].cell_inst           |reram_cell_simple_46                                           |   168|
|530   |            \cell_instances[6].cell_inst           |reram_cell_simple_47                                           |   137|
|531   |            \cell_instances[7].cell_inst           |reram_cell_simple_48                                           |   168|
|532   |            \cell_instances[8].cell_inst           |reram_cell_simple_49                                           |   138|
|533   |            \cell_instances[9].cell_inst           |reram_cell_simple_50                                           |   168|
|534   |    processing_system7_0                           |ReRamSpm_processing_system7_0_0                                |   244|
|535   |      inst                                         |processing_system7_v5_5_processing_system7                     |   244|
|536   |    ps7_0_axi_periph                               |ReRamSpm_ps7_0_axi_periph_0                                    |  1189|
|537   |      s00_couplers                                 |s00_couplers_imp_1R43PUV                                       |  1189|
|538   |        auto_pc                                    |ReRamSpm_auto_pc_0                                             |  1189|
|539   |          inst                                     |axi_protocol_converter_v2_1_16_axi_protocol_converter          |  1189|
|540   |            \gen_axilite.gen_b2s_conv.axilite_b2s  |axi_protocol_converter_v2_1_16_b2s                             |  1189|
|541   |              \RD.ar_channel_0                     |axi_protocol_converter_v2_1_16_b2s_ar_channel                  |   204|
|542   |                ar_cmd_fsm_0                       |axi_protocol_converter_v2_1_16_b2s_rd_cmd_fsm                  |    35|
|543   |                cmd_translator_0                   |axi_protocol_converter_v2_1_16_b2s_cmd_translator_2            |   157|
|544   |                  incr_cmd_0                       |axi_protocol_converter_v2_1_16_b2s_incr_cmd_3                  |    70|
|545   |                  wrap_cmd_0                       |axi_protocol_converter_v2_1_16_b2s_wrap_cmd_4                  |    82|
|546   |              \RD.r_channel_0                      |axi_protocol_converter_v2_1_16_b2s_r_channel                   |   125|
|547   |                rd_data_fifo_0                     |axi_protocol_converter_v2_1_16_b2s_simple_fifo__parameterized1 |    73|
|548   |                transaction_fifo_0                 |axi_protocol_converter_v2_1_16_b2s_simple_fifo__parameterized2 |    38|
|549   |              SI_REG                               |axi_register_slice_v2_1_16_axi_register_slice                  |   586|
|550   |                \ar.ar_pipe                        |axi_register_slice_v2_1_16_axic_register_slice                 |   194|
|551   |                \aw.aw_pipe                        |axi_register_slice_v2_1_16_axic_register_slice_1               |   197|
|552   |                \b.b_pipe                          |axi_register_slice_v2_1_16_axic_register_slice__parameterized1 |    48|
|553   |                \r.r_pipe                          |axi_register_slice_v2_1_16_axic_register_slice__parameterized2 |   147|
|554   |              \WR.aw_channel_0                     |axi_protocol_converter_v2_1_16_b2s_aw_channel                  |   208|
|555   |                aw_cmd_fsm_0                       |axi_protocol_converter_v2_1_16_b2s_wr_cmd_fsm                  |    35|
|556   |                cmd_translator_0                   |axi_protocol_converter_v2_1_16_b2s_cmd_translator              |   157|
|557   |                  incr_cmd_0                       |axi_protocol_converter_v2_1_16_b2s_incr_cmd                    |    69|
|558   |                  wrap_cmd_0                       |axi_protocol_converter_v2_1_16_b2s_wrap_cmd                    |    84|
|559   |              \WR.b_channel_0                      |axi_protocol_converter_v2_1_16_b2s_b_channel                   |    64|
|560   |                bid_fifo_0                         |axi_protocol_converter_v2_1_16_b2s_simple_fifo                 |    33|
|561   |                bresp_fifo_0                       |axi_protocol_converter_v2_1_16_b2s_simple_fifo__parameterized0 |     7|
|562   |    rst_ps7_0_50M                                  |ReRamSpm_rst_ps7_0_50M_0                                       |    66|
|563   |      U0                                           |proc_sys_reset                                                 |    66|
|564   |        EXT_LPF                                    |lpf                                                            |    23|
|565   |          \ACTIVE_LOW_AUX.ACT_LO_AUX               |cdc_sync                                                       |     6|
|566   |          \ACTIVE_LOW_EXT.ACT_LO_EXT               |cdc_sync_0                                                     |     6|
|567   |        SEQ                                        |sequence_psr                                                   |    38|
|568   |          SEQ_COUNTER                              |upcnt_n                                                        |    13|
+------+---------------------------------------------------+---------------------------------------------------------------+------+
---------------------------------------------------------------------------------
Finished Writing Synthesis Report : Time (s): cpu = 00:03:43 ; elapsed = 00:04:04 . Memory (MB): peak = 1261.777 ; gain = 961.047
---------------------------------------------------------------------------------
Synthesis finished with 0 errors, 0 critical warnings and 119 warnings.
Synthesis Optimization Runtime : Time (s): cpu = 00:01:58 ; elapsed = 00:03:27 . Memory (MB): peak = 1261.777 ; gain = 521.379
Synthesis Optimization Complete : Time (s): cpu = 00:03:43 ; elapsed = 00:04:04 . Memory (MB): peak = 1261.777 ; gain = 961.047
INFO: [Project 1-571] Translating synthesized netlist
INFO: [Netlist 29-17] Analyzing 6816 Unisim elements for replacement
INFO: [Netlist 29-28] Unisim Transformation completed in 0 CPU seconds
INFO: [Project 1-570] Preparing netlist for logic optimization
INFO: [Opt 31-138] Pushed 0 inverter(s) to 0 load pin(s).
INFO: [Project 1-111] Unisim Transformation Summary:
  A total of 9 instances were transformed.
  FDR => FDRE: 8 instances
  SRL16 => SRL16E: 1 instances

INFO: [Common 17-83] Releasing license: Synthesis
357 Infos, 231 Warnings, 1 Critical Warnings and 0 Errors encountered.
synth_design completed successfully
synth_design: Time (s): cpu = 00:03:56 ; elapsed = 00:04:22 . Memory (MB): peak = 1351.621 ; gain = 1058.645
INFO: [Common 17-1381] The checkpoint 'C:/Users/hrish/Downloads/ReRAM_Thesis/Project Folder/ReRam_Redefined/ReRam_Redefined.runs/synth_1/ReRamSpm_wrapper.dcp' has been generated.
write_checkpoint: Time (s): cpu = 00:00:14 ; elapsed = 00:00:14 . Memory (MB): peak = 1351.621 ; gain = 0.000
INFO: [runtcl-4] Executing : report_utilization -file ReRamSpm_wrapper_utilization_synth.rpt -pb ReRamSpm_wrapper_utilization_synth.pb
report_utilization: Time (s): cpu = 00:00:01 ; elapsed = 00:00:01 . Memory (MB): peak = 1351.621 ; gain = 0.000
INFO: [Common 17-206] Exiting Vivado at Fri Oct 31 00:44:28 2025...
