
*** Running vivado
    with args -log RevisionDesign_wrapper.vds -m64 -product Vivado -mode batch -messageDb vivado.pb -notrace -source RevisionDesign_wrapper.tcl


****** Vivado v2018.1 (64-bit)
  **** SW Build 2188600 on Wed Apr  4 18:40:38 MDT 2018
  **** IP Build 2185939 on Wed Apr  4 20:55:05 MDT 2018
    ** Copyright 1986-2018 Xilinx, Inc. All Rights Reserved.

source RevisionDesign_wrapper.tcl -notrace
INFO: [IP_Flow 19-234] Refreshing IP repositories
INFO: [IP_Flow 19-1700] Loaded user IP repository 'c:/Users/hrish/Downloads/ReRAM_Thesis/Project Folder/ip_repo/axi_reram_1.0'.
WARNING: [IP_Flow 19-2207] Repository 'c:/Users/hrish/Downloads/ReRAM_Thesis/Project Folder/ip_repo/axi_reram_1.0' already exists; ignoring attempt to add it again.
INFO: [IP_Flow 19-1700] Loaded user IP repository 'c:/Users/hrish/Downloads/ReRAM_Thesis/Project Folder/ip_repo/axi_reram_1.0'.
INFO: [IP_Flow 19-2313] Loaded Vivado IP repository 'C:/Xilinx/Vivado/2018.1/data/ip'.
Command: synth_design -top RevisionDesign_wrapper -part xc7z020clg400-1
Starting synth_design
Attempting to get a license for feature 'Synthesis' and/or device 'xc7z020'
INFO: [Common 17-349] Got license for feature 'Synthesis' and/or device 'xc7z020'
INFO: Launching helper process for spawning children vivado processes
INFO: Helper process launched with PID 21436 
---------------------------------------------------------------------------------
Starting RTL Elaboration : Time (s): cpu = 00:00:09 ; elapsed = 00:00:12 . Memory (MB): peak = 417.219 ; gain = 110.168
---------------------------------------------------------------------------------
INFO: [Synth 8-6157] synthesizing module 'RevisionDesign_wrapper' [C:/Users/hrish/Downloads/ReRAM_Thesis/Project Folder/ReRAM_Revision/ReRAM_Revision.srcs/sources_1/bd/RevisionDesign/hdl/RevisionDesign_wrapper.v:12]
INFO: [Synth 8-6157] synthesizing module 'RevisionDesign' [C:/Users/hrish/Downloads/ReRAM_Thesis/Project Folder/ReRAM_Revision/ReRAM_Revision.srcs/sources_1/bd/RevisionDesign/synth/RevisionDesign.v:13]
INFO: [Synth 8-638] synthesizing module 'RevisionDesign_axi_bram_ctrl_0_0' [c:/Users/hrish/Downloads/ReRAM_Thesis/Project Folder/ReRAM_Revision/ReRAM_Revision.srcs/sources_1/bd/RevisionDesign/ip/RevisionDesign_axi_bram_ctrl_0_0/synth/RevisionDesign_axi_bram_ctrl_0_0.vhd:115]
	Parameter C_BRAM_INST_MODE bound to: EXTERNAL - type: string 
	Parameter C_MEMORY_DEPTH bound to: 2048 - type: integer 
	Parameter C_BRAM_ADDR_WIDTH bound to: 11 - type: integer 
	Parameter C_S_AXI_ADDR_WIDTH bound to: 13 - type: integer 
	Parameter C_S_AXI_DATA_WIDTH bound to: 32 - type: integer 
	Parameter C_S_AXI_ID_WIDTH bound to: 12 - type: integer 
	Parameter C_S_AXI_PROTOCOL bound to: AXI4 - type: string 
	Parameter C_S_AXI_SUPPORTS_NARROW_BURST bound to: 0 - type: integer 
	Parameter C_SINGLE_PORT_BRAM bound to: 0 - type: integer 
	Parameter C_FAMILY bound to: zynq - type: string 
	Parameter C_SELECT_XPM bound to: 1 - type: integer 
	Parameter C_S_AXI_CTRL_ADDR_WIDTH bound to: 32 - type: integer 
	Parameter C_S_AXI_CTRL_DATA_WIDTH bound to: 32 - type: integer 
	Parameter C_ECC bound to: 0 - type: integer 
	Parameter C_ECC_TYPE bound to: 0 - type: integer 
	Parameter C_FAULT_INJECT bound to: 0 - type: integer 
	Parameter C_ECC_ONOFF_RESET_VALUE bound to: 0 - type: integer 
INFO: [Synth 8-3491] module 'axi_bram_ctrl' declared at 'c:/Users/hrish/Downloads/ReRAM_Thesis/Project Folder/ReRAM_Revision/ReRAM_Revision.srcs/sources_1/bd/RevisionDesign/ipshared/6db1/hdl/axi_bram_ctrl_v4_0_rfs.vhd:23737' bound to instance 'U0' of component 'axi_bram_ctrl' [c:/Users/hrish/Downloads/ReRAM_Thesis/Project Folder/ReRAM_Revision/ReRAM_Revision.srcs/sources_1/bd/RevisionDesign/ip/RevisionDesign_axi_bram_ctrl_0_0/synth/RevisionDesign_axi_bram_ctrl_0_0.vhd:277]
INFO: [Synth 8-638] synthesizing module 'axi_bram_ctrl' [c:/Users/hrish/Downloads/ReRAM_Thesis/Project Folder/ReRAM_Revision/ReRAM_Revision.srcs/sources_1/bd/RevisionDesign/ipshared/6db1/hdl/axi_bram_ctrl_v4_0_rfs.vhd:23907]
	Parameter C_BRAM_INST_MODE bound to: EXTERNAL - type: string 
	Parameter C_MEMORY_DEPTH bound to: 2048 - type: integer 
	Parameter C_BRAM_ADDR_WIDTH bound to: 11 - type: integer 
	Parameter C_S_AXI_ADDR_WIDTH bound to: 13 - type: integer 
	Parameter C_S_AXI_DATA_WIDTH bound to: 32 - type: integer 
	Parameter C_S_AXI_ID_WIDTH bound to: 12 - type: integer 
	Parameter C_S_AXI_PROTOCOL bound to: AXI4 - type: string 
	Parameter C_S_AXI_SUPPORTS_NARROW_BURST bound to: 0 - type: integer 
	Parameter C_SINGLE_PORT_BRAM bound to: 0 - type: integer 
	Parameter C_FAMILY bound to: zynq - type: string 
	Parameter C_SELECT_XPM bound to: 1 - type: integer 
	Parameter C_S_AXI_CTRL_ADDR_WIDTH bound to: 32 - type: integer 
	Parameter C_S_AXI_CTRL_DATA_WIDTH bound to: 32 - type: integer 
	Parameter C_ECC bound to: 0 - type: integer 
	Parameter C_ECC_TYPE bound to: 0 - type: integer 
	Parameter C_FAULT_INJECT bound to: 0 - type: integer 
	Parameter C_ECC_ONOFF_RESET_VALUE bound to: 0 - type: integer 
INFO: [Synth 8-638] synthesizing module 'axi_bram_ctrl_top' [c:/Users/hrish/Downloads/ReRAM_Thesis/Project Folder/ReRAM_Revision/ReRAM_Revision.srcs/sources_1/bd/RevisionDesign/ipshared/6db1/hdl/axi_bram_ctrl_v4_0_rfs.vhd:22907]
	Parameter C_BRAM_ADDR_WIDTH bound to: 11 - type: integer 
	Parameter C_S_AXI_ADDR_WIDTH bound to: 13 - type: integer 
	Parameter C_S_AXI_DATA_WIDTH bound to: 32 - type: integer 
	Parameter C_S_AXI_ID_WIDTH bound to: 12 - type: integer 
	Parameter C_S_AXI_PROTOCOL bound to: AXI4 - type: string 
	Parameter C_S_AXI_SUPPORTS_NARROW_BURST bound to: 0 - type: integer 
	Parameter C_SINGLE_PORT_BRAM bound to: 0 - type: integer 
	Parameter C_S_AXI_CTRL_ADDR_WIDTH bound to: 32 - type: integer 
	Parameter C_S_AXI_CTRL_DATA_WIDTH bound to: 32 - type: integer 
	Parameter C_ECC bound to: 0 - type: integer 
	Parameter C_ECC_TYPE bound to: 0 - type: integer 
	Parameter C_FAULT_INJECT bound to: 0 - type: integer 
	Parameter C_ECC_ONOFF_RESET_VALUE bound to: 0 - type: integer 
INFO: [Synth 8-638] synthesizing module 'full_axi' [c:/Users/hrish/Downloads/ReRAM_Thesis/Project Folder/ReRAM_Revision/ReRAM_Revision.srcs/sources_1/bd/RevisionDesign/ipshared/6db1/hdl/axi_bram_ctrl_v4_0_rfs.vhd:21852]
	Parameter C_S_AXI_ADDR_WIDTH bound to: 13 - type: integer 
	Parameter C_S_AXI_DATA_WIDTH bound to: 32 - type: integer 
	Parameter C_S_AXI_ID_WIDTH bound to: 12 - type: integer 
	Parameter C_S_AXI_PROTOCOL bound to: AXI4 - type: string 
	Parameter C_S_AXI_SUPPORTS_NARROW_BURST bound to: 0 - type: integer 
	Parameter C_SINGLE_PORT_BRAM bound to: 0 - type: integer 
	Parameter C_S_AXI_CTRL_ADDR_WIDTH bound to: 32 - type: integer 
	Parameter C_S_AXI_CTRL_DATA_WIDTH bound to: 32 - type: integer 
	Parameter C_ECC bound to: 0 - type: integer 
	Parameter C_ECC_WIDTH bound to: 0 - type: integer 
	Parameter C_ECC_TYPE bound to: 0 - type: integer 
	Parameter C_FAULT_INJECT bound to: 0 - type: integer 
	Parameter C_ECC_ONOFF_RESET_VALUE bound to: 0 - type: integer 
	Parameter C_ENABLE_AXI_CTRL_REG_IF bound to: 0 - type: integer 
	Parameter C_CE_FAILING_REGISTERS bound to: 0 - type: integer 
	Parameter C_UE_FAILING_REGISTERS bound to: 0 - type: integer 
	Parameter C_ECC_STATUS_REGISTERS bound to: 0 - type: integer 
	Parameter C_ECC_ONOFF_REGISTER bound to: 0 - type: integer 
	Parameter C_CE_COUNTER_WIDTH bound to: 0 - type: integer 
INFO: [Synth 8-3919] null assignment ignored [c:/Users/hrish/Downloads/ReRAM_Thesis/Project Folder/ReRAM_Revision/ReRAM_Revision.srcs/sources_1/bd/RevisionDesign/ipshared/6db1/hdl/axi_bram_ctrl_v4_0_rfs.vhd:21920]
INFO: [Synth 8-638] synthesizing module 'wr_chnl' [c:/Users/hrish/Downloads/ReRAM_Thesis/Project Folder/ReRAM_Revision/ReRAM_Revision.srcs/sources_1/bd/RevisionDesign/ipshared/6db1/hdl/axi_bram_ctrl_v4_0_rfs.vhd:17016]
	Parameter C_AXI_ADDR_WIDTH bound to: 13 - type: integer 
	Parameter C_BRAM_ADDR_ADJUST_FACTOR bound to: 2 - type: integer 
	Parameter C_AXI_DATA_WIDTH bound to: 32 - type: integer 
	Parameter C_AXI_ID_WIDTH bound to: 12 - type: integer 
	Parameter C_S_AXI_SUPPORTS_NARROW bound to: 0 - type: integer 
	Parameter C_S_AXI_PROTOCOL bound to: AXI4 - type: string 
	Parameter C_SINGLE_PORT_BRAM bound to: 0 - type: integer 
	Parameter C_ECC bound to: 0 - type: integer 
	Parameter C_ECC_WIDTH bound to: 0 - type: integer 
	Parameter C_ECC_TYPE bound to: 0 - type: integer 
INFO: [Synth 8-506] null port 'FaultInjectECC' ignored [c:/Users/hrish/Downloads/ReRAM_Thesis/Project Folder/ReRAM_Revision/ReRAM_Revision.srcs/sources_1/bd/RevisionDesign/ipshared/6db1/hdl/axi_bram_ctrl_v4_0_rfs.vhd:16983]
INFO: [Synth 8-638] synthesizing module 'wrap_brst' [c:/Users/hrish/Downloads/ReRAM_Thesis/Project Folder/ReRAM_Revision/ReRAM_Revision.srcs/sources_1/bd/RevisionDesign/ipshared/6db1/hdl/axi_bram_ctrl_v4_0_rfs.vhd:10218]
	Parameter C_AXI_ADDR_WIDTH bound to: 13 - type: integer 
	Parameter C_BRAM_ADDR_ADJUST_FACTOR bound to: 2 - type: integer 
	Parameter C_AXI_DATA_WIDTH bound to: 32 - type: integer 
INFO: [Synth 8-256] done synthesizing module 'wrap_brst' (1#1) [c:/Users/hrish/Downloads/ReRAM_Thesis/Project Folder/ReRAM_Revision/ReRAM_Revision.srcs/sources_1/bd/RevisionDesign/ipshared/6db1/hdl/axi_bram_ctrl_v4_0_rfs.vhd:10218]
INFO: [Synth 8-226] default block is never used [c:/Users/hrish/Downloads/ReRAM_Thesis/Project Folder/ReRAM_Revision/ReRAM_Revision.srcs/sources_1/bd/RevisionDesign/ipshared/6db1/hdl/axi_bram_ctrl_v4_0_rfs.vhd:18685]
INFO: [Synth 8-638] synthesizing module 'SRL_FIFO' [c:/Users/hrish/Downloads/ReRAM_Thesis/Project Folder/ReRAM_Revision/ReRAM_Revision.srcs/sources_1/bd/RevisionDesign/ipshared/6db1/hdl/axi_bram_ctrl_v4_0_rfs.vhd:133]
	Parameter C_DATA_BITS bound to: 12 - type: integer 
	Parameter C_DEPTH bound to: 8 - type: integer 
	Parameter C_XON bound to: 0 - type: bool 
INFO: [Synth 8-3491] module 'FDR' declared at 'C:/Xilinx/Vivado/2018.1/scripts/rt/data/unisim_comp.v:3953' bound to instance 'Data_Exists_DFF' of component 'FDR' [c:/Users/hrish/Downloads/ReRAM_Thesis/Project Folder/ReRAM_Revision/ReRAM_Revision.srcs/sources_1/bd/RevisionDesign/ipshared/6db1/hdl/axi_bram_ctrl_v4_0_rfs.vhd:230]
INFO: [Synth 8-6157] synthesizing module 'FDR' [C:/Xilinx/Vivado/2018.1/scripts/rt/data/unisim_comp.v:3953]
	Parameter INIT bound to: 1'b0 
INFO: [Synth 8-6155] done synthesizing module 'FDR' (2#1) [C:/Xilinx/Vivado/2018.1/scripts/rt/data/unisim_comp.v:3953]
INFO: [Synth 8-3491] module 'MUXCY_L' declared at 'C:/Xilinx/Vivado/2018.1/scripts/rt/data/unisim_comp.v:26640' bound to instance 'MUXCY_L_I' of component 'MUXCY_L' [c:/Users/hrish/Downloads/ReRAM_Thesis/Project Folder/ReRAM_Revision/ReRAM_Revision.srcs/sources_1/bd/RevisionDesign/ipshared/6db1/hdl/axi_bram_ctrl_v4_0_rfs.vhd:247]
INFO: [Synth 8-6157] synthesizing module 'MUXCY_L' [C:/Xilinx/Vivado/2018.1/scripts/rt/data/unisim_comp.v:26640]
INFO: [Synth 8-6155] done synthesizing module 'MUXCY_L' (3#1) [C:/Xilinx/Vivado/2018.1/scripts/rt/data/unisim_comp.v:26640]
INFO: [Synth 8-3491] module 'XORCY' declared at 'C:/Xilinx/Vivado/2018.1/scripts/rt/data/unisim_comp.v:52721' bound to instance 'XORCY_I' of component 'XORCY' [c:/Users/hrish/Downloads/ReRAM_Thesis/Project Folder/ReRAM_Revision/ReRAM_Revision.srcs/sources_1/bd/RevisionDesign/ipshared/6db1/hdl/axi_bram_ctrl_v4_0_rfs.vhd:254]
INFO: [Synth 8-6157] synthesizing module 'XORCY' [C:/Xilinx/Vivado/2018.1/scripts/rt/data/unisim_comp.v:52721]
INFO: [Synth 8-6155] done synthesizing module 'XORCY' (4#1) [C:/Xilinx/Vivado/2018.1/scripts/rt/data/unisim_comp.v:52721]
INFO: [Synth 8-3491] module 'FDRE' declared at 'C:/Xilinx/Vivado/2018.1/scripts/rt/data/unisim_comp.v:3966' bound to instance 'FDRE_I' of component 'FDRE' [c:/Users/hrish/Downloads/ReRAM_Thesis/Project Folder/ReRAM_Revision/ReRAM_Revision.srcs/sources_1/bd/RevisionDesign/ipshared/6db1/hdl/axi_bram_ctrl_v4_0_rfs.vhd:260]
INFO: [Synth 8-6157] synthesizing module 'FDRE' [C:/Xilinx/Vivado/2018.1/scripts/rt/data/unisim_comp.v:3966]
	Parameter INIT bound to: 1'b0 
	Parameter IS_C_INVERTED bound to: 1'b0 
	Parameter IS_D_INVERTED bound to: 1'b0 
	Parameter IS_R_INVERTED bound to: 1'b0 
INFO: [Synth 8-6155] done synthesizing module 'FDRE' (5#1) [C:/Xilinx/Vivado/2018.1/scripts/rt/data/unisim_comp.v:3966]
INFO: [Synth 8-3491] module 'MUXCY_L' declared at 'C:/Xilinx/Vivado/2018.1/scripts/rt/data/unisim_comp.v:26640' bound to instance 'MUXCY_L_I' of component 'MUXCY_L' [c:/Users/hrish/Downloads/ReRAM_Thesis/Project Folder/ReRAM_Revision/ReRAM_Revision.srcs/sources_1/bd/RevisionDesign/ipshared/6db1/hdl/axi_bram_ctrl_v4_0_rfs.vhd:247]
INFO: [Synth 8-3491] module 'XORCY' declared at 'C:/Xilinx/Vivado/2018.1/scripts/rt/data/unisim_comp.v:52721' bound to instance 'XORCY_I' of component 'XORCY' [c:/Users/hrish/Downloads/ReRAM_Thesis/Project Folder/ReRAM_Revision/ReRAM_Revision.srcs/sources_1/bd/RevisionDesign/ipshared/6db1/hdl/axi_bram_ctrl_v4_0_rfs.vhd:254]
INFO: [Synth 8-3491] module 'FDRE' declared at 'C:/Xilinx/Vivado/2018.1/scripts/rt/data/unisim_comp.v:3966' bound to instance 'FDRE_I' of component 'FDRE' [c:/Users/hrish/Downloads/ReRAM_Thesis/Project Folder/ReRAM_Revision/ReRAM_Revision.srcs/sources_1/bd/RevisionDesign/ipshared/6db1/hdl/axi_bram_ctrl_v4_0_rfs.vhd:260]
INFO: [Synth 8-3491] module 'MUXCY_L' declared at 'C:/Xilinx/Vivado/2018.1/scripts/rt/data/unisim_comp.v:26640' bound to instance 'MUXCY_L_I' of component 'MUXCY_L' [c:/Users/hrish/Downloads/ReRAM_Thesis/Project Folder/ReRAM_Revision/ReRAM_Revision.srcs/sources_1/bd/RevisionDesign/ipshared/6db1/hdl/axi_bram_ctrl_v4_0_rfs.vhd:247]
INFO: [Synth 8-3491] module 'XORCY' declared at 'C:/Xilinx/Vivado/2018.1/scripts/rt/data/unisim_comp.v:52721' bound to instance 'XORCY_I' of component 'XORCY' [c:/Users/hrish/Downloads/ReRAM_Thesis/Project Folder/ReRAM_Revision/ReRAM_Revision.srcs/sources_1/bd/RevisionDesign/ipshared/6db1/hdl/axi_bram_ctrl_v4_0_rfs.vhd:254]
INFO: [Synth 8-3491] module 'FDRE' declared at 'C:/Xilinx/Vivado/2018.1/scripts/rt/data/unisim_comp.v:3966' bound to instance 'FDRE_I' of component 'FDRE' [c:/Users/hrish/Downloads/ReRAM_Thesis/Project Folder/ReRAM_Revision/ReRAM_Revision.srcs/sources_1/bd/RevisionDesign/ipshared/6db1/hdl/axi_bram_ctrl_v4_0_rfs.vhd:260]
INFO: [Synth 8-3491] module 'MUXCY_L' declared at 'C:/Xilinx/Vivado/2018.1/scripts/rt/data/unisim_comp.v:26640' bound to instance 'MUXCY_L_I' of component 'MUXCY_L' [c:/Users/hrish/Downloads/ReRAM_Thesis/Project Folder/ReRAM_Revision/ReRAM_Revision.srcs/sources_1/bd/RevisionDesign/ipshared/6db1/hdl/axi_bram_ctrl_v4_0_rfs.vhd:247]
INFO: [Synth 8-3491] module 'XORCY' declared at 'C:/Xilinx/Vivado/2018.1/scripts/rt/data/unisim_comp.v:52721' bound to instance 'XORCY_I' of component 'XORCY' [c:/Users/hrish/Downloads/ReRAM_Thesis/Project Folder/ReRAM_Revision/ReRAM_Revision.srcs/sources_1/bd/RevisionDesign/ipshared/6db1/hdl/axi_bram_ctrl_v4_0_rfs.vhd:254]
INFO: [Synth 8-3491] module 'FDRE' declared at 'C:/Xilinx/Vivado/2018.1/scripts/rt/data/unisim_comp.v:3966' bound to instance 'FDRE_I' of component 'FDRE' [c:/Users/hrish/Downloads/ReRAM_Thesis/Project Folder/ReRAM_Revision/ReRAM_Revision.srcs/sources_1/bd/RevisionDesign/ipshared/6db1/hdl/axi_bram_ctrl_v4_0_rfs.vhd:260]
INFO: [Synth 8-3491] module 'SRL16E' declared at 'C:/Xilinx/Vivado/2018.1/scripts/rt/data/unisim_comp.v:50709' bound to instance 'SRL16E_I' of component 'SRL16E' [c:/Users/hrish/Downloads/ReRAM_Thesis/Project Folder/ReRAM_Revision/ReRAM_Revision.srcs/sources_1/bd/RevisionDesign/ipshared/6db1/hdl/axi_bram_ctrl_v4_0_rfs.vhd:271]
INFO: [Synth 8-6157] synthesizing module 'SRL16E' [C:/Xilinx/Vivado/2018.1/scripts/rt/data/unisim_comp.v:50709]
	Parameter INIT bound to: 16'b0000000000000000 
	Parameter IS_CLK_INVERTED bound to: 1'b0 
INFO: [Synth 8-6155] done synthesizing module 'SRL16E' (6#1) [C:/Xilinx/Vivado/2018.1/scripts/rt/data/unisim_comp.v:50709]
INFO: [Synth 8-3491] module 'SRL16E' declared at 'C:/Xilinx/Vivado/2018.1/scripts/rt/data/unisim_comp.v:50709' bound to instance 'SRL16E_I' of component 'SRL16E' [c:/Users/hrish/Downloads/ReRAM_Thesis/Project Folder/ReRAM_Revision/ReRAM_Revision.srcs/sources_1/bd/RevisionDesign/ipshared/6db1/hdl/axi_bram_ctrl_v4_0_rfs.vhd:271]
INFO: [Synth 8-3491] module 'SRL16E' declared at 'C:/Xilinx/Vivado/2018.1/scripts/rt/data/unisim_comp.v:50709' bound to instance 'SRL16E_I' of component 'SRL16E' [c:/Users/hrish/Downloads/ReRAM_Thesis/Project Folder/ReRAM_Revision/ReRAM_Revision.srcs/sources_1/bd/RevisionDesign/ipshared/6db1/hdl/axi_bram_ctrl_v4_0_rfs.vhd:271]
INFO: [Synth 8-3491] module 'SRL16E' declared at 'C:/Xilinx/Vivado/2018.1/scripts/rt/data/unisim_comp.v:50709' bound to instance 'SRL16E_I' of component 'SRL16E' [c:/Users/hrish/Downloads/ReRAM_Thesis/Project Folder/ReRAM_Revision/ReRAM_Revision.srcs/sources_1/bd/RevisionDesign/ipshared/6db1/hdl/axi_bram_ctrl_v4_0_rfs.vhd:271]
INFO: [Synth 8-3491] module 'SRL16E' declared at 'C:/Xilinx/Vivado/2018.1/scripts/rt/data/unisim_comp.v:50709' bound to instance 'SRL16E_I' of component 'SRL16E' [c:/Users/hrish/Downloads/ReRAM_Thesis/Project Folder/ReRAM_Revision/ReRAM_Revision.srcs/sources_1/bd/RevisionDesign/ipshared/6db1/hdl/axi_bram_ctrl_v4_0_rfs.vhd:271]
INFO: [Synth 8-3491] module 'SRL16E' declared at 'C:/Xilinx/Vivado/2018.1/scripts/rt/data/unisim_comp.v:50709' bound to instance 'SRL16E_I' of component 'SRL16E' [c:/Users/hrish/Downloads/ReRAM_Thesis/Project Folder/ReRAM_Revision/ReRAM_Revision.srcs/sources_1/bd/RevisionDesign/ipshared/6db1/hdl/axi_bram_ctrl_v4_0_rfs.vhd:271]
INFO: [Synth 8-3491] module 'SRL16E' declared at 'C:/Xilinx/Vivado/2018.1/scripts/rt/data/unisim_comp.v:50709' bound to instance 'SRL16E_I' of component 'SRL16E' [c:/Users/hrish/Downloads/ReRAM_Thesis/Project Folder/ReRAM_Revision/ReRAM_Revision.srcs/sources_1/bd/RevisionDesign/ipshared/6db1/hdl/axi_bram_ctrl_v4_0_rfs.vhd:271]
INFO: [Synth 8-3491] module 'SRL16E' declared at 'C:/Xilinx/Vivado/2018.1/scripts/rt/data/unisim_comp.v:50709' bound to instance 'SRL16E_I' of component 'SRL16E' [c:/Users/hrish/Downloads/ReRAM_Thesis/Project Folder/ReRAM_Revision/ReRAM_Revision.srcs/sources_1/bd/RevisionDesign/ipshared/6db1/hdl/axi_bram_ctrl_v4_0_rfs.vhd:271]
INFO: [Synth 8-3491] module 'SRL16E' declared at 'C:/Xilinx/Vivado/2018.1/scripts/rt/data/unisim_comp.v:50709' bound to instance 'SRL16E_I' of component 'SRL16E' [c:/Users/hrish/Downloads/ReRAM_Thesis/Project Folder/ReRAM_Revision/ReRAM_Revision.srcs/sources_1/bd/RevisionDesign/ipshared/6db1/hdl/axi_bram_ctrl_v4_0_rfs.vhd:271]
INFO: [Synth 8-3491] module 'SRL16E' declared at 'C:/Xilinx/Vivado/2018.1/scripts/rt/data/unisim_comp.v:50709' bound to instance 'SRL16E_I' of component 'SRL16E' [c:/Users/hrish/Downloads/ReRAM_Thesis/Project Folder/ReRAM_Revision/ReRAM_Revision.srcs/sources_1/bd/RevisionDesign/ipshared/6db1/hdl/axi_bram_ctrl_v4_0_rfs.vhd:271]
INFO: [Synth 8-3491] module 'SRL16E' declared at 'C:/Xilinx/Vivado/2018.1/scripts/rt/data/unisim_comp.v:50709' bound to instance 'SRL16E_I' of component 'SRL16E' [c:/Users/hrish/Downloads/ReRAM_Thesis/Project Folder/ReRAM_Revision/ReRAM_Revision.srcs/sources_1/bd/RevisionDesign/ipshared/6db1/hdl/axi_bram_ctrl_v4_0_rfs.vhd:271]
INFO: [Synth 8-3491] module 'SRL16E' declared at 'C:/Xilinx/Vivado/2018.1/scripts/rt/data/unisim_comp.v:50709' bound to instance 'SRL16E_I' of component 'SRL16E' [c:/Users/hrish/Downloads/ReRAM_Thesis/Project Folder/ReRAM_Revision/ReRAM_Revision.srcs/sources_1/bd/RevisionDesign/ipshared/6db1/hdl/axi_bram_ctrl_v4_0_rfs.vhd:271]
INFO: [Synth 8-256] done synthesizing module 'SRL_FIFO' (7#1) [c:/Users/hrish/Downloads/ReRAM_Thesis/Project Folder/ReRAM_Revision/ReRAM_Revision.srcs/sources_1/bd/RevisionDesign/ipshared/6db1/hdl/axi_bram_ctrl_v4_0_rfs.vhd:133]
WARNING: [Synth 8-6014] Unused sequential element curr_awsize_reg_reg was removed.  [c:/Users/hrish/Downloads/ReRAM_Thesis/Project Folder/ReRAM_Revision/ReRAM_Revision.srcs/sources_1/bd/RevisionDesign/ipshared/6db1/hdl/axi_bram_ctrl_v4_0_rfs.vhd:18172]
WARNING: [Synth 8-6014] Unused sequential element aw_active_d1_reg was removed.  [c:/Users/hrish/Downloads/ReRAM_Thesis/Project Folder/ReRAM_Revision/ReRAM_Revision.srcs/sources_1/bd/RevisionDesign/ipshared/6db1/hdl/axi_bram_ctrl_v4_0_rfs.vhd:18596]
INFO: [Synth 8-256] done synthesizing module 'wr_chnl' (8#1) [c:/Users/hrish/Downloads/ReRAM_Thesis/Project Folder/ReRAM_Revision/ReRAM_Revision.srcs/sources_1/bd/RevisionDesign/ipshared/6db1/hdl/axi_bram_ctrl_v4_0_rfs.vhd:17016]
INFO: [Synth 8-638] synthesizing module 'rd_chnl' [c:/Users/hrish/Downloads/ReRAM_Thesis/Project Folder/ReRAM_Revision/ReRAM_Revision.srcs/sources_1/bd/RevisionDesign/ipshared/6db1/hdl/axi_bram_ctrl_v4_0_rfs.vhd:11498]
	Parameter C_AXI_ADDR_WIDTH bound to: 13 - type: integer 
	Parameter C_BRAM_ADDR_ADJUST_FACTOR bound to: 2 - type: integer 
	Parameter C_AXI_DATA_WIDTH bound to: 32 - type: integer 
	Parameter C_AXI_ID_WIDTH bound to: 12 - type: integer 
	Parameter C_S_AXI_SUPPORTS_NARROW bound to: 0 - type: integer 
	Parameter C_S_AXI_PROTOCOL bound to: AXI4 - type: string 
	Parameter C_SINGLE_PORT_BRAM bound to: 0 - type: integer 
	Parameter C_ECC bound to: 0 - type: integer 
	Parameter C_ECC_WIDTH bound to: 0 - type: integer 
	Parameter C_ECC_TYPE bound to: 0 - type: integer 
INFO: [Synth 8-226] default block is never used [c:/Users/hrish/Downloads/ReRAM_Thesis/Project Folder/ReRAM_Revision/ReRAM_Revision.srcs/sources_1/bd/RevisionDesign/ipshared/6db1/hdl/axi_bram_ctrl_v4_0_rfs.vhd:13193]
WARNING: [Synth 8-6014] Unused sequential element curr_arsize_reg_reg was removed.  [c:/Users/hrish/Downloads/ReRAM_Thesis/Project Folder/ReRAM_Revision/ReRAM_Revision.srcs/sources_1/bd/RevisionDesign/ipshared/6db1/hdl/axi_bram_ctrl_v4_0_rfs.vhd:12641]
WARNING: [Synth 8-6014] Unused sequential element do_cmplt_burst_reg was removed.  [c:/Users/hrish/Downloads/ReRAM_Thesis/Project Folder/ReRAM_Revision/ReRAM_Revision.srcs/sources_1/bd/RevisionDesign/ipshared/6db1/hdl/axi_bram_ctrl_v4_0_rfs.vhd:16034]
INFO: [Synth 8-256] done synthesizing module 'rd_chnl' (9#1) [c:/Users/hrish/Downloads/ReRAM_Thesis/Project Folder/ReRAM_Revision/ReRAM_Revision.srcs/sources_1/bd/RevisionDesign/ipshared/6db1/hdl/axi_bram_ctrl_v4_0_rfs.vhd:11498]
INFO: [Synth 8-256] done synthesizing module 'full_axi' (10#1) [c:/Users/hrish/Downloads/ReRAM_Thesis/Project Folder/ReRAM_Revision/ReRAM_Revision.srcs/sources_1/bd/RevisionDesign/ipshared/6db1/hdl/axi_bram_ctrl_v4_0_rfs.vhd:21852]
INFO: [Synth 8-256] done synthesizing module 'axi_bram_ctrl_top' (11#1) [c:/Users/hrish/Downloads/ReRAM_Thesis/Project Folder/ReRAM_Revision/ReRAM_Revision.srcs/sources_1/bd/RevisionDesign/ipshared/6db1/hdl/axi_bram_ctrl_v4_0_rfs.vhd:22907]
INFO: [Synth 8-256] done synthesizing module 'axi_bram_ctrl' (12#1) [c:/Users/hrish/Downloads/ReRAM_Thesis/Project Folder/ReRAM_Revision/ReRAM_Revision.srcs/sources_1/bd/RevisionDesign/ipshared/6db1/hdl/axi_bram_ctrl_v4_0_rfs.vhd:23907]
INFO: [Synth 8-256] done synthesizing module 'RevisionDesign_axi_bram_ctrl_0_0' (13#1) [c:/Users/hrish/Downloads/ReRAM_Thesis/Project Folder/ReRAM_Revision/ReRAM_Revision.srcs/sources_1/bd/RevisionDesign/ip/RevisionDesign_axi_bram_ctrl_0_0/synth/RevisionDesign_axi_bram_ctrl_0_0.vhd:115]
WARNING: [Synth 8-350] instance 'axi_bram_ctrl_0' of module 'RevisionDesign_axi_bram_ctrl_0_0' requires 51 connections, but only 45 given [C:/Users/hrish/Downloads/ReRAM_Thesis/Project Folder/ReRAM_Revision/ReRAM_Revision.srcs/sources_1/bd/RevisionDesign/synth/RevisionDesign.v:191]
INFO: [Synth 8-6157] synthesizing module 'RevisionDesign_axi_reram_0_0' [c:/Users/hrish/Downloads/ReRAM_Thesis/Project Folder/ReRAM_Revision/ReRAM_Revision.srcs/sources_1/bd/RevisionDesign/ip/RevisionDesign_axi_reram_0_0/synth/RevisionDesign_axi_reram_0_0.v:57]
INFO: [Synth 8-6157] synthesizing module 'axi_reram_v1_0' [c:/Users/hrish/Downloads/ReRAM_Thesis/Project Folder/ReRAM_Revision/ReRAM_Revision.srcs/sources_1/bd/RevisionDesign/ipshared/7d32/hdl/axi_reram_v1_0.v:3]
	Parameter MEM_DEPTH bound to: 32'sb00000000000000000000000000010000 
	Parameter ADDR_WIDTH bound to: 32'sb00000000000000000000000000000100 
	Parameter C_S00_AXI_DATA_WIDTH bound to: 32'sb00000000000000000000000000100000 
	Parameter C_S00_AXI_ADDR_WIDTH bound to: 32'sb00000000000000000000000000000100 
	Parameter BRAM_ADDR_WIDTH bound to: 32'sb00000000000000000000000000001100 
INFO: [Synth 8-6157] synthesizing module 'axi_reram_v1_0_S00_AXI' [c:/Users/hrish/Downloads/ReRAM_Thesis/Project Folder/ReRAM_Revision/ReRAM_Revision.srcs/sources_1/bd/RevisionDesign/ipshared/7d32/hdl/axi_reram_v1_0_S00_AXI.v:3]
	Parameter MEM_DEPTH bound to: 32'sb00000000000000000000000000010000 
	Parameter ADDR_WIDTH bound to: 32'sb00000000000000000000000000000100 
	Parameter C_S_AXI_DATA_WIDTH bound to: 32'sb00000000000000000000000000100000 
	Parameter C_S_AXI_ADDR_WIDTH bound to: 32'sb00000000000000000000000000000100 
	Parameter ADDR_LSB bound to: 32'sb00000000000000000000000000000010 
	Parameter OPT_MEM_ADDR_BITS bound to: 32'sb00000000000000000000000000000001 
INFO: [Synth 8-226] default block is never used [c:/Users/hrish/Downloads/ReRAM_Thesis/Project Folder/ReRAM_Revision/ReRAM_Revision.srcs/sources_1/bd/RevisionDesign/ipshared/7d32/hdl/axi_reram_v1_0_S00_AXI.v:154]
INFO: [Synth 8-226] default block is never used [c:/Users/hrish/Downloads/ReRAM_Thesis/Project Folder/ReRAM_Revision/ReRAM_Revision.srcs/sources_1/bd/RevisionDesign/ipshared/7d32/hdl/axi_reram_v1_0_S00_AXI.v:269]
WARNING: [Synth 8-6014] Unused sequential element slv_reg2_reg was removed.  [c:/Users/hrish/Downloads/ReRAM_Thesis/Project Folder/ReRAM_Revision/ReRAM_Revision.srcs/sources_1/bd/RevisionDesign/ipshared/7d32/hdl/axi_reram_v1_0_S00_AXI.v:151]
INFO: [Synth 8-6155] done synthesizing module 'axi_reram_v1_0_S00_AXI' (14#1) [c:/Users/hrish/Downloads/ReRAM_Thesis/Project Folder/ReRAM_Revision/ReRAM_Revision.srcs/sources_1/bd/RevisionDesign/ipshared/7d32/hdl/axi_reram_v1_0_S00_AXI.v:3]
INFO: [Synth 8-6157] synthesizing module 'reram_core' [c:/Users/hrish/Downloads/ReRAM_Thesis/Project Folder/ReRAM_Revision/ReRAM_Revision.srcs/sources_1/bd/RevisionDesign/ipshared/7d32/src/reram_core.v:3]
	Parameter MEM_DEPTH bound to: 32'sb00000000000000000000000000010000 
	Parameter ADDR_WIDTH bound to: 32'sb00000000000000000000000000000100 
INFO: [Synth 8-6157] synthesizing module 'reram_cell' [c:/Users/hrish/Downloads/ReRAM_Thesis/Project Folder/ReRAM_Revision/ReRAM_Revision.srcs/sources_1/bd/RevisionDesign/ipshared/7d32/src/reram_cell.sv:1]
	Parameter LRS_STATE bound to: 1'b0 
	Parameter HRS_STATE bound to: 1'b1 
	Parameter SET_DELAY_CYCLES bound to: 10 - type: integer 
	Parameter RESET_DELAY_CYCLES bound to: 10 - type: integer 
	Parameter ENDURANCE_LIMIT bound to: 1000 - type: integer 
	Parameter IDLE bound to: 2'b00 
	Parameter SETTING bound to: 2'b01 
	Parameter RESETTING bound to: 2'b10 
INFO: [Synth 8-6155] done synthesizing module 'reram_cell' (15#1) [c:/Users/hrish/Downloads/ReRAM_Thesis/Project Folder/ReRAM_Revision/ReRAM_Revision.srcs/sources_1/bd/RevisionDesign/ipshared/7d32/src/reram_cell.sv:1]
INFO: [Synth 8-6155] done synthesizing module 'reram_core' (16#1) [c:/Users/hrish/Downloads/ReRAM_Thesis/Project Folder/ReRAM_Revision/ReRAM_Revision.srcs/sources_1/bd/RevisionDesign/ipshared/7d32/src/reram_core.v:3]
INFO: [Synth 8-6155] done synthesizing module 'axi_reram_v1_0' (17#1) [c:/Users/hrish/Downloads/ReRAM_Thesis/Project Folder/ReRAM_Revision/ReRAM_Revision.srcs/sources_1/bd/RevisionDesign/ipshared/7d32/hdl/axi_reram_v1_0.v:3]
INFO: [Synth 8-6155] done synthesizing module 'RevisionDesign_axi_reram_0_0' (18#1) [c:/Users/hrish/Downloads/ReRAM_Thesis/Project Folder/ReRAM_Revision/ReRAM_Revision.srcs/sources_1/bd/RevisionDesign/ip/RevisionDesign_axi_reram_0_0/synth/RevisionDesign_axi_reram_0_0.v:57]
INFO: [Synth 8-638] synthesizing module 'RevisionDesign_blk_mem_gen_0_0' [c:/Users/hrish/Downloads/ReRAM_Thesis/Project Folder/ReRAM_Revision/ReRAM_Revision.srcs/sources_1/bd/RevisionDesign/ip/RevisionDesign_blk_mem_gen_0_0/synth/RevisionDesign_blk_mem_gen_0_0.vhd:80]
	Parameter C_FAMILY bound to: zynq - type: string 
	Parameter C_XDEVICEFAMILY bound to: zynq - type: string 
	Parameter C_ELABORATION_DIR bound to: ./ - type: string 
	Parameter C_INTERFACE_TYPE bound to: 0 - type: integer 
	Parameter C_AXI_TYPE bound to: 1 - type: integer 
	Parameter C_AXI_SLAVE_TYPE bound to: 0 - type: integer 
	Parameter C_USE_BRAM_BLOCK bound to: 1 - type: integer 
	Parameter C_ENABLE_32BIT_ADDRESS bound to: 1 - type: integer 
	Parameter C_CTRL_ECC_ALGO bound to: NONE - type: string 
	Parameter C_HAS_AXI_ID bound to: 0 - type: integer 
	Parameter C_AXI_ID_WIDTH bound to: 4 - type: integer 
	Parameter C_MEM_TYPE bound to: 2 - type: integer 
	Parameter C_BYTE_SIZE bound to: 8 - type: integer 
	Parameter C_ALGORITHM bound to: 1 - type: integer 
	Parameter C_PRIM_TYPE bound to: 1 - type: integer 
	Parameter C_LOAD_INIT_FILE bound to: 0 - type: integer 
	Parameter C_INIT_FILE_NAME bound to: no_coe_file_loaded - type: string 
	Parameter C_INIT_FILE bound to: NONE - type: string 
	Parameter C_USE_DEFAULT_DATA bound to: 0 - type: integer 
	Parameter C_DEFAULT_DATA bound to: 0 - type: string 
	Parameter C_HAS_RSTA bound to: 1 - type: integer 
	Parameter C_RST_PRIORITY_A bound to: CE - type: string 
	Parameter C_RSTRAM_A bound to: 0 - type: integer 
	Parameter C_INITA_VAL bound to: 0 - type: string 
	Parameter C_HAS_ENA bound to: 1 - type: integer 
	Parameter C_HAS_REGCEA bound to: 0 - type: integer 
	Parameter C_USE_BYTE_WEA bound to: 1 - type: integer 
	Parameter C_WEA_WIDTH bound to: 4 - type: integer 
	Parameter C_WRITE_MODE_A bound to: WRITE_FIRST - type: string 
	Parameter C_WRITE_WIDTH_A bound to: 32 - type: integer 
	Parameter C_READ_WIDTH_A bound to: 32 - type: integer 
	Parameter C_WRITE_DEPTH_A bound to: 2048 - type: integer 
	Parameter C_READ_DEPTH_A bound to: 2048 - type: integer 
	Parameter C_ADDRA_WIDTH bound to: 32 - type: integer 
	Parameter C_HAS_RSTB bound to: 1 - type: integer 
	Parameter C_RST_PRIORITY_B bound to: CE - type: string 
	Parameter C_RSTRAM_B bound to: 0 - type: integer 
	Parameter C_INITB_VAL bound to: 0 - type: string 
	Parameter C_HAS_ENB bound to: 1 - type: integer 
	Parameter C_HAS_REGCEB bound to: 0 - type: integer 
	Parameter C_USE_BYTE_WEB bound to: 1 - type: integer 
	Parameter C_WEB_WIDTH bound to: 4 - type: integer 
	Parameter C_WRITE_MODE_B bound to: WRITE_FIRST - type: string 
	Parameter C_WRITE_WIDTH_B bound to: 32 - type: integer 
	Parameter C_READ_WIDTH_B bound to: 32 - type: integer 
	Parameter C_WRITE_DEPTH_B bound to: 2048 - type: integer 
	Parameter C_READ_DEPTH_B bound to: 2048 - type: integer 
	Parameter C_ADDRB_WIDTH bound to: 32 - type: integer 
	Parameter C_HAS_MEM_OUTPUT_REGS_A bound to: 0 - type: integer 
	Parameter C_HAS_MEM_OUTPUT_REGS_B bound to: 0 - type: integer 
	Parameter C_HAS_MUX_OUTPUT_REGS_A bound to: 0 - type: integer 
	Parameter C_HAS_MUX_OUTPUT_REGS_B bound to: 0 - type: integer 
	Parameter C_MUX_PIPELINE_STAGES bound to: 0 - type: integer 
	Parameter C_HAS_SOFTECC_INPUT_REGS_A bound to: 0 - type: integer 
	Parameter C_HAS_SOFTECC_OUTPUT_REGS_B bound to: 0 - type: integer 
	Parameter C_USE_SOFTECC bound to: 0 - type: integer 
	Parameter C_USE_ECC bound to: 0 - type: integer 
	Parameter C_EN_ECC_PIPE bound to: 0 - type: integer 
	Parameter C_HAS_INJECTERR bound to: 0 - type: integer 
	Parameter C_SIM_COLLISION_CHECK bound to: ALL - type: string 
	Parameter C_COMMON_CLK bound to: 1 - type: integer 
	Parameter C_DISABLE_WARN_BHV_COLL bound to: 0 - type: integer 
	Parameter C_EN_SLEEP_PIN bound to: 0 - type: integer 
	Parameter C_USE_URAM bound to: 0 - type: integer 
	Parameter C_EN_RDADDRA_CHG bound to: 0 - type: integer 
	Parameter C_EN_RDADDRB_CHG bound to: 0 - type: integer 
	Parameter C_EN_DEEPSLEEP_PIN bound to: 0 - type: integer 
	Parameter C_EN_SHUTDOWN_PIN bound to: 0 - type: integer 
	Parameter C_EN_SAFETY_CKT bound to: 1 - type: integer 
	Parameter C_DISABLE_WARN_BHV_RANGE bound to: 0 - type: integer 
	Parameter C_COUNT_36K_BRAM bound to: 2 - type: string 
	Parameter C_COUNT_18K_BRAM bound to: 0 - type: string 
	Parameter C_EST_POWER_SUMMARY bound to: Estimated Power for IP     :     10.7492 mW - type: string 
INFO: [Synth 8-3491] module 'blk_mem_gen_v8_4_1' declared at 'c:/Users/hrish/Downloads/ReRAM_Thesis/Project Folder/ReRAM_Revision/ReRAM_Revision.srcs/sources_1/bd/RevisionDesign/ipshared/67d8/hdl/blk_mem_gen_v8_4_vhsyn_rfs.vhd:195313' bound to instance 'U0' of component 'blk_mem_gen_v8_4_1' [c:/Users/hrish/Downloads/ReRAM_Thesis/Project Folder/ReRAM_Revision/ReRAM_Revision.srcs/sources_1/bd/RevisionDesign/ip/RevisionDesign_blk_mem_gen_0_0/synth/RevisionDesign_blk_mem_gen_0_0.vhd:253]
INFO: [Synth 8-256] done synthesizing module 'RevisionDesign_blk_mem_gen_0_0' (27#1) [c:/Users/hrish/Downloads/ReRAM_Thesis/Project Folder/ReRAM_Revision/ReRAM_Revision.srcs/sources_1/bd/RevisionDesign/ip/RevisionDesign_blk_mem_gen_0_0/synth/RevisionDesign_blk_mem_gen_0_0.vhd:80]
WARNING: [Synth 8-689] width (12) of port connection 'addrb' does not match port width (32) of module 'RevisionDesign_blk_mem_gen_0_0' [C:/Users/hrish/Downloads/ReRAM_Thesis/Project Folder/ReRAM_Revision/ReRAM_Revision.srcs/sources_1/bd/RevisionDesign/synth/RevisionDesign.v:268]
WARNING: [Synth 8-350] instance 'blk_mem_gen_0' of module 'RevisionDesign_blk_mem_gen_0_0' requires 16 connections, but only 14 given [C:/Users/hrish/Downloads/ReRAM_Thesis/Project Folder/ReRAM_Revision/ReRAM_Revision.srcs/sources_1/bd/RevisionDesign/synth/RevisionDesign.v:266]
INFO: [Synth 8-6157] synthesizing module 'RevisionDesign_processing_system7_0_0' [c:/Users/hrish/Downloads/ReRAM_Thesis/Project Folder/ReRAM_Revision/ReRAM_Revision.srcs/sources_1/bd/RevisionDesign/ip/RevisionDesign_processing_system7_0_0/synth/RevisionDesign_processing_system7_0_0.v:60]
INFO: [Synth 8-6157] synthesizing module 'processing_system7_v5_5_processing_system7' [c:/Users/hrish/Downloads/ReRAM_Thesis/Project Folder/ReRAM_Revision/ReRAM_Revision.srcs/sources_1/bd/RevisionDesign/ip/RevisionDesign_processing_system7_0_0/hdl/verilog/processing_system7_v5_5_processing_system7.v:161]
	Parameter C_USE_DEFAULT_ACP_USER_VAL bound to: 0 - type: integer 
	Parameter C_S_AXI_ACP_ARUSER_VAL bound to: 31 - type: integer 
	Parameter C_S_AXI_ACP_AWUSER_VAL bound to: 31 - type: integer 
	Parameter C_M_AXI_GP0_THREAD_ID_WIDTH bound to: 12 - type: integer 
	Parameter C_M_AXI_GP1_THREAD_ID_WIDTH bound to: 12 - type: integer 
	Parameter C_M_AXI_GP0_ENABLE_STATIC_REMAP bound to: 0 - type: integer 
	Parameter C_M_AXI_GP1_ENABLE_STATIC_REMAP bound to: 0 - type: integer 
	Parameter C_M_AXI_GP0_ID_WIDTH bound to: 12 - type: integer 
	Parameter C_M_AXI_GP1_ID_WIDTH bound to: 12 - type: integer 
	Parameter C_S_AXI_GP0_ID_WIDTH bound to: 6 - type: integer 
	Parameter C_S_AXI_GP1_ID_WIDTH bound to: 6 - type: integer 
	Parameter C_S_AXI_HP0_ID_WIDTH bound to: 6 - type: integer 
	Parameter C_S_AXI_HP1_ID_WIDTH bound to: 6 - type: integer 
	Parameter C_S_AXI_HP2_ID_WIDTH bound to: 6 - type: integer 
	Parameter C_S_AXI_HP3_ID_WIDTH bound to: 6 - type: integer 
	Parameter C_S_AXI_ACP_ID_WIDTH bound to: 3 - type: integer 
	Parameter C_S_AXI_HP0_DATA_WIDTH bound to: 64 - type: integer 
	Parameter C_S_AXI_HP1_DATA_WIDTH bound to: 64 - type: integer 
	Parameter C_S_AXI_HP2_DATA_WIDTH bound to: 64 - type: integer 
	Parameter C_S_AXI_HP3_DATA_WIDTH bound to: 64 - type: integer 
	Parameter C_INCLUDE_ACP_TRANS_CHECK bound to: 0 - type: integer 
	Parameter C_NUM_F2P_INTR_INPUTS bound to: 1 - type: integer 
	Parameter C_FCLK_CLK0_BUF bound to: TRUE - type: string 
	Parameter C_FCLK_CLK1_BUF bound to: FALSE - type: string 
	Parameter C_FCLK_CLK2_BUF bound to: FALSE - type: string 
	Parameter C_FCLK_CLK3_BUF bound to: FALSE - type: string 
	Parameter C_EMIO_GPIO_WIDTH bound to: 64 - type: integer 
	Parameter C_INCLUDE_TRACE_BUFFER bound to: 0 - type: integer 
	Parameter C_TRACE_BUFFER_FIFO_SIZE bound to: 128 - type: integer 
	Parameter C_TRACE_BUFFER_CLOCK_DELAY bound to: 12 - type: integer 
	Parameter USE_TRACE_DATA_EDGE_DETECTOR bound to: 0 - type: integer 
	Parameter C_TRACE_PIPELINE_WIDTH bound to: 8 - type: integer 
	Parameter C_PS7_SI_REV bound to: PRODUCTION - type: string 
	Parameter C_EN_EMIO_ENET0 bound to: 0 - type: integer 
	Parameter C_EN_EMIO_ENET1 bound to: 0 - type: integer 
	Parameter C_EN_EMIO_TRACE bound to: 0 - type: integer 
	Parameter C_DQ_WIDTH bound to: 32 - type: integer 
	Parameter C_DQS_WIDTH bound to: 4 - type: integer 
	Parameter C_DM_WIDTH bound to: 4 - type: integer 
	Parameter C_MIO_PRIMITIVE bound to: 54 - type: integer 
	Parameter C_PACKAGE_NAME bound to: clg400 - type: string 
	Parameter C_IRQ_F2P_MODE bound to: DIRECT - type: string 
	Parameter C_TRACE_INTERNAL_WIDTH bound to: 2 - type: integer 
	Parameter C_EN_EMIO_PJTAG bound to: 0 - type: integer 
	Parameter C_USE_AXI_NONSECURE bound to: 0 - type: integer 
	Parameter C_USE_S_AXI_HP0 bound to: 0 - type: integer 
	Parameter C_USE_S_AXI_HP1 bound to: 0 - type: integer 
	Parameter C_USE_S_AXI_HP2 bound to: 0 - type: integer 
	Parameter C_USE_S_AXI_HP3 bound to: 0 - type: integer 
	Parameter C_USE_M_AXI_GP0 bound to: 1 - type: integer 
	Parameter C_USE_M_AXI_GP1 bound to: 0 - type: integer 
	Parameter C_USE_S_AXI_GP0 bound to: 0 - type: integer 
	Parameter C_USE_S_AXI_GP1 bound to: 0 - type: integer 
	Parameter C_USE_S_AXI_ACP bound to: 0 - type: integer 
	Parameter C_GP0_EN_MODIFIABLE_TXN bound to: 1 - type: integer 
	Parameter C_GP1_EN_MODIFIABLE_TXN bound to: 1 - type: integer 
INFO: [Synth 8-5534] Detected attribute (* keep = "true" *) [c:/Users/hrish/Downloads/ReRAM_Thesis/Project Folder/ReRAM_Revision/ReRAM_Revision.srcs/sources_1/bd/RevisionDesign/ip/RevisionDesign_processing_system7_0_0/hdl/verilog/processing_system7_v5_5_processing_system7.v:1347]
INFO: [Synth 8-5534] Detected attribute (* keep = "true" *) [c:/Users/hrish/Downloads/ReRAM_Thesis/Project Folder/ReRAM_Revision/ReRAM_Revision.srcs/sources_1/bd/RevisionDesign/ip/RevisionDesign_processing_system7_0_0/hdl/verilog/processing_system7_v5_5_processing_system7.v:1348]
INFO: [Synth 8-6157] synthesizing module 'BUFG' [C:/Xilinx/Vivado/2018.1/scripts/rt/data/unisim_comp.v:609]
INFO: [Synth 8-6155] done synthesizing module 'BUFG' (28#1) [C:/Xilinx/Vivado/2018.1/scripts/rt/data/unisim_comp.v:609]
INFO: [Synth 8-6157] synthesizing module 'BIBUF' [C:/Xilinx/Vivado/2018.1/scripts/rt/data/unisim_comp.v:270]
INFO: [Synth 8-6155] done synthesizing module 'BIBUF' (29#1) [C:/Xilinx/Vivado/2018.1/scripts/rt/data/unisim_comp.v:270]
INFO: [Synth 8-6157] synthesizing module 'PS7' [C:/Xilinx/Vivado/2018.1/scripts/rt/data/unisim_comp.v:40563]
INFO: [Synth 8-6155] done synthesizing module 'PS7' (30#1) [C:/Xilinx/Vivado/2018.1/scripts/rt/data/unisim_comp.v:40563]
INFO: [Synth 8-6155] done synthesizing module 'processing_system7_v5_5_processing_system7' (31#1) [c:/Users/hrish/Downloads/ReRAM_Thesis/Project Folder/ReRAM_Revision/ReRAM_Revision.srcs/sources_1/bd/RevisionDesign/ip/RevisionDesign_processing_system7_0_0/hdl/verilog/processing_system7_v5_5_processing_system7.v:161]
WARNING: [Synth 8-350] instance 'inst' of module 'processing_system7_v5_5_processing_system7' requires 685 connections, but only 672 given [c:/Users/hrish/Downloads/ReRAM_Thesis/Project Folder/ReRAM_Revision/ReRAM_Revision.srcs/sources_1/bd/RevisionDesign/ip/RevisionDesign_processing_system7_0_0/synth/RevisionDesign_processing_system7_0_0.v:323]
INFO: [Synth 8-6155] done synthesizing module 'RevisionDesign_processing_system7_0_0' (32#1) [c:/Users/hrish/Downloads/ReRAM_Thesis/Project Folder/ReRAM_Revision/ReRAM_Revision.srcs/sources_1/bd/RevisionDesign/ip/RevisionDesign_processing_system7_0_0/synth/RevisionDesign_processing_system7_0_0.v:60]
WARNING: [Synth 8-350] instance 'processing_system7_0' of module 'RevisionDesign_processing_system7_0_0' requires 65 connections, but only 63 given [C:/Users/hrish/Downloads/ReRAM_Thesis/Project Folder/ReRAM_Revision/ReRAM_Revision.srcs/sources_1/bd/RevisionDesign/synth/RevisionDesign.v:283]
INFO: [Synth 8-6157] synthesizing module 'RevisionDesign_ps7_0_axi_periph_0' [C:/Users/hrish/Downloads/ReRAM_Thesis/Project Folder/ReRAM_Revision/ReRAM_Revision.srcs/sources_1/bd/RevisionDesign/synth/RevisionDesign.v:458]
INFO: [Synth 8-6157] synthesizing module 'm00_couplers_imp_17TE66S' [C:/Users/hrish/Downloads/ReRAM_Thesis/Project Folder/ReRAM_Revision/ReRAM_Revision.srcs/sources_1/bd/RevisionDesign/synth/RevisionDesign.v:1271]
INFO: [Synth 8-6157] synthesizing module 'RevisionDesign_auto_pc_0' [c:/Users/hrish/Downloads/ReRAM_Thesis/Project Folder/ReRAM_Revision/ReRAM_Revision.srcs/sources_1/bd/RevisionDesign/ip/RevisionDesign_auto_pc_0/synth/RevisionDesign_auto_pc_0.v:58]
INFO: [Synth 8-6157] synthesizing module 'axi_protocol_converter_v2_1_16_axi_protocol_converter' [c:/Users/hrish/Downloads/ReRAM_Thesis/Project Folder/ReRAM_Revision/ReRAM_Revision.srcs/sources_1/bd/RevisionDesign/ipshared/1229/hdl/axi_protocol_converter_v2_1_vl_rfs.v:4811]
	Parameter C_FAMILY bound to: zynq - type: string 
	Parameter C_M_AXI_PROTOCOL bound to: 2 - type: integer 
	Parameter C_S_AXI_PROTOCOL bound to: 0 - type: integer 
	Parameter C_IGNORE_ID bound to: 0 - type: integer 
	Parameter C_AXI_ID_WIDTH bound to: 12 - type: integer 
	Parameter C_AXI_ADDR_WIDTH bound to: 32 - type: integer 
	Parameter C_AXI_DATA_WIDTH bound to: 32 - type: integer 
	Parameter C_AXI_SUPPORTS_WRITE bound to: 1 - type: integer 
	Parameter C_AXI_SUPPORTS_READ bound to: 1 - type: integer 
	Parameter C_AXI_SUPPORTS_USER_SIGNALS bound to: 0 - type: integer 
	Parameter C_AXI_AWUSER_WIDTH bound to: 1 - type: integer 
	Parameter C_AXI_ARUSER_WIDTH bound to: 1 - type: integer 
	Parameter C_AXI_WUSER_WIDTH bound to: 1 - type: integer 
	Parameter C_AXI_RUSER_WIDTH bound to: 1 - type: integer 
	Parameter C_AXI_BUSER_WIDTH bound to: 1 - type: integer 
	Parameter C_TRANSLATION_MODE bound to: 2 - type: integer 
	Parameter P_AXI4 bound to: 0 - type: integer 
	Parameter P_AXI3 bound to: 1 - type: integer 
	Parameter P_AXILITE bound to: 2 - type: integer 
	Parameter P_AXILITE_SIZE bound to: 3'b010 
	Parameter P_INCR bound to: 2'b01 
	Parameter P_DECERR bound to: 2'b11 
	Parameter P_SLVERR bound to: 2'b10 
	Parameter P_PROTECTION bound to: 1 - type: integer 
	Parameter P_CONVERSION bound to: 2 - type: integer 
INFO: [Synth 8-6157] synthesizing module 'axi_protocol_converter_v2_1_16_b2s' [c:/Users/hrish/Downloads/ReRAM_Thesis/Project Folder/ReRAM_Revision/ReRAM_Revision.srcs/sources_1/bd/RevisionDesign/ipshared/1229/hdl/axi_protocol_converter_v2_1_vl_rfs.v:4229]
	Parameter C_S_AXI_PROTOCOL bound to: 0 - type: integer 
	Parameter C_AXI_ID_WIDTH bound to: 12 - type: integer 
	Parameter C_AXI_ADDR_WIDTH bound to: 32 - type: integer 
	Parameter C_AXI_DATA_WIDTH bound to: 32 - type: integer 
	Parameter C_AXI_SUPPORTS_WRITE bound to: 1 - type: integer 
	Parameter C_AXI_SUPPORTS_READ bound to: 1 - type: integer 
INFO: [Synth 8-6157] synthesizing module 'axi_protocol_converter_v2_1_16_b2s_aw_channel' [c:/Users/hrish/Downloads/ReRAM_Thesis/Project Folder/ReRAM_Revision/ReRAM_Revision.srcs/sources_1/bd/RevisionDesign/ipshared/1229/hdl/axi_protocol_converter_v2_1_vl_rfs.v:3974]
	Parameter C_ID_WIDTH bound to: 12 - type: integer 
	Parameter C_AXI_ADDR_WIDTH bound to: 32 - type: integer 
INFO: [Synth 8-6157] synthesizing module 'axi_protocol_converter_v2_1_16_b2s_cmd_translator' [c:/Users/hrish/Downloads/ReRAM_Thesis/Project Folder/ReRAM_Revision/ReRAM_Revision.srcs/sources_1/bd/RevisionDesign/ipshared/1229/hdl/axi_protocol_converter_v2_1_vl_rfs.v:3467]
	Parameter C_AXI_ADDR_WIDTH bound to: 32 - type: integer 
	Parameter P_AXBURST_FIXED bound to: 2'b00 
	Parameter P_AXBURST_INCR bound to: 2'b01 
	Parameter P_AXBURST_WRAP bound to: 2'b10 
INFO: [Synth 8-6157] synthesizing module 'axi_protocol_converter_v2_1_16_b2s_incr_cmd' [c:/Users/hrish/Downloads/ReRAM_Thesis/Project Folder/ReRAM_Revision/ReRAM_Revision.srcs/sources_1/bd/RevisionDesign/ipshared/1229/hdl/axi_protocol_converter_v2_1_vl_rfs.v:3093]
	Parameter C_AXI_ADDR_WIDTH bound to: 32 - type: integer 
	Parameter L_AXI_ADDR_LOW_BIT bound to: 12 - type: integer 
INFO: [Synth 8-6155] done synthesizing module 'axi_protocol_converter_v2_1_16_b2s_incr_cmd' (33#1) [c:/Users/hrish/Downloads/ReRAM_Thesis/Project Folder/ReRAM_Revision/ReRAM_Revision.srcs/sources_1/bd/RevisionDesign/ipshared/1229/hdl/axi_protocol_converter_v2_1_vl_rfs.v:3093]
INFO: [Synth 8-6157] synthesizing module 'axi_protocol_converter_v2_1_16_b2s_wrap_cmd' [c:/Users/hrish/Downloads/ReRAM_Thesis/Project Folder/ReRAM_Revision/ReRAM_Revision.srcs/sources_1/bd/RevisionDesign/ipshared/1229/hdl/axi_protocol_converter_v2_1_vl_rfs.v:2903]
	Parameter C_AXI_ADDR_WIDTH bound to: 32 - type: integer 
	Parameter L_AXI_ADDR_LOW_BIT bound to: 12 - type: integer 
INFO: [Synth 8-6155] done synthesizing module 'axi_protocol_converter_v2_1_16_b2s_wrap_cmd' (34#1) [c:/Users/hrish/Downloads/ReRAM_Thesis/Project Folder/ReRAM_Revision/ReRAM_Revision.srcs/sources_1/bd/RevisionDesign/ipshared/1229/hdl/axi_protocol_converter_v2_1_vl_rfs.v:2903]
INFO: [Synth 8-6155] done synthesizing module 'axi_protocol_converter_v2_1_16_b2s_cmd_translator' (35#1) [c:/Users/hrish/Downloads/ReRAM_Thesis/Project Folder/ReRAM_Revision/ReRAM_Revision.srcs/sources_1/bd/RevisionDesign/ipshared/1229/hdl/axi_protocol_converter_v2_1_vl_rfs.v:3467]
INFO: [Synth 8-6157] synthesizing module 'axi_protocol_converter_v2_1_16_b2s_wr_cmd_fsm' [c:/Users/hrish/Downloads/ReRAM_Thesis/Project Folder/ReRAM_Revision/ReRAM_Revision.srcs/sources_1/bd/RevisionDesign/ipshared/1229/hdl/axi_protocol_converter_v2_1_vl_rfs.v:3225]
	Parameter SM_IDLE bound to: 2'b00 
	Parameter SM_CMD_EN bound to: 2'b01 
	Parameter SM_CMD_ACCEPTED bound to: 2'b10 
	Parameter SM_DONE_WAIT bound to: 2'b11 
INFO: [Synth 8-226] default block is never used [c:/Users/hrish/Downloads/ReRAM_Thesis/Project Folder/ReRAM_Revision/ReRAM_Revision.srcs/sources_1/bd/RevisionDesign/ipshared/1229/hdl/axi_protocol_converter_v2_1_vl_rfs.v:3279]
INFO: [Synth 8-6155] done synthesizing module 'axi_protocol_converter_v2_1_16_b2s_wr_cmd_fsm' (36#1) [c:/Users/hrish/Downloads/ReRAM_Thesis/Project Folder/ReRAM_Revision/ReRAM_Revision.srcs/sources_1/bd/RevisionDesign/ipshared/1229/hdl/axi_protocol_converter_v2_1_vl_rfs.v:3225]
INFO: [Synth 8-6155] done synthesizing module 'axi_protocol_converter_v2_1_16_b2s_aw_channel' (37#1) [c:/Users/hrish/Downloads/ReRAM_Thesis/Project Folder/ReRAM_Revision/ReRAM_Revision.srcs/sources_1/bd/RevisionDesign/ipshared/1229/hdl/axi_protocol_converter_v2_1_vl_rfs.v:3974]
INFO: [Synth 8-6157] synthesizing module 'axi_protocol_converter_v2_1_16_b2s_b_channel' [c:/Users/hrish/Downloads/ReRAM_Thesis/Project Folder/ReRAM_Revision/ReRAM_Revision.srcs/sources_1/bd/RevisionDesign/ipshared/1229/hdl/axi_protocol_converter_v2_1_vl_rfs.v:3609]
	Parameter C_ID_WIDTH bound to: 12 - type: integer 
	Parameter LP_RESP_OKAY bound to: 2'b00 
	Parameter LP_RESP_EXOKAY bound to: 2'b01 
	Parameter LP_RESP_SLVERROR bound to: 2'b10 
	Parameter LP_RESP_DECERR bound to: 2'b11 
	Parameter P_WIDTH bound to: 20 - type: integer 
	Parameter P_DEPTH bound to: 4 - type: integer 
	Parameter P_AWIDTH bound to: 2 - type: integer 
	Parameter P_RWIDTH bound to: 2 - type: integer 
	Parameter P_RDEPTH bound to: 4 - type: integer 
	Parameter P_RAWIDTH bound to: 2 - type: integer 
INFO: [Synth 8-6157] synthesizing module 'axi_protocol_converter_v2_1_16_b2s_simple_fifo' [c:/Users/hrish/Downloads/ReRAM_Thesis/Project Folder/ReRAM_Revision/ReRAM_Revision.srcs/sources_1/bd/RevisionDesign/ipshared/1229/hdl/axi_protocol_converter_v2_1_vl_rfs.v:2816]
	Parameter C_WIDTH bound to: 20 - type: integer 
	Parameter C_AWIDTH bound to: 2 - type: integer 
	Parameter C_DEPTH bound to: 4 - type: integer 
	Parameter C_EMPTY bound to: 2'b11 
	Parameter C_EMPTY_PRE bound to: 2'b00 
	Parameter C_FULL bound to: 2'b10 
	Parameter C_FULL_PRE bound to: 2'b01 
INFO: [Synth 8-6155] done synthesizing module 'axi_protocol_converter_v2_1_16_b2s_simple_fifo' (38#1) [c:/Users/hrish/Downloads/ReRAM_Thesis/Project Folder/ReRAM_Revision/ReRAM_Revision.srcs/sources_1/bd/RevisionDesign/ipshared/1229/hdl/axi_protocol_converter_v2_1_vl_rfs.v:2816]
INFO: [Synth 8-6157] synthesizing module 'axi_protocol_converter_v2_1_16_b2s_simple_fifo__parameterized0' [c:/Users/hrish/Downloads/ReRAM_Thesis/Project Folder/ReRAM_Revision/ReRAM_Revision.srcs/sources_1/bd/RevisionDesign/ipshared/1229/hdl/axi_protocol_converter_v2_1_vl_rfs.v:2816]
	Parameter C_WIDTH bound to: 2 - type: integer 
	Parameter C_AWIDTH bound to: 2 - type: integer 
	Parameter C_DEPTH bound to: 4 - type: integer 
	Parameter C_EMPTY bound to: 2'b11 
	Parameter C_EMPTY_PRE bound to: 2'b00 
	Parameter C_FULL bound to: 2'b10 
	Parameter C_FULL_PRE bound to: 2'b01 
INFO: [Synth 8-6155] done synthesizing module 'axi_protocol_converter_v2_1_16_b2s_simple_fifo__parameterized0' (38#1) [c:/Users/hrish/Downloads/ReRAM_Thesis/Project Folder/ReRAM_Revision/ReRAM_Revision.srcs/sources_1/bd/RevisionDesign/ipshared/1229/hdl/axi_protocol_converter_v2_1_vl_rfs.v:2816]
INFO: [Synth 8-6155] done synthesizing module 'axi_protocol_converter_v2_1_16_b2s_b_channel' (39#1) [c:/Users/hrish/Downloads/ReRAM_Thesis/Project Folder/ReRAM_Revision/ReRAM_Revision.srcs/sources_1/bd/RevisionDesign/ipshared/1229/hdl/axi_protocol_converter_v2_1_vl_rfs.v:3609]
INFO: [Synth 8-6157] synthesizing module 'axi_protocol_converter_v2_1_16_b2s_ar_channel' [c:/Users/hrish/Downloads/ReRAM_Thesis/Project Folder/ReRAM_Revision/ReRAM_Revision.srcs/sources_1/bd/RevisionDesign/ipshared/1229/hdl/axi_protocol_converter_v2_1_vl_rfs.v:4085]
	Parameter C_ID_WIDTH bound to: 12 - type: integer 
	Parameter C_AXI_ADDR_WIDTH bound to: 32 - type: integer 
INFO: [Synth 8-6157] synthesizing module 'axi_protocol_converter_v2_1_16_b2s_rd_cmd_fsm' [c:/Users/hrish/Downloads/ReRAM_Thesis/Project Folder/ReRAM_Revision/ReRAM_Revision.srcs/sources_1/bd/RevisionDesign/ipshared/1229/hdl/axi_protocol_converter_v2_1_vl_rfs.v:3336]
	Parameter SM_IDLE bound to: 2'b00 
	Parameter SM_CMD_EN bound to: 2'b01 
	Parameter SM_CMD_ACCEPTED bound to: 2'b10 
	Parameter SM_DONE bound to: 2'b11 
INFO: [Synth 8-226] default block is never used [c:/Users/hrish/Downloads/ReRAM_Thesis/Project Folder/ReRAM_Revision/ReRAM_Revision.srcs/sources_1/bd/RevisionDesign/ipshared/1229/hdl/axi_protocol_converter_v2_1_vl_rfs.v:3398]
WARNING: [Synth 8-6014] Unused sequential element state_r1_reg was removed.  [c:/Users/hrish/Downloads/ReRAM_Thesis/Project Folder/ReRAM_Revision/ReRAM_Revision.srcs/sources_1/bd/RevisionDesign/ipshared/1229/hdl/axi_protocol_converter_v2_1_vl_rfs.v:3386]
WARNING: [Synth 8-6014] Unused sequential element s_arlen_r_reg was removed.  [c:/Users/hrish/Downloads/ReRAM_Thesis/Project Folder/ReRAM_Revision/ReRAM_Revision.srcs/sources_1/bd/RevisionDesign/ipshared/1229/hdl/axi_protocol_converter_v2_1_vl_rfs.v:3387]
INFO: [Synth 8-6155] done synthesizing module 'axi_protocol_converter_v2_1_16_b2s_rd_cmd_fsm' (40#1) [c:/Users/hrish/Downloads/ReRAM_Thesis/Project Folder/ReRAM_Revision/ReRAM_Revision.srcs/sources_1/bd/RevisionDesign/ipshared/1229/hdl/axi_protocol_converter_v2_1_vl_rfs.v:3336]
INFO: [Synth 8-6155] done synthesizing module 'axi_protocol_converter_v2_1_16_b2s_ar_channel' (41#1) [c:/Users/hrish/Downloads/ReRAM_Thesis/Project Folder/ReRAM_Revision/ReRAM_Revision.srcs/sources_1/bd/RevisionDesign/ipshared/1229/hdl/axi_protocol_converter_v2_1_vl_rfs.v:4085]
INFO: [Synth 8-6157] synthesizing module 'axi_protocol_converter_v2_1_16_b2s_r_channel' [c:/Users/hrish/Downloads/ReRAM_Thesis/Project Folder/ReRAM_Revision/ReRAM_Revision.srcs/sources_1/bd/RevisionDesign/ipshared/1229/hdl/axi_protocol_converter_v2_1_vl_rfs.v:3814]
	Parameter C_ID_WIDTH bound to: 12 - type: integer 
	Parameter C_DATA_WIDTH bound to: 32 - type: integer 
	Parameter P_WIDTH bound to: 13 - type: integer 
	Parameter P_DEPTH bound to: 32 - type: integer 
	Parameter P_AWIDTH bound to: 5 - type: integer 
	Parameter P_D_WIDTH bound to: 34 - type: integer 
	Parameter P_D_DEPTH bound to: 32 - type: integer 
	Parameter P_D_AWIDTH bound to: 5 - type: integer 
INFO: [Synth 8-6157] synthesizing module 'axi_protocol_converter_v2_1_16_b2s_simple_fifo__parameterized1' [c:/Users/hrish/Downloads/ReRAM_Thesis/Project Folder/ReRAM_Revision/ReRAM_Revision.srcs/sources_1/bd/RevisionDesign/ipshared/1229/hdl/axi_protocol_converter_v2_1_vl_rfs.v:2816]
	Parameter C_WIDTH bound to: 34 - type: integer 
	Parameter C_AWIDTH bound to: 5 - type: integer 
	Parameter C_DEPTH bound to: 32 - type: integer 
	Parameter C_EMPTY bound to: 5'b11111 
	Parameter C_EMPTY_PRE bound to: 5'b00000 
	Parameter C_FULL bound to: 5'b11110 
	Parameter C_FULL_PRE bound to: 5'b11010 
INFO: [Synth 8-6155] done synthesizing module 'axi_protocol_converter_v2_1_16_b2s_simple_fifo__parameterized1' (41#1) [c:/Users/hrish/Downloads/ReRAM_Thesis/Project Folder/ReRAM_Revision/ReRAM_Revision.srcs/sources_1/bd/RevisionDesign/ipshared/1229/hdl/axi_protocol_converter_v2_1_vl_rfs.v:2816]
INFO: [Synth 8-6157] synthesizing module 'axi_protocol_converter_v2_1_16_b2s_simple_fifo__parameterized2' [c:/Users/hrish/Downloads/ReRAM_Thesis/Project Folder/ReRAM_Revision/ReRAM_Revision.srcs/sources_1/bd/RevisionDesign/ipshared/1229/hdl/axi_protocol_converter_v2_1_vl_rfs.v:2816]
	Parameter C_WIDTH bound to: 13 - type: integer 
	Parameter C_AWIDTH bound to: 5 - type: integer 
	Parameter C_DEPTH bound to: 32 - type: integer 
	Parameter C_EMPTY bound to: 5'b11111 
	Parameter C_EMPTY_PRE bound to: 5'b00000 
	Parameter C_FULL bound to: 5'b11110 
	Parameter C_FULL_PRE bound to: 5'b11010 
INFO: [Synth 8-6155] done synthesizing module 'axi_protocol_converter_v2_1_16_b2s_simple_fifo__parameterized2' (41#1) [c:/Users/hrish/Downloads/ReRAM_Thesis/Project Folder/ReRAM_Revision/ReRAM_Revision.srcs/sources_1/bd/RevisionDesign/ipshared/1229/hdl/axi_protocol_converter_v2_1_vl_rfs.v:2816]
INFO: [Synth 8-6155] done synthesizing module 'axi_protocol_converter_v2_1_16_b2s_r_channel' (42#1) [c:/Users/hrish/Downloads/ReRAM_Thesis/Project Folder/ReRAM_Revision/ReRAM_Revision.srcs/sources_1/bd/RevisionDesign/ipshared/1229/hdl/axi_protocol_converter_v2_1_vl_rfs.v:3814]
INFO: [Synth 8-6157] synthesizing module 'axi_register_slice_v2_1_16_axi_register_slice' [c:/Users/hrish/Downloads/ReRAM_Thesis/Project Folder/ReRAM_Revision/ReRAM_Revision.srcs/sources_1/bd/RevisionDesign/ipshared/0cde/hdl/axi_register_slice_v2_1_vl_rfs.v:2413]
	Parameter C_FAMILY bound to: virtex6 - type: string 
	Parameter C_AXI_PROTOCOL bound to: 0 - type: integer 
	Parameter C_AXI_ID_WIDTH bound to: 12 - type: integer 
	Parameter C_AXI_ADDR_WIDTH bound to: 32 - type: integer 
	Parameter C_AXI_DATA_WIDTH bound to: 32 - type: integer 
	Parameter C_AXI_SUPPORTS_USER_SIGNALS bound to: 0 - type: integer 
	Parameter C_AXI_AWUSER_WIDTH bound to: 1 - type: integer 
	Parameter C_AXI_ARUSER_WIDTH bound to: 1 - type: integer 
	Parameter C_AXI_WUSER_WIDTH bound to: 1 - type: integer 
	Parameter C_AXI_RUSER_WIDTH bound to: 1 - type: integer 
	Parameter C_AXI_BUSER_WIDTH bound to: 1 - type: integer 
	Parameter C_REG_CONFIG_AW bound to: 1 - type: integer 
	Parameter C_REG_CONFIG_W bound to: 0 - type: integer 
	Parameter C_REG_CONFIG_B bound to: 1 - type: integer 
	Parameter C_REG_CONFIG_AR bound to: 1 - type: integer 
	Parameter C_REG_CONFIG_R bound to: 1 - type: integer 
	Parameter C_NUM_SLR_CROSSINGS bound to: 0 - type: integer 
	Parameter C_PIPELINES_MASTER_AW bound to: 0 - type: integer 
	Parameter C_PIPELINES_MASTER_W bound to: 0 - type: integer 
	Parameter C_PIPELINES_MASTER_B bound to: 0 - type: integer 
	Parameter C_PIPELINES_MASTER_AR bound to: 0 - type: integer 
	Parameter C_PIPELINES_MASTER_R bound to: 0 - type: integer 
	Parameter C_PIPELINES_SLAVE_AW bound to: 0 - type: integer 
	Parameter C_PIPELINES_SLAVE_W bound to: 0 - type: integer 
	Parameter C_PIPELINES_SLAVE_B bound to: 0 - type: integer 
	Parameter C_PIPELINES_SLAVE_AR bound to: 0 - type: integer 
	Parameter C_PIPELINES_SLAVE_R bound to: 0 - type: integer 
	Parameter C_PIPELINES_MIDDLE_AW bound to: 0 - type: integer 
	Parameter C_PIPELINES_MIDDLE_W bound to: 0 - type: integer 
	Parameter C_PIPELINES_MIDDLE_B bound to: 0 - type: integer 
	Parameter C_PIPELINES_MIDDLE_AR bound to: 0 - type: integer 
	Parameter C_PIPELINES_MIDDLE_R bound to: 0 - type: integer 
	Parameter C_AXI_SUPPORTS_REGION_SIGNALS bound to: 1 - type: integer 
	Parameter P_FORWARD bound to: 0 - type: integer 
	Parameter P_RESPONSE bound to: 1 - type: integer 
	Parameter G_AXI_AWADDR_INDEX bound to: 0 - type: integer 
	Parameter G_AXI_AWADDR_WIDTH bound to: 32 - type: integer 
	Parameter G_AXI_AWPROT_INDEX bound to: 32 - type: integer 
	Parameter G_AXI_AWPROT_WIDTH bound to: 3 - type: integer 
	Parameter G_AXI_AWSIZE_INDEX bound to: 35 - type: integer 
	Parameter G_AXI_AWSIZE_WIDTH bound to: 3 - type: integer 
	Parameter G_AXI_AWBURST_INDEX bound to: 38 - type: integer 
	Parameter G_AXI_AWBURST_WIDTH bound to: 2 - type: integer 
	Parameter G_AXI_AWCACHE_INDEX bound to: 40 - type: integer 
	Parameter G_AXI_AWCACHE_WIDTH bound to: 4 - type: integer 
	Parameter G_AXI_AWLEN_INDEX bound to: 44 - type: integer 
	Parameter G_AXI_AWLEN_WIDTH bound to: 8 - type: integer 
	Parameter G_AXI_AWLOCK_INDEX bound to: 52 - type: integer 
	Parameter G_AXI_AWLOCK_WIDTH bound to: 1 - type: integer 
	Parameter G_AXI_AWID_INDEX bound to: 53 - type: integer 
	Parameter G_AXI_AWID_WIDTH bound to: 12 - type: integer 
	Parameter G_AXI_AWQOS_INDEX bound to: 65 - type: integer 
	Parameter G_AXI_AWQOS_WIDTH bound to: 4 - type: integer 
	Parameter G_AXI_AWREGION_INDEX bound to: 69 - type: integer 
	Parameter G_AXI_AWREGION_WIDTH bound to: 4 - type: integer 
	Parameter G_AXI_AWUSER_INDEX bound to: 73 - type: integer 
	Parameter G_AXI_AWUSER_WIDTH bound to: 0 - type: integer 
	Parameter G_AXI_AWPAYLOAD_WIDTH bound to: 73 - type: integer 
	Parameter G_AXI_ARADDR_INDEX bound to: 0 - type: integer 
	Parameter G_AXI_ARADDR_WIDTH bound to: 32 - type: integer 
	Parameter G_AXI_ARPROT_INDEX bound to: 32 - type: integer 
	Parameter G_AXI_ARPROT_WIDTH bound to: 3 - type: integer 
	Parameter G_AXI_ARSIZE_INDEX bound to: 35 - type: integer 
	Parameter G_AXI_ARSIZE_WIDTH bound to: 3 - type: integer 
	Parameter G_AXI_ARBURST_INDEX bound to: 38 - type: integer 
	Parameter G_AXI_ARBURST_WIDTH bound to: 2 - type: integer 
	Parameter G_AXI_ARCACHE_INDEX bound to: 40 - type: integer 
	Parameter G_AXI_ARCACHE_WIDTH bound to: 4 - type: integer 
	Parameter G_AXI_ARLEN_INDEX bound to: 44 - type: integer 
	Parameter G_AXI_ARLEN_WIDTH bound to: 8 - type: integer 
	Parameter G_AXI_ARLOCK_INDEX bound to: 52 - type: integer 
	Parameter G_AXI_ARLOCK_WIDTH bound to: 1 - type: integer 
	Parameter G_AXI_ARID_INDEX bound to: 53 - type: integer 
	Parameter G_AXI_ARID_WIDTH bound to: 12 - type: integer 
	Parameter G_AXI_ARQOS_INDEX bound to: 65 - type: integer 
	Parameter G_AXI_ARQOS_WIDTH bound to: 4 - type: integer 
	Parameter G_AXI_ARREGION_INDEX bound to: 69 - type: integer 
	Parameter G_AXI_ARREGION_WIDTH bound to: 4 - type: integer 
	Parameter G_AXI_ARUSER_INDEX bound to: 73 - type: integer 
	Parameter G_AXI_ARUSER_WIDTH bound to: 0 - type: integer 
	Parameter G_AXI_ARPAYLOAD_WIDTH bound to: 73 - type: integer 
	Parameter G_AXI_WDATA_INDEX bound to: 0 - type: integer 
	Parameter G_AXI_WDATA_WIDTH bound to: 32 - type: integer 
	Parameter G_AXI_WSTRB_INDEX bound to: 32 - type: integer 
	Parameter G_AXI_WSTRB_WIDTH bound to: 4 - type: integer 
	Parameter G_AXI_WLAST_INDEX bound to: 36 - type: integer 
	Parameter G_AXI_WLAST_WIDTH bound to: 1 - type: integer 
	Parameter G_AXI_WID_INDEX bound to: 37 - type: integer 
	Parameter G_AXI_WID_WIDTH bound to: 0 - type: integer 
	Parameter G_AXI_WUSER_INDEX bound to: 37 - type: integer 
	Parameter G_AXI_WUSER_WIDTH bound to: 0 - type: integer 
	Parameter G_AXI_WPAYLOAD_WIDTH bound to: 37 - type: integer 
	Parameter G_AXI_BRESP_INDEX bound to: 0 - type: integer 
	Parameter G_AXI_BRESP_WIDTH bound to: 2 - type: integer 
	Parameter G_AXI_BID_INDEX bound to: 2 - type: integer 
	Parameter G_AXI_BID_WIDTH bound to: 12 - type: integer 
	Parameter G_AXI_BUSER_INDEX bound to: 14 - type: integer 
	Parameter G_AXI_BUSER_WIDTH bound to: 0 - type: integer 
	Parameter G_AXI_BPAYLOAD_WIDTH bound to: 14 - type: integer 
	Parameter G_AXI_RDATA_INDEX bound to: 0 - type: integer 
	Parameter G_AXI_RDATA_WIDTH bound to: 32 - type: integer 
	Parameter G_AXI_RRESP_INDEX bound to: 32 - type: integer 
	Parameter G_AXI_RRESP_WIDTH bound to: 2 - type: integer 
	Parameter G_AXI_RLAST_INDEX bound to: 34 - type: integer 
	Parameter G_AXI_RLAST_WIDTH bound to: 1 - type: integer 
	Parameter G_AXI_RID_INDEX bound to: 35 - type: integer 
	Parameter G_AXI_RID_WIDTH bound to: 12 - type: integer 
	Parameter G_AXI_RUSER_INDEX bound to: 47 - type: integer 
	Parameter G_AXI_RUSER_WIDTH bound to: 0 - type: integer 
	Parameter G_AXI_RPAYLOAD_WIDTH bound to: 47 - type: integer 
INFO: [Synth 8-6157] synthesizing module 'axi_register_slice_v2_1_16_axic_register_slice' [c:/Users/hrish/Downloads/ReRAM_Thesis/Project Folder/ReRAM_Revision/ReRAM_Revision.srcs/sources_1/bd/RevisionDesign/ipshared/0cde/hdl/axi_register_slice_v2_1_vl_rfs.v:189]
	Parameter C_FAMILY bound to: virtex6 - type: string 
	Parameter C_DATA_WIDTH bound to: 73 - type: integer 
	Parameter C_REG_CONFIG bound to: 1 - type: integer 
INFO: [Synth 8-6155] done synthesizing module 'axi_register_slice_v2_1_16_axic_register_slice' (43#1) [c:/Users/hrish/Downloads/ReRAM_Thesis/Project Folder/ReRAM_Revision/ReRAM_Revision.srcs/sources_1/bd/RevisionDesign/ipshared/0cde/hdl/axi_register_slice_v2_1_vl_rfs.v:189]
INFO: [Synth 8-6157] synthesizing module 'axi_register_slice_v2_1_16_axic_register_slice__parameterized0' [c:/Users/hrish/Downloads/ReRAM_Thesis/Project Folder/ReRAM_Revision/ReRAM_Revision.srcs/sources_1/bd/RevisionDesign/ipshared/0cde/hdl/axi_register_slice_v2_1_vl_rfs.v:189]
	Parameter C_FAMILY bound to: virtex6 - type: string 
	Parameter C_DATA_WIDTH bound to: 37 - type: integer 
	Parameter C_REG_CONFIG bound to: 0 - type: integer 
INFO: [Synth 8-6155] done synthesizing module 'axi_register_slice_v2_1_16_axic_register_slice__parameterized0' (43#1) [c:/Users/hrish/Downloads/ReRAM_Thesis/Project Folder/ReRAM_Revision/ReRAM_Revision.srcs/sources_1/bd/RevisionDesign/ipshared/0cde/hdl/axi_register_slice_v2_1_vl_rfs.v:189]
INFO: [Synth 8-6157] synthesizing module 'axi_register_slice_v2_1_16_axic_register_slice__parameterized1' [c:/Users/hrish/Downloads/ReRAM_Thesis/Project Folder/ReRAM_Revision/ReRAM_Revision.srcs/sources_1/bd/RevisionDesign/ipshared/0cde/hdl/axi_register_slice_v2_1_vl_rfs.v:189]
	Parameter C_FAMILY bound to: virtex6 - type: string 
	Parameter C_DATA_WIDTH bound to: 14 - type: integer 
	Parameter C_REG_CONFIG bound to: 1 - type: integer 
INFO: [Synth 8-6155] done synthesizing module 'axi_register_slice_v2_1_16_axic_register_slice__parameterized1' (43#1) [c:/Users/hrish/Downloads/ReRAM_Thesis/Project Folder/ReRAM_Revision/ReRAM_Revision.srcs/sources_1/bd/RevisionDesign/ipshared/0cde/hdl/axi_register_slice_v2_1_vl_rfs.v:189]
INFO: [Synth 8-6157] synthesizing module 'axi_register_slice_v2_1_16_axic_register_slice__parameterized2' [c:/Users/hrish/Downloads/ReRAM_Thesis/Project Folder/ReRAM_Revision/ReRAM_Revision.srcs/sources_1/bd/RevisionDesign/ipshared/0cde/hdl/axi_register_slice_v2_1_vl_rfs.v:189]
	Parameter C_FAMILY bound to: virtex6 - type: string 
	Parameter C_DATA_WIDTH bound to: 47 - type: integer 
	Parameter C_REG_CONFIG bound to: 1 - type: integer 
INFO: [Synth 8-6155] done synthesizing module 'axi_register_slice_v2_1_16_axic_register_slice__parameterized2' (43#1) [c:/Users/hrish/Downloads/ReRAM_Thesis/Project Folder/ReRAM_Revision/ReRAM_Revision.srcs/sources_1/bd/RevisionDesign/ipshared/0cde/hdl/axi_register_slice_v2_1_vl_rfs.v:189]
INFO: [Synth 8-6157] synthesizing module 'axi_infrastructure_v1_1_0_axi2vector' [c:/Users/hrish/Downloads/ReRAM_Thesis/Project Folder/ReRAM_Revision/ReRAM_Revision.srcs/sources_1/bd/RevisionDesign/ipshared/ec67/hdl/axi_infrastructure_v1_1_vl_rfs.v:60]
	Parameter C_AXI_PROTOCOL bound to: 0 - type: integer 
	Parameter C_AXI_ID_WIDTH bound to: 12 - type: integer 
	Parameter C_AXI_ADDR_WIDTH bound to: 32 - type: integer 
	Parameter C_AXI_DATA_WIDTH bound to: 32 - type: integer 
	Parameter C_AXI_SUPPORTS_USER_SIGNALS bound to: 0 - type: integer 
	Parameter C_AXI_SUPPORTS_REGION_SIGNALS bound to: 1 - type: integer 
	Parameter C_AXI_AWUSER_WIDTH bound to: 1 - type: integer 
	Parameter C_AXI_WUSER_WIDTH bound to: 1 - type: integer 
	Parameter C_AXI_BUSER_WIDTH bound to: 1 - type: integer 
	Parameter C_AXI_ARUSER_WIDTH bound to: 1 - type: integer 
	Parameter C_AXI_RUSER_WIDTH bound to: 1 - type: integer 
	Parameter C_AWPAYLOAD_WIDTH bound to: 73 - type: integer 
	Parameter C_WPAYLOAD_WIDTH bound to: 37 - type: integer 
	Parameter C_BPAYLOAD_WIDTH bound to: 14 - type: integer 
	Parameter C_ARPAYLOAD_WIDTH bound to: 73 - type: integer 
	Parameter C_RPAYLOAD_WIDTH bound to: 47 - type: integer 
	Parameter G_AXI_AWADDR_INDEX bound to: 0 - type: integer 
	Parameter G_AXI_AWADDR_WIDTH bound to: 32 - type: integer 
	Parameter G_AXI_AWPROT_INDEX bound to: 32 - type: integer 
	Parameter G_AXI_AWPROT_WIDTH bound to: 3 - type: integer 
	Parameter G_AXI_AWSIZE_INDEX bound to: 35 - type: integer 
	Parameter G_AXI_AWSIZE_WIDTH bound to: 3 - type: integer 
	Parameter G_AXI_AWBURST_INDEX bound to: 38 - type: integer 
	Parameter G_AXI_AWBURST_WIDTH bound to: 2 - type: integer 
	Parameter G_AXI_AWCACHE_INDEX bound to: 40 - type: integer 
	Parameter G_AXI_AWCACHE_WIDTH bound to: 4 - type: integer 
	Parameter G_AXI_AWLEN_INDEX bound to: 44 - type: integer 
	Parameter G_AXI_AWLEN_WIDTH bound to: 8 - type: integer 
	Parameter G_AXI_AWLOCK_INDEX bound to: 52 - type: integer 
	Parameter G_AXI_AWLOCK_WIDTH bound to: 1 - type: integer 
	Parameter G_AXI_AWID_INDEX bound to: 53 - type: integer 
	Parameter G_AXI_AWID_WIDTH bound to: 12 - type: integer 
	Parameter G_AXI_AWQOS_INDEX bound to: 65 - type: integer 
	Parameter G_AXI_AWQOS_WIDTH bound to: 4 - type: integer 
	Parameter G_AXI_AWREGION_INDEX bound to: 69 - type: integer 
	Parameter G_AXI_AWREGION_WIDTH bound to: 4 - type: integer 
	Parameter G_AXI_AWUSER_INDEX bound to: 73 - type: integer 
	Parameter G_AXI_AWUSER_WIDTH bound to: 0 - type: integer 
	Parameter G_AXI_AWPAYLOAD_WIDTH bound to: 73 - type: integer 
	Parameter G_AXI_ARADDR_INDEX bound to: 0 - type: integer 
	Parameter G_AXI_ARADDR_WIDTH bound to: 32 - type: integer 
	Parameter G_AXI_ARPROT_INDEX bound to: 32 - type: integer 
	Parameter G_AXI_ARPROT_WIDTH bound to: 3 - type: integer 
	Parameter G_AXI_ARSIZE_INDEX bound to: 35 - type: integer 
	Parameter G_AXI_ARSIZE_WIDTH bound to: 3 - type: integer 
	Parameter G_AXI_ARBURST_INDEX bound to: 38 - type: integer 
	Parameter G_AXI_ARBURST_WIDTH bound to: 2 - type: integer 
	Parameter G_AXI_ARCACHE_INDEX bound to: 40 - type: integer 
	Parameter G_AXI_ARCACHE_WIDTH bound to: 4 - type: integer 
	Parameter G_AXI_ARLEN_INDEX bound to: 44 - type: integer 
	Parameter G_AXI_ARLEN_WIDTH bound to: 8 - type: integer 
	Parameter G_AXI_ARLOCK_INDEX bound to: 52 - type: integer 
	Parameter G_AXI_ARLOCK_WIDTH bound to: 1 - type: integer 
	Parameter G_AXI_ARID_INDEX bound to: 53 - type: integer 
	Parameter G_AXI_ARID_WIDTH bound to: 12 - type: integer 
	Parameter G_AXI_ARQOS_INDEX bound to: 65 - type: integer 
	Parameter G_AXI_ARQOS_WIDTH bound to: 4 - type: integer 
	Parameter G_AXI_ARREGION_INDEX bound to: 69 - type: integer 
	Parameter G_AXI_ARREGION_WIDTH bound to: 4 - type: integer 
	Parameter G_AXI_ARUSER_INDEX bound to: 73 - type: integer 
	Parameter G_AXI_ARUSER_WIDTH bound to: 0 - type: integer 
	Parameter G_AXI_ARPAYLOAD_WIDTH bound to: 73 - type: integer 
	Parameter G_AXI_WDATA_INDEX bound to: 0 - type: integer 
	Parameter G_AXI_WDATA_WIDTH bound to: 32 - type: integer 
	Parameter G_AXI_WSTRB_INDEX bound to: 32 - type: integer 
	Parameter G_AXI_WSTRB_WIDTH bound to: 4 - type: integer 
	Parameter G_AXI_WLAST_INDEX bound to: 36 - type: integer 
	Parameter G_AXI_WLAST_WIDTH bound to: 1 - type: integer 
	Parameter G_AXI_WID_INDEX bound to: 37 - type: integer 
	Parameter G_AXI_WID_WIDTH bound to: 0 - type: integer 
	Parameter G_AXI_WUSER_INDEX bound to: 37 - type: integer 
	Parameter G_AXI_WUSER_WIDTH bound to: 0 - type: integer 
	Parameter G_AXI_WPAYLOAD_WIDTH bound to: 37 - type: integer 
	Parameter G_AXI_BRESP_INDEX bound to: 0 - type: integer 
	Parameter G_AXI_BRESP_WIDTH bound to: 2 - type: integer 
	Parameter G_AXI_BID_INDEX bound to: 2 - type: integer 
	Parameter G_AXI_BID_WIDTH bound to: 12 - type: integer 
	Parameter G_AXI_BUSER_INDEX bound to: 14 - type: integer 
	Parameter G_AXI_BUSER_WIDTH bound to: 0 - type: integer 
	Parameter G_AXI_BPAYLOAD_WIDTH bound to: 14 - type: integer 
	Parameter G_AXI_RDATA_INDEX bound to: 0 - type: integer 
	Parameter G_AXI_RDATA_WIDTH bound to: 32 - type: integer 
	Parameter G_AXI_RRESP_INDEX bound to: 32 - type: integer 
	Parameter G_AXI_RRESP_WIDTH bound to: 2 - type: integer 
	Parameter G_AXI_RLAST_INDEX bound to: 34 - type: integer 
	Parameter G_AXI_RLAST_WIDTH bound to: 1 - type: integer 
	Parameter G_AXI_RID_INDEX bound to: 35 - type: integer 
	Parameter G_AXI_RID_WIDTH bound to: 12 - type: integer 
	Parameter G_AXI_RUSER_INDEX bound to: 47 - type: integer 
	Parameter G_AXI_RUSER_WIDTH bound to: 0 - type: integer 
	Parameter G_AXI_RPAYLOAD_WIDTH bound to: 47 - type: integer 
INFO: [Synth 8-6155] done synthesizing module 'axi_infrastructure_v1_1_0_axi2vector' (44#1) [c:/Users/hrish/Downloads/ReRAM_Thesis/Project Folder/ReRAM_Revision/ReRAM_Revision.srcs/sources_1/bd/RevisionDesign/ipshared/ec67/hdl/axi_infrastructure_v1_1_vl_rfs.v:60]
INFO: [Synth 8-6157] synthesizing module 'axi_infrastructure_v1_1_0_vector2axi' [c:/Users/hrish/Downloads/ReRAM_Thesis/Project Folder/ReRAM_Revision/ReRAM_Revision.srcs/sources_1/bd/RevisionDesign/ipshared/ec67/hdl/axi_infrastructure_v1_1_vl_rfs.v:474]
	Parameter C_AXI_PROTOCOL bound to: 0 - type: integer 
	Parameter C_AXI_ID_WIDTH bound to: 12 - type: integer 
	Parameter C_AXI_ADDR_WIDTH bound to: 32 - type: integer 
	Parameter C_AXI_DATA_WIDTH bound to: 32 - type: integer 
	Parameter C_AXI_SUPPORTS_USER_SIGNALS bound to: 0 - type: integer 
	Parameter C_AXI_SUPPORTS_REGION_SIGNALS bound to: 1 - type: integer 
	Parameter C_AXI_AWUSER_WIDTH bound to: 1 - type: integer 
	Parameter C_AXI_WUSER_WIDTH bound to: 1 - type: integer 
	Parameter C_AXI_BUSER_WIDTH bound to: 1 - type: integer 
	Parameter C_AXI_ARUSER_WIDTH bound to: 1 - type: integer 
	Parameter C_AXI_RUSER_WIDTH bound to: 1 - type: integer 
	Parameter C_AWPAYLOAD_WIDTH bound to: 73 - type: integer 
	Parameter C_WPAYLOAD_WIDTH bound to: 37 - type: integer 
	Parameter C_BPAYLOAD_WIDTH bound to: 14 - type: integer 
	Parameter C_ARPAYLOAD_WIDTH bound to: 73 - type: integer 
	Parameter C_RPAYLOAD_WIDTH bound to: 47 - type: integer 
	Parameter G_AXI_AWADDR_INDEX bound to: 0 - type: integer 
	Parameter G_AXI_AWADDR_WIDTH bound to: 32 - type: integer 
	Parameter G_AXI_AWPROT_INDEX bound to: 32 - type: integer 
	Parameter G_AXI_AWPROT_WIDTH bound to: 3 - type: integer 
	Parameter G_AXI_AWSIZE_INDEX bound to: 35 - type: integer 
	Parameter G_AXI_AWSIZE_WIDTH bound to: 3 - type: integer 
	Parameter G_AXI_AWBURST_INDEX bound to: 38 - type: integer 
	Parameter G_AXI_AWBURST_WIDTH bound to: 2 - type: integer 
	Parameter G_AXI_AWCACHE_INDEX bound to: 40 - type: integer 
	Parameter G_AXI_AWCACHE_WIDTH bound to: 4 - type: integer 
	Parameter G_AXI_AWLEN_INDEX bound to: 44 - type: integer 
	Parameter G_AXI_AWLEN_WIDTH bound to: 8 - type: integer 
	Parameter G_AXI_AWLOCK_INDEX bound to: 52 - type: integer 
	Parameter G_AXI_AWLOCK_WIDTH bound to: 1 - type: integer 
	Parameter G_AXI_AWID_INDEX bound to: 53 - type: integer 
	Parameter G_AXI_AWID_WIDTH bound to: 12 - type: integer 
	Parameter G_AXI_AWQOS_INDEX bound to: 65 - type: integer 
	Parameter G_AXI_AWQOS_WIDTH bound to: 4 - type: integer 
	Parameter G_AXI_AWREGION_INDEX bound to: 69 - type: integer 
	Parameter G_AXI_AWREGION_WIDTH bound to: 4 - type: integer 
	Parameter G_AXI_AWUSER_INDEX bound to: 73 - type: integer 
	Parameter G_AXI_AWUSER_WIDTH bound to: 0 - type: integer 
	Parameter G_AXI_AWPAYLOAD_WIDTH bound to: 73 - type: integer 
	Parameter G_AXI_ARADDR_INDEX bound to: 0 - type: integer 
	Parameter G_AXI_ARADDR_WIDTH bound to: 32 - type: integer 
	Parameter G_AXI_ARPROT_INDEX bound to: 32 - type: integer 
	Parameter G_AXI_ARPROT_WIDTH bound to: 3 - type: integer 
	Parameter G_AXI_ARSIZE_INDEX bound to: 35 - type: integer 
	Parameter G_AXI_ARSIZE_WIDTH bound to: 3 - type: integer 
	Parameter G_AXI_ARBURST_INDEX bound to: 38 - type: integer 
	Parameter G_AXI_ARBURST_WIDTH bound to: 2 - type: integer 
	Parameter G_AXI_ARCACHE_INDEX bound to: 40 - type: integer 
	Parameter G_AXI_ARCACHE_WIDTH bound to: 4 - type: integer 
	Parameter G_AXI_ARLEN_INDEX bound to: 44 - type: integer 
	Parameter G_AXI_ARLEN_WIDTH bound to: 8 - type: integer 
	Parameter G_AXI_ARLOCK_INDEX bound to: 52 - type: integer 
	Parameter G_AXI_ARLOCK_WIDTH bound to: 1 - type: integer 
	Parameter G_AXI_ARID_INDEX bound to: 53 - type: integer 
	Parameter G_AXI_ARID_WIDTH bound to: 12 - type: integer 
	Parameter G_AXI_ARQOS_INDEX bound to: 65 - type: integer 
	Parameter G_AXI_ARQOS_WIDTH bound to: 4 - type: integer 
	Parameter G_AXI_ARREGION_INDEX bound to: 69 - type: integer 
	Parameter G_AXI_ARREGION_WIDTH bound to: 4 - type: integer 
	Parameter G_AXI_ARUSER_INDEX bound to: 73 - type: integer 
	Parameter G_AXI_ARUSER_WIDTH bound to: 0 - type: integer 
	Parameter G_AXI_ARPAYLOAD_WIDTH bound to: 73 - type: integer 
	Parameter G_AXI_WDATA_INDEX bound to: 0 - type: integer 
	Parameter G_AXI_WDATA_WIDTH bound to: 32 - type: integer 
	Parameter G_AXI_WSTRB_INDEX bound to: 32 - type: integer 
	Parameter G_AXI_WSTRB_WIDTH bound to: 4 - type: integer 
	Parameter G_AXI_WLAST_INDEX bound to: 36 - type: integer 
	Parameter G_AXI_WLAST_WIDTH bound to: 1 - type: integer 
	Parameter G_AXI_WID_INDEX bound to: 37 - type: integer 
	Parameter G_AXI_WID_WIDTH bound to: 0 - type: integer 
	Parameter G_AXI_WUSER_INDEX bound to: 37 - type: integer 
	Parameter G_AXI_WUSER_WIDTH bound to: 0 - type: integer 
	Parameter G_AXI_WPAYLOAD_WIDTH bound to: 37 - type: integer 
	Parameter G_AXI_BRESP_INDEX bound to: 0 - type: integer 
	Parameter G_AXI_BRESP_WIDTH bound to: 2 - type: integer 
	Parameter G_AXI_BID_INDEX bound to: 2 - type: integer 
	Parameter G_AXI_BID_WIDTH bound to: 12 - type: integer 
	Parameter G_AXI_BUSER_INDEX bound to: 14 - type: integer 
	Parameter G_AXI_BUSER_WIDTH bound to: 0 - type: integer 
	Parameter G_AXI_BPAYLOAD_WIDTH bound to: 14 - type: integer 
	Parameter G_AXI_RDATA_INDEX bound to: 0 - type: integer 
	Parameter G_AXI_RDATA_WIDTH bound to: 32 - type: integer 
	Parameter G_AXI_RRESP_INDEX bound to: 32 - type: integer 
	Parameter G_AXI_RRESP_WIDTH bound to: 2 - type: integer 
	Parameter G_AXI_RLAST_INDEX bound to: 34 - type: integer 
	Parameter G_AXI_RLAST_WIDTH bound to: 1 - type: integer 
	Parameter G_AXI_RID_INDEX bound to: 35 - type: integer 
	Parameter G_AXI_RID_WIDTH bound to: 12 - type: integer 
	Parameter G_AXI_RUSER_INDEX bound to: 47 - type: integer 
	Parameter G_AXI_RUSER_WIDTH bound to: 0 - type: integer 
	Parameter G_AXI_RPAYLOAD_WIDTH bound to: 47 - type: integer 
INFO: [Synth 8-6155] done synthesizing module 'axi_infrastructure_v1_1_0_vector2axi' (45#1) [c:/Users/hrish/Downloads/ReRAM_Thesis/Project Folder/ReRAM_Revision/ReRAM_Revision.srcs/sources_1/bd/RevisionDesign/ipshared/ec67/hdl/axi_infrastructure_v1_1_vl_rfs.v:474]
INFO: [Synth 8-6155] done synthesizing module 'axi_register_slice_v2_1_16_axi_register_slice' (46#1) [c:/Users/hrish/Downloads/ReRAM_Thesis/Project Folder/ReRAM_Revision/ReRAM_Revision.srcs/sources_1/bd/RevisionDesign/ipshared/0cde/hdl/axi_register_slice_v2_1_vl_rfs.v:2413]
WARNING: [Synth 8-350] instance 'SI_REG' of module 'axi_register_slice_v2_1_16_axi_register_slice' requires 93 connections, but only 92 given [c:/Users/hrish/Downloads/ReRAM_Thesis/Project Folder/ReRAM_Revision/ReRAM_Revision.srcs/sources_1/bd/RevisionDesign/ipshared/1229/hdl/axi_protocol_converter_v2_1_vl_rfs.v:4395]
INFO: [Synth 8-6157] synthesizing module 'axi_register_slice_v2_1_16_axi_register_slice__parameterized0' [c:/Users/hrish/Downloads/ReRAM_Thesis/Project Folder/ReRAM_Revision/ReRAM_Revision.srcs/sources_1/bd/RevisionDesign/ipshared/0cde/hdl/axi_register_slice_v2_1_vl_rfs.v:2413]
	Parameter C_FAMILY bound to: virtex6 - type: string 
	Parameter C_AXI_PROTOCOL bound to: 2 - type: integer 
	Parameter C_AXI_ID_WIDTH bound to: 1 - type: integer 
	Parameter C_AXI_ADDR_WIDTH bound to: 32 - type: integer 
	Parameter C_AXI_DATA_WIDTH bound to: 32 - type: integer 
	Parameter C_AXI_SUPPORTS_USER_SIGNALS bound to: 0 - type: integer 
	Parameter C_AXI_AWUSER_WIDTH bound to: 1 - type: integer 
	Parameter C_AXI_ARUSER_WIDTH bound to: 1 - type: integer 
	Parameter C_AXI_WUSER_WIDTH bound to: 1 - type: integer 
	Parameter C_AXI_RUSER_WIDTH bound to: 1 - type: integer 
	Parameter C_AXI_BUSER_WIDTH bound to: 1 - type: integer 
	Parameter C_REG_CONFIG_AW bound to: 0 - type: integer 
	Parameter C_REG_CONFIG_W bound to: 0 - type: integer 
	Parameter C_REG_CONFIG_B bound to: 0 - type: integer 
	Parameter C_REG_CONFIG_AR bound to: 0 - type: integer 
	Parameter C_REG_CONFIG_R bound to: 0 - type: integer 
	Parameter C_NUM_SLR_CROSSINGS bound to: 0 - type: integer 
	Parameter C_PIPELINES_MASTER_AW bound to: 0 - type: integer 
	Parameter C_PIPELINES_MASTER_W bound to: 0 - type: integer 
	Parameter C_PIPELINES_MASTER_B bound to: 0 - type: integer 
	Parameter C_PIPELINES_MASTER_AR bound to: 0 - type: integer 
	Parameter C_PIPELINES_MASTER_R bound to: 0 - type: integer 
	Parameter C_PIPELINES_SLAVE_AW bound to: 0 - type: integer 
	Parameter C_PIPELINES_SLAVE_W bound to: 0 - type: integer 
	Parameter C_PIPELINES_SLAVE_B bound to: 0 - type: integer 
	Parameter C_PIPELINES_SLAVE_AR bound to: 0 - type: integer 
	Parameter C_PIPELINES_SLAVE_R bound to: 0 - type: integer 
	Parameter C_PIPELINES_MIDDLE_AW bound to: 0 - type: integer 
	Parameter C_PIPELINES_MIDDLE_W bound to: 0 - type: integer 
	Parameter C_PIPELINES_MIDDLE_B bound to: 0 - type: integer 
	Parameter C_PIPELINES_MIDDLE_AR bound to: 0 - type: integer 
	Parameter C_PIPELINES_MIDDLE_R bound to: 0 - type: integer 
	Parameter C_AXI_SUPPORTS_REGION_SIGNALS bound to: 0 - type: integer 
	Parameter P_FORWARD bound to: 0 - type: integer 
	Parameter P_RESPONSE bound to: 1 - type: integer 
	Parameter G_AXI_AWADDR_INDEX bound to: 0 - type: integer 
	Parameter G_AXI_AWADDR_WIDTH bound to: 32 - type: integer 
	Parameter G_AXI_AWPROT_INDEX bound to: 32 - type: integer 
	Parameter G_AXI_AWPROT_WIDTH bound to: 3 - type: integer 
	Parameter G_AXI_AWSIZE_INDEX bound to: 35 - type: integer 
	Parameter G_AXI_AWSIZE_WIDTH bound to: 0 - type: integer 
	Parameter G_AXI_AWBURST_INDEX bound to: 35 - type: integer 
	Parameter G_AXI_AWBURST_WIDTH bound to: 0 - type: integer 
	Parameter G_AXI_AWCACHE_INDEX bound to: 35 - type: integer 
	Parameter G_AXI_AWCACHE_WIDTH bound to: 0 - type: integer 
	Parameter G_AXI_AWLEN_INDEX bound to: 35 - type: integer 
	Parameter G_AXI_AWLEN_WIDTH bound to: 0 - type: integer 
	Parameter G_AXI_AWLOCK_INDEX bound to: 35 - type: integer 
	Parameter G_AXI_AWLOCK_WIDTH bound to: 0 - type: integer 
	Parameter G_AXI_AWID_INDEX bound to: 35 - type: integer 
	Parameter G_AXI_AWID_WIDTH bound to: 0 - type: integer 
	Parameter G_AXI_AWQOS_INDEX bound to: 35 - type: integer 
	Parameter G_AXI_AWQOS_WIDTH bound to: 0 - type: integer 
	Parameter G_AXI_AWREGION_INDEX bound to: 35 - type: integer 
	Parameter G_AXI_AWREGION_WIDTH bound to: 0 - type: integer 
	Parameter G_AXI_AWUSER_INDEX bound to: 35 - type: integer 
	Parameter G_AXI_AWUSER_WIDTH bound to: 0 - type: integer 
	Parameter G_AXI_AWPAYLOAD_WIDTH bound to: 35 - type: integer 
	Parameter G_AXI_ARADDR_INDEX bound to: 0 - type: integer 
	Parameter G_AXI_ARADDR_WIDTH bound to: 32 - type: integer 
	Parameter G_AXI_ARPROT_INDEX bound to: 32 - type: integer 
	Parameter G_AXI_ARPROT_WIDTH bound to: 3 - type: integer 
	Parameter G_AXI_ARSIZE_INDEX bound to: 35 - type: integer 
	Parameter G_AXI_ARSIZE_WIDTH bound to: 0 - type: integer 
	Parameter G_AXI_ARBURST_INDEX bound to: 35 - type: integer 
	Parameter G_AXI_ARBURST_WIDTH bound to: 0 - type: integer 
	Parameter G_AXI_ARCACHE_INDEX bound to: 35 - type: integer 
	Parameter G_AXI_ARCACHE_WIDTH bound to: 0 - type: integer 
	Parameter G_AXI_ARLEN_INDEX bound to: 35 - type: integer 
	Parameter G_AXI_ARLEN_WIDTH bound to: 0 - type: integer 
	Parameter G_AXI_ARLOCK_INDEX bound to: 35 - type: integer 
	Parameter G_AXI_ARLOCK_WIDTH bound to: 0 - type: integer 
	Parameter G_AXI_ARID_INDEX bound to: 35 - type: integer 
	Parameter G_AXI_ARID_WIDTH bound to: 0 - type: integer 
	Parameter G_AXI_ARQOS_INDEX bound to: 35 - type: integer 
	Parameter G_AXI_ARQOS_WIDTH bound to: 0 - type: integer 
	Parameter G_AXI_ARREGION_INDEX bound to: 35 - type: integer 
	Parameter G_AXI_ARREGION_WIDTH bound to: 0 - type: integer 
	Parameter G_AXI_ARUSER_INDEX bound to: 35 - type: integer 
	Parameter G_AXI_ARUSER_WIDTH bound to: 0 - type: integer 
	Parameter G_AXI_ARPAYLOAD_WIDTH bound to: 35 - type: integer 
	Parameter G_AXI_WDATA_INDEX bound to: 0 - type: integer 
	Parameter G_AXI_WDATA_WIDTH bound to: 32 - type: integer 
	Parameter G_AXI_WSTRB_INDEX bound to: 32 - type: integer 
	Parameter G_AXI_WSTRB_WIDTH bound to: 4 - type: integer 
	Parameter G_AXI_WLAST_INDEX bound to: 36 - type: integer 
	Parameter G_AXI_WLAST_WIDTH bound to: 0 - type: integer 
	Parameter G_AXI_WID_INDEX bound to: 36 - type: integer 
	Parameter G_AXI_WID_WIDTH bound to: 0 - type: integer 
	Parameter G_AXI_WUSER_INDEX bound to: 36 - type: integer 
	Parameter G_AXI_WUSER_WIDTH bound to: 0 - type: integer 
	Parameter G_AXI_WPAYLOAD_WIDTH bound to: 36 - type: integer 
	Parameter G_AXI_BRESP_INDEX bound to: 0 - type: integer 
	Parameter G_AXI_BRESP_WIDTH bound to: 2 - type: integer 
	Parameter G_AXI_BID_INDEX bound to: 2 - type: integer 
	Parameter G_AXI_BID_WIDTH bound to: 0 - type: integer 
	Parameter G_AXI_BUSER_INDEX bound to: 2 - type: integer 
	Parameter G_AXI_BUSER_WIDTH bound to: 0 - type: integer 
	Parameter G_AXI_BPAYLOAD_WIDTH bound to: 2 - type: integer 
	Parameter G_AXI_RDATA_INDEX bound to: 0 - type: integer 
	Parameter G_AXI_RDATA_WIDTH bound to: 32 - type: integer 
	Parameter G_AXI_RRESP_INDEX bound to: 32 - type: integer 
	Parameter G_AXI_RRESP_WIDTH bound to: 2 - type: integer 
	Parameter G_AXI_RLAST_INDEX bound to: 34 - type: integer 
	Parameter G_AXI_RLAST_WIDTH bound to: 0 - type: integer 
	Parameter G_AXI_RID_INDEX bound to: 34 - type: integer 
	Parameter G_AXI_RID_WIDTH bound to: 0 - type: integer 
	Parameter G_AXI_RUSER_INDEX bound to: 34 - type: integer 
	Parameter G_AXI_RUSER_WIDTH bound to: 0 - type: integer 
	Parameter G_AXI_RPAYLOAD_WIDTH bound to: 34 - type: integer 
INFO: [Synth 8-6157] synthesizing module 'axi_register_slice_v2_1_16_axic_register_slice__parameterized3' [c:/Users/hrish/Downloads/ReRAM_Thesis/Project Folder/ReRAM_Revision/ReRAM_Revision.srcs/sources_1/bd/RevisionDesign/ipshared/0cde/hdl/axi_register_slice_v2_1_vl_rfs.v:189]
	Parameter C_FAMILY bound to: virtex6 - type: string 
	Parameter C_DATA_WIDTH bound to: 35 - type: integer 
	Parameter C_REG_CONFIG bound to: 0 - type: integer 
INFO: [Synth 8-6155] done synthesizing module 'axi_register_slice_v2_1_16_axic_register_slice__parameterized3' (46#1) [c:/Users/hrish/Downloads/ReRAM_Thesis/Project Folder/ReRAM_Revision/ReRAM_Revision.srcs/sources_1/bd/RevisionDesign/ipshared/0cde/hdl/axi_register_slice_v2_1_vl_rfs.v:189]
INFO: [Synth 8-6157] synthesizing module 'axi_register_slice_v2_1_16_axic_register_slice__parameterized4' [c:/Users/hrish/Downloads/ReRAM_Thesis/Project Folder/ReRAM_Revision/ReRAM_Revision.srcs/sources_1/bd/RevisionDesign/ipshared/0cde/hdl/axi_register_slice_v2_1_vl_rfs.v:189]
	Parameter C_FAMILY bound to: virtex6 - type: string 
	Parameter C_DATA_WIDTH bound to: 36 - type: integer 
	Parameter C_REG_CONFIG bound to: 0 - type: integer 
INFO: [Synth 8-6155] done synthesizing module 'axi_register_slice_v2_1_16_axic_register_slice__parameterized4' (46#1) [c:/Users/hrish/Downloads/ReRAM_Thesis/Project Folder/ReRAM_Revision/ReRAM_Revision.srcs/sources_1/bd/RevisionDesign/ipshared/0cde/hdl/axi_register_slice_v2_1_vl_rfs.v:189]
INFO: [Synth 8-6157] synthesizing module 'axi_register_slice_v2_1_16_axic_register_slice__parameterized5' [c:/Users/hrish/Downloads/ReRAM_Thesis/Project Folder/ReRAM_Revision/ReRAM_Revision.srcs/sources_1/bd/RevisionDesign/ipshared/0cde/hdl/axi_register_slice_v2_1_vl_rfs.v:189]
	Parameter C_FAMILY bound to: virtex6 - type: string 
	Parameter C_DATA_WIDTH bound to: 2 - type: integer 
	Parameter C_REG_CONFIG bound to: 0 - type: integer 
INFO: [Synth 8-6155] done synthesizing module 'axi_register_slice_v2_1_16_axic_register_slice__parameterized5' (46#1) [c:/Users/hrish/Downloads/ReRAM_Thesis/Project Folder/ReRAM_Revision/ReRAM_Revision.srcs/sources_1/bd/RevisionDesign/ipshared/0cde/hdl/axi_register_slice_v2_1_vl_rfs.v:189]
INFO: [Synth 8-6157] synthesizing module 'axi_register_slice_v2_1_16_axic_register_slice__parameterized6' [c:/Users/hrish/Downloads/ReRAM_Thesis/Project Folder/ReRAM_Revision/ReRAM_Revision.srcs/sources_1/bd/RevisionDesign/ipshared/0cde/hdl/axi_register_slice_v2_1_vl_rfs.v:189]
	Parameter C_FAMILY bound to: virtex6 - type: string 
	Parameter C_DATA_WIDTH bound to: 34 - type: integer 
	Parameter C_REG_CONFIG bound to: 0 - type: integer 
INFO: [Synth 8-6155] done synthesizing module 'axi_register_slice_v2_1_16_axic_register_slice__parameterized6' (46#1) [c:/Users/hrish/Downloads/ReRAM_Thesis/Project Folder/ReRAM_Revision/ReRAM_Revision.srcs/sources_1/bd/RevisionDesign/ipshared/0cde/hdl/axi_register_slice_v2_1_vl_rfs.v:189]
INFO: [Synth 8-6157] synthesizing module 'axi_infrastructure_v1_1_0_axi2vector__parameterized0' [c:/Users/hrish/Downloads/ReRAM_Thesis/Project Folder/ReRAM_Revision/ReRAM_Revision.srcs/sources_1/bd/RevisionDesign/ipshared/ec67/hdl/axi_infrastructure_v1_1_vl_rfs.v:60]
	Parameter C_AXI_PROTOCOL bound to: 2 - type: integer 
	Parameter C_AXI_ID_WIDTH bound to: 1 - type: integer 
	Parameter C_AXI_ADDR_WIDTH bound to: 32 - type: integer 
	Parameter C_AXI_DATA_WIDTH bound to: 32 - type: integer 
	Parameter C_AXI_SUPPORTS_USER_SIGNALS bound to: 0 - type: integer 
	Parameter C_AXI_SUPPORTS_REGION_SIGNALS bound to: 0 - type: integer 
	Parameter C_AXI_AWUSER_WIDTH bound to: 1 - type: integer 
	Parameter C_AXI_WUSER_WIDTH bound to: 1 - type: integer 
	Parameter C_AXI_BUSER_WIDTH bound to: 1 - type: integer 
	Parameter C_AXI_ARUSER_WIDTH bound to: 1 - type: integer 
	Parameter C_AXI_RUSER_WIDTH bound to: 1 - type: integer 
	Parameter C_AWPAYLOAD_WIDTH bound to: 35 - type: integer 
	Parameter C_WPAYLOAD_WIDTH bound to: 36 - type: integer 
	Parameter C_BPAYLOAD_WIDTH bound to: 2 - type: integer 
	Parameter C_ARPAYLOAD_WIDTH bound to: 35 - type: integer 
	Parameter C_RPAYLOAD_WIDTH bound to: 34 - type: integer 
	Parameter G_AXI_AWADDR_INDEX bound to: 0 - type: integer 
	Parameter G_AXI_AWADDR_WIDTH bound to: 32 - type: integer 
	Parameter G_AXI_AWPROT_INDEX bound to: 32 - type: integer 
	Parameter G_AXI_AWPROT_WIDTH bound to: 3 - type: integer 
	Parameter G_AXI_AWSIZE_INDEX bound to: 35 - type: integer 
	Parameter G_AXI_AWSIZE_WIDTH bound to: 0 - type: integer 
	Parameter G_AXI_AWBURST_INDEX bound to: 35 - type: integer 
	Parameter G_AXI_AWBURST_WIDTH bound to: 0 - type: integer 
	Parameter G_AXI_AWCACHE_INDEX bound to: 35 - type: integer 
	Parameter G_AXI_AWCACHE_WIDTH bound to: 0 - type: integer 
	Parameter G_AXI_AWLEN_INDEX bound to: 35 - type: integer 
	Parameter G_AXI_AWLEN_WIDTH bound to: 0 - type: integer 
	Parameter G_AXI_AWLOCK_INDEX bound to: 35 - type: integer 
	Parameter G_AXI_AWLOCK_WIDTH bound to: 0 - type: integer 
	Parameter G_AXI_AWID_INDEX bound to: 35 - type: integer 
	Parameter G_AXI_AWID_WIDTH bound to: 0 - type: integer 
	Parameter G_AXI_AWQOS_INDEX bound to: 35 - type: integer 
	Parameter G_AXI_AWQOS_WIDTH bound to: 0 - type: integer 
	Parameter G_AXI_AWREGION_INDEX bound to: 35 - type: integer 
	Parameter G_AXI_AWREGION_WIDTH bound to: 0 - type: integer 
	Parameter G_AXI_AWUSER_INDEX bound to: 35 - type: integer 
	Parameter G_AXI_AWUSER_WIDTH bound to: 0 - type: integer 
	Parameter G_AXI_AWPAYLOAD_WIDTH bound to: 35 - type: integer 
	Parameter G_AXI_ARADDR_INDEX bound to: 0 - type: integer 
	Parameter G_AXI_ARADDR_WIDTH bound to: 32 - type: integer 
	Parameter G_AXI_ARPROT_INDEX bound to: 32 - type: integer 
	Parameter G_AXI_ARPROT_WIDTH bound to: 3 - type: integer 
	Parameter G_AXI_ARSIZE_INDEX bound to: 35 - type: integer 
	Parameter G_AXI_ARSIZE_WIDTH bound to: 0 - type: integer 
	Parameter G_AXI_ARBURST_INDEX bound to: 35 - type: integer 
	Parameter G_AXI_ARBURST_WIDTH bound to: 0 - type: integer 
	Parameter G_AXI_ARCACHE_INDEX bound to: 35 - type: integer 
	Parameter G_AXI_ARCACHE_WIDTH bound to: 0 - type: integer 
	Parameter G_AXI_ARLEN_INDEX bound to: 35 - type: integer 
	Parameter G_AXI_ARLEN_WIDTH bound to: 0 - type: integer 
	Parameter G_AXI_ARLOCK_INDEX bound to: 35 - type: integer 
	Parameter G_AXI_ARLOCK_WIDTH bound to: 0 - type: integer 
	Parameter G_AXI_ARID_INDEX bound to: 35 - type: integer 
	Parameter G_AXI_ARID_WIDTH bound to: 0 - type: integer 
	Parameter G_AXI_ARQOS_INDEX bound to: 35 - type: integer 
	Parameter G_AXI_ARQOS_WIDTH bound to: 0 - type: integer 
	Parameter G_AXI_ARREGION_INDEX bound to: 35 - type: integer 
	Parameter G_AXI_ARREGION_WIDTH bound to: 0 - type: integer 
	Parameter G_AXI_ARUSER_INDEX bound to: 35 - type: integer 
	Parameter G_AXI_ARUSER_WIDTH bound to: 0 - type: integer 
	Parameter G_AXI_ARPAYLOAD_WIDTH bound to: 35 - type: integer 
	Parameter G_AXI_WDATA_INDEX bound to: 0 - type: integer 
	Parameter G_AXI_WDATA_WIDTH bound to: 32 - type: integer 
	Parameter G_AXI_WSTRB_INDEX bound to: 32 - type: integer 
	Parameter G_AXI_WSTRB_WIDTH bound to: 4 - type: integer 
	Parameter G_AXI_WLAST_INDEX bound to: 36 - type: integer 
	Parameter G_AXI_WLAST_WIDTH bound to: 0 - type: integer 
	Parameter G_AXI_WID_INDEX bound to: 36 - type: integer 
	Parameter G_AXI_WID_WIDTH bound to: 0 - type: integer 
	Parameter G_AXI_WUSER_INDEX bound to: 36 - type: integer 
	Parameter G_AXI_WUSER_WIDTH bound to: 0 - type: integer 
	Parameter G_AXI_WPAYLOAD_WIDTH bound to: 36 - type: integer 
	Parameter G_AXI_BRESP_INDEX bound to: 0 - type: integer 
	Parameter G_AXI_BRESP_WIDTH bound to: 2 - type: integer 
	Parameter G_AXI_BID_INDEX bound to: 2 - type: integer 
	Parameter G_AXI_BID_WIDTH bound to: 0 - type: integer 
	Parameter G_AXI_BUSER_INDEX bound to: 2 - type: integer 
	Parameter G_AXI_BUSER_WIDTH bound to: 0 - type: integer 
	Parameter G_AXI_BPAYLOAD_WIDTH bound to: 2 - type: integer 
	Parameter G_AXI_RDATA_INDEX bound to: 0 - type: integer 
	Parameter G_AXI_RDATA_WIDTH bound to: 32 - type: integer 
	Parameter G_AXI_RRESP_INDEX bound to: 32 - type: integer 
	Parameter G_AXI_RRESP_WIDTH bound to: 2 - type: integer 
	Parameter G_AXI_RLAST_INDEX bound to: 34 - type: integer 
	Parameter G_AXI_RLAST_WIDTH bound to: 0 - type: integer 
	Parameter G_AXI_RID_INDEX bound to: 34 - type: integer 
	Parameter G_AXI_RID_WIDTH bound to: 0 - type: integer 
	Parameter G_AXI_RUSER_INDEX bound to: 34 - type: integer 
	Parameter G_AXI_RUSER_WIDTH bound to: 0 - type: integer 
	Parameter G_AXI_RPAYLOAD_WIDTH bound to: 34 - type: integer 
INFO: [Synth 8-6155] done synthesizing module 'axi_infrastructure_v1_1_0_axi2vector__parameterized0' (46#1) [c:/Users/hrish/Downloads/ReRAM_Thesis/Project Folder/ReRAM_Revision/ReRAM_Revision.srcs/sources_1/bd/RevisionDesign/ipshared/ec67/hdl/axi_infrastructure_v1_1_vl_rfs.v:60]
INFO: [Synth 8-6157] synthesizing module 'axi_infrastructure_v1_1_0_vector2axi__parameterized0' [c:/Users/hrish/Downloads/ReRAM_Thesis/Project Folder/ReRAM_Revision/ReRAM_Revision.srcs/sources_1/bd/RevisionDesign/ipshared/ec67/hdl/axi_infrastructure_v1_1_vl_rfs.v:474]
	Parameter C_AXI_PROTOCOL bound to: 2 - type: integer 
	Parameter C_AXI_ID_WIDTH bound to: 1 - type: integer 
	Parameter C_AXI_ADDR_WIDTH bound to: 32 - type: integer 
	Parameter C_AXI_DATA_WIDTH bound to: 32 - type: integer 
	Parameter C_AXI_SUPPORTS_USER_SIGNALS bound to: 0 - type: integer 
	Parameter C_AXI_SUPPORTS_REGION_SIGNALS bound to: 0 - type: integer 
	Parameter C_AXI_AWUSER_WIDTH bound to: 1 - type: integer 
	Parameter C_AXI_WUSER_WIDTH bound to: 1 - type: integer 
	Parameter C_AXI_BUSER_WIDTH bound to: 1 - type: integer 
	Parameter C_AXI_ARUSER_WIDTH bound to: 1 - type: integer 
	Parameter C_AXI_RUSER_WIDTH bound to: 1 - type: integer 
	Parameter C_AWPAYLOAD_WIDTH bound to: 35 - type: integer 
	Parameter C_WPAYLOAD_WIDTH bound to: 36 - type: integer 
	Parameter C_BPAYLOAD_WIDTH bound to: 2 - type: integer 
	Parameter C_ARPAYLOAD_WIDTH bound to: 35 - type: integer 
	Parameter C_RPAYLOAD_WIDTH bound to: 34 - type: integer 
	Parameter G_AXI_AWADDR_INDEX bound to: 0 - type: integer 
	Parameter G_AXI_AWADDR_WIDTH bound to: 32 - type: integer 
	Parameter G_AXI_AWPROT_INDEX bound to: 32 - type: integer 
	Parameter G_AXI_AWPROT_WIDTH bound to: 3 - type: integer 
	Parameter G_AXI_AWSIZE_INDEX bound to: 35 - type: integer 
	Parameter G_AXI_AWSIZE_WIDTH bound to: 0 - type: integer 
	Parameter G_AXI_AWBURST_INDEX bound to: 35 - type: integer 
	Parameter G_AXI_AWBURST_WIDTH bound to: 0 - type: integer 
	Parameter G_AXI_AWCACHE_INDEX bound to: 35 - type: integer 
	Parameter G_AXI_AWCACHE_WIDTH bound to: 0 - type: integer 
	Parameter G_AXI_AWLEN_INDEX bound to: 35 - type: integer 
	Parameter G_AXI_AWLEN_WIDTH bound to: 0 - type: integer 
	Parameter G_AXI_AWLOCK_INDEX bound to: 35 - type: integer 
	Parameter G_AXI_AWLOCK_WIDTH bound to: 0 - type: integer 
	Parameter G_AXI_AWID_INDEX bound to: 35 - type: integer 
	Parameter G_AXI_AWID_WIDTH bound to: 0 - type: integer 
	Parameter G_AXI_AWQOS_INDEX bound to: 35 - type: integer 
	Parameter G_AXI_AWQOS_WIDTH bound to: 0 - type: integer 
	Parameter G_AXI_AWREGION_INDEX bound to: 35 - type: integer 
	Parameter G_AXI_AWREGION_WIDTH bound to: 0 - type: integer 
	Parameter G_AXI_AWUSER_INDEX bound to: 35 - type: integer 
	Parameter G_AXI_AWUSER_WIDTH bound to: 0 - type: integer 
	Parameter G_AXI_AWPAYLOAD_WIDTH bound to: 35 - type: integer 
	Parameter G_AXI_ARADDR_INDEX bound to: 0 - type: integer 
	Parameter G_AXI_ARADDR_WIDTH bound to: 32 - type: integer 
	Parameter G_AXI_ARPROT_INDEX bound to: 32 - type: integer 
	Parameter G_AXI_ARPROT_WIDTH bound to: 3 - type: integer 
	Parameter G_AXI_ARSIZE_INDEX bound to: 35 - type: integer 
	Parameter G_AXI_ARSIZE_WIDTH bound to: 0 - type: integer 
	Parameter G_AXI_ARBURST_INDEX bound to: 35 - type: integer 
	Parameter G_AXI_ARBURST_WIDTH bound to: 0 - type: integer 
	Parameter G_AXI_ARCACHE_INDEX bound to: 35 - type: integer 
	Parameter G_AXI_ARCACHE_WIDTH bound to: 0 - type: integer 
	Parameter G_AXI_ARLEN_INDEX bound to: 35 - type: integer 
	Parameter G_AXI_ARLEN_WIDTH bound to: 0 - type: integer 
	Parameter G_AXI_ARLOCK_INDEX bound to: 35 - type: integer 
	Parameter G_AXI_ARLOCK_WIDTH bound to: 0 - type: integer 
	Parameter G_AXI_ARID_INDEX bound to: 35 - type: integer 
	Parameter G_AXI_ARID_WIDTH bound to: 0 - type: integer 
	Parameter G_AXI_ARQOS_INDEX bound to: 35 - type: integer 
	Parameter G_AXI_ARQOS_WIDTH bound to: 0 - type: integer 
	Parameter G_AXI_ARREGION_INDEX bound to: 35 - type: integer 
	Parameter G_AXI_ARREGION_WIDTH bound to: 0 - type: integer 
	Parameter G_AXI_ARUSER_INDEX bound to: 35 - type: integer 
	Parameter G_AXI_ARUSER_WIDTH bound to: 0 - type: integer 
	Parameter G_AXI_ARPAYLOAD_WIDTH bound to: 35 - type: integer 
	Parameter G_AXI_WDATA_INDEX bound to: 0 - type: integer 
	Parameter G_AXI_WDATA_WIDTH bound to: 32 - type: integer 
	Parameter G_AXI_WSTRB_INDEX bound to: 32 - type: integer 
	Parameter G_AXI_WSTRB_WIDTH bound to: 4 - type: integer 
	Parameter G_AXI_WLAST_INDEX bound to: 36 - type: integer 
	Parameter G_AXI_WLAST_WIDTH bound to: 0 - type: integer 
	Parameter G_AXI_WID_INDEX bound to: 36 - type: integer 
	Parameter G_AXI_WID_WIDTH bound to: 0 - type: integer 
	Parameter G_AXI_WUSER_INDEX bound to: 36 - type: integer 
	Parameter G_AXI_WUSER_WIDTH bound to: 0 - type: integer 
	Parameter G_AXI_WPAYLOAD_WIDTH bound to: 36 - type: integer 
	Parameter G_AXI_BRESP_INDEX bound to: 0 - type: integer 
	Parameter G_AXI_BRESP_WIDTH bound to: 2 - type: integer 
	Parameter G_AXI_BID_INDEX bound to: 2 - type: integer 
	Parameter G_AXI_BID_WIDTH bound to: 0 - type: integer 
	Parameter G_AXI_BUSER_INDEX bound to: 2 - type: integer 
	Parameter G_AXI_BUSER_WIDTH bound to: 0 - type: integer 
	Parameter G_AXI_BPAYLOAD_WIDTH bound to: 2 - type: integer 
	Parameter G_AXI_RDATA_INDEX bound to: 0 - type: integer 
	Parameter G_AXI_RDATA_WIDTH bound to: 32 - type: integer 
	Parameter G_AXI_RRESP_INDEX bound to: 32 - type: integer 
	Parameter G_AXI_RRESP_WIDTH bound to: 2 - type: integer 
	Parameter G_AXI_RLAST_INDEX bound to: 34 - type: integer 
	Parameter G_AXI_RLAST_WIDTH bound to: 0 - type: integer 
	Parameter G_AXI_RID_INDEX bound to: 34 - type: integer 
	Parameter G_AXI_RID_WIDTH bound to: 0 - type: integer 
	Parameter G_AXI_RUSER_INDEX bound to: 34 - type: integer 
	Parameter G_AXI_RUSER_WIDTH bound to: 0 - type: integer 
	Parameter G_AXI_RPAYLOAD_WIDTH bound to: 34 - type: integer 
INFO: [Synth 8-6155] done synthesizing module 'axi_infrastructure_v1_1_0_vector2axi__parameterized0' (46#1) [c:/Users/hrish/Downloads/ReRAM_Thesis/Project Folder/ReRAM_Revision/ReRAM_Revision.srcs/sources_1/bd/RevisionDesign/ipshared/ec67/hdl/axi_infrastructure_v1_1_vl_rfs.v:474]
INFO: [Synth 8-6155] done synthesizing module 'axi_register_slice_v2_1_16_axi_register_slice__parameterized0' (46#1) [c:/Users/hrish/Downloads/ReRAM_Thesis/Project Folder/ReRAM_Revision/ReRAM_Revision.srcs/sources_1/bd/RevisionDesign/ipshared/0cde/hdl/axi_register_slice_v2_1_vl_rfs.v:2413]
WARNING: [Synth 8-350] instance 'MI_REG' of module 'axi_register_slice_v2_1_16_axi_register_slice' requires 93 connections, but only 92 given [c:/Users/hrish/Downloads/ReRAM_Thesis/Project Folder/ReRAM_Revision/ReRAM_Revision.srcs/sources_1/bd/RevisionDesign/ipshared/1229/hdl/axi_protocol_converter_v2_1_vl_rfs.v:4650]
INFO: [Synth 8-6155] done synthesizing module 'axi_protocol_converter_v2_1_16_b2s' (47#1) [c:/Users/hrish/Downloads/ReRAM_Thesis/Project Folder/ReRAM_Revision/ReRAM_Revision.srcs/sources_1/bd/RevisionDesign/ipshared/1229/hdl/axi_protocol_converter_v2_1_vl_rfs.v:4229]
INFO: [Synth 8-6155] done synthesizing module 'axi_protocol_converter_v2_1_16_axi_protocol_converter' (48#1) [c:/Users/hrish/Downloads/ReRAM_Thesis/Project Folder/ReRAM_Revision/ReRAM_Revision.srcs/sources_1/bd/RevisionDesign/ipshared/1229/hdl/axi_protocol_converter_v2_1_vl_rfs.v:4811]
INFO: [Synth 8-6155] done synthesizing module 'RevisionDesign_auto_pc_0' (49#1) [c:/Users/hrish/Downloads/ReRAM_Thesis/Project Folder/ReRAM_Revision/ReRAM_Revision.srcs/sources_1/bd/RevisionDesign/ip/RevisionDesign_auto_pc_0/synth/RevisionDesign_auto_pc_0.v:58]
INFO: [Synth 8-6155] done synthesizing module 'm00_couplers_imp_17TE66S' (50#1) [C:/Users/hrish/Downloads/ReRAM_Thesis/Project Folder/ReRAM_Revision/ReRAM_Revision.srcs/sources_1/bd/RevisionDesign/synth/RevisionDesign.v:1271]
INFO: [Synth 8-6157] synthesizing module 'm01_couplers_imp_7ZSF77' [C:/Users/hrish/Downloads/ReRAM_Thesis/Project Folder/ReRAM_Revision/ReRAM_Revision.srcs/sources_1/bd/RevisionDesign/synth/RevisionDesign.v:1581]
INFO: [Synth 8-6155] done synthesizing module 'm01_couplers_imp_7ZSF77' (51#1) [C:/Users/hrish/Downloads/ReRAM_Thesis/Project Folder/ReRAM_Revision/ReRAM_Revision.srcs/sources_1/bd/RevisionDesign/synth/RevisionDesign.v:1581]
INFO: [Synth 8-6157] synthesizing module 's00_couplers_imp_PW1UHT' [C:/Users/hrish/Downloads/ReRAM_Thesis/Project Folder/ReRAM_Revision/ReRAM_Revision.srcs/sources_1/bd/RevisionDesign/synth/RevisionDesign.v:1839]
INFO: [Synth 8-6157] synthesizing module 'RevisionDesign_auto_pc_1' [c:/Users/hrish/Downloads/ReRAM_Thesis/Project Folder/ReRAM_Revision/ReRAM_Revision.srcs/sources_1/bd/RevisionDesign/ip/RevisionDesign_auto_pc_1/synth/RevisionDesign_auto_pc_1.v:58]
INFO: [Synth 8-6157] synthesizing module 'axi_protocol_converter_v2_1_16_axi_protocol_converter__parameterized0' [c:/Users/hrish/Downloads/ReRAM_Thesis/Project Folder/ReRAM_Revision/ReRAM_Revision.srcs/sources_1/bd/RevisionDesign/ipshared/1229/hdl/axi_protocol_converter_v2_1_vl_rfs.v:4811]
	Parameter C_FAMILY bound to: zynq - type: string 
	Parameter C_M_AXI_PROTOCOL bound to: 0 - type: integer 
	Parameter C_S_AXI_PROTOCOL bound to: 1 - type: integer 
	Parameter C_IGNORE_ID bound to: 0 - type: integer 
	Parameter C_AXI_ID_WIDTH bound to: 12 - type: integer 
	Parameter C_AXI_ADDR_WIDTH bound to: 32 - type: integer 
	Parameter C_AXI_DATA_WIDTH bound to: 32 - type: integer 
	Parameter C_AXI_SUPPORTS_WRITE bound to: 1 - type: integer 
	Parameter C_AXI_SUPPORTS_READ bound to: 1 - type: integer 
	Parameter C_AXI_SUPPORTS_USER_SIGNALS bound to: 0 - type: integer 
	Parameter C_AXI_AWUSER_WIDTH bound to: 1 - type: integer 
	Parameter C_AXI_ARUSER_WIDTH bound to: 1 - type: integer 
	Parameter C_AXI_WUSER_WIDTH bound to: 1 - type: integer 
	Parameter C_AXI_RUSER_WIDTH bound to: 1 - type: integer 
	Parameter C_AXI_BUSER_WIDTH bound to: 1 - type: integer 
	Parameter C_TRANSLATION_MODE bound to: 2 - type: integer 
	Parameter P_AXI4 bound to: 0 - type: integer 
	Parameter P_AXI3 bound to: 1 - type: integer 
	Parameter P_AXILITE bound to: 2 - type: integer 
	Parameter P_AXILITE_SIZE bound to: 3'b010 
	Parameter P_INCR bound to: 2'b01 
	Parameter P_DECERR bound to: 2'b11 
	Parameter P_SLVERR bound to: 2'b10 
	Parameter P_PROTECTION bound to: 1 - type: integer 
	Parameter P_CONVERSION bound to: 2 - type: integer 
INFO: [Synth 8-6155] done synthesizing module 'axi_protocol_converter_v2_1_16_axi_protocol_converter__parameterized0' (51#1) [c:/Users/hrish/Downloads/ReRAM_Thesis/Project Folder/ReRAM_Revision/ReRAM_Revision.srcs/sources_1/bd/RevisionDesign/ipshared/1229/hdl/axi_protocol_converter_v2_1_vl_rfs.v:4811]
INFO: [Synth 8-6155] done synthesizing module 'RevisionDesign_auto_pc_1' (52#1) [c:/Users/hrish/Downloads/ReRAM_Thesis/Project Folder/ReRAM_Revision/ReRAM_Revision.srcs/sources_1/bd/RevisionDesign/ip/RevisionDesign_auto_pc_1/synth/RevisionDesign_auto_pc_1.v:58]
WARNING: [Synth 8-350] instance 'auto_pc' of module 'RevisionDesign_auto_pc_1' requires 79 connections, but only 77 given [C:/Users/hrish/Downloads/ReRAM_Thesis/Project Folder/ReRAM_Revision/ReRAM_Revision.srcs/sources_1/bd/RevisionDesign/synth/RevisionDesign.v:2154]
INFO: [Synth 8-6155] done synthesizing module 's00_couplers_imp_PW1UHT' (53#1) [C:/Users/hrish/Downloads/ReRAM_Thesis/Project Folder/ReRAM_Revision/ReRAM_Revision.srcs/sources_1/bd/RevisionDesign/synth/RevisionDesign.v:1839]
INFO: [Synth 8-6157] synthesizing module 'RevisionDesign_xbar_0' [c:/Users/hrish/Downloads/ReRAM_Thesis/Project Folder/ReRAM_Revision/ReRAM_Revision.srcs/sources_1/bd/RevisionDesign/ip/RevisionDesign_xbar_0/synth/RevisionDesign_xbar_0.v:59]
INFO: [Synth 8-6157] synthesizing module 'axi_crossbar_v2_1_17_axi_crossbar' [c:/Users/hrish/Downloads/ReRAM_Thesis/Project Folder/ReRAM_Revision/ReRAM_Revision.srcs/sources_1/bd/RevisionDesign/ipshared/d293/hdl/axi_crossbar_v2_1_vl_rfs.v:4882]
	Parameter C_FAMILY bound to: zynq - type: string 
	Parameter C_NUM_SLAVE_SLOTS bound to: 1 - type: integer 
	Parameter C_NUM_MASTER_SLOTS bound to: 2 - type: integer 
	Parameter C_AXI_ID_WIDTH bound to: 12 - type: integer 
	Parameter C_AXI_ADDR_WIDTH bound to: 32 - type: integer 
	Parameter C_AXI_DATA_WIDTH bound to: 32 - type: integer 
	Parameter C_AXI_PROTOCOL bound to: 0 - type: integer 
	Parameter C_NUM_ADDR_RANGES bound to: 1 - type: integer 
	Parameter C_M_AXI_BASE_ADDR bound to: 128'b00000000000000000000000000000000010000000000000000000000000000000000000000000000000000000000000001000011110000000000000000000000 
	Parameter C_M_AXI_ADDR_WIDTH bound to: 64'b0000000000000000000000000000110100000000000000000000000000010000 
	Parameter C_S_AXI_BASE_ID bound to: 0 - type: integer 
	Parameter C_S_AXI_THREAD_ID_WIDTH bound to: 12 - type: integer 
	Parameter C_AXI_SUPPORTS_USER_SIGNALS bound to: 0 - type: integer 
	Parameter C_AXI_AWUSER_WIDTH bound to: 1 - type: integer 
	Parameter C_AXI_ARUSER_WIDTH bound to: 1 - type: integer 
	Parameter C_AXI_WUSER_WIDTH bound to: 1 - type: integer 
	Parameter C_AXI_RUSER_WIDTH bound to: 1 - type: integer 
	Parameter C_AXI_BUSER_WIDTH bound to: 1 - type: integer 
	Parameter C_M_AXI_WRITE_CONNECTIVITY bound to: 64'b1111111111111111111111111111111111111111111111111111111111111111 
	Parameter C_M_AXI_READ_CONNECTIVITY bound to: 64'b1111111111111111111111111111111111111111111111111111111111111111 
	Parameter C_R_REGISTER bound to: 0 - type: integer 
	Parameter C_S_AXI_SINGLE_THREAD bound to: 0 - type: integer 
	Parameter C_S_AXI_WRITE_ACCEPTANCE bound to: 8 - type: integer 
	Parameter C_S_AXI_READ_ACCEPTANCE bound to: 8 - type: integer 
	Parameter C_M_AXI_WRITE_ISSUING bound to: 64'b0000000000000000000000000000100000000000000000000000000000001000 
	Parameter C_M_AXI_READ_ISSUING bound to: 64'b0000000000000000000000000000100000000000000000000000000000001000 
	Parameter C_S_AXI_ARB_PRIORITY bound to: 0 - type: integer 
	Parameter C_M_AXI_SECURE bound to: 64'b0000000000000000000000000000000000000000000000000000000000000000 
	Parameter C_CONNECTIVITY_MODE bound to: 1 - type: integer 
	Parameter P_ONES bound to: 65'b11111111111111111111111111111111111111111111111111111111111111111 
	Parameter P_S_AXI_BASE_ID bound to: 64'b0000000000000000000000000000000000000000000000000000000000000000 
	Parameter P_S_AXI_HIGH_ID bound to: 64'b0000000000000000000000000000000000000000000000000000111111111111 
	Parameter P_AXI4 bound to: 0 - type: integer 
	Parameter P_AXI3 bound to: 1 - type: integer 
	Parameter P_AXILITE bound to: 2 - type: integer 
	Parameter P_AXILITE_SIZE bound to: 3'b010 
	Parameter P_INCR bound to: 2'b01 
	Parameter P_M_AXI_SUPPORTS_WRITE bound to: 2'b11 
	Parameter P_M_AXI_SUPPORTS_READ bound to: 2'b11 
	Parameter P_S_AXI_SUPPORTS_WRITE bound to: 1'b1 
	Parameter P_S_AXI_SUPPORTS_READ bound to: 1'b1 
	Parameter C_DEBUG bound to: 1 - type: integer 
	Parameter P_RANGE_CHECK bound to: 1 - type: integer 
	Parameter P_ADDR_DECODE bound to: 1 - type: integer 
	Parameter P_M_AXI_ERR_MODE bound to: 64'b0000000000000000000000000000000000000000000000000000000000000000 
	Parameter P_LEN bound to: 8 - type: integer 
	Parameter P_LOCK bound to: 1 - type: integer 
	Parameter P_FAMILY bound to: zynq - type: string 
INFO: [Synth 8-6157] synthesizing module 'axi_crossbar_v2_1_17_crossbar' [c:/Users/hrish/Downloads/ReRAM_Thesis/Project Folder/ReRAM_Revision/ReRAM_Revision.srcs/sources_1/bd/RevisionDesign/ipshared/d293/hdl/axi_crossbar_v2_1_vl_rfs.v:2239]
	Parameter C_FAMILY bound to: zynq - type: string 
	Parameter C_NUM_SLAVE_SLOTS bound to: 1 - type: integer 
	Parameter C_NUM_MASTER_SLOTS bound to: 2 - type: integer 
	Parameter C_NUM_ADDR_RANGES bound to: 1 - type: integer 
	Parameter C_AXI_ID_WIDTH bound to: 12 - type: integer 
	Parameter C_AXI_ADDR_WIDTH bound to: 32 - type: integer 
	Parameter C_AXI_DATA_WIDTH bound to: 32 - type: integer 
	Parameter C_AXI_PROTOCOL bound to: 0 - type: integer 
	Parameter C_M_AXI_BASE_ADDR bound to: 128'b00000000000000000000000000000000010000000000000000000000000000000000000000000000000000000000000001000011110000000000000000000000 
	Parameter C_M_AXI_HIGH_ADDR bound to: 128'b00000000000000000000000000000000010000000000000000011111111111110000000000000000000000000000000001000011110000001111111111111111 
	Parameter C_S_AXI_BASE_ID bound to: 64'b0000000000000000000000000000000000000000000000000000000000000000 
	Parameter C_S_AXI_HIGH_ID bound to: 64'b0000000000000000000000000000000000000000000000000000111111111111 
	Parameter C_S_AXI_THREAD_ID_WIDTH bound to: 12 - type: integer 
	Parameter C_AXI_SUPPORTS_USER_SIGNALS bound to: 0 - type: integer 
	Parameter C_AXI_AWUSER_WIDTH bound to: 1 - type: integer 
	Parameter C_AXI_ARUSER_WIDTH bound to: 1 - type: integer 
	Parameter C_AXI_WUSER_WIDTH bound to: 1 - type: integer 
	Parameter C_AXI_RUSER_WIDTH bound to: 1 - type: integer 
	Parameter C_AXI_BUSER_WIDTH bound to: 1 - type: integer 
	Parameter C_S_AXI_SUPPORTS_WRITE bound to: 1'b1 
	Parameter C_S_AXI_SUPPORTS_READ bound to: 1'b1 
	Parameter C_M_AXI_SUPPORTS_WRITE bound to: 2'b11 
	Parameter C_M_AXI_SUPPORTS_READ bound to: 2'b11 
	Parameter C_M_AXI_WRITE_CONNECTIVITY bound to: 64'b1111111111111111111111111111111111111111111111111111111111111111 
	Parameter C_M_AXI_READ_CONNECTIVITY bound to: 64'b1111111111111111111111111111111111111111111111111111111111111111 
	Parameter C_S_AXI_SINGLE_THREAD bound to: 0 - type: integer 
	Parameter C_S_AXI_WRITE_ACCEPTANCE bound to: 8 - type: integer 
	Parameter C_S_AXI_READ_ACCEPTANCE bound to: 8 - type: integer 
	Parameter C_M_AXI_WRITE_ISSUING bound to: 64'b0000000000000000000000000000100000000000000000000000000000001000 
	Parameter C_M_AXI_READ_ISSUING bound to: 64'b0000000000000000000000000000100000000000000000000000000000001000 
	Parameter C_S_AXI_ARB_PRIORITY bound to: 0 - type: integer 
	Parameter C_M_AXI_SECURE bound to: 64'b0000000000000000000000000000000000000000000000000000000000000000 
	Parameter C_M_AXI_ERR_MODE bound to: 64'b0000000000000000000000000000000000000000000000000000000000000000 
	Parameter C_RANGE_CHECK bound to: 1 - type: integer 
	Parameter C_ADDR_DECODE bound to: 1 - type: integer 
	Parameter C_W_ISSUE_WIDTH bound to: 96'b000000000000000000000000000000000000000000000000000000000000001100000000000000000000000000000011 
	Parameter C_R_ISSUE_WIDTH bound to: 96'b000000000000000000000000000000000000000000000000000000000000001100000000000000000000000000000011 
	Parameter C_W_ACCEPT_WIDTH bound to: 32'b00000000000000000000000000000011 
	Parameter C_R_ACCEPT_WIDTH bound to: 32'b00000000000000000000000000000011 
	Parameter C_DEBUG bound to: 1 - type: integer 
	Parameter P_AXI4 bound to: 0 - type: integer 
	Parameter P_AXI3 bound to: 1 - type: integer 
	Parameter P_AXILITE bound to: 2 - type: integer 
	Parameter P_WRITE bound to: 0 - type: integer 
	Parameter P_READ bound to: 1 - type: integer 
	Parameter P_NUM_MASTER_SLOTS_LOG bound to: 1 - type: integer 
	Parameter P_NUM_SLAVE_SLOTS_LOG bound to: 1 - type: integer 
	Parameter P_AXI_WID_WIDTH bound to: 1 - type: integer 
	Parameter P_ST_AWMESG_WIDTH bound to: 11 - type: integer 
	Parameter P_AA_AWMESG_WIDTH bound to: 75 - type: integer 
	Parameter P_ST_ARMESG_WIDTH bound to: 11 - type: integer 
	Parameter P_AA_ARMESG_WIDTH bound to: 75 - type: integer 
	Parameter P_ST_BMESG_WIDTH bound to: 3 - type: integer 
	Parameter P_ST_RMESG_WIDTH bound to: 35 - type: integer 
	Parameter P_WR_WMESG_WIDTH bound to: 38 - type: integer 
	Parameter P_BYPASS bound to: 0 - type: integer 
	Parameter P_FWD_REV bound to: 1 - type: integer 
	Parameter P_SIMPLE bound to: 7 - type: integer 
	Parameter P_M_AXI_SUPPORTS_READ bound to: 3'b111 
	Parameter P_M_AXI_SUPPORTS_WRITE bound to: 3'b111 
	Parameter P_M_AXI_WRITE_CONNECTIVITY bound to: 96'b111111111111111111111111111111111111111111111111111111111111111111111111111111111111111111111111 
	Parameter P_M_AXI_READ_CONNECTIVITY bound to: 96'b111111111111111111111111111111111111111111111111111111111111111111111111111111111111111111111111 
	Parameter P_S_AXI_WRITE_CONNECTIVITY bound to: 32'b11111111111111111111111111111111 
	Parameter P_S_AXI_READ_CONNECTIVITY bound to: 32'b11111111111111111111111111111111 
	Parameter P_M_AXI_READ_ISSUING bound to: 96'b000000000000000000000000000000010000000000000000000000000000100000000000000000000000000000001000 
	Parameter P_M_AXI_WRITE_ISSUING bound to: 96'b000000000000000000000000000000010000000000000000000000000000100000000000000000000000000000001000 
	Parameter P_DECERR bound to: 2'b11 
INFO: [Synth 8-6157] synthesizing module 'axi_crossbar_v2_1_17_si_transactor' [c:/Users/hrish/Downloads/ReRAM_Thesis/Project Folder/ReRAM_Revision/ReRAM_Revision.srcs/sources_1/bd/RevisionDesign/ipshared/d293/hdl/axi_crossbar_v2_1_vl_rfs.v:3798]
	Parameter C_FAMILY bound to: zynq - type: string 
	Parameter C_SI bound to: 0 - type: integer 
	Parameter C_DIR bound to: 1 - type: integer 
	Parameter C_NUM_ADDR_RANGES bound to: 1 - type: integer 
	Parameter C_NUM_M bound to: 2 - type: integer 
	Parameter C_NUM_M_LOG bound to: 1 - type: integer 
	Parameter C_ACCEPTANCE bound to: 8 - type: integer 
	Parameter C_ACCEPTANCE_LOG bound to: 3 - type: integer 
	Parameter C_ID_WIDTH bound to: 12 - type: integer 
	Parameter C_THREAD_ID_WIDTH bound to: 12 - type: integer 
	Parameter C_ADDR_WIDTH bound to: 32 - type: integer 
	Parameter C_AMESG_WIDTH bound to: 11 - type: integer 
	Parameter C_RMESG_WIDTH bound to: 35 - type: integer 
	Parameter C_BASE_ID bound to: 12'b000000000000 
	Parameter C_HIGH_ID bound to: 12'b111111111111 
	Parameter C_BASE_ADDR bound to: 128'b00000000000000000000000000000000010000000000000000000000000000000000000000000000000000000000000001000011110000000000000000000000 
	Parameter C_HIGH_ADDR bound to: 128'b00000000000000000000000000000000010000000000000000011111111111110000000000000000000000000000000001000011110000001111111111111111 
	Parameter C_SINGLE_THREAD bound to: 0 - type: integer 
	Parameter C_TARGET_QUAL bound to: 2'b11 
	Parameter C_M_AXI_SECURE bound to: 64'b0000000000000000000000000000000000000000000000000000000000000000 
	Parameter C_RANGE_CHECK bound to: 1 - type: integer 
	Parameter C_ADDR_DECODE bound to: 1 - type: integer 
	Parameter C_ERR_MODE bound to: 64'b0000000000000000000000000000000000000000000000000000000000000000 
	Parameter C_DEBUG bound to: 1 - type: integer 
	Parameter P_WRITE bound to: 0 - type: integer 
	Parameter P_READ bound to: 1 - type: integer 
	Parameter P_RMUX_MESG_WIDTH bound to: 48 - type: integer 
	Parameter P_AXILITE_ERRMODE bound to: 1 - type: integer 
	Parameter P_NONSECURE_BIT bound to: 1 - type: integer 
	Parameter P_NUM_M_LOG_M1 bound to: 1 - type: integer 
	Parameter P_M_AXILITE bound to: 2'b00 
	Parameter P_FIXED bound to: 2'b00 
	Parameter P_NUM_M_DE_LOG bound to: 2 - type: integer 
	Parameter P_THREAD_ID_WIDTH_M1 bound to: 12 - type: integer 
	Parameter P_NUM_ID_VAL bound to: 4096 - type: integer 
	Parameter P_NUM_THREADS bound to: 8 - type: integer 
	Parameter P_M_SECURE_MASK bound to: 2'b00 
INFO: [Synth 8-6157] synthesizing module 'axi_crossbar_v2_1_17_addr_decoder' [c:/Users/hrish/Downloads/ReRAM_Thesis/Project Folder/ReRAM_Revision/ReRAM_Revision.srcs/sources_1/bd/RevisionDesign/ipshared/d293/hdl/axi_crossbar_v2_1_vl_rfs.v:794]
	Parameter C_FAMILY bound to: zynq - type: string 
	Parameter C_NUM_TARGETS bound to: 2 - type: integer 
	Parameter C_NUM_TARGETS_LOG bound to: 1 - type: integer 
	Parameter C_NUM_RANGES bound to: 1 - type: integer 
	Parameter C_ADDR_WIDTH bound to: 32 - type: integer 
	Parameter C_TARGET_ENC bound to: 1 - type: integer 
	Parameter C_TARGET_HOT bound to: 1 - type: integer 
	Parameter C_REGION_ENC bound to: 1 - type: integer 
	Parameter C_BASE_ADDR bound to: 128'b00000000000000000000000000000000010000000000000000000000000000000000000000000000000000000000000001000011110000000000000000000000 
	Parameter C_HIGH_ADDR bound to: 128'b00000000000000000000000000000000010000000000000000011111111111110000000000000000000000000000000001000011110000001111111111111111 
	Parameter C_TARGET_QUAL bound to: 3'b011 
	Parameter C_RESOLUTION bound to: 2 - type: integer 
	Parameter C_COMPARATOR_THRESHOLD bound to: 6 - type: integer 
INFO: [Synth 8-6157] synthesizing module 'generic_baseblocks_v2_1_0_comparator_static' [c:/Users/hrish/Downloads/ReRAM_Thesis/Project Folder/ReRAM_Revision/ReRAM_Revision.srcs/sources_1/bd/RevisionDesign/ipshared/b752/hdl/generic_baseblocks_v2_1_vl_rfs.v:2133]
	Parameter C_FAMILY bound to: rtl - type: string 
	Parameter C_VALUE bound to: 30'b010000111100000000000000000000 
	Parameter C_DATA_WIDTH bound to: 30 - type: integer 
	Parameter C_BITS_PER_LUT bound to: 6 - type: integer 
	Parameter C_NUM_LUT bound to: 5 - type: integer 
	Parameter C_FIX_DATA_WIDTH bound to: 30 - type: integer 
INFO: [Synth 8-6157] synthesizing module 'generic_baseblocks_v2_1_0_carry_and' [c:/Users/hrish/Downloads/ReRAM_Thesis/Project Folder/ReRAM_Revision/ReRAM_Revision.srcs/sources_1/bd/RevisionDesign/ipshared/b752/hdl/generic_baseblocks_v2_1_vl_rfs.v:62]
	Parameter C_FAMILY bound to: rtl - type: string 
INFO: [Synth 8-6155] done synthesizing module 'generic_baseblocks_v2_1_0_carry_and' (54#1) [c:/Users/hrish/Downloads/ReRAM_Thesis/Project Folder/ReRAM_Revision/ReRAM_Revision.srcs/sources_1/bd/RevisionDesign/ipshared/b752/hdl/generic_baseblocks_v2_1_vl_rfs.v:62]
INFO: [Synth 8-6155] done synthesizing module 'generic_baseblocks_v2_1_0_comparator_static' (55#1) [c:/Users/hrish/Downloads/ReRAM_Thesis/Project Folder/ReRAM_Revision/ReRAM_Revision.srcs/sources_1/bd/RevisionDesign/ipshared/b752/hdl/generic_baseblocks_v2_1_vl_rfs.v:2133]
INFO: [Synth 8-6157] synthesizing module 'generic_baseblocks_v2_1_0_comparator_static__parameterized0' [c:/Users/hrish/Downloads/ReRAM_Thesis/Project Folder/ReRAM_Revision/ReRAM_Revision.srcs/sources_1/bd/RevisionDesign/ipshared/b752/hdl/generic_baseblocks_v2_1_vl_rfs.v:2133]
	Parameter C_FAMILY bound to: rtl - type: string 
	Parameter C_VALUE bound to: 30'b010000000000000000000000000000 
	Parameter C_DATA_WIDTH bound to: 30 - type: integer 
	Parameter C_BITS_PER_LUT bound to: 6 - type: integer 
	Parameter C_NUM_LUT bound to: 5 - type: integer 
	Parameter C_FIX_DATA_WIDTH bound to: 30 - type: integer 
INFO: [Synth 8-6155] done synthesizing module 'generic_baseblocks_v2_1_0_comparator_static__parameterized0' (55#1) [c:/Users/hrish/Downloads/ReRAM_Thesis/Project Folder/ReRAM_Revision/ReRAM_Revision.srcs/sources_1/bd/RevisionDesign/ipshared/b752/hdl/generic_baseblocks_v2_1_vl_rfs.v:2133]
INFO: [Synth 8-6155] done synthesizing module 'axi_crossbar_v2_1_17_addr_decoder' (56#1) [c:/Users/hrish/Downloads/ReRAM_Thesis/Project Folder/ReRAM_Revision/ReRAM_Revision.srcs/sources_1/bd/RevisionDesign/ipshared/d293/hdl/axi_crossbar_v2_1_vl_rfs.v:794]
INFO: [Synth 8-6157] synthesizing module 'axi_data_fifo_v2_1_15_axic_srl_fifo' [c:/Users/hrish/Downloads/ReRAM_Thesis/Project Folder/ReRAM_Revision/ReRAM_Revision.srcs/sources_1/bd/RevisionDesign/ipshared/d114/hdl/axi_data_fifo_v2_1_vl_rfs.v:698]
	Parameter C_FAMILY bound to: zynq - type: string 
	Parameter C_FIFO_WIDTH bound to: 8 - type: integer 
	Parameter C_MAX_CTRL_FANOUT bound to: 33 - type: integer 
	Parameter C_FIFO_DEPTH_LOG bound to: 4 - type: integer 
	Parameter C_USE_FULL bound to: 0 - type: integer 
	Parameter P_FIFO_DEPTH_LOG bound to: 4 - type: integer 
	Parameter P_EMPTY bound to: 4'b1111 
	Parameter P_ALMOSTEMPTY bound to: 4'b0000 
	Parameter P_ALMOSTFULL_TEMP bound to: 5'b11110 
	Parameter P_ALMOSTFULL bound to: 4'b1110 
	Parameter P_NUM_REPS bound to: 1 - type: integer 
INFO: [Synth 8-6157] synthesizing module 'axi_data_fifo_v2_1_15_ndeep_srl' [c:/Users/hrish/Downloads/ReRAM_Thesis/Project Folder/ReRAM_Revision/ReRAM_Revision.srcs/sources_1/bd/RevisionDesign/ipshared/d114/hdl/axi_data_fifo_v2_1_vl_rfs.v:1135]
	Parameter C_FAMILY bound to: zynq - type: string 
	Parameter C_A_WIDTH bound to: 4 - type: integer 
	Parameter P_SRLASIZE bound to: 5 - type: integer 
	Parameter P_SRLDEPTH bound to: 32 - type: integer 
	Parameter P_NUMSRLS bound to: 1 - type: integer 
	Parameter P_SHIFT_DEPTH bound to: 16 - type: integer 
INFO: [Synth 8-6157] synthesizing module 'SRLC32E' [C:/Xilinx/Vivado/2018.1/scripts/rt/data/unisim_comp.v:50859]
	Parameter INIT bound to: 32'b00000000000000000000000000000000 
	Parameter IS_CLK_INVERTED bound to: 1'b0 
INFO: [Synth 8-6155] done synthesizing module 'SRLC32E' (57#1) [C:/Xilinx/Vivado/2018.1/scripts/rt/data/unisim_comp.v:50859]
INFO: [Synth 8-6155] done synthesizing module 'axi_data_fifo_v2_1_15_ndeep_srl' (58#1) [c:/Users/hrish/Downloads/ReRAM_Thesis/Project Folder/ReRAM_Revision/ReRAM_Revision.srcs/sources_1/bd/RevisionDesign/ipshared/d114/hdl/axi_data_fifo_v2_1_vl_rfs.v:1135]
WARNING: [Synth 8-6014] Unused sequential element areset_d1_reg was removed.  [c:/Users/hrish/Downloads/ReRAM_Thesis/Project Folder/ReRAM_Revision/ReRAM_Revision.srcs/sources_1/bd/RevisionDesign/ipshared/d114/hdl/axi_data_fifo_v2_1_vl_rfs.v:750]
WARNING: [Synth 8-6014] Unused sequential element S_READY_i_reg was removed.  [c:/Users/hrish/Downloads/ReRAM_Thesis/Project Folder/ReRAM_Revision/ReRAM_Revision.srcs/sources_1/bd/RevisionDesign/ipshared/d114/hdl/axi_data_fifo_v2_1_vl_rfs.v:789]
INFO: [Synth 8-6155] done synthesizing module 'axi_data_fifo_v2_1_15_axic_srl_fifo' (59#1) [c:/Users/hrish/Downloads/ReRAM_Thesis/Project Folder/ReRAM_Revision/ReRAM_Revision.srcs/sources_1/bd/RevisionDesign/ipshared/d114/hdl/axi_data_fifo_v2_1_vl_rfs.v:698]
INFO: [Synth 8-6157] synthesizing module 'axi_crossbar_v2_1_17_arbiter_resp' [c:/Users/hrish/Downloads/ReRAM_Thesis/Project Folder/ReRAM_Revision/ReRAM_Revision.srcs/sources_1/bd/RevisionDesign/ipshared/d293/hdl/axi_crossbar_v2_1_vl_rfs.v:1025]
	Parameter C_FAMILY bound to: zynq - type: string 
	Parameter C_NUM_S bound to: 3 - type: integer 
	Parameter C_NUM_S_LOG bound to: 2 - type: integer 
	Parameter C_GRANT_ENC bound to: 1 - type: integer 
	Parameter C_GRANT_HOT bound to: 0 - type: integer 
INFO: [Synth 8-6155] done synthesizing module 'axi_crossbar_v2_1_17_arbiter_resp' (60#1) [c:/Users/hrish/Downloads/ReRAM_Thesis/Project Folder/ReRAM_Revision/ReRAM_Revision.srcs/sources_1/bd/RevisionDesign/ipshared/d293/hdl/axi_crossbar_v2_1_vl_rfs.v:1025]
INFO: [Synth 8-6157] synthesizing module 'generic_baseblocks_v2_1_0_mux_enc' [c:/Users/hrish/Downloads/ReRAM_Thesis/Project Folder/ReRAM_Revision/ReRAM_Revision.srcs/sources_1/bd/RevisionDesign/ipshared/b752/hdl/generic_baseblocks_v2_1_vl_rfs.v:2452]
	Parameter C_FAMILY bound to: zynq - type: string 
	Parameter C_RATIO bound to: 3 - type: integer 
	Parameter C_SEL_WIDTH bound to: 2 - type: integer 
	Parameter C_DATA_WIDTH bound to: 48 - type: integer 
INFO: [Synth 8-6155] done synthesizing module 'generic_baseblocks_v2_1_0_mux_enc' (61#1) [c:/Users/hrish/Downloads/ReRAM_Thesis/Project Folder/ReRAM_Revision/ReRAM_Revision.srcs/sources_1/bd/RevisionDesign/ipshared/b752/hdl/generic_baseblocks_v2_1_vl_rfs.v:2452]
WARNING: [Synth 8-6014] Unused sequential element gen_multi_thread.debug_r_beat_cnt_i_reg was removed.  [c:/Users/hrish/Downloads/ReRAM_Thesis/Project Folder/ReRAM_Revision/ReRAM_Revision.srcs/sources_1/bd/RevisionDesign/ipshared/d293/hdl/axi_crossbar_v2_1_vl_rfs.v:4344]
WARNING: [Synth 8-6014] Unused sequential element gen_multi_thread.debug_r_beat_cnt_i_reg was removed.  [c:/Users/hrish/Downloads/ReRAM_Thesis/Project Folder/ReRAM_Revision/ReRAM_Revision.srcs/sources_1/bd/RevisionDesign/ipshared/d293/hdl/axi_crossbar_v2_1_vl_rfs.v:4344]
WARNING: [Synth 8-6014] Unused sequential element gen_multi_thread.debug_r_beat_cnt_i_reg was removed.  [c:/Users/hrish/Downloads/ReRAM_Thesis/Project Folder/ReRAM_Revision/ReRAM_Revision.srcs/sources_1/bd/RevisionDesign/ipshared/d293/hdl/axi_crossbar_v2_1_vl_rfs.v:4344]
WARNING: [Synth 8-6014] Unused sequential element gen_multi_thread.debug_r_beat_cnt_i_reg was removed.  [c:/Users/hrish/Downloads/ReRAM_Thesis/Project Folder/ReRAM_Revision/ReRAM_Revision.srcs/sources_1/bd/RevisionDesign/ipshared/d293/hdl/axi_crossbar_v2_1_vl_rfs.v:4344]
WARNING: [Synth 8-6014] Unused sequential element gen_multi_thread.debug_r_beat_cnt_i_reg was removed.  [c:/Users/hrish/Downloads/ReRAM_Thesis/Project Folder/ReRAM_Revision/ReRAM_Revision.srcs/sources_1/bd/RevisionDesign/ipshared/d293/hdl/axi_crossbar_v2_1_vl_rfs.v:4344]
WARNING: [Synth 8-6014] Unused sequential element gen_multi_thread.debug_r_beat_cnt_i_reg was removed.  [c:/Users/hrish/Downloads/ReRAM_Thesis/Project Folder/ReRAM_Revision/ReRAM_Revision.srcs/sources_1/bd/RevisionDesign/ipshared/d293/hdl/axi_crossbar_v2_1_vl_rfs.v:4344]
WARNING: [Synth 8-6014] Unused sequential element gen_multi_thread.debug_r_beat_cnt_i_reg was removed.  [c:/Users/hrish/Downloads/ReRAM_Thesis/Project Folder/ReRAM_Revision/ReRAM_Revision.srcs/sources_1/bd/RevisionDesign/ipshared/d293/hdl/axi_crossbar_v2_1_vl_rfs.v:4344]
WARNING: [Synth 8-6014] Unused sequential element gen_multi_thread.debug_r_beat_cnt_i_reg was removed.  [c:/Users/hrish/Downloads/ReRAM_Thesis/Project Folder/ReRAM_Revision/ReRAM_Revision.srcs/sources_1/bd/RevisionDesign/ipshared/d293/hdl/axi_crossbar_v2_1_vl_rfs.v:4344]
INFO: [Synth 8-6155] done synthesizing module 'axi_crossbar_v2_1_17_si_transactor' (62#1) [c:/Users/hrish/Downloads/ReRAM_Thesis/Project Folder/ReRAM_Revision/ReRAM_Revision.srcs/sources_1/bd/RevisionDesign/ipshared/d293/hdl/axi_crossbar_v2_1_vl_rfs.v:3798]
INFO: [Synth 8-6157] synthesizing module 'axi_crossbar_v2_1_17_si_transactor__parameterized0' [c:/Users/hrish/Downloads/ReRAM_Thesis/Project Folder/ReRAM_Revision/ReRAM_Revision.srcs/sources_1/bd/RevisionDesign/ipshared/d293/hdl/axi_crossbar_v2_1_vl_rfs.v:3798]
	Parameter C_FAMILY bound to: zynq - type: string 
	Parameter C_SI bound to: 0 - type: integer 
	Parameter C_DIR bound to: 0 - type: integer 
	Parameter C_NUM_ADDR_RANGES bound to: 1 - type: integer 
	Parameter C_NUM_M bound to: 2 - type: integer 
	Parameter C_NUM_M_LOG bound to: 1 - type: integer 
	Parameter C_ACCEPTANCE bound to: 8 - type: integer 
	Parameter C_ACCEPTANCE_LOG bound to: 3 - type: integer 
	Parameter C_ID_WIDTH bound to: 12 - type: integer 
	Parameter C_THREAD_ID_WIDTH bound to: 12 - type: integer 
	Parameter C_ADDR_WIDTH bound to: 32 - type: integer 
	Parameter C_AMESG_WIDTH bound to: 11 - type: integer 
	Parameter C_RMESG_WIDTH bound to: 3 - type: integer 
	Parameter C_BASE_ID bound to: 12'b000000000000 
	Parameter C_HIGH_ID bound to: 12'b111111111111 
	Parameter C_BASE_ADDR bound to: 128'b00000000000000000000000000000000010000000000000000000000000000000000000000000000000000000000000001000011110000000000000000000000 
	Parameter C_HIGH_ADDR bound to: 128'b00000000000000000000000000000000010000000000000000011111111111110000000000000000000000000000000001000011110000001111111111111111 
	Parameter C_SINGLE_THREAD bound to: 0 - type: integer 
	Parameter C_TARGET_QUAL bound to: 2'b11 
	Parameter C_M_AXI_SECURE bound to: 64'b0000000000000000000000000000000000000000000000000000000000000000 
	Parameter C_RANGE_CHECK bound to: 1 - type: integer 
	Parameter C_ADDR_DECODE bound to: 1 - type: integer 
	Parameter C_ERR_MODE bound to: 64'b0000000000000000000000000000000000000000000000000000000000000000 
	Parameter C_DEBUG bound to: 1 - type: integer 
	Parameter P_WRITE bound to: 0 - type: integer 
	Parameter P_READ bound to: 1 - type: integer 
	Parameter P_RMUX_MESG_WIDTH bound to: 16 - type: integer 
	Parameter P_AXILITE_ERRMODE bound to: 1 - type: integer 
	Parameter P_NONSECURE_BIT bound to: 1 - type: integer 
	Parameter P_NUM_M_LOG_M1 bound to: 1 - type: integer 
	Parameter P_M_AXILITE bound to: 2'b00 
	Parameter P_FIXED bound to: 2'b00 
	Parameter P_NUM_M_DE_LOG bound to: 2 - type: integer 
	Parameter P_THREAD_ID_WIDTH_M1 bound to: 12 - type: integer 
	Parameter P_NUM_ID_VAL bound to: 4096 - type: integer 
	Parameter P_NUM_THREADS bound to: 8 - type: integer 
	Parameter P_M_SECURE_MASK bound to: 2'b00 
INFO: [Synth 8-6157] synthesizing module 'generic_baseblocks_v2_1_0_mux_enc__parameterized0' [c:/Users/hrish/Downloads/ReRAM_Thesis/Project Folder/ReRAM_Revision/ReRAM_Revision.srcs/sources_1/bd/RevisionDesign/ipshared/b752/hdl/generic_baseblocks_v2_1_vl_rfs.v:2452]
	Parameter C_FAMILY bound to: zynq - type: string 
	Parameter C_RATIO bound to: 3 - type: integer 
	Parameter C_SEL_WIDTH bound to: 2 - type: integer 
	Parameter C_DATA_WIDTH bound to: 16 - type: integer 
INFO: [Synth 8-6155] done synthesizing module 'generic_baseblocks_v2_1_0_mux_enc__parameterized0' (62#1) [c:/Users/hrish/Downloads/ReRAM_Thesis/Project Folder/ReRAM_Revision/ReRAM_Revision.srcs/sources_1/bd/RevisionDesign/ipshared/b752/hdl/generic_baseblocks_v2_1_vl_rfs.v:2452]
WARNING: [Synth 8-6014] Unused sequential element gen_multi_thread.debug_r_beat_cnt_i_reg was removed.  [c:/Users/hrish/Downloads/ReRAM_Thesis/Project Folder/ReRAM_Revision/ReRAM_Revision.srcs/sources_1/bd/RevisionDesign/ipshared/d293/hdl/axi_crossbar_v2_1_vl_rfs.v:4344]
WARNING: [Synth 8-6014] Unused sequential element gen_multi_thread.debug_r_beat_cnt_i_reg was removed.  [c:/Users/hrish/Downloads/ReRAM_Thesis/Project Folder/ReRAM_Revision/ReRAM_Revision.srcs/sources_1/bd/RevisionDesign/ipshared/d293/hdl/axi_crossbar_v2_1_vl_rfs.v:4344]
WARNING: [Synth 8-6014] Unused sequential element gen_multi_thread.debug_r_beat_cnt_i_reg was removed.  [c:/Users/hrish/Downloads/ReRAM_Thesis/Project Folder/ReRAM_Revision/ReRAM_Revision.srcs/sources_1/bd/RevisionDesign/ipshared/d293/hdl/axi_crossbar_v2_1_vl_rfs.v:4344]
WARNING: [Synth 8-6014] Unused sequential element gen_multi_thread.debug_r_beat_cnt_i_reg was removed.  [c:/Users/hrish/Downloads/ReRAM_Thesis/Project Folder/ReRAM_Revision/ReRAM_Revision.srcs/sources_1/bd/RevisionDesign/ipshared/d293/hdl/axi_crossbar_v2_1_vl_rfs.v:4344]
WARNING: [Synth 8-6014] Unused sequential element gen_multi_thread.debug_r_beat_cnt_i_reg was removed.  [c:/Users/hrish/Downloads/ReRAM_Thesis/Project Folder/ReRAM_Revision/ReRAM_Revision.srcs/sources_1/bd/RevisionDesign/ipshared/d293/hdl/axi_crossbar_v2_1_vl_rfs.v:4344]
WARNING: [Synth 8-6014] Unused sequential element gen_multi_thread.debug_r_beat_cnt_i_reg was removed.  [c:/Users/hrish/Downloads/ReRAM_Thesis/Project Folder/ReRAM_Revision/ReRAM_Revision.srcs/sources_1/bd/RevisionDesign/ipshared/d293/hdl/axi_crossbar_v2_1_vl_rfs.v:4344]
WARNING: [Synth 8-6014] Unused sequential element gen_multi_thread.debug_r_beat_cnt_i_reg was removed.  [c:/Users/hrish/Downloads/ReRAM_Thesis/Project Folder/ReRAM_Revision/ReRAM_Revision.srcs/sources_1/bd/RevisionDesign/ipshared/d293/hdl/axi_crossbar_v2_1_vl_rfs.v:4344]
WARNING: [Synth 8-6014] Unused sequential element gen_multi_thread.debug_r_beat_cnt_i_reg was removed.  [c:/Users/hrish/Downloads/ReRAM_Thesis/Project Folder/ReRAM_Revision/ReRAM_Revision.srcs/sources_1/bd/RevisionDesign/ipshared/d293/hdl/axi_crossbar_v2_1_vl_rfs.v:4344]
INFO: [Synth 8-6155] done synthesizing module 'axi_crossbar_v2_1_17_si_transactor__parameterized0' (62#1) [c:/Users/hrish/Downloads/ReRAM_Thesis/Project Folder/ReRAM_Revision/ReRAM_Revision.srcs/sources_1/bd/RevisionDesign/ipshared/d293/hdl/axi_crossbar_v2_1_vl_rfs.v:3798]
INFO: [Synth 8-6157] synthesizing module 'axi_crossbar_v2_1_17_splitter' [c:/Users/hrish/Downloads/ReRAM_Thesis/Project Folder/ReRAM_Revision/ReRAM_Revision.srcs/sources_1/bd/RevisionDesign/ipshared/d293/hdl/axi_crossbar_v2_1_vl_rfs.v:4459]
	Parameter C_NUM_M bound to: 2 - type: integer 
INFO: [Synth 8-6155] done synthesizing module 'axi_crossbar_v2_1_17_splitter' (63#1) [c:/Users/hrish/Downloads/ReRAM_Thesis/Project Folder/ReRAM_Revision/ReRAM_Revision.srcs/sources_1/bd/RevisionDesign/ipshared/d293/hdl/axi_crossbar_v2_1_vl_rfs.v:4459]
INFO: [Synth 8-6157] synthesizing module 'axi_crossbar_v2_1_17_wdata_router' [c:/Users/hrish/Downloads/ReRAM_Thesis/Project Folder/ReRAM_Revision/ReRAM_Revision.srcs/sources_1/bd/RevisionDesign/ipshared/d293/hdl/axi_crossbar_v2_1_vl_rfs.v:4734]
	Parameter C_FAMILY bound to: zynq - type: string 
	Parameter C_WMESG_WIDTH bound to: 38 - type: integer 
	Parameter C_NUM_MASTER_SLOTS bound to: 3 - type: integer 
	Parameter C_SELECT_WIDTH bound to: 2 - type: integer 
	Parameter C_FIFO_DEPTH_LOG bound to: 3 - type: integer 
	Parameter P_FIFO_DEPTH_LOG bound to: 3 - type: integer 
INFO: [Synth 8-6157] synthesizing module 'axi_data_fifo_v2_1_15_axic_reg_srl_fifo' [c:/Users/hrish/Downloads/ReRAM_Thesis/Project Folder/ReRAM_Revision/ReRAM_Revision.srcs/sources_1/bd/RevisionDesign/ipshared/d114/hdl/axi_data_fifo_v2_1_vl_rfs.v:889]
	Parameter C_FAMILY bound to: zynq - type: string 
	Parameter C_FIFO_WIDTH bound to: 2 - type: integer 
	Parameter C_MAX_CTRL_FANOUT bound to: 33 - type: integer 
	Parameter C_FIFO_DEPTH_LOG bound to: 3 - type: integer 
	Parameter C_USE_FULL bound to: 1 - type: integer 
	Parameter P_FIFO_DEPTH_LOG bound to: 3 - type: integer 
	Parameter P_EMPTY bound to: 3'b111 
	Parameter P_ALMOSTEMPTY bound to: 3'b000 
	Parameter P_ALMOSTFULL_TEMP bound to: 4'b1110 
	Parameter P_ALMOSTFULL bound to: 3'b110 
	Parameter P_NUM_REPS bound to: 1 - type: integer 
	Parameter ZERO bound to: 2'b10 
	Parameter ONE bound to: 2'b11 
	Parameter TWO bound to: 2'b01 
INFO: [Synth 8-6157] synthesizing module 'axi_data_fifo_v2_1_15_ndeep_srl__parameterized0' [c:/Users/hrish/Downloads/ReRAM_Thesis/Project Folder/ReRAM_Revision/ReRAM_Revision.srcs/sources_1/bd/RevisionDesign/ipshared/d114/hdl/axi_data_fifo_v2_1_vl_rfs.v:1135]
	Parameter C_FAMILY bound to: zynq - type: string 
	Parameter C_A_WIDTH bound to: 3 - type: integer 
	Parameter P_SRLASIZE bound to: 5 - type: integer 
	Parameter P_SRLDEPTH bound to: 32 - type: integer 
	Parameter P_NUMSRLS bound to: 1 - type: integer 
	Parameter P_SHIFT_DEPTH bound to: 8 - type: integer 
INFO: [Synth 8-6155] done synthesizing module 'axi_data_fifo_v2_1_15_ndeep_srl__parameterized0' (63#1) [c:/Users/hrish/Downloads/ReRAM_Thesis/Project Folder/ReRAM_Revision/ReRAM_Revision.srcs/sources_1/bd/RevisionDesign/ipshared/d114/hdl/axi_data_fifo_v2_1_vl_rfs.v:1135]
INFO: [Synth 8-155] case statement is not full and has no default [c:/Users/hrish/Downloads/ReRAM_Thesis/Project Folder/ReRAM_Revision/ReRAM_Revision.srcs/sources_1/bd/RevisionDesign/ipshared/d114/hdl/axi_data_fifo_v2_1_vl_rfs.v:986]
INFO: [Synth 8-6155] done synthesizing module 'axi_data_fifo_v2_1_15_axic_reg_srl_fifo' (64#1) [c:/Users/hrish/Downloads/ReRAM_Thesis/Project Folder/ReRAM_Revision/ReRAM_Revision.srcs/sources_1/bd/RevisionDesign/ipshared/d114/hdl/axi_data_fifo_v2_1_vl_rfs.v:889]
INFO: [Synth 8-6155] done synthesizing module 'axi_crossbar_v2_1_17_wdata_router' (65#1) [c:/Users/hrish/Downloads/ReRAM_Thesis/Project Folder/ReRAM_Revision/ReRAM_Revision.srcs/sources_1/bd/RevisionDesign/ipshared/d293/hdl/axi_crossbar_v2_1_vl_rfs.v:4734]
INFO: [Synth 8-6157] synthesizing module 'axi_data_fifo_v2_1_15_axic_srl_fifo__parameterized0' [c:/Users/hrish/Downloads/ReRAM_Thesis/Project Folder/ReRAM_Revision/ReRAM_Revision.srcs/sources_1/bd/RevisionDesign/ipshared/d114/hdl/axi_data_fifo_v2_1_vl_rfs.v:698]
	Parameter C_FAMILY bound to: zynq - type: string 
	Parameter C_FIFO_WIDTH bound to: 8 - type: integer 
	Parameter C_MAX_CTRL_FANOUT bound to: 33 - type: integer 
	Parameter C_FIFO_DEPTH_LOG bound to: 3 - type: integer 
	Parameter C_USE_FULL bound to: 0 - type: integer 
	Parameter P_FIFO_DEPTH_LOG bound to: 3 - type: integer 
	Parameter P_EMPTY bound to: 3'b111 
	Parameter P_ALMOSTEMPTY bound to: 3'b000 
	Parameter P_ALMOSTFULL_TEMP bound to: 4'b1110 
	Parameter P_ALMOSTFULL bound to: 3'b110 
	Parameter P_NUM_REPS bound to: 1 - type: integer 
WARNING: [Synth 8-6014] Unused sequential element areset_d1_reg was removed.  [c:/Users/hrish/Downloads/ReRAM_Thesis/Project Folder/ReRAM_Revision/ReRAM_Revision.srcs/sources_1/bd/RevisionDesign/ipshared/d114/hdl/axi_data_fifo_v2_1_vl_rfs.v:750]
WARNING: [Synth 8-6014] Unused sequential element S_READY_i_reg was removed.  [c:/Users/hrish/Downloads/ReRAM_Thesis/Project Folder/ReRAM_Revision/ReRAM_Revision.srcs/sources_1/bd/RevisionDesign/ipshared/d114/hdl/axi_data_fifo_v2_1_vl_rfs.v:789]
INFO: [Synth 8-6155] done synthesizing module 'axi_data_fifo_v2_1_15_axic_srl_fifo__parameterized0' (65#1) [c:/Users/hrish/Downloads/ReRAM_Thesis/Project Folder/ReRAM_Revision/ReRAM_Revision.srcs/sources_1/bd/RevisionDesign/ipshared/d114/hdl/axi_data_fifo_v2_1_vl_rfs.v:698]
INFO: [Synth 8-6157] synthesizing module 'axi_crossbar_v2_1_17_wdata_mux' [c:/Users/hrish/Downloads/ReRAM_Thesis/Project Folder/ReRAM_Revision/ReRAM_Revision.srcs/sources_1/bd/RevisionDesign/ipshared/d293/hdl/axi_crossbar_v2_1_vl_rfs.v:4559]
	Parameter C_FAMILY bound to: zynq - type: string 
	Parameter C_WMESG_WIDTH bound to: 38 - type: integer 
	Parameter C_NUM_SLAVE_SLOTS bound to: 1 - type: integer 
	Parameter C_SELECT_WIDTH bound to: 1 - type: integer 
	Parameter C_FIFO_DEPTH_LOG bound to: 3 - type: integer 
	Parameter P_FIFO_DEPTH_LOG bound to: 3 - type: integer 
INFO: [Synth 8-6155] done synthesizing module 'axi_crossbar_v2_1_17_wdata_mux' (66#1) [c:/Users/hrish/Downloads/ReRAM_Thesis/Project Folder/ReRAM_Revision/ReRAM_Revision.srcs/sources_1/bd/RevisionDesign/ipshared/d293/hdl/axi_crossbar_v2_1_vl_rfs.v:4559]
INFO: [Synth 8-6157] synthesizing module 'axi_register_slice_v2_1_16_axi_register_slice__parameterized1' [c:/Users/hrish/Downloads/ReRAM_Thesis/Project Folder/ReRAM_Revision/ReRAM_Revision.srcs/sources_1/bd/RevisionDesign/ipshared/0cde/hdl/axi_register_slice_v2_1_vl_rfs.v:2413]
	Parameter C_FAMILY bound to: zynq - type: string 
	Parameter C_AXI_PROTOCOL bound to: 0 - type: integer 
	Parameter C_AXI_ID_WIDTH bound to: 12 - type: integer 
	Parameter C_AXI_ADDR_WIDTH bound to: 1 - type: integer 
	Parameter C_AXI_DATA_WIDTH bound to: 32 - type: integer 
	Parameter C_AXI_SUPPORTS_USER_SIGNALS bound to: 0 - type: integer 
	Parameter C_AXI_AWUSER_WIDTH bound to: 1 - type: integer 
	Parameter C_AXI_ARUSER_WIDTH bound to: 1 - type: integer 
	Parameter C_AXI_WUSER_WIDTH bound to: 1 - type: integer 
	Parameter C_AXI_RUSER_WIDTH bound to: 1 - type: integer 
	Parameter C_AXI_BUSER_WIDTH bound to: 1 - type: integer 
	Parameter C_REG_CONFIG_AW bound to: 0 - type: integer 
	Parameter C_REG_CONFIG_W bound to: 0 - type: integer 
	Parameter C_REG_CONFIG_B bound to: 7 - type: integer 
	Parameter C_REG_CONFIG_AR bound to: 0 - type: integer 
	Parameter C_REG_CONFIG_R bound to: 1 - type: integer 
	Parameter C_NUM_SLR_CROSSINGS bound to: 0 - type: integer 
	Parameter C_PIPELINES_MASTER_AW bound to: 0 - type: integer 
	Parameter C_PIPELINES_MASTER_W bound to: 0 - type: integer 
	Parameter C_PIPELINES_MASTER_B bound to: 0 - type: integer 
	Parameter C_PIPELINES_MASTER_AR bound to: 0 - type: integer 
	Parameter C_PIPELINES_MASTER_R bound to: 0 - type: integer 
	Parameter C_PIPELINES_SLAVE_AW bound to: 0 - type: integer 
	Parameter C_PIPELINES_SLAVE_W bound to: 0 - type: integer 
	Parameter C_PIPELINES_SLAVE_B bound to: 0 - type: integer 
	Parameter C_PIPELINES_SLAVE_AR bound to: 0 - type: integer 
	Parameter C_PIPELINES_SLAVE_R bound to: 0 - type: integer 
	Parameter C_PIPELINES_MIDDLE_AW bound to: 0 - type: integer 
	Parameter C_PIPELINES_MIDDLE_W bound to: 0 - type: integer 
	Parameter C_PIPELINES_MIDDLE_B bound to: 0 - type: integer 
	Parameter C_PIPELINES_MIDDLE_AR bound to: 0 - type: integer 
	Parameter C_PIPELINES_MIDDLE_R bound to: 0 - type: integer 
	Parameter C_AXI_SUPPORTS_REGION_SIGNALS bound to: 1 - type: integer 
	Parameter P_FORWARD bound to: 0 - type: integer 
	Parameter P_RESPONSE bound to: 1 - type: integer 
	Parameter G_AXI_AWADDR_INDEX bound to: 0 - type: integer 
	Parameter G_AXI_AWADDR_WIDTH bound to: 1 - type: integer 
	Parameter G_AXI_AWPROT_INDEX bound to: 1 - type: integer 
	Parameter G_AXI_AWPROT_WIDTH bound to: 3 - type: integer 
	Parameter G_AXI_AWSIZE_INDEX bound to: 4 - type: integer 
	Parameter G_AXI_AWSIZE_WIDTH bound to: 3 - type: integer 
	Parameter G_AXI_AWBURST_INDEX bound to: 7 - type: integer 
	Parameter G_AXI_AWBURST_WIDTH bound to: 2 - type: integer 
	Parameter G_AXI_AWCACHE_INDEX bound to: 9 - type: integer 
	Parameter G_AXI_AWCACHE_WIDTH bound to: 4 - type: integer 
	Parameter G_AXI_AWLEN_INDEX bound to: 13 - type: integer 
	Parameter G_AXI_AWLEN_WIDTH bound to: 8 - type: integer 
	Parameter G_AXI_AWLOCK_INDEX bound to: 21 - type: integer 
	Parameter G_AXI_AWLOCK_WIDTH bound to: 1 - type: integer 
	Parameter G_AXI_AWID_INDEX bound to: 22 - type: integer 
	Parameter G_AXI_AWID_WIDTH bound to: 12 - type: integer 
	Parameter G_AXI_AWQOS_INDEX bound to: 34 - type: integer 
	Parameter G_AXI_AWQOS_WIDTH bound to: 4 - type: integer 
	Parameter G_AXI_AWREGION_INDEX bound to: 38 - type: integer 
	Parameter G_AXI_AWREGION_WIDTH bound to: 4 - type: integer 
	Parameter G_AXI_AWUSER_INDEX bound to: 42 - type: integer 
	Parameter G_AXI_AWUSER_WIDTH bound to: 0 - type: integer 
	Parameter G_AXI_AWPAYLOAD_WIDTH bound to: 42 - type: integer 
	Parameter G_AXI_ARADDR_INDEX bound to: 0 - type: integer 
	Parameter G_AXI_ARADDR_WIDTH bound to: 1 - type: integer 
	Parameter G_AXI_ARPROT_INDEX bound to: 1 - type: integer 
	Parameter G_AXI_ARPROT_WIDTH bound to: 3 - type: integer 
	Parameter G_AXI_ARSIZE_INDEX bound to: 4 - type: integer 
	Parameter G_AXI_ARSIZE_WIDTH bound to: 3 - type: integer 
	Parameter G_AXI_ARBURST_INDEX bound to: 7 - type: integer 
	Parameter G_AXI_ARBURST_WIDTH bound to: 2 - type: integer 
	Parameter G_AXI_ARCACHE_INDEX bound to: 9 - type: integer 
	Parameter G_AXI_ARCACHE_WIDTH bound to: 4 - type: integer 
	Parameter G_AXI_ARLEN_INDEX bound to: 13 - type: integer 
	Parameter G_AXI_ARLEN_WIDTH bound to: 8 - type: integer 
	Parameter G_AXI_ARLOCK_INDEX bound to: 21 - type: integer 
	Parameter G_AXI_ARLOCK_WIDTH bound to: 1 - type: integer 
	Parameter G_AXI_ARID_INDEX bound to: 22 - type: integer 
	Parameter G_AXI_ARID_WIDTH bound to: 12 - type: integer 
	Parameter G_AXI_ARQOS_INDEX bound to: 34 - type: integer 
	Parameter G_AXI_ARQOS_WIDTH bound to: 4 - type: integer 
	Parameter G_AXI_ARREGION_INDEX bound to: 38 - type: integer 
	Parameter G_AXI_ARREGION_WIDTH bound to: 4 - type: integer 
	Parameter G_AXI_ARUSER_INDEX bound to: 42 - type: integer 
	Parameter G_AXI_ARUSER_WIDTH bound to: 0 - type: integer 
	Parameter G_AXI_ARPAYLOAD_WIDTH bound to: 42 - type: integer 
	Parameter G_AXI_WDATA_INDEX bound to: 0 - type: integer 
	Parameter G_AXI_WDATA_WIDTH bound to: 32 - type: integer 
	Parameter G_AXI_WSTRB_INDEX bound to: 32 - type: integer 
	Parameter G_AXI_WSTRB_WIDTH bound to: 4 - type: integer 
	Parameter G_AXI_WLAST_INDEX bound to: 36 - type: integer 
	Parameter G_AXI_WLAST_WIDTH bound to: 1 - type: integer 
	Parameter G_AXI_WID_INDEX bound to: 37 - type: integer 
	Parameter G_AXI_WID_WIDTH bound to: 0 - type: integer 
	Parameter G_AXI_WUSER_INDEX bound to: 37 - type: integer 
	Parameter G_AXI_WUSER_WIDTH bound to: 0 - type: integer 
	Parameter G_AXI_WPAYLOAD_WIDTH bound to: 37 - type: integer 
	Parameter G_AXI_BRESP_INDEX bound to: 0 - type: integer 
	Parameter G_AXI_BRESP_WIDTH bound to: 2 - type: integer 
	Parameter G_AXI_BID_INDEX bound to: 2 - type: integer 
	Parameter G_AXI_BID_WIDTH bound to: 12 - type: integer 
	Parameter G_AXI_BUSER_INDEX bound to: 14 - type: integer 
	Parameter G_AXI_BUSER_WIDTH bound to: 0 - type: integer 
	Parameter G_AXI_BPAYLOAD_WIDTH bound to: 14 - type: integer 
	Parameter G_AXI_RDATA_INDEX bound to: 0 - type: integer 
	Parameter G_AXI_RDATA_WIDTH bound to: 32 - type: integer 
	Parameter G_AXI_RRESP_INDEX bound to: 32 - type: integer 
	Parameter G_AXI_RRESP_WIDTH bound to: 2 - type: integer 
	Parameter G_AXI_RLAST_INDEX bound to: 34 - type: integer 
	Parameter G_AXI_RLAST_WIDTH bound to: 1 - type: integer 
	Parameter G_AXI_RID_INDEX bound to: 35 - type: integer 
	Parameter G_AXI_RID_WIDTH bound to: 12 - type: integer 
	Parameter G_AXI_RUSER_INDEX bound to: 47 - type: integer 
	Parameter G_AXI_RUSER_WIDTH bound to: 0 - type: integer 
	Parameter G_AXI_RPAYLOAD_WIDTH bound to: 47 - type: integer 
INFO: [Synth 8-6157] synthesizing module 'axi_register_slice_v2_1_16_axic_register_slice__parameterized7' [c:/Users/hrish/Downloads/ReRAM_Thesis/Project Folder/ReRAM_Revision/ReRAM_Revision.srcs/sources_1/bd/RevisionDesign/ipshared/0cde/hdl/axi_register_slice_v2_1_vl_rfs.v:189]
	Parameter C_FAMILY bound to: zynq - type: string 
	Parameter C_DATA_WIDTH bound to: 42 - type: integer 
	Parameter C_REG_CONFIG bound to: 0 - type: integer 
INFO: [Synth 8-6155] done synthesizing module 'axi_register_slice_v2_1_16_axic_register_slice__parameterized7' (66#1) [c:/Users/hrish/Downloads/ReRAM_Thesis/Project Folder/ReRAM_Revision/ReRAM_Revision.srcs/sources_1/bd/RevisionDesign/ipshared/0cde/hdl/axi_register_slice_v2_1_vl_rfs.v:189]
INFO: [Synth 8-6157] synthesizing module 'axi_register_slice_v2_1_16_axic_register_slice__parameterized8' [c:/Users/hrish/Downloads/ReRAM_Thesis/Project Folder/ReRAM_Revision/ReRAM_Revision.srcs/sources_1/bd/RevisionDesign/ipshared/0cde/hdl/axi_register_slice_v2_1_vl_rfs.v:189]
	Parameter C_FAMILY bound to: zynq - type: string 
	Parameter C_DATA_WIDTH bound to: 37 - type: integer 
	Parameter C_REG_CONFIG bound to: 0 - type: integer 
INFO: [Synth 8-6155] done synthesizing module 'axi_register_slice_v2_1_16_axic_register_slice__parameterized8' (66#1) [c:/Users/hrish/Downloads/ReRAM_Thesis/Project Folder/ReRAM_Revision/ReRAM_Revision.srcs/sources_1/bd/RevisionDesign/ipshared/0cde/hdl/axi_register_slice_v2_1_vl_rfs.v:189]
INFO: [Synth 8-6157] synthesizing module 'axi_register_slice_v2_1_16_axic_register_slice__parameterized9' [c:/Users/hrish/Downloads/ReRAM_Thesis/Project Folder/ReRAM_Revision/ReRAM_Revision.srcs/sources_1/bd/RevisionDesign/ipshared/0cde/hdl/axi_register_slice_v2_1_vl_rfs.v:189]
	Parameter C_FAMILY bound to: zynq - type: string 
	Parameter C_DATA_WIDTH bound to: 14 - type: integer 
	Parameter C_REG_CONFIG bound to: 7 - type: integer 
INFO: [Synth 8-6155] done synthesizing module 'axi_register_slice_v2_1_16_axic_register_slice__parameterized9' (66#1) [c:/Users/hrish/Downloads/ReRAM_Thesis/Project Folder/ReRAM_Revision/ReRAM_Revision.srcs/sources_1/bd/RevisionDesign/ipshared/0cde/hdl/axi_register_slice_v2_1_vl_rfs.v:189]
INFO: [Synth 8-6157] synthesizing module 'axi_register_slice_v2_1_16_axic_register_slice__parameterized10' [c:/Users/hrish/Downloads/ReRAM_Thesis/Project Folder/ReRAM_Revision/ReRAM_Revision.srcs/sources_1/bd/RevisionDesign/ipshared/0cde/hdl/axi_register_slice_v2_1_vl_rfs.v:189]
	Parameter C_FAMILY bound to: zynq - type: string 
	Parameter C_DATA_WIDTH bound to: 47 - type: integer 
	Parameter C_REG_CONFIG bound to: 1 - type: integer 
INFO: [Synth 8-6155] done synthesizing module 'axi_register_slice_v2_1_16_axic_register_slice__parameterized10' (66#1) [c:/Users/hrish/Downloads/ReRAM_Thesis/Project Folder/ReRAM_Revision/ReRAM_Revision.srcs/sources_1/bd/RevisionDesign/ipshared/0cde/hdl/axi_register_slice_v2_1_vl_rfs.v:189]
INFO: [Synth 8-6157] synthesizing module 'axi_infrastructure_v1_1_0_axi2vector__parameterized1' [c:/Users/hrish/Downloads/ReRAM_Thesis/Project Folder/ReRAM_Revision/ReRAM_Revision.srcs/sources_1/bd/RevisionDesign/ipshared/ec67/hdl/axi_infrastructure_v1_1_vl_rfs.v:60]
	Parameter C_AXI_PROTOCOL bound to: 0 - type: integer 
	Parameter C_AXI_ID_WIDTH bound to: 12 - type: integer 
	Parameter C_AXI_ADDR_WIDTH bound to: 1 - type: integer 
	Parameter C_AXI_DATA_WIDTH bound to: 32 - type: integer 
	Parameter C_AXI_SUPPORTS_USER_SIGNALS bound to: 0 - type: integer 
	Parameter C_AXI_SUPPORTS_REGION_SIGNALS bound to: 1 - type: integer 
	Parameter C_AXI_AWUSER_WIDTH bound to: 1 - type: integer 
	Parameter C_AXI_WUSER_WIDTH bound to: 1 - type: integer 
	Parameter C_AXI_BUSER_WIDTH bound to: 1 - type: integer 
	Parameter C_AXI_ARUSER_WIDTH bound to: 1 - type: integer 
	Parameter C_AXI_RUSER_WIDTH bound to: 1 - type: integer 
	Parameter C_AWPAYLOAD_WIDTH bound to: 42 - type: integer 
	Parameter C_WPAYLOAD_WIDTH bound to: 37 - type: integer 
	Parameter C_BPAYLOAD_WIDTH bound to: 14 - type: integer 
	Parameter C_ARPAYLOAD_WIDTH bound to: 42 - type: integer 
	Parameter C_RPAYLOAD_WIDTH bound to: 47 - type: integer 
	Parameter G_AXI_AWADDR_INDEX bound to: 0 - type: integer 
	Parameter G_AXI_AWADDR_WIDTH bound to: 1 - type: integer 
	Parameter G_AXI_AWPROT_INDEX bound to: 1 - type: integer 
	Parameter G_AXI_AWPROT_WIDTH bound to: 3 - type: integer 
	Parameter G_AXI_AWSIZE_INDEX bound to: 4 - type: integer 
	Parameter G_AXI_AWSIZE_WIDTH bound to: 3 - type: integer 
	Parameter G_AXI_AWBURST_INDEX bound to: 7 - type: integer 
	Parameter G_AXI_AWBURST_WIDTH bound to: 2 - type: integer 
	Parameter G_AXI_AWCACHE_INDEX bound to: 9 - type: integer 
	Parameter G_AXI_AWCACHE_WIDTH bound to: 4 - type: integer 
	Parameter G_AXI_AWLEN_INDEX bound to: 13 - type: integer 
	Parameter G_AXI_AWLEN_WIDTH bound to: 8 - type: integer 
	Parameter G_AXI_AWLOCK_INDEX bound to: 21 - type: integer 
	Parameter G_AXI_AWLOCK_WIDTH bound to: 1 - type: integer 
	Parameter G_AXI_AWID_INDEX bound to: 22 - type: integer 
	Parameter G_AXI_AWID_WIDTH bound to: 12 - type: integer 
	Parameter G_AXI_AWQOS_INDEX bound to: 34 - type: integer 
	Parameter G_AXI_AWQOS_WIDTH bound to: 4 - type: integer 
	Parameter G_AXI_AWREGION_INDEX bound to: 38 - type: integer 
	Parameter G_AXI_AWREGION_WIDTH bound to: 4 - type: integer 
	Parameter G_AXI_AWUSER_INDEX bound to: 42 - type: integer 
	Parameter G_AXI_AWUSER_WIDTH bound to: 0 - type: integer 
	Parameter G_AXI_AWPAYLOAD_WIDTH bound to: 42 - type: integer 
	Parameter G_AXI_ARADDR_INDEX bound to: 0 - type: integer 
	Parameter G_AXI_ARADDR_WIDTH bound to: 1 - type: integer 
	Parameter G_AXI_ARPROT_INDEX bound to: 1 - type: integer 
	Parameter G_AXI_ARPROT_WIDTH bound to: 3 - type: integer 
	Parameter G_AXI_ARSIZE_INDEX bound to: 4 - type: integer 
	Parameter G_AXI_ARSIZE_WIDTH bound to: 3 - type: integer 
	Parameter G_AXI_ARBURST_INDEX bound to: 7 - type: integer 
	Parameter G_AXI_ARBURST_WIDTH bound to: 2 - type: integer 
	Parameter G_AXI_ARCACHE_INDEX bound to: 9 - type: integer 
	Parameter G_AXI_ARCACHE_WIDTH bound to: 4 - type: integer 
	Parameter G_AXI_ARLEN_INDEX bound to: 13 - type: integer 
	Parameter G_AXI_ARLEN_WIDTH bound to: 8 - type: integer 
	Parameter G_AXI_ARLOCK_INDEX bound to: 21 - type: integer 
	Parameter G_AXI_ARLOCK_WIDTH bound to: 1 - type: integer 
	Parameter G_AXI_ARID_INDEX bound to: 22 - type: integer 
	Parameter G_AXI_ARID_WIDTH bound to: 12 - type: integer 
	Parameter G_AXI_ARQOS_INDEX bound to: 34 - type: integer 
	Parameter G_AXI_ARQOS_WIDTH bound to: 4 - type: integer 
	Parameter G_AXI_ARREGION_INDEX bound to: 38 - type: integer 
	Parameter G_AXI_ARREGION_WIDTH bound to: 4 - type: integer 
	Parameter G_AXI_ARUSER_INDEX bound to: 42 - type: integer 
	Parameter G_AXI_ARUSER_WIDTH bound to: 0 - type: integer 
	Parameter G_AXI_ARPAYLOAD_WIDTH bound to: 42 - type: integer 
	Parameter G_AXI_WDATA_INDEX bound to: 0 - type: integer 
	Parameter G_AXI_WDATA_WIDTH bound to: 32 - type: integer 
	Parameter G_AXI_WSTRB_INDEX bound to: 32 - type: integer 
	Parameter G_AXI_WSTRB_WIDTH bound to: 4 - type: integer 
	Parameter G_AXI_WLAST_INDEX bound to: 36 - type: integer 
	Parameter G_AXI_WLAST_WIDTH bound to: 1 - type: integer 
	Parameter G_AXI_WID_INDEX bound to: 37 - type: integer 
	Parameter G_AXI_WID_WIDTH bound to: 0 - type: integer 
	Parameter G_AXI_WUSER_INDEX bound to: 37 - type: integer 
	Parameter G_AXI_WUSER_WIDTH bound to: 0 - type: integer 
	Parameter G_AXI_WPAYLOAD_WIDTH bound to: 37 - type: integer 
	Parameter G_AXI_BRESP_INDEX bound to: 0 - type: integer 
	Parameter G_AXI_BRESP_WIDTH bound to: 2 - type: integer 
	Parameter G_AXI_BID_INDEX bound to: 2 - type: integer 
	Parameter G_AXI_BID_WIDTH bound to: 12 - type: integer 
	Parameter G_AXI_BUSER_INDEX bound to: 14 - type: integer 
	Parameter G_AXI_BUSER_WIDTH bound to: 0 - type: integer 
	Parameter G_AXI_BPAYLOAD_WIDTH bound to: 14 - type: integer 
	Parameter G_AXI_RDATA_INDEX bound to: 0 - type: integer 
	Parameter G_AXI_RDATA_WIDTH bound to: 32 - type: integer 
	Parameter G_AXI_RRESP_INDEX bound to: 32 - type: integer 
	Parameter G_AXI_RRESP_WIDTH bound to: 2 - type: integer 
	Parameter G_AXI_RLAST_INDEX bound to: 34 - type: integer 
	Parameter G_AXI_RLAST_WIDTH bound to: 1 - type: integer 
	Parameter G_AXI_RID_INDEX bound to: 35 - type: integer 
	Parameter G_AXI_RID_WIDTH bound to: 12 - type: integer 
	Parameter G_AXI_RUSER_INDEX bound to: 47 - type: integer 
	Parameter G_AXI_RUSER_WIDTH bound to: 0 - type: integer 
	Parameter G_AXI_RPAYLOAD_WIDTH bound to: 47 - type: integer 
INFO: [Synth 8-6155] done synthesizing module 'axi_infrastructure_v1_1_0_axi2vector__parameterized1' (66#1) [c:/Users/hrish/Downloads/ReRAM_Thesis/Project Folder/ReRAM_Revision/ReRAM_Revision.srcs/sources_1/bd/RevisionDesign/ipshared/ec67/hdl/axi_infrastructure_v1_1_vl_rfs.v:60]
INFO: [Synth 8-6157] synthesizing module 'axi_infrastructure_v1_1_0_vector2axi__parameterized1' [c:/Users/hrish/Downloads/ReRAM_Thesis/Project Folder/ReRAM_Revision/ReRAM_Revision.srcs/sources_1/bd/RevisionDesign/ipshared/ec67/hdl/axi_infrastructure_v1_1_vl_rfs.v:474]
	Parameter C_AXI_PROTOCOL bound to: 0 - type: integer 
	Parameter C_AXI_ID_WIDTH bound to: 12 - type: integer 
	Parameter C_AXI_ADDR_WIDTH bound to: 1 - type: integer 
	Parameter C_AXI_DATA_WIDTH bound to: 32 - type: integer 
	Parameter C_AXI_SUPPORTS_USER_SIGNALS bound to: 0 - type: integer 
	Parameter C_AXI_SUPPORTS_REGION_SIGNALS bound to: 1 - type: integer 
	Parameter C_AXI_AWUSER_WIDTH bound to: 1 - type: integer 
	Parameter C_AXI_WUSER_WIDTH bound to: 1 - type: integer 
	Parameter C_AXI_BUSER_WIDTH bound to: 1 - type: integer 
	Parameter C_AXI_ARUSER_WIDTH bound to: 1 - type: integer 
	Parameter C_AXI_RUSER_WIDTH bound to: 1 - type: integer 
	Parameter C_AWPAYLOAD_WIDTH bound to: 42 - type: integer 
	Parameter C_WPAYLOAD_WIDTH bound to: 37 - type: integer 
	Parameter C_BPAYLOAD_WIDTH bound to: 14 - type: integer 
	Parameter C_ARPAYLOAD_WIDTH bound to: 42 - type: integer 
	Parameter C_RPAYLOAD_WIDTH bound to: 47 - type: integer 
	Parameter G_AXI_AWADDR_INDEX bound to: 0 - type: integer 
	Parameter G_AXI_AWADDR_WIDTH bound to: 1 - type: integer 
	Parameter G_AXI_AWPROT_INDEX bound to: 1 - type: integer 
	Parameter G_AXI_AWPROT_WIDTH bound to: 3 - type: integer 
	Parameter G_AXI_AWSIZE_INDEX bound to: 4 - type: integer 
	Parameter G_AXI_AWSIZE_WIDTH bound to: 3 - type: integer 
	Parameter G_AXI_AWBURST_INDEX bound to: 7 - type: integer 
	Parameter G_AXI_AWBURST_WIDTH bound to: 2 - type: integer 
	Parameter G_AXI_AWCACHE_INDEX bound to: 9 - type: integer 
	Parameter G_AXI_AWCACHE_WIDTH bound to: 4 - type: integer 
	Parameter G_AXI_AWLEN_INDEX bound to: 13 - type: integer 
	Parameter G_AXI_AWLEN_WIDTH bound to: 8 - type: integer 
	Parameter G_AXI_AWLOCK_INDEX bound to: 21 - type: integer 
	Parameter G_AXI_AWLOCK_WIDTH bound to: 1 - type: integer 
	Parameter G_AXI_AWID_INDEX bound to: 22 - type: integer 
	Parameter G_AXI_AWID_WIDTH bound to: 12 - type: integer 
	Parameter G_AXI_AWQOS_INDEX bound to: 34 - type: integer 
	Parameter G_AXI_AWQOS_WIDTH bound to: 4 - type: integer 
	Parameter G_AXI_AWREGION_INDEX bound to: 38 - type: integer 
	Parameter G_AXI_AWREGION_WIDTH bound to: 4 - type: integer 
	Parameter G_AXI_AWUSER_INDEX bound to: 42 - type: integer 
	Parameter G_AXI_AWUSER_WIDTH bound to: 0 - type: integer 
	Parameter G_AXI_AWPAYLOAD_WIDTH bound to: 42 - type: integer 
	Parameter G_AXI_ARADDR_INDEX bound to: 0 - type: integer 
	Parameter G_AXI_ARADDR_WIDTH bound to: 1 - type: integer 
	Parameter G_AXI_ARPROT_INDEX bound to: 1 - type: integer 
	Parameter G_AXI_ARPROT_WIDTH bound to: 3 - type: integer 
	Parameter G_AXI_ARSIZE_INDEX bound to: 4 - type: integer 
	Parameter G_AXI_ARSIZE_WIDTH bound to: 3 - type: integer 
	Parameter G_AXI_ARBURST_INDEX bound to: 7 - type: integer 
	Parameter G_AXI_ARBURST_WIDTH bound to: 2 - type: integer 
	Parameter G_AXI_ARCACHE_INDEX bound to: 9 - type: integer 
	Parameter G_AXI_ARCACHE_WIDTH bound to: 4 - type: integer 
	Parameter G_AXI_ARLEN_INDEX bound to: 13 - type: integer 
	Parameter G_AXI_ARLEN_WIDTH bound to: 8 - type: integer 
	Parameter G_AXI_ARLOCK_INDEX bound to: 21 - type: integer 
	Parameter G_AXI_ARLOCK_WIDTH bound to: 1 - type: integer 
	Parameter G_AXI_ARID_INDEX bound to: 22 - type: integer 
	Parameter G_AXI_ARID_WIDTH bound to: 12 - type: integer 
	Parameter G_AXI_ARQOS_INDEX bound to: 34 - type: integer 
	Parameter G_AXI_ARQOS_WIDTH bound to: 4 - type: integer 
	Parameter G_AXI_ARREGION_INDEX bound to: 38 - type: integer 
	Parameter G_AXI_ARREGION_WIDTH bound to: 4 - type: integer 
	Parameter G_AXI_ARUSER_INDEX bound to: 42 - type: integer 
	Parameter G_AXI_ARUSER_WIDTH bound to: 0 - type: integer 
	Parameter G_AXI_ARPAYLOAD_WIDTH bound to: 42 - type: integer 
	Parameter G_AXI_WDATA_INDEX bound to: 0 - type: integer 
	Parameter G_AXI_WDATA_WIDTH bound to: 32 - type: integer 
	Parameter G_AXI_WSTRB_INDEX bound to: 32 - type: integer 
	Parameter G_AXI_WSTRB_WIDTH bound to: 4 - type: integer 
	Parameter G_AXI_WLAST_INDEX bound to: 36 - type: integer 
	Parameter G_AXI_WLAST_WIDTH bound to: 1 - type: integer 
	Parameter G_AXI_WID_INDEX bound to: 37 - type: integer 
	Parameter G_AXI_WID_WIDTH bound to: 0 - type: integer 
	Parameter G_AXI_WUSER_INDEX bound to: 37 - type: integer 
	Parameter G_AXI_WUSER_WIDTH bound to: 0 - type: integer 
	Parameter G_AXI_WPAYLOAD_WIDTH bound to: 37 - type: integer 
	Parameter G_AXI_BRESP_INDEX bound to: 0 - type: integer 
	Parameter G_AXI_BRESP_WIDTH bound to: 2 - type: integer 
	Parameter G_AXI_BID_INDEX bound to: 2 - type: integer 
	Parameter G_AXI_BID_WIDTH bound to: 12 - type: integer 
	Parameter G_AXI_BUSER_INDEX bound to: 14 - type: integer 
	Parameter G_AXI_BUSER_WIDTH bound to: 0 - type: integer 
	Parameter G_AXI_BPAYLOAD_WIDTH bound to: 14 - type: integer 
	Parameter G_AXI_RDATA_INDEX bound to: 0 - type: integer 
	Parameter G_AXI_RDATA_WIDTH bound to: 32 - type: integer 
	Parameter G_AXI_RRESP_INDEX bound to: 32 - type: integer 
	Parameter G_AXI_RRESP_WIDTH bound to: 2 - type: integer 
	Parameter G_AXI_RLAST_INDEX bound to: 34 - type: integer 
	Parameter G_AXI_RLAST_WIDTH bound to: 1 - type: integer 
	Parameter G_AXI_RID_INDEX bound to: 35 - type: integer 
	Parameter G_AXI_RID_WIDTH bound to: 12 - type: integer 
	Parameter G_AXI_RUSER_INDEX bound to: 47 - type: integer 
	Parameter G_AXI_RUSER_WIDTH bound to: 0 - type: integer 
	Parameter G_AXI_RPAYLOAD_WIDTH bound to: 47 - type: integer 
INFO: [Synth 8-6155] done synthesizing module 'axi_infrastructure_v1_1_0_vector2axi__parameterized1' (66#1) [c:/Users/hrish/Downloads/ReRAM_Thesis/Project Folder/ReRAM_Revision/ReRAM_Revision.srcs/sources_1/bd/RevisionDesign/ipshared/ec67/hdl/axi_infrastructure_v1_1_vl_rfs.v:474]
INFO: [Synth 8-6155] done synthesizing module 'axi_register_slice_v2_1_16_axi_register_slice__parameterized1' (66#1) [c:/Users/hrish/Downloads/ReRAM_Thesis/Project Folder/ReRAM_Revision/ReRAM_Revision.srcs/sources_1/bd/RevisionDesign/ipshared/0cde/hdl/axi_register_slice_v2_1_vl_rfs.v:2413]
WARNING: [Synth 8-350] instance 'reg_slice_mi' of module 'axi_register_slice_v2_1_16_axi_register_slice' requires 93 connections, but only 92 given [c:/Users/hrish/Downloads/ReRAM_Thesis/Project Folder/ReRAM_Revision/ReRAM_Revision.srcs/sources_1/bd/RevisionDesign/ipshared/d293/hdl/axi_crossbar_v2_1_vl_rfs.v:3121]
WARNING: [Synth 8-350] instance 'reg_slice_mi' of module 'axi_register_slice_v2_1_16_axi_register_slice' requires 93 connections, but only 92 given [c:/Users/hrish/Downloads/ReRAM_Thesis/Project Folder/ReRAM_Revision/ReRAM_Revision.srcs/sources_1/bd/RevisionDesign/ipshared/d293/hdl/axi_crossbar_v2_1_vl_rfs.v:3121]
INFO: [Synth 8-6157] synthesizing module 'axi_data_fifo_v2_1_15_axic_srl_fifo__parameterized1' [c:/Users/hrish/Downloads/ReRAM_Thesis/Project Folder/ReRAM_Revision/ReRAM_Revision.srcs/sources_1/bd/RevisionDesign/ipshared/d114/hdl/axi_data_fifo_v2_1_vl_rfs.v:698]
	Parameter C_FAMILY bound to: zynq - type: string 
	Parameter C_FIFO_WIDTH bound to: 8 - type: integer 
	Parameter C_MAX_CTRL_FANOUT bound to: 33 - type: integer 
	Parameter C_FIFO_DEPTH_LOG bound to: 0 - type: integer 
	Parameter C_USE_FULL bound to: 0 - type: integer 
	Parameter P_FIFO_DEPTH_LOG bound to: 2 - type: integer 
	Parameter P_EMPTY bound to: 2'b11 
	Parameter P_ALMOSTEMPTY bound to: 2'b00 
	Parameter P_ALMOSTFULL_TEMP bound to: 3'b110 
	Parameter P_ALMOSTFULL bound to: 2'b10 
	Parameter P_NUM_REPS bound to: 1 - type: integer 
INFO: [Synth 8-6157] synthesizing module 'axi_data_fifo_v2_1_15_ndeep_srl__parameterized1' [c:/Users/hrish/Downloads/ReRAM_Thesis/Project Folder/ReRAM_Revision/ReRAM_Revision.srcs/sources_1/bd/RevisionDesign/ipshared/d114/hdl/axi_data_fifo_v2_1_vl_rfs.v:1135]
	Parameter C_FAMILY bound to: zynq - type: string 
	Parameter C_A_WIDTH bound to: 2 - type: integer 
	Parameter P_SRLASIZE bound to: 5 - type: integer 
	Parameter P_SRLDEPTH bound to: 32 - type: integer 
	Parameter P_NUMSRLS bound to: 1 - type: integer 
	Parameter P_SHIFT_DEPTH bound to: 4 - type: integer 
INFO: [Synth 8-6155] done synthesizing module 'axi_data_fifo_v2_1_15_ndeep_srl__parameterized1' (66#1) [c:/Users/hrish/Downloads/ReRAM_Thesis/Project Folder/ReRAM_Revision/ReRAM_Revision.srcs/sources_1/bd/RevisionDesign/ipshared/d114/hdl/axi_data_fifo_v2_1_vl_rfs.v:1135]
WARNING: [Synth 8-6014] Unused sequential element areset_d1_reg was removed.  [c:/Users/hrish/Downloads/ReRAM_Thesis/Project Folder/ReRAM_Revision/ReRAM_Revision.srcs/sources_1/bd/RevisionDesign/ipshared/d114/hdl/axi_data_fifo_v2_1_vl_rfs.v:750]
WARNING: [Synth 8-6014] Unused sequential element S_READY_i_reg was removed.  [c:/Users/hrish/Downloads/ReRAM_Thesis/Project Folder/ReRAM_Revision/ReRAM_Revision.srcs/sources_1/bd/RevisionDesign/ipshared/d114/hdl/axi_data_fifo_v2_1_vl_rfs.v:789]
INFO: [Synth 8-6155] done synthesizing module 'axi_data_fifo_v2_1_15_axic_srl_fifo__parameterized1' (66#1) [c:/Users/hrish/Downloads/ReRAM_Thesis/Project Folder/ReRAM_Revision/ReRAM_Revision.srcs/sources_1/bd/RevisionDesign/ipshared/d114/hdl/axi_data_fifo_v2_1_vl_rfs.v:698]
INFO: [Synth 8-6157] synthesizing module 'axi_crossbar_v2_1_17_wdata_mux__parameterized0' [c:/Users/hrish/Downloads/ReRAM_Thesis/Project Folder/ReRAM_Revision/ReRAM_Revision.srcs/sources_1/bd/RevisionDesign/ipshared/d293/hdl/axi_crossbar_v2_1_vl_rfs.v:4559]
	Parameter C_FAMILY bound to: zynq - type: string 
	Parameter C_WMESG_WIDTH bound to: 38 - type: integer 
	Parameter C_NUM_SLAVE_SLOTS bound to: 1 - type: integer 
	Parameter C_SELECT_WIDTH bound to: 1 - type: integer 
	Parameter C_FIFO_DEPTH_LOG bound to: 0 - type: integer 
	Parameter P_FIFO_DEPTH_LOG bound to: 0 - type: integer 
INFO: [Synth 8-6155] done synthesizing module 'axi_crossbar_v2_1_17_wdata_mux__parameterized0' (66#1) [c:/Users/hrish/Downloads/ReRAM_Thesis/Project Folder/ReRAM_Revision/ReRAM_Revision.srcs/sources_1/bd/RevisionDesign/ipshared/d293/hdl/axi_crossbar_v2_1_vl_rfs.v:4559]
WARNING: [Synth 8-350] instance 'reg_slice_mi' of module 'axi_register_slice_v2_1_16_axi_register_slice' requires 93 connections, but only 92 given [c:/Users/hrish/Downloads/ReRAM_Thesis/Project Folder/ReRAM_Revision/ReRAM_Revision.srcs/sources_1/bd/RevisionDesign/ipshared/d293/hdl/axi_crossbar_v2_1_vl_rfs.v:3121]
INFO: [Synth 8-6157] synthesizing module 'axi_crossbar_v2_1_17_decerr_slave' [c:/Users/hrish/Downloads/ReRAM_Thesis/Project Folder/ReRAM_Revision/ReRAM_Revision.srcs/sources_1/bd/RevisionDesign/ipshared/d293/hdl/axi_crossbar_v2_1_vl_rfs.v:3500]
	Parameter C_AXI_ID_WIDTH bound to: 12 - type: integer 
	Parameter C_AXI_DATA_WIDTH bound to: 32 - type: integer 
	Parameter C_AXI_BUSER_WIDTH bound to: 1 - type: integer 
	Parameter C_AXI_RUSER_WIDTH bound to: 1 - type: integer 
	Parameter C_AXI_PROTOCOL bound to: 0 - type: integer 
	Parameter C_RESP bound to: 3 - type: integer 
	Parameter P_WRITE_IDLE bound to: 2'b00 
	Parameter P_WRITE_DATA bound to: 2'b01 
	Parameter P_WRITE_RESP bound to: 2'b10 
	Parameter P_READ_IDLE bound to: 1'b0 
	Parameter P_READ_DATA bound to: 1'b1 
	Parameter P_AXI4 bound to: 0 - type: integer 
	Parameter P_AXI3 bound to: 1 - type: integer 
	Parameter P_AXILITE bound to: 2 - type: integer 
INFO: [Synth 8-155] case statement is not full and has no default [c:/Users/hrish/Downloads/ReRAM_Thesis/Project Folder/ReRAM_Revision/ReRAM_Revision.srcs/sources_1/bd/RevisionDesign/ipshared/d293/hdl/axi_crossbar_v2_1_vl_rfs.v:3631]
INFO: [Synth 8-6155] done synthesizing module 'axi_crossbar_v2_1_17_decerr_slave' (67#1) [c:/Users/hrish/Downloads/ReRAM_Thesis/Project Folder/ReRAM_Revision/ReRAM_Revision.srcs/sources_1/bd/RevisionDesign/ipshared/d293/hdl/axi_crossbar_v2_1_vl_rfs.v:3500]
INFO: [Synth 8-6157] synthesizing module 'axi_crossbar_v2_1_17_addr_arbiter' [c:/Users/hrish/Downloads/ReRAM_Thesis/Project Folder/ReRAM_Revision/ReRAM_Revision.srcs/sources_1/bd/RevisionDesign/ipshared/d293/hdl/axi_crossbar_v2_1_vl_rfs.v:423]
	Parameter C_FAMILY bound to: zynq - type: string 
	Parameter C_NUM_S bound to: 1 - type: integer 
	Parameter C_NUM_S_LOG bound to: 1 - type: integer 
	Parameter C_NUM_M bound to: 3 - type: integer 
	Parameter C_MESG_WIDTH bound to: 75 - type: integer 
	Parameter C_ARB_PRIORITY bound to: 0 - type: integer 
	Parameter P_PRIO_MASK bound to: 1'b0 
INFO: [Synth 8-6155] done synthesizing module 'axi_crossbar_v2_1_17_addr_arbiter' (68#1) [c:/Users/hrish/Downloads/ReRAM_Thesis/Project Folder/ReRAM_Revision/ReRAM_Revision.srcs/sources_1/bd/RevisionDesign/ipshared/d293/hdl/axi_crossbar_v2_1_vl_rfs.v:423]
WARNING: [Synth 8-6014] Unused sequential element gen_master_slots[0].gen_mi_write.gen_debug_w.debug_w_beat_cnt_i_reg was removed.  [c:/Users/hrish/Downloads/ReRAM_Thesis/Project Folder/ReRAM_Revision/ReRAM_Revision.srcs/sources_1/bd/RevisionDesign/ipshared/d293/hdl/axi_crossbar_v2_1_vl_rfs.v:2996]
WARNING: [Synth 8-6014] Unused sequential element gen_master_slots[1].gen_mi_write.gen_debug_w.debug_w_beat_cnt_i_reg was removed.  [c:/Users/hrish/Downloads/ReRAM_Thesis/Project Folder/ReRAM_Revision/ReRAM_Revision.srcs/sources_1/bd/RevisionDesign/ipshared/d293/hdl/axi_crossbar_v2_1_vl_rfs.v:2996]
WARNING: [Synth 8-6014] Unused sequential element gen_master_slots[2].gen_mi_write.gen_debug_w.debug_w_beat_cnt_i_reg was removed.  [c:/Users/hrish/Downloads/ReRAM_Thesis/Project Folder/ReRAM_Revision/ReRAM_Revision.srcs/sources_1/bd/RevisionDesign/ipshared/d293/hdl/axi_crossbar_v2_1_vl_rfs.v:2996]
INFO: [Synth 8-6155] done synthesizing module 'axi_crossbar_v2_1_17_crossbar' (69#1) [c:/Users/hrish/Downloads/ReRAM_Thesis/Project Folder/ReRAM_Revision/ReRAM_Revision.srcs/sources_1/bd/RevisionDesign/ipshared/d293/hdl/axi_crossbar_v2_1_vl_rfs.v:2239]
INFO: [Synth 8-6155] done synthesizing module 'axi_crossbar_v2_1_17_axi_crossbar' (70#1) [c:/Users/hrish/Downloads/ReRAM_Thesis/Project Folder/ReRAM_Revision/ReRAM_Revision.srcs/sources_1/bd/RevisionDesign/ipshared/d293/hdl/axi_crossbar_v2_1_vl_rfs.v:4882]
INFO: [Synth 8-6155] done synthesizing module 'RevisionDesign_xbar_0' (71#1) [c:/Users/hrish/Downloads/ReRAM_Thesis/Project Folder/ReRAM_Revision/ReRAM_Revision.srcs/sources_1/bd/RevisionDesign/ip/RevisionDesign_xbar_0/synth/RevisionDesign_xbar_0.v:59]
WARNING: [Synth 8-689] width (4) of port connection 'm_axi_arqos' does not match port width (8) of module 'RevisionDesign_xbar_0' [C:/Users/hrish/Downloads/ReRAM_Thesis/Project Folder/ReRAM_Revision/ReRAM_Revision.srcs/sources_1/bd/RevisionDesign/synth/RevisionDesign.v:1200]
WARNING: [Synth 8-689] width (4) of port connection 'm_axi_arregion' does not match port width (8) of module 'RevisionDesign_xbar_0' [C:/Users/hrish/Downloads/ReRAM_Thesis/Project Folder/ReRAM_Revision/ReRAM_Revision.srcs/sources_1/bd/RevisionDesign/synth/RevisionDesign.v:1202]
WARNING: [Synth 8-689] width (4) of port connection 'm_axi_awqos' does not match port width (8) of module 'RevisionDesign_xbar_0' [C:/Users/hrish/Downloads/ReRAM_Thesis/Project Folder/ReRAM_Revision/ReRAM_Revision.srcs/sources_1/bd/RevisionDesign/synth/RevisionDesign.v:1212]
WARNING: [Synth 8-689] width (4) of port connection 'm_axi_awregion' does not match port width (8) of module 'RevisionDesign_xbar_0' [C:/Users/hrish/Downloads/ReRAM_Thesis/Project Folder/ReRAM_Revision/ReRAM_Revision.srcs/sources_1/bd/RevisionDesign/synth/RevisionDesign.v:1214]
INFO: [Synth 8-6155] done synthesizing module 'RevisionDesign_ps7_0_axi_periph_0' (72#1) [C:/Users/hrish/Downloads/ReRAM_Thesis/Project Folder/ReRAM_Revision/ReRAM_Revision.srcs/sources_1/bd/RevisionDesign/synth/RevisionDesign.v:458]
INFO: [Synth 8-638] synthesizing module 'RevisionDesign_rst_ps7_0_50M_0' [c:/Users/hrish/Downloads/ReRAM_Thesis/Project Folder/ReRAM_Revision/ReRAM_Revision.srcs/sources_1/bd/RevisionDesign/ip/RevisionDesign_rst_ps7_0_50M_0/synth/RevisionDesign_rst_ps7_0_50M_0.vhd:74]
	Parameter C_FAMILY bound to: zynq - type: string 
	Parameter C_EXT_RST_WIDTH bound to: 4 - type: integer 
	Parameter C_AUX_RST_WIDTH bound to: 4 - type: integer 
	Parameter C_EXT_RESET_HIGH bound to: 1'b0 
	Parameter C_AUX_RESET_HIGH bound to: 1'b0 
	Parameter C_NUM_BUS_RST bound to: 1 - type: integer 
	Parameter C_NUM_PERP_RST bound to: 1 - type: integer 
	Parameter C_NUM_INTERCONNECT_ARESETN bound to: 1 - type: integer 
	Parameter C_NUM_PERP_ARESETN bound to: 1 - type: integer 
INFO: [Synth 8-3491] module 'proc_sys_reset' declared at 'c:/Users/hrish/Downloads/ReRAM_Thesis/Project Folder/ReRAM_Revision/ReRAM_Revision.srcs/sources_1/bd/RevisionDesign/ipshared/f86a/hdl/proc_sys_reset_v5_0_vh_rfs.vhd:1264' bound to instance 'U0' of component 'proc_sys_reset' [c:/Users/hrish/Downloads/ReRAM_Thesis/Project Folder/ReRAM_Revision/ReRAM_Revision.srcs/sources_1/bd/RevisionDesign/ip/RevisionDesign_rst_ps7_0_50M_0/synth/RevisionDesign_rst_ps7_0_50M_0.vhd:129]
INFO: [Synth 8-638] synthesizing module 'proc_sys_reset' [c:/Users/hrish/Downloads/ReRAM_Thesis/Project Folder/ReRAM_Revision/ReRAM_Revision.srcs/sources_1/bd/RevisionDesign/ipshared/f86a/hdl/proc_sys_reset_v5_0_vh_rfs.vhd:1323]
	Parameter C_FAMILY bound to: zynq - type: string 
	Parameter C_EXT_RST_WIDTH bound to: 4 - type: integer 
	Parameter C_AUX_RST_WIDTH bound to: 4 - type: integer 
	Parameter C_EXT_RESET_HIGH bound to: 1'b0 
	Parameter C_AUX_RESET_HIGH bound to: 1'b0 
	Parameter C_NUM_BUS_RST bound to: 1 - type: integer 
	Parameter C_NUM_PERP_RST bound to: 1 - type: integer 
	Parameter C_NUM_INTERCONNECT_ARESETN bound to: 1 - type: integer 
	Parameter C_NUM_PERP_ARESETN bound to: 1 - type: integer 
	Parameter INIT bound to: 1'b1 
	Parameter IS_C_INVERTED bound to: 1'b0 
	Parameter IS_D_INVERTED bound to: 1'b0 
	Parameter IS_R_INVERTED bound to: 1'b0 
INFO: [Synth 8-113] binding component instance 'FDRE_inst' to cell 'FDRE' [c:/Users/hrish/Downloads/ReRAM_Thesis/Project Folder/ReRAM_Revision/ReRAM_Revision.srcs/sources_1/bd/RevisionDesign/ipshared/f86a/hdl/proc_sys_reset_v5_0_vh_rfs.vhd:1392]
	Parameter INIT bound to: 1'b1 
	Parameter IS_C_INVERTED bound to: 1'b0 
	Parameter IS_D_INVERTED bound to: 1'b0 
	Parameter IS_R_INVERTED bound to: 1'b0 
INFO: [Synth 8-113] binding component instance 'FDRE_BSR' to cell 'FDRE' [c:/Users/hrish/Downloads/ReRAM_Thesis/Project Folder/ReRAM_Revision/ReRAM_Revision.srcs/sources_1/bd/RevisionDesign/ipshared/f86a/hdl/proc_sys_reset_v5_0_vh_rfs.vhd:1408]
	Parameter INIT bound to: 1'b0 
	Parameter IS_C_INVERTED bound to: 1'b0 
	Parameter IS_D_INVERTED bound to: 1'b0 
	Parameter IS_R_INVERTED bound to: 1'b0 
INFO: [Synth 8-113] binding component instance 'FDRE_BSR_N' to cell 'FDRE' [c:/Users/hrish/Downloads/ReRAM_Thesis/Project Folder/ReRAM_Revision/ReRAM_Revision.srcs/sources_1/bd/RevisionDesign/ipshared/f86a/hdl/proc_sys_reset_v5_0_vh_rfs.vhd:1434]
	Parameter INIT bound to: 1'b1 
	Parameter IS_C_INVERTED bound to: 1'b0 
	Parameter IS_D_INVERTED bound to: 1'b0 
	Parameter IS_R_INVERTED bound to: 1'b0 
INFO: [Synth 8-113] binding component instance 'FDRE_PER' to cell 'FDRE' [c:/Users/hrish/Downloads/ReRAM_Thesis/Project Folder/ReRAM_Revision/ReRAM_Revision.srcs/sources_1/bd/RevisionDesign/ipshared/f86a/hdl/proc_sys_reset_v5_0_vh_rfs.vhd:1457]
	Parameter INIT bound to: 1'b0 
	Parameter IS_C_INVERTED bound to: 1'b0 
	Parameter IS_D_INVERTED bound to: 1'b0 
	Parameter IS_R_INVERTED bound to: 1'b0 
INFO: [Synth 8-113] binding component instance 'FDRE_PER_N' to cell 'FDRE' [c:/Users/hrish/Downloads/ReRAM_Thesis/Project Folder/ReRAM_Revision/ReRAM_Revision.srcs/sources_1/bd/RevisionDesign/ipshared/f86a/hdl/proc_sys_reset_v5_0_vh_rfs.vhd:1481]
INFO: [Synth 8-638] synthesizing module 'lpf' [c:/Users/hrish/Downloads/ReRAM_Thesis/Project Folder/ReRAM_Revision/ReRAM_Revision.srcs/sources_1/bd/RevisionDesign/ipshared/f86a/hdl/proc_sys_reset_v5_0_vh_rfs.vhd:816]
	Parameter C_EXT_RST_WIDTH bound to: 4 - type: integer 
	Parameter C_AUX_RST_WIDTH bound to: 4 - type: integer 
	Parameter C_EXT_RESET_HIGH bound to: 1'b0 
	Parameter C_AUX_RESET_HIGH bound to: 1'b0 
INFO: [Synth 8-3491] module 'SRL16' declared at 'C:/Xilinx/Vivado/2018.1/scripts/rt/data/unisim_comp.v:50693' bound to instance 'POR_SRL_I' of component 'SRL16' [c:/Users/hrish/Downloads/ReRAM_Thesis/Project Folder/ReRAM_Revision/ReRAM_Revision.srcs/sources_1/bd/RevisionDesign/ipshared/f86a/hdl/proc_sys_reset_v5_0_vh_rfs.vhd:868]
INFO: [Synth 8-6157] synthesizing module 'SRL16' [C:/Xilinx/Vivado/2018.1/scripts/rt/data/unisim_comp.v:50693]
	Parameter INIT bound to: 16'b0000000000000000 
INFO: [Synth 8-6155] done synthesizing module 'SRL16' (73#1) [C:/Xilinx/Vivado/2018.1/scripts/rt/data/unisim_comp.v:50693]
INFO: [Synth 8-638] synthesizing module 'cdc_sync' [c:/Users/hrish/Downloads/ReRAM_Thesis/Project Folder/ReRAM_Revision/ReRAM_Revision.srcs/sources_1/bd/RevisionDesign/ipshared/ef1e/hdl/lib_cdc_v1_0_rfs.vhd:106]
	Parameter C_CDC_TYPE bound to: 1 - type: integer 
	Parameter C_RESET_STATE bound to: 0 - type: integer 
	Parameter C_SINGLE_BIT bound to: 1 - type: integer 
	Parameter C_FLOP_INPUT bound to: 0 - type: integer 
	Parameter C_VECTOR_WIDTH bound to: 2 - type: integer 
	Parameter C_MTBF_STAGES bound to: 4 - type: integer 
	Parameter INIT bound to: 1'b0 
INFO: [Synth 8-113] binding component instance 'CROSS_PLEVEL_IN2SCNDRY_IN_cdc_to' to cell 'FDR' [c:/Users/hrish/Downloads/ReRAM_Thesis/Project Folder/ReRAM_Revision/ReRAM_Revision.srcs/sources_1/bd/RevisionDesign/ipshared/ef1e/hdl/lib_cdc_v1_0_rfs.vhd:514]
	Parameter INIT bound to: 1'b0 
INFO: [Synth 8-113] binding component instance 'CROSS_PLEVEL_IN2SCNDRY_s_level_out_d2' to cell 'FDR' [c:/Users/hrish/Downloads/ReRAM_Thesis/Project Folder/ReRAM_Revision/ReRAM_Revision.srcs/sources_1/bd/RevisionDesign/ipshared/ef1e/hdl/lib_cdc_v1_0_rfs.vhd:545]
	Parameter INIT bound to: 1'b0 
INFO: [Synth 8-113] binding component instance 'CROSS_PLEVEL_IN2SCNDRY_s_level_out_d3' to cell 'FDR' [c:/Users/hrish/Downloads/ReRAM_Thesis/Project Folder/ReRAM_Revision/ReRAM_Revision.srcs/sources_1/bd/RevisionDesign/ipshared/ef1e/hdl/lib_cdc_v1_0_rfs.vhd:554]
	Parameter INIT bound to: 1'b0 
INFO: [Synth 8-113] binding component instance 'CROSS_PLEVEL_IN2SCNDRY_s_level_out_d4' to cell 'FDR' [c:/Users/hrish/Downloads/ReRAM_Thesis/Project Folder/ReRAM_Revision/ReRAM_Revision.srcs/sources_1/bd/RevisionDesign/ipshared/ef1e/hdl/lib_cdc_v1_0_rfs.vhd:564]
	Parameter INIT bound to: 1'b0 
INFO: [Synth 8-113] binding component instance 'CROSS_PLEVEL_IN2SCNDRY_s_level_out_d5' to cell 'FDR' [c:/Users/hrish/Downloads/ReRAM_Thesis/Project Folder/ReRAM_Revision/ReRAM_Revision.srcs/sources_1/bd/RevisionDesign/ipshared/ef1e/hdl/lib_cdc_v1_0_rfs.vhd:574]
	Parameter INIT bound to: 1'b0 
INFO: [Synth 8-113] binding component instance 'CROSS_PLEVEL_IN2SCNDRY_s_level_out_d6' to cell 'FDR' [c:/Users/hrish/Downloads/ReRAM_Thesis/Project Folder/ReRAM_Revision/ReRAM_Revision.srcs/sources_1/bd/RevisionDesign/ipshared/ef1e/hdl/lib_cdc_v1_0_rfs.vhd:584]
INFO: [Synth 8-256] done synthesizing module 'cdc_sync' (74#1) [c:/Users/hrish/Downloads/ReRAM_Thesis/Project Folder/ReRAM_Revision/ReRAM_Revision.srcs/sources_1/bd/RevisionDesign/ipshared/ef1e/hdl/lib_cdc_v1_0_rfs.vhd:106]
WARNING: [Synth 8-6426] Mix of Sync and Async assignments to register 'EXT_LPF[1].exr_lpf_reg' in module 'lpf' in the same process may cause logic issues. 
 Please split the sync and async parts into different processes [c:/Users/hrish/Downloads/ReRAM_Thesis/Project Folder/ReRAM_Revision/ReRAM_Revision.srcs/sources_1/bd/RevisionDesign/ipshared/f86a/hdl/proc_sys_reset_v5_0_vh_rfs.vhd:984]
WARNING: [Synth 8-6426] Mix of Sync and Async assignments to register 'EXT_LPF[2].exr_lpf_reg' in module 'lpf' in the same process may cause logic issues. 
 Please split the sync and async parts into different processes [c:/Users/hrish/Downloads/ReRAM_Thesis/Project Folder/ReRAM_Revision/ReRAM_Revision.srcs/sources_1/bd/RevisionDesign/ipshared/f86a/hdl/proc_sys_reset_v5_0_vh_rfs.vhd:1063]
WARNING: [Synth 8-6426] Mix of Sync and Async assignments to register 'EXT_LPF[3].exr_lpf_reg' in module 'lpf' in the same process may cause logic issues. 
 Please split the sync and async parts into different processes [c:/Users/hrish/Downloads/ReRAM_Thesis/Project Folder/ReRAM_Revision/ReRAM_Revision.srcs/sources_1/bd/RevisionDesign/ipshared/f86a/hdl/proc_sys_reset_v5_0_vh_rfs.vhd:1063]
WARNING: [Synth 8-6426] Mix of Sync and Async assignments to register 'AUX_LPF[1].asr_lpf_reg' in module 'lpf' in the same process may cause logic issues. 
 Please split the sync and async parts into different processes [c:/Users/hrish/Downloads/ReRAM_Thesis/Project Folder/ReRAM_Revision/ReRAM_Revision.srcs/sources_1/bd/RevisionDesign/ipshared/f86a/hdl/proc_sys_reset_v5_0_vh_rfs.vhd:1045]
WARNING: [Synth 8-6426] Mix of Sync and Async assignments to register 'AUX_LPF[2].asr_lpf_reg' in module 'lpf' in the same process may cause logic issues. 
 Please split the sync and async parts into different processes [c:/Users/hrish/Downloads/ReRAM_Thesis/Project Folder/ReRAM_Revision/ReRAM_Revision.srcs/sources_1/bd/RevisionDesign/ipshared/f86a/hdl/proc_sys_reset_v5_0_vh_rfs.vhd:1096]
WARNING: [Synth 8-6426] Mix of Sync and Async assignments to register 'AUX_LPF[3].asr_lpf_reg' in module 'lpf' in the same process may cause logic issues. 
 Please split the sync and async parts into different processes [c:/Users/hrish/Downloads/ReRAM_Thesis/Project Folder/ReRAM_Revision/ReRAM_Revision.srcs/sources_1/bd/RevisionDesign/ipshared/f86a/hdl/proc_sys_reset_v5_0_vh_rfs.vhd:1096]
INFO: [Synth 8-256] done synthesizing module 'lpf' (75#1) [c:/Users/hrish/Downloads/ReRAM_Thesis/Project Folder/ReRAM_Revision/ReRAM_Revision.srcs/sources_1/bd/RevisionDesign/ipshared/f86a/hdl/proc_sys_reset_v5_0_vh_rfs.vhd:816]
INFO: [Synth 8-638] synthesizing module 'sequence_psr' [c:/Users/hrish/Downloads/ReRAM_Thesis/Project Folder/ReRAM_Revision/ReRAM_Revision.srcs/sources_1/bd/RevisionDesign/ipshared/f86a/hdl/proc_sys_reset_v5_0_vh_rfs.vhd:301]
INFO: [Synth 8-638] synthesizing module 'upcnt_n' [c:/Users/hrish/Downloads/ReRAM_Thesis/Project Folder/ReRAM_Revision/ReRAM_Revision.srcs/sources_1/bd/RevisionDesign/ipshared/f86a/hdl/proc_sys_reset_v5_0_vh_rfs.vhd:125]
	Parameter C_SIZE bound to: 6 - type: integer 
INFO: [Synth 8-256] done synthesizing module 'upcnt_n' (76#1) [c:/Users/hrish/Downloads/ReRAM_Thesis/Project Folder/ReRAM_Revision/ReRAM_Revision.srcs/sources_1/bd/RevisionDesign/ipshared/f86a/hdl/proc_sys_reset_v5_0_vh_rfs.vhd:125]
INFO: [Synth 8-256] done synthesizing module 'sequence_psr' (77#1) [c:/Users/hrish/Downloads/ReRAM_Thesis/Project Folder/ReRAM_Revision/ReRAM_Revision.srcs/sources_1/bd/RevisionDesign/ipshared/f86a/hdl/proc_sys_reset_v5_0_vh_rfs.vhd:301]
INFO: [Synth 8-256] done synthesizing module 'proc_sys_reset' (78#1) [c:/Users/hrish/Downloads/ReRAM_Thesis/Project Folder/ReRAM_Revision/ReRAM_Revision.srcs/sources_1/bd/RevisionDesign/ipshared/f86a/hdl/proc_sys_reset_v5_0_vh_rfs.vhd:1323]
INFO: [Synth 8-256] done synthesizing module 'RevisionDesign_rst_ps7_0_50M_0' (79#1) [c:/Users/hrish/Downloads/ReRAM_Thesis/Project Folder/ReRAM_Revision/ReRAM_Revision.srcs/sources_1/bd/RevisionDesign/ip/RevisionDesign_rst_ps7_0_50M_0/synth/RevisionDesign_rst_ps7_0_50M_0.vhd:74]
WARNING: [Synth 8-350] instance 'rst_ps7_0_50M' of module 'RevisionDesign_rst_ps7_0_50M_0' requires 10 connections, but only 7 given [C:/Users/hrish/Downloads/ReRAM_Thesis/Project Folder/ReRAM_Revision/ReRAM_Revision.srcs/sources_1/bd/RevisionDesign/synth/RevisionDesign.v:448]
INFO: [Synth 8-6155] done synthesizing module 'RevisionDesign' (80#1) [C:/Users/hrish/Downloads/ReRAM_Thesis/Project Folder/ReRAM_Revision/ReRAM_Revision.srcs/sources_1/bd/RevisionDesign/synth/RevisionDesign.v:13]
INFO: [Synth 8-6155] done synthesizing module 'RevisionDesign_wrapper' (81#1) [C:/Users/hrish/Downloads/ReRAM_Thesis/Project Folder/ReRAM_Revision/ReRAM_Revision.srcs/sources_1/bd/RevisionDesign/hdl/RevisionDesign_wrapper.v:12]
WARNING: [Synth 8-3331] design cdc_sync has unconnected port prmry_aclk
WARNING: [Synth 8-3331] design cdc_sync has unconnected port prmry_resetn
WARNING: [Synth 8-3331] design cdc_sync has unconnected port prmry_vect_in[1]
WARNING: [Synth 8-3331] design cdc_sync has unconnected port prmry_vect_in[0]
WARNING: [Synth 8-3331] design cdc_sync has unconnected port scndry_resetn
WARNING: [Synth 8-3331] design axi_infrastructure_v1_1_0_vector2axi__parameterized1 has unconnected port m_axi_buser[0]
WARNING: [Synth 8-3331] design axi_infrastructure_v1_1_0_vector2axi__parameterized1 has unconnected port m_axi_ruser[0]
WARNING: [Synth 8-3331] design axi_infrastructure_v1_1_0_axi2vector__parameterized1 has unconnected port s_axi_awuser[0]
WARNING: [Synth 8-3331] design axi_infrastructure_v1_1_0_axi2vector__parameterized1 has unconnected port s_axi_wid[11]
WARNING: [Synth 8-3331] design axi_infrastructure_v1_1_0_axi2vector__parameterized1 has unconnected port s_axi_wid[10]
WARNING: [Synth 8-3331] design axi_infrastructure_v1_1_0_axi2vector__parameterized1 has unconnected port s_axi_wid[9]
WARNING: [Synth 8-3331] design axi_infrastructure_v1_1_0_axi2vector__parameterized1 has unconnected port s_axi_wid[8]
WARNING: [Synth 8-3331] design axi_infrastructure_v1_1_0_axi2vector__parameterized1 has unconnected port s_axi_wid[7]
WARNING: [Synth 8-3331] design axi_infrastructure_v1_1_0_axi2vector__parameterized1 has unconnected port s_axi_wid[6]
WARNING: [Synth 8-3331] design axi_infrastructure_v1_1_0_axi2vector__parameterized1 has unconnected port s_axi_wid[5]
WARNING: [Synth 8-3331] design axi_infrastructure_v1_1_0_axi2vector__parameterized1 has unconnected port s_axi_wid[4]
WARNING: [Synth 8-3331] design axi_infrastructure_v1_1_0_axi2vector__parameterized1 has unconnected port s_axi_wid[3]
WARNING: [Synth 8-3331] design axi_infrastructure_v1_1_0_axi2vector__parameterized1 has unconnected port s_axi_wid[2]
WARNING: [Synth 8-3331] design axi_infrastructure_v1_1_0_axi2vector__parameterized1 has unconnected port s_axi_wid[1]
WARNING: [Synth 8-3331] design axi_infrastructure_v1_1_0_axi2vector__parameterized1 has unconnected port s_axi_wid[0]
WARNING: [Synth 8-3331] design axi_infrastructure_v1_1_0_axi2vector__parameterized1 has unconnected port s_axi_wuser[0]
WARNING: [Synth 8-3331] design axi_infrastructure_v1_1_0_axi2vector__parameterized1 has unconnected port s_axi_aruser[0]
WARNING: [Synth 8-3331] design axi_register_slice_v2_1_16_axic_register_slice__parameterized7 has unconnected port ACLK
WARNING: [Synth 8-3331] design axi_register_slice_v2_1_16_axic_register_slice__parameterized7 has unconnected port ARESET
WARNING: [Synth 8-3331] design axi_register_slice_v2_1_16_axic_register_slice__parameterized8 has unconnected port ACLK
WARNING: [Synth 8-3331] design axi_register_slice_v2_1_16_axic_register_slice__parameterized8 has unconnected port ARESET
WARNING: [Synth 8-3331] design axi_register_slice_v2_1_16_axi_register_slice__parameterized1 has unconnected port aclk2x
WARNING: [Synth 8-3331] design axi_crossbar_v2_1_17_wdata_mux__parameterized0 has unconnected port ACLK
WARNING: [Synth 8-3331] design axi_crossbar_v2_1_17_wdata_mux__parameterized0 has unconnected port ARESET
WARNING: [Synth 8-3331] design axi_crossbar_v2_1_17_wdata_mux__parameterized0 has unconnected port S_ASELECT[0]
WARNING: [Synth 8-3331] design axi_crossbar_v2_1_17_wdata_mux__parameterized0 has unconnected port S_AVALID
WARNING: [Synth 8-3331] design axi_crossbar_v2_1_17_wdata_mux has unconnected port ACLK
WARNING: [Synth 8-3331] design axi_crossbar_v2_1_17_wdata_mux has unconnected port ARESET
WARNING: [Synth 8-3331] design axi_crossbar_v2_1_17_wdata_mux has unconnected port S_ASELECT[0]
WARNING: [Synth 8-3331] design axi_crossbar_v2_1_17_wdata_mux has unconnected port S_AVALID
WARNING: [Synth 8-3331] design axi_crossbar_v2_1_17_addr_decoder has unconnected port ADDR[1]
WARNING: [Synth 8-3331] design axi_crossbar_v2_1_17_addr_decoder has unconnected port ADDR[0]
WARNING: [Synth 8-3331] design axi_crossbar_v2_1_17_si_transactor__parameterized0 has unconnected port S_ABURST[1]
WARNING: [Synth 8-3331] design axi_crossbar_v2_1_17_si_transactor__parameterized0 has unconnected port S_ABURST[0]
WARNING: [Synth 8-3331] design axi_crossbar_v2_1_17_si_transactor has unconnected port S_ABURST[1]
WARNING: [Synth 8-3331] design axi_crossbar_v2_1_17_si_transactor has unconnected port S_ABURST[0]
WARNING: [Synth 8-3331] design axi_crossbar_v2_1_17_crossbar has unconnected port S_AXI_WID[11]
WARNING: [Synth 8-3331] design axi_crossbar_v2_1_17_crossbar has unconnected port S_AXI_WID[10]
WARNING: [Synth 8-3331] design axi_crossbar_v2_1_17_crossbar has unconnected port S_AXI_WID[9]
WARNING: [Synth 8-3331] design axi_crossbar_v2_1_17_crossbar has unconnected port S_AXI_WID[8]
WARNING: [Synth 8-3331] design axi_crossbar_v2_1_17_crossbar has unconnected port S_AXI_WID[7]
WARNING: [Synth 8-3331] design axi_crossbar_v2_1_17_crossbar has unconnected port S_AXI_WID[6]
WARNING: [Synth 8-3331] design axi_crossbar_v2_1_17_crossbar has unconnected port S_AXI_WID[5]
WARNING: [Synth 8-3331] design axi_crossbar_v2_1_17_crossbar has unconnected port S_AXI_WID[4]
WARNING: [Synth 8-3331] design axi_crossbar_v2_1_17_crossbar has unconnected port S_AXI_WID[3]
WARNING: [Synth 8-3331] design axi_crossbar_v2_1_17_crossbar has unconnected port S_AXI_WID[2]
WARNING: [Synth 8-3331] design axi_crossbar_v2_1_17_crossbar has unconnected port S_AXI_WID[1]
WARNING: [Synth 8-3331] design axi_crossbar_v2_1_17_crossbar has unconnected port S_AXI_WID[0]
WARNING: [Synth 8-3331] design axi_crossbar_v2_1_17_axi_crossbar has unconnected port s_axi_awuser[0]
WARNING: [Synth 8-3331] design axi_crossbar_v2_1_17_axi_crossbar has unconnected port s_axi_wid[11]
WARNING: [Synth 8-3331] design axi_crossbar_v2_1_17_axi_crossbar has unconnected port s_axi_wid[10]
WARNING: [Synth 8-3331] design axi_crossbar_v2_1_17_axi_crossbar has unconnected port s_axi_wid[9]
WARNING: [Synth 8-3331] design axi_crossbar_v2_1_17_axi_crossbar has unconnected port s_axi_wid[8]
WARNING: [Synth 8-3331] design axi_crossbar_v2_1_17_axi_crossbar has unconnected port s_axi_wid[7]
WARNING: [Synth 8-3331] design axi_crossbar_v2_1_17_axi_crossbar has unconnected port s_axi_wid[6]
WARNING: [Synth 8-3331] design axi_crossbar_v2_1_17_axi_crossbar has unconnected port s_axi_wid[5]
WARNING: [Synth 8-3331] design axi_crossbar_v2_1_17_axi_crossbar has unconnected port s_axi_wid[4]
WARNING: [Synth 8-3331] design axi_crossbar_v2_1_17_axi_crossbar has unconnected port s_axi_wid[3]
WARNING: [Synth 8-3331] design axi_crossbar_v2_1_17_axi_crossbar has unconnected port s_axi_wid[2]
WARNING: [Synth 8-3331] design axi_crossbar_v2_1_17_axi_crossbar has unconnected port s_axi_wid[1]
WARNING: [Synth 8-3331] design axi_crossbar_v2_1_17_axi_crossbar has unconnected port s_axi_wid[0]
WARNING: [Synth 8-3331] design axi_crossbar_v2_1_17_axi_crossbar has unconnected port s_axi_wuser[0]
WARNING: [Synth 8-3331] design axi_crossbar_v2_1_17_axi_crossbar has unconnected port s_axi_aruser[0]
WARNING: [Synth 8-3331] design axi_crossbar_v2_1_17_axi_crossbar has unconnected port m_axi_buser[1]
WARNING: [Synth 8-3331] design axi_crossbar_v2_1_17_axi_crossbar has unconnected port m_axi_buser[0]
WARNING: [Synth 8-3331] design axi_crossbar_v2_1_17_axi_crossbar has unconnected port m_axi_ruser[1]
WARNING: [Synth 8-3331] design axi_crossbar_v2_1_17_axi_crossbar has unconnected port m_axi_ruser[0]
WARNING: [Synth 8-3331] design axi_protocol_converter_v2_1_16_axi_protocol_converter__parameterized0 has unconnected port aclk
WARNING: [Synth 8-3331] design axi_protocol_converter_v2_1_16_axi_protocol_converter__parameterized0 has unconnected port aresetn
WARNING: [Synth 8-3331] design axi_protocol_converter_v2_1_16_axi_protocol_converter__parameterized0 has unconnected port s_axi_awlock[1]
WARNING: [Synth 8-3331] design axi_protocol_converter_v2_1_16_axi_protocol_converter__parameterized0 has unconnected port s_axi_awregion[3]
WARNING: [Synth 8-3331] design axi_protocol_converter_v2_1_16_axi_protocol_converter__parameterized0 has unconnected port s_axi_awregion[2]
WARNING: [Synth 8-3331] design axi_protocol_converter_v2_1_16_axi_protocol_converter__parameterized0 has unconnected port s_axi_awregion[1]
WARNING: [Synth 8-3331] design axi_protocol_converter_v2_1_16_axi_protocol_converter__parameterized0 has unconnected port s_axi_awregion[0]
WARNING: [Synth 8-3331] design axi_protocol_converter_v2_1_16_axi_protocol_converter__parameterized0 has unconnected port s_axi_wid[11]
WARNING: [Synth 8-3331] design axi_protocol_converter_v2_1_16_axi_protocol_converter__parameterized0 has unconnected port s_axi_wid[10]
WARNING: [Synth 8-3331] design axi_protocol_converter_v2_1_16_axi_protocol_converter__parameterized0 has unconnected port s_axi_wid[9]
WARNING: [Synth 8-3331] design axi_protocol_converter_v2_1_16_axi_protocol_converter__parameterized0 has unconnected port s_axi_wid[8]
WARNING: [Synth 8-3331] design axi_protocol_converter_v2_1_16_axi_protocol_converter__parameterized0 has unconnected port s_axi_wid[7]
WARNING: [Synth 8-3331] design axi_protocol_converter_v2_1_16_axi_protocol_converter__parameterized0 has unconnected port s_axi_wid[6]
WARNING: [Synth 8-3331] design axi_protocol_converter_v2_1_16_axi_protocol_converter__parameterized0 has unconnected port s_axi_wid[5]
WARNING: [Synth 8-3331] design axi_protocol_converter_v2_1_16_axi_protocol_converter__parameterized0 has unconnected port s_axi_wid[4]
WARNING: [Synth 8-3331] design axi_protocol_converter_v2_1_16_axi_protocol_converter__parameterized0 has unconnected port s_axi_wid[3]
WARNING: [Synth 8-3331] design axi_protocol_converter_v2_1_16_axi_protocol_converter__parameterized0 has unconnected port s_axi_wid[2]
WARNING: [Synth 8-3331] design axi_protocol_converter_v2_1_16_axi_protocol_converter__parameterized0 has unconnected port s_axi_wid[1]
WARNING: [Synth 8-3331] design axi_protocol_converter_v2_1_16_axi_protocol_converter__parameterized0 has unconnected port s_axi_wid[0]
WARNING: [Synth 8-3331] design axi_protocol_converter_v2_1_16_axi_protocol_converter__parameterized0 has unconnected port s_axi_arlock[1]
WARNING: [Synth 8-3331] design axi_protocol_converter_v2_1_16_axi_protocol_converter__parameterized0 has unconnected port s_axi_arregion[3]
WARNING: [Synth 8-3331] design axi_protocol_converter_v2_1_16_axi_protocol_converter__parameterized0 has unconnected port s_axi_arregion[2]
WARNING: [Synth 8-3331] design axi_protocol_converter_v2_1_16_axi_protocol_converter__parameterized0 has unconnected port s_axi_arregion[1]
WARNING: [Synth 8-3331] design axi_protocol_converter_v2_1_16_axi_protocol_converter__parameterized0 has unconnected port s_axi_arregion[0]
WARNING: [Synth 8-3331] design s00_couplers_imp_PW1UHT has unconnected port M_ACLK
WARNING: [Synth 8-3331] design s00_couplers_imp_PW1UHT has unconnected port M_ARESETN
WARNING: [Synth 8-3331] design m01_couplers_imp_7ZSF77 has unconnected port M_ACLK
WARNING: [Synth 8-3331] design m01_couplers_imp_7ZSF77 has unconnected port M_ARESETN
INFO: [Common 17-14] Message 'Synth 8-3331' appears 100 times and further instances of the messages will be disabled. Use the Tcl command set_msg_config to change the current settings.
---------------------------------------------------------------------------------
Finished RTL Elaboration : Time (s): cpu = 00:01:30 ; elapsed = 00:01:36 . Memory (MB): peak = 806.246 ; gain = 499.195
---------------------------------------------------------------------------------

Report Check Netlist: 
+------+------------------+-------+---------+-------+------------------+
|      |Item              |Errors |Warnings |Status |Description       |
+------+------------------+-------+---------+-------+------------------+
|1     |multi_driven_nets |      0|        0|Passed |Multi driven nets |
+------+------------------+-------+---------+-------+------------------+
---------------------------------------------------------------------------------
Start Handling Custom Attributes
---------------------------------------------------------------------------------
---------------------------------------------------------------------------------
Finished Handling Custom Attributes : Time (s): cpu = 00:01:31 ; elapsed = 00:01:36 . Memory (MB): peak = 806.246 ; gain = 499.195
---------------------------------------------------------------------------------
---------------------------------------------------------------------------------
Finished RTL Optimization Phase 1 : Time (s): cpu = 00:01:31 ; elapsed = 00:01:36 . Memory (MB): peak = 806.246 ; gain = 499.195
---------------------------------------------------------------------------------
INFO: [Netlist 29-17] Analyzing 24 Unisim elements for replacement
INFO: [Netlist 29-28] Unisim Transformation completed in 0 CPU seconds
INFO: [Device 21-403] Loading part xc7z020clg400-1
INFO: [Project 1-570] Preparing netlist for logic optimization

Processing XDC Constraints
Initializing timing engine
Parsing XDC File [c:/Users/hrish/Downloads/ReRAM_Thesis/Project Folder/ReRAM_Revision/ReRAM_Revision.srcs/sources_1/bd/RevisionDesign/ip/RevisionDesign_processing_system7_0_0/RevisionDesign_processing_system7_0_0.xdc] for cell 'RevisionDesign_i/processing_system7_0/inst'
Finished Parsing XDC File [c:/Users/hrish/Downloads/ReRAM_Thesis/Project Folder/ReRAM_Revision/ReRAM_Revision.srcs/sources_1/bd/RevisionDesign/ip/RevisionDesign_processing_system7_0_0/RevisionDesign_processing_system7_0_0.xdc] for cell 'RevisionDesign_i/processing_system7_0/inst'
INFO: [Project 1-236] Implementation specific constraints were found while reading constraint file [c:/Users/hrish/Downloads/ReRAM_Thesis/Project Folder/ReRAM_Revision/ReRAM_Revision.srcs/sources_1/bd/RevisionDesign/ip/RevisionDesign_processing_system7_0_0/RevisionDesign_processing_system7_0_0.xdc]. These constraints will be ignored for synthesis but will be used in implementation. Impacted constraints are listed in the file [.Xil/RevisionDesign_wrapper_propImpl.xdc].
Resolution: To avoid this warning, move constraints listed in [.Xil/RevisionDesign_wrapper_propImpl.xdc] to another XDC file and exclude this new file from synthesis with the used_in_synthesis property (File Properties dialog in GUI) and re-run elaboration/synthesis.
Parsing XDC File [c:/Users/hrish/Downloads/ReRAM_Thesis/Project Folder/ReRAM_Revision/ReRAM_Revision.srcs/sources_1/bd/RevisionDesign/ip/RevisionDesign_rst_ps7_0_50M_0/RevisionDesign_rst_ps7_0_50M_0_board.xdc] for cell 'RevisionDesign_i/rst_ps7_0_50M/U0'
Finished Parsing XDC File [c:/Users/hrish/Downloads/ReRAM_Thesis/Project Folder/ReRAM_Revision/ReRAM_Revision.srcs/sources_1/bd/RevisionDesign/ip/RevisionDesign_rst_ps7_0_50M_0/RevisionDesign_rst_ps7_0_50M_0_board.xdc] for cell 'RevisionDesign_i/rst_ps7_0_50M/U0'
Parsing XDC File [c:/Users/hrish/Downloads/ReRAM_Thesis/Project Folder/ReRAM_Revision/ReRAM_Revision.srcs/sources_1/bd/RevisionDesign/ip/RevisionDesign_rst_ps7_0_50M_0/RevisionDesign_rst_ps7_0_50M_0.xdc] for cell 'RevisionDesign_i/rst_ps7_0_50M/U0'
Finished Parsing XDC File [c:/Users/hrish/Downloads/ReRAM_Thesis/Project Folder/ReRAM_Revision/ReRAM_Revision.srcs/sources_1/bd/RevisionDesign/ip/RevisionDesign_rst_ps7_0_50M_0/RevisionDesign_rst_ps7_0_50M_0.xdc] for cell 'RevisionDesign_i/rst_ps7_0_50M/U0'
Parsing XDC File [C:/Users/hrish/Downloads/ReRAM_Thesis/Project Folder/ReRAM_Revision/ReRAM_Revision.runs/synth_1/dont_touch.xdc]
Finished Parsing XDC File [C:/Users/hrish/Downloads/ReRAM_Thesis/Project Folder/ReRAM_Revision/ReRAM_Revision.runs/synth_1/dont_touch.xdc]
INFO: [Project 1-236] Implementation specific constraints were found while reading constraint file [C:/Users/hrish/Downloads/ReRAM_Thesis/Project Folder/ReRAM_Revision/ReRAM_Revision.runs/synth_1/dont_touch.xdc]. These constraints will be ignored for synthesis but will be used in implementation. Impacted constraints are listed in the file [.Xil/RevisionDesign_wrapper_propImpl.xdc].
Resolution: To avoid this warning, move constraints listed in [.Xil/RevisionDesign_wrapper_propImpl.xdc] to another XDC file and exclude this new file from synthesis with the used_in_synthesis property (File Properties dialog in GUI) and re-run elaboration/synthesis.
Completed Processing XDC Constraints

INFO: [Project 1-111] Unisim Transformation Summary:
  A total of 18 instances were transformed.
  FDR => FDRE: 13 instances
  MUXCY_L => MUXCY: 4 instances
  SRL16 => SRL16E: 1 instances

Constraint Validation Runtime : Time (s): cpu = 00:00:00 ; elapsed = 00:00:00.019 . Memory (MB): peak = 916.711 ; gain = 0.000
---------------------------------------------------------------------------------
Finished Constraint Validation : Time (s): cpu = 00:01:44 ; elapsed = 00:01:52 . Memory (MB): peak = 916.711 ; gain = 609.660
---------------------------------------------------------------------------------
---------------------------------------------------------------------------------
Start Loading Part and Timing Information
---------------------------------------------------------------------------------
Loading part: xc7z020clg400-1
---------------------------------------------------------------------------------
Finished Loading Part and Timing Information : Time (s): cpu = 00:01:44 ; elapsed = 00:01:52 . Memory (MB): peak = 916.711 ; gain = 609.660
---------------------------------------------------------------------------------
---------------------------------------------------------------------------------
Start Applying 'set_property' XDC Constraints
---------------------------------------------------------------------------------
Applied set_property DONT_TOUCH = true for RevisionDesign_i. (constraint file  auto generated constraint, line ).
Applied set_property DONT_TOUCH = true for RevisionDesign_i/processing_system7_0. (constraint file  auto generated constraint, line ).
Applied set_property DONT_TOUCH = true for RevisionDesign_i/axi_reram_0. (constraint file  auto generated constraint, line ).
Applied set_property DONT_TOUCH = true for RevisionDesign_i/ps7_0_axi_periph. (constraint file  auto generated constraint, line ).
Applied set_property DONT_TOUCH = true for RevisionDesign_i/rst_ps7_0_50M. (constraint file  auto generated constraint, line ).
Applied set_property DONT_TOUCH = true for RevisionDesign_i/axi_bram_ctrl_0. (constraint file  auto generated constraint, line ).
Applied set_property DONT_TOUCH = true for RevisionDesign_i/blk_mem_gen_0. (constraint file  auto generated constraint, line ).
Applied set_property DONT_TOUCH = true for RevisionDesign_i/ps7_0_axi_periph/xbar. (constraint file  auto generated constraint, line ).
Applied set_property DONT_TOUCH = true for RevisionDesign_i/ps7_0_axi_periph/m00_couplers/auto_pc. (constraint file  auto generated constraint, line ).
Applied set_property DONT_TOUCH = true for RevisionDesign_i/ps7_0_axi_periph/s00_couplers/auto_pc. (constraint file  auto generated constraint, line ).
Applied set_property DONT_TOUCH = true for RevisionDesign_i/processing_system7_0/inst. (constraint file  {C:/Users/hrish/Downloads/ReRAM_Thesis/Project Folder/ReRAM_Revision/ReRAM_Revision.runs/synth_1/dont_touch.xdc}, line 35).
Applied set_property DONT_TOUCH = true for RevisionDesign_i/rst_ps7_0_50M/U0. (constraint file  {C:/Users/hrish/Downloads/ReRAM_Thesis/Project Folder/ReRAM_Revision/ReRAM_Revision.runs/synth_1/dont_touch.xdc}, line 38).
---------------------------------------------------------------------------------
Finished applying 'set_property' XDC Constraints : Time (s): cpu = 00:01:45 ; elapsed = 00:01:53 . Memory (MB): peak = 916.711 ; gain = 609.660
---------------------------------------------------------------------------------
INFO: [Synth 8-5544] ROM "max_wrap_burst" won't be mapped to Block RAM because address size (2) smaller than threshold (5)
INFO: [Synth 8-5544] ROM "max_wrap_burst" won't be mapped to Block RAM because address size (3) smaller than threshold (5)
INFO: [Synth 8-5544] ROM "max_wrap_burst" won't be mapped to Block RAM because address size (4) smaller than threshold (5)
INFO: [Synth 8-5544] ROM "wrap_burst_total_cmb" won't be mapped to Block RAM because address size (4) smaller than threshold (5)
INFO: [Synth 8-5544] ROM "wrap_burst_total_cmb" won't be mapped to Block RAM because address size (4) smaller than threshold (5)
INFO: [Synth 8-5544] ROM "wrap_burst_total_cmb" won't be mapped to Block RAM because address size (4) smaller than threshold (5)
INFO: [Synth 8-5544] ROM "buffer_Empty" won't be mapped to Block RAM because address size (4) smaller than threshold (5)
INFO: [Synth 8-5544] ROM "buffer_Full" won't be mapped to Block RAM because address size (4) smaller than threshold (5)
INFO: [Synth 8-802] inferred FSM for state register 'GEN_WDATA_SM_NO_ECC_DUAL_REG_WREADY.wr_data_sm_cs_reg' in module 'wr_chnl'
INFO: [Synth 8-5544] ROM "bvalid_cnt_max" won't be mapped to Block RAM because address size (3) smaller than threshold (5)
INFO: [Synth 8-5544] ROM "bvalid_cnt_amax" won't be mapped to Block RAM because address size (3) smaller than threshold (5)
INFO: [Synth 8-5544] ROM "curr_wrap_burst" won't be mapped to Block RAM because address size (2) smaller than threshold (5)
INFO: [Synth 8-5544] ROM "curr_fixed_burst" won't be mapped to Block RAM because address size (2) smaller than threshold (5)
INFO: [Synth 8-5544] ROM "axi_awburst_pipe_fixed" won't be mapped to Block RAM because address size (2) smaller than threshold (5)
INFO: [Synth 8-5544] ROM "wr_data_sm_ns" won't be mapped to Block RAM because address size (1) smaller than threshold (5)
INFO: [Synth 8-5544] ROM "wr_data_sm_ns" won't be mapped to Block RAM because address size (1) smaller than threshold (5)
INFO: [Synth 8-5544] ROM "wr_data_sm_ns" won't be mapped to Block RAM because address size (1) smaller than threshold (5)
INFO: [Synth 8-802] inferred FSM for state register 'rd_data_sm_cs_reg' in module 'rd_chnl'
INFO: [Synth 8-802] inferred FSM for state register 'rlast_sm_cs_reg' in module 'rd_chnl'
INFO: [Synth 8-5544] ROM "axi_arsize_pipe_max" won't be mapped to Block RAM because address size (3) smaller than threshold (5)
INFO: [Synth 8-5544] ROM "curr_wrap_burst" won't be mapped to Block RAM because address size (2) smaller than threshold (5)
INFO: [Synth 8-5544] ROM "curr_fixed_burst" won't be mapped to Block RAM because address size (2) smaller than threshold (5)
INFO: [Synth 8-5546] ROM "axi_rd_burst_two" won't be mapped to RAM because it is too sparse
INFO: [Synth 8-5546] ROM "set_last_bram_addr" won't be mapped to RAM because it is too sparse
INFO: [Synth 8-5544] ROM "axi_arburst_pipe_fixed" won't be mapped to Block RAM because address size (2) smaller than threshold (5)
INFO: [Synth 8-5544] ROM "axi_rvalid_set_cmb" won't be mapped to Block RAM because address size (4) smaller than threshold (5)
INFO: [Synth 8-5544] ROM "rd_data_sm_ns" won't be mapped to Block RAM because address size (1) smaller than threshold (5)
INFO: [Synth 8-5544] ROM "rd_data_sm_ns" won't be mapped to Block RAM because address size (1) smaller than threshold (5)
INFO: [Synth 8-5544] ROM "rd_data_sm_ns" won't be mapped to Block RAM because address size (1) smaller than threshold (5)
INFO: [Synth 8-5544] ROM "rd_data_sm_ns" won't be mapped to Block RAM because address size (1) smaller than threshold (5)
INFO: [Synth 8-5544] ROM "rd_data_sm_ns" won't be mapped to Block RAM because address size (1) smaller than threshold (5)
INFO: [Synth 8-5544] ROM "rlast_sm_ns" won't be mapped to Block RAM because address size (1) smaller than threshold (5)
INFO: [Synth 8-802] inferred FSM for state register 'write_fsm_state_reg' in module 'reram_cell'
INFO: [Synth 8-5544] ROM "write_fsm_state" won't be mapped to Block RAM because address size (1) smaller than threshold (5)
WARNING: [Synth 8-6014] Unused sequential element memory_reg[3] was removed.  [c:/Users/hrish/Downloads/ReRAM_Thesis/Project Folder/ReRAM_Revision/ReRAM_Revision.srcs/sources_1/bd/RevisionDesign/ipshared/1229/hdl/axi_protocol_converter_v2_1_vl_rfs.v:2857]
WARNING: [Synth 8-6014] Unused sequential element memory_reg[2] was removed.  [c:/Users/hrish/Downloads/ReRAM_Thesis/Project Folder/ReRAM_Revision/ReRAM_Revision.srcs/sources_1/bd/RevisionDesign/ipshared/1229/hdl/axi_protocol_converter_v2_1_vl_rfs.v:2857]
WARNING: [Synth 8-6014] Unused sequential element memory_reg[1] was removed.  [c:/Users/hrish/Downloads/ReRAM_Thesis/Project Folder/ReRAM_Revision/ReRAM_Revision.srcs/sources_1/bd/RevisionDesign/ipshared/1229/hdl/axi_protocol_converter_v2_1_vl_rfs.v:2857]
WARNING: [Synth 8-6014] Unused sequential element memory_reg[0] was removed.  [c:/Users/hrish/Downloads/ReRAM_Thesis/Project Folder/ReRAM_Revision/ReRAM_Revision.srcs/sources_1/bd/RevisionDesign/ipshared/1229/hdl/axi_protocol_converter_v2_1_vl_rfs.v:2857]
WARNING: [Synth 8-6014] Unused sequential element memory_reg[3] was removed.  [c:/Users/hrish/Downloads/ReRAM_Thesis/Project Folder/ReRAM_Revision/ReRAM_Revision.srcs/sources_1/bd/RevisionDesign/ipshared/1229/hdl/axi_protocol_converter_v2_1_vl_rfs.v:2857]
WARNING: [Synth 8-6014] Unused sequential element memory_reg[2] was removed.  [c:/Users/hrish/Downloads/ReRAM_Thesis/Project Folder/ReRAM_Revision/ReRAM_Revision.srcs/sources_1/bd/RevisionDesign/ipshared/1229/hdl/axi_protocol_converter_v2_1_vl_rfs.v:2857]
WARNING: [Synth 8-6014] Unused sequential element memory_reg[1] was removed.  [c:/Users/hrish/Downloads/ReRAM_Thesis/Project Folder/ReRAM_Revision/ReRAM_Revision.srcs/sources_1/bd/RevisionDesign/ipshared/1229/hdl/axi_protocol_converter_v2_1_vl_rfs.v:2857]
WARNING: [Synth 8-6014] Unused sequential element memory_reg[0] was removed.  [c:/Users/hrish/Downloads/ReRAM_Thesis/Project Folder/ReRAM_Revision/ReRAM_Revision.srcs/sources_1/bd/RevisionDesign/ipshared/1229/hdl/axi_protocol_converter_v2_1_vl_rfs.v:2857]
INFO: [Synth 8-802] inferred FSM for state register 'state_reg' in module 'axi_protocol_converter_v2_1_16_b2s_rd_cmd_fsm'
INFO: [Synth 8-5544] ROM "next_state" won't be mapped to Block RAM because address size (1) smaller than threshold (5)
INFO: [Synth 8-5544] ROM "next_state" won't be mapped to Block RAM because address size (1) smaller than threshold (5)
WARNING: [Synth 8-6014] Unused sequential element memory_reg[31] was removed.  [c:/Users/hrish/Downloads/ReRAM_Thesis/Project Folder/ReRAM_Revision/ReRAM_Revision.srcs/sources_1/bd/RevisionDesign/ipshared/1229/hdl/axi_protocol_converter_v2_1_vl_rfs.v:2857]
WARNING: [Synth 8-6014] Unused sequential element memory_reg[30] was removed.  [c:/Users/hrish/Downloads/ReRAM_Thesis/Project Folder/ReRAM_Revision/ReRAM_Revision.srcs/sources_1/bd/RevisionDesign/ipshared/1229/hdl/axi_protocol_converter_v2_1_vl_rfs.v:2857]
WARNING: [Synth 8-6014] Unused sequential element memory_reg[29] was removed.  [c:/Users/hrish/Downloads/ReRAM_Thesis/Project Folder/ReRAM_Revision/ReRAM_Revision.srcs/sources_1/bd/RevisionDesign/ipshared/1229/hdl/axi_protocol_converter_v2_1_vl_rfs.v:2857]
WARNING: [Synth 8-6014] Unused sequential element memory_reg[28] was removed.  [c:/Users/hrish/Downloads/ReRAM_Thesis/Project Folder/ReRAM_Revision/ReRAM_Revision.srcs/sources_1/bd/RevisionDesign/ipshared/1229/hdl/axi_protocol_converter_v2_1_vl_rfs.v:2857]
WARNING: [Synth 8-6014] Unused sequential element memory_reg[27] was removed.  [c:/Users/hrish/Downloads/ReRAM_Thesis/Project Folder/ReRAM_Revision/ReRAM_Revision.srcs/sources_1/bd/RevisionDesign/ipshared/1229/hdl/axi_protocol_converter_v2_1_vl_rfs.v:2857]
WARNING: [Synth 8-6014] Unused sequential element memory_reg[26] was removed.  [c:/Users/hrish/Downloads/ReRAM_Thesis/Project Folder/ReRAM_Revision/ReRAM_Revision.srcs/sources_1/bd/RevisionDesign/ipshared/1229/hdl/axi_protocol_converter_v2_1_vl_rfs.v:2857]
WARNING: [Synth 8-6014] Unused sequential element memory_reg[25] was removed.  [c:/Users/hrish/Downloads/ReRAM_Thesis/Project Folder/ReRAM_Revision/ReRAM_Revision.srcs/sources_1/bd/RevisionDesign/ipshared/1229/hdl/axi_protocol_converter_v2_1_vl_rfs.v:2857]
WARNING: [Synth 8-6014] Unused sequential element memory_reg[24] was removed.  [c:/Users/hrish/Downloads/ReRAM_Thesis/Project Folder/ReRAM_Revision/ReRAM_Revision.srcs/sources_1/bd/RevisionDesign/ipshared/1229/hdl/axi_protocol_converter_v2_1_vl_rfs.v:2857]
WARNING: [Synth 8-6014] Unused sequential element memory_reg[23] was removed.  [c:/Users/hrish/Downloads/ReRAM_Thesis/Project Folder/ReRAM_Revision/ReRAM_Revision.srcs/sources_1/bd/RevisionDesign/ipshared/1229/hdl/axi_protocol_converter_v2_1_vl_rfs.v:2857]
WARNING: [Synth 8-6014] Unused sequential element memory_reg[22] was removed.  [c:/Users/hrish/Downloads/ReRAM_Thesis/Project Folder/ReRAM_Revision/ReRAM_Revision.srcs/sources_1/bd/RevisionDesign/ipshared/1229/hdl/axi_protocol_converter_v2_1_vl_rfs.v:2857]
WARNING: [Synth 8-6014] Unused sequential element memory_reg[21] was removed.  [c:/Users/hrish/Downloads/ReRAM_Thesis/Project Folder/ReRAM_Revision/ReRAM_Revision.srcs/sources_1/bd/RevisionDesign/ipshared/1229/hdl/axi_protocol_converter_v2_1_vl_rfs.v:2857]
WARNING: [Synth 8-6014] Unused sequential element memory_reg[20] was removed.  [c:/Users/hrish/Downloads/ReRAM_Thesis/Project Folder/ReRAM_Revision/ReRAM_Revision.srcs/sources_1/bd/RevisionDesign/ipshared/1229/hdl/axi_protocol_converter_v2_1_vl_rfs.v:2857]
WARNING: [Synth 8-6014] Unused sequential element memory_reg[19] was removed.  [c:/Users/hrish/Downloads/ReRAM_Thesis/Project Folder/ReRAM_Revision/ReRAM_Revision.srcs/sources_1/bd/RevisionDesign/ipshared/1229/hdl/axi_protocol_converter_v2_1_vl_rfs.v:2857]
WARNING: [Synth 8-6014] Unused sequential element memory_reg[18] was removed.  [c:/Users/hrish/Downloads/ReRAM_Thesis/Project Folder/ReRAM_Revision/ReRAM_Revision.srcs/sources_1/bd/RevisionDesign/ipshared/1229/hdl/axi_protocol_converter_v2_1_vl_rfs.v:2857]
WARNING: [Synth 8-6014] Unused sequential element memory_reg[17] was removed.  [c:/Users/hrish/Downloads/ReRAM_Thesis/Project Folder/ReRAM_Revision/ReRAM_Revision.srcs/sources_1/bd/RevisionDesign/ipshared/1229/hdl/axi_protocol_converter_v2_1_vl_rfs.v:2857]
WARNING: [Synth 8-6014] Unused sequential element memory_reg[16] was removed.  [c:/Users/hrish/Downloads/ReRAM_Thesis/Project Folder/ReRAM_Revision/ReRAM_Revision.srcs/sources_1/bd/RevisionDesign/ipshared/1229/hdl/axi_protocol_converter_v2_1_vl_rfs.v:2857]
WARNING: [Synth 8-6014] Unused sequential element memory_reg[15] was removed.  [c:/Users/hrish/Downloads/ReRAM_Thesis/Project Folder/ReRAM_Revision/ReRAM_Revision.srcs/sources_1/bd/RevisionDesign/ipshared/1229/hdl/axi_protocol_converter_v2_1_vl_rfs.v:2857]
WARNING: [Synth 8-6014] Unused sequential element memory_reg[14] was removed.  [c:/Users/hrish/Downloads/ReRAM_Thesis/Project Folder/ReRAM_Revision/ReRAM_Revision.srcs/sources_1/bd/RevisionDesign/ipshared/1229/hdl/axi_protocol_converter_v2_1_vl_rfs.v:2857]
WARNING: [Synth 8-6014] Unused sequential element memory_reg[13] was removed.  [c:/Users/hrish/Downloads/ReRAM_Thesis/Project Folder/ReRAM_Revision/ReRAM_Revision.srcs/sources_1/bd/RevisionDesign/ipshared/1229/hdl/axi_protocol_converter_v2_1_vl_rfs.v:2857]
WARNING: [Synth 8-6014] Unused sequential element memory_reg[12] was removed.  [c:/Users/hrish/Downloads/ReRAM_Thesis/Project Folder/ReRAM_Revision/ReRAM_Revision.srcs/sources_1/bd/RevisionDesign/ipshared/1229/hdl/axi_protocol_converter_v2_1_vl_rfs.v:2857]
WARNING: [Synth 8-6014] Unused sequential element memory_reg[11] was removed.  [c:/Users/hrish/Downloads/ReRAM_Thesis/Project Folder/ReRAM_Revision/ReRAM_Revision.srcs/sources_1/bd/RevisionDesign/ipshared/1229/hdl/axi_protocol_converter_v2_1_vl_rfs.v:2857]
WARNING: [Synth 8-6014] Unused sequential element memory_reg[10] was removed.  [c:/Users/hrish/Downloads/ReRAM_Thesis/Project Folder/ReRAM_Revision/ReRAM_Revision.srcs/sources_1/bd/RevisionDesign/ipshared/1229/hdl/axi_protocol_converter_v2_1_vl_rfs.v:2857]
WARNING: [Synth 8-6014] Unused sequential element memory_reg[9] was removed.  [c:/Users/hrish/Downloads/ReRAM_Thesis/Project Folder/ReRAM_Revision/ReRAM_Revision.srcs/sources_1/bd/RevisionDesign/ipshared/1229/hdl/axi_protocol_converter_v2_1_vl_rfs.v:2857]
WARNING: [Synth 8-6014] Unused sequential element memory_reg[8] was removed.  [c:/Users/hrish/Downloads/ReRAM_Thesis/Project Folder/ReRAM_Revision/ReRAM_Revision.srcs/sources_1/bd/RevisionDesign/ipshared/1229/hdl/axi_protocol_converter_v2_1_vl_rfs.v:2857]
WARNING: [Synth 8-6014] Unused sequential element memory_reg[7] was removed.  [c:/Users/hrish/Downloads/ReRAM_Thesis/Project Folder/ReRAM_Revision/ReRAM_Revision.srcs/sources_1/bd/RevisionDesign/ipshared/1229/hdl/axi_protocol_converter_v2_1_vl_rfs.v:2857]
WARNING: [Synth 8-6014] Unused sequential element memory_reg[6] was removed.  [c:/Users/hrish/Downloads/ReRAM_Thesis/Project Folder/ReRAM_Revision/ReRAM_Revision.srcs/sources_1/bd/RevisionDesign/ipshared/1229/hdl/axi_protocol_converter_v2_1_vl_rfs.v:2857]
WARNING: [Synth 8-6014] Unused sequential element memory_reg[5] was removed.  [c:/Users/hrish/Downloads/ReRAM_Thesis/Project Folder/ReRAM_Revision/ReRAM_Revision.srcs/sources_1/bd/RevisionDesign/ipshared/1229/hdl/axi_protocol_converter_v2_1_vl_rfs.v:2857]
WARNING: [Synth 8-6014] Unused sequential element memory_reg[4] was removed.  [c:/Users/hrish/Downloads/ReRAM_Thesis/Project Folder/ReRAM_Revision/ReRAM_Revision.srcs/sources_1/bd/RevisionDesign/ipshared/1229/hdl/axi_protocol_converter_v2_1_vl_rfs.v:2857]
WARNING: [Synth 8-6014] Unused sequential element memory_reg[3] was removed.  [c:/Users/hrish/Downloads/ReRAM_Thesis/Project Folder/ReRAM_Revision/ReRAM_Revision.srcs/sources_1/bd/RevisionDesign/ipshared/1229/hdl/axi_protocol_converter_v2_1_vl_rfs.v:2857]
WARNING: [Synth 8-6014] Unused sequential element memory_reg[2] was removed.  [c:/Users/hrish/Downloads/ReRAM_Thesis/Project Folder/ReRAM_Revision/ReRAM_Revision.srcs/sources_1/bd/RevisionDesign/ipshared/1229/hdl/axi_protocol_converter_v2_1_vl_rfs.v:2857]
WARNING: [Synth 8-6014] Unused sequential element memory_reg[1] was removed.  [c:/Users/hrish/Downloads/ReRAM_Thesis/Project Folder/ReRAM_Revision/ReRAM_Revision.srcs/sources_1/bd/RevisionDesign/ipshared/1229/hdl/axi_protocol_converter_v2_1_vl_rfs.v:2857]
WARNING: [Synth 8-6014] Unused sequential element memory_reg[0] was removed.  [c:/Users/hrish/Downloads/ReRAM_Thesis/Project Folder/ReRAM_Revision/ReRAM_Revision.srcs/sources_1/bd/RevisionDesign/ipshared/1229/hdl/axi_protocol_converter_v2_1_vl_rfs.v:2857]
WARNING: [Synth 8-6014] Unused sequential element memory_reg[31] was removed.  [c:/Users/hrish/Downloads/ReRAM_Thesis/Project Folder/ReRAM_Revision/ReRAM_Revision.srcs/sources_1/bd/RevisionDesign/ipshared/1229/hdl/axi_protocol_converter_v2_1_vl_rfs.v:2857]
WARNING: [Synth 8-6014] Unused sequential element memory_reg[30] was removed.  [c:/Users/hrish/Downloads/ReRAM_Thesis/Project Folder/ReRAM_Revision/ReRAM_Revision.srcs/sources_1/bd/RevisionDesign/ipshared/1229/hdl/axi_protocol_converter_v2_1_vl_rfs.v:2857]
WARNING: [Synth 8-6014] Unused sequential element memory_reg[29] was removed.  [c:/Users/hrish/Downloads/ReRAM_Thesis/Project Folder/ReRAM_Revision/ReRAM_Revision.srcs/sources_1/bd/RevisionDesign/ipshared/1229/hdl/axi_protocol_converter_v2_1_vl_rfs.v:2857]
WARNING: [Synth 8-6014] Unused sequential element memory_reg[28] was removed.  [c:/Users/hrish/Downloads/ReRAM_Thesis/Project Folder/ReRAM_Revision/ReRAM_Revision.srcs/sources_1/bd/RevisionDesign/ipshared/1229/hdl/axi_protocol_converter_v2_1_vl_rfs.v:2857]
WARNING: [Synth 8-6014] Unused sequential element memory_reg[27] was removed.  [c:/Users/hrish/Downloads/ReRAM_Thesis/Project Folder/ReRAM_Revision/ReRAM_Revision.srcs/sources_1/bd/RevisionDesign/ipshared/1229/hdl/axi_protocol_converter_v2_1_vl_rfs.v:2857]
WARNING: [Synth 8-6014] Unused sequential element memory_reg[26] was removed.  [c:/Users/hrish/Downloads/ReRAM_Thesis/Project Folder/ReRAM_Revision/ReRAM_Revision.srcs/sources_1/bd/RevisionDesign/ipshared/1229/hdl/axi_protocol_converter_v2_1_vl_rfs.v:2857]
WARNING: [Synth 8-6014] Unused sequential element memory_reg[25] was removed.  [c:/Users/hrish/Downloads/ReRAM_Thesis/Project Folder/ReRAM_Revision/ReRAM_Revision.srcs/sources_1/bd/RevisionDesign/ipshared/1229/hdl/axi_protocol_converter_v2_1_vl_rfs.v:2857]
WARNING: [Synth 8-6014] Unused sequential element memory_reg[24] was removed.  [c:/Users/hrish/Downloads/ReRAM_Thesis/Project Folder/ReRAM_Revision/ReRAM_Revision.srcs/sources_1/bd/RevisionDesign/ipshared/1229/hdl/axi_protocol_converter_v2_1_vl_rfs.v:2857]
WARNING: [Synth 8-6014] Unused sequential element memory_reg[23] was removed.  [c:/Users/hrish/Downloads/ReRAM_Thesis/Project Folder/ReRAM_Revision/ReRAM_Revision.srcs/sources_1/bd/RevisionDesign/ipshared/1229/hdl/axi_protocol_converter_v2_1_vl_rfs.v:2857]
WARNING: [Synth 8-6014] Unused sequential element memory_reg[22] was removed.  [c:/Users/hrish/Downloads/ReRAM_Thesis/Project Folder/ReRAM_Revision/ReRAM_Revision.srcs/sources_1/bd/RevisionDesign/ipshared/1229/hdl/axi_protocol_converter_v2_1_vl_rfs.v:2857]
WARNING: [Synth 8-6014] Unused sequential element memory_reg[21] was removed.  [c:/Users/hrish/Downloads/ReRAM_Thesis/Project Folder/ReRAM_Revision/ReRAM_Revision.srcs/sources_1/bd/RevisionDesign/ipshared/1229/hdl/axi_protocol_converter_v2_1_vl_rfs.v:2857]
WARNING: [Synth 8-6014] Unused sequential element memory_reg[20] was removed.  [c:/Users/hrish/Downloads/ReRAM_Thesis/Project Folder/ReRAM_Revision/ReRAM_Revision.srcs/sources_1/bd/RevisionDesign/ipshared/1229/hdl/axi_protocol_converter_v2_1_vl_rfs.v:2857]
WARNING: [Synth 8-6014] Unused sequential element memory_reg[19] was removed.  [c:/Users/hrish/Downloads/ReRAM_Thesis/Project Folder/ReRAM_Revision/ReRAM_Revision.srcs/sources_1/bd/RevisionDesign/ipshared/1229/hdl/axi_protocol_converter_v2_1_vl_rfs.v:2857]
WARNING: [Synth 8-6014] Unused sequential element memory_reg[18] was removed.  [c:/Users/hrish/Downloads/ReRAM_Thesis/Project Folder/ReRAM_Revision/ReRAM_Revision.srcs/sources_1/bd/RevisionDesign/ipshared/1229/hdl/axi_protocol_converter_v2_1_vl_rfs.v:2857]
WARNING: [Synth 8-6014] Unused sequential element memory_reg[17] was removed.  [c:/Users/hrish/Downloads/ReRAM_Thesis/Project Folder/ReRAM_Revision/ReRAM_Revision.srcs/sources_1/bd/RevisionDesign/ipshared/1229/hdl/axi_protocol_converter_v2_1_vl_rfs.v:2857]
WARNING: [Synth 8-6014] Unused sequential element memory_reg[16] was removed.  [c:/Users/hrish/Downloads/ReRAM_Thesis/Project Folder/ReRAM_Revision/ReRAM_Revision.srcs/sources_1/bd/RevisionDesign/ipshared/1229/hdl/axi_protocol_converter_v2_1_vl_rfs.v:2857]
WARNING: [Synth 8-6014] Unused sequential element memory_reg[15] was removed.  [c:/Users/hrish/Downloads/ReRAM_Thesis/Project Folder/ReRAM_Revision/ReRAM_Revision.srcs/sources_1/bd/RevisionDesign/ipshared/1229/hdl/axi_protocol_converter_v2_1_vl_rfs.v:2857]
WARNING: [Synth 8-6014] Unused sequential element memory_reg[14] was removed.  [c:/Users/hrish/Downloads/ReRAM_Thesis/Project Folder/ReRAM_Revision/ReRAM_Revision.srcs/sources_1/bd/RevisionDesign/ipshared/1229/hdl/axi_protocol_converter_v2_1_vl_rfs.v:2857]
WARNING: [Synth 8-6014] Unused sequential element memory_reg[13] was removed.  [c:/Users/hrish/Downloads/ReRAM_Thesis/Project Folder/ReRAM_Revision/ReRAM_Revision.srcs/sources_1/bd/RevisionDesign/ipshared/1229/hdl/axi_protocol_converter_v2_1_vl_rfs.v:2857]
WARNING: [Synth 8-6014] Unused sequential element memory_reg[12] was removed.  [c:/Users/hrish/Downloads/ReRAM_Thesis/Project Folder/ReRAM_Revision/ReRAM_Revision.srcs/sources_1/bd/RevisionDesign/ipshared/1229/hdl/axi_protocol_converter_v2_1_vl_rfs.v:2857]
WARNING: [Synth 8-6014] Unused sequential element memory_reg[11] was removed.  [c:/Users/hrish/Downloads/ReRAM_Thesis/Project Folder/ReRAM_Revision/ReRAM_Revision.srcs/sources_1/bd/RevisionDesign/ipshared/1229/hdl/axi_protocol_converter_v2_1_vl_rfs.v:2857]
WARNING: [Synth 8-6014] Unused sequential element memory_reg[10] was removed.  [c:/Users/hrish/Downloads/ReRAM_Thesis/Project Folder/ReRAM_Revision/ReRAM_Revision.srcs/sources_1/bd/RevisionDesign/ipshared/1229/hdl/axi_protocol_converter_v2_1_vl_rfs.v:2857]
WARNING: [Synth 8-6014] Unused sequential element memory_reg[9] was removed.  [c:/Users/hrish/Downloads/ReRAM_Thesis/Project Folder/ReRAM_Revision/ReRAM_Revision.srcs/sources_1/bd/RevisionDesign/ipshared/1229/hdl/axi_protocol_converter_v2_1_vl_rfs.v:2857]
WARNING: [Synth 8-6014] Unused sequential element memory_reg[8] was removed.  [c:/Users/hrish/Downloads/ReRAM_Thesis/Project Folder/ReRAM_Revision/ReRAM_Revision.srcs/sources_1/bd/RevisionDesign/ipshared/1229/hdl/axi_protocol_converter_v2_1_vl_rfs.v:2857]
WARNING: [Synth 8-6014] Unused sequential element memory_reg[7] was removed.  [c:/Users/hrish/Downloads/ReRAM_Thesis/Project Folder/ReRAM_Revision/ReRAM_Revision.srcs/sources_1/bd/RevisionDesign/ipshared/1229/hdl/axi_protocol_converter_v2_1_vl_rfs.v:2857]
WARNING: [Synth 8-6014] Unused sequential element memory_reg[6] was removed.  [c:/Users/hrish/Downloads/ReRAM_Thesis/Project Folder/ReRAM_Revision/ReRAM_Revision.srcs/sources_1/bd/RevisionDesign/ipshared/1229/hdl/axi_protocol_converter_v2_1_vl_rfs.v:2857]
WARNING: [Synth 8-6014] Unused sequential element memory_reg[5] was removed.  [c:/Users/hrish/Downloads/ReRAM_Thesis/Project Folder/ReRAM_Revision/ReRAM_Revision.srcs/sources_1/bd/RevisionDesign/ipshared/1229/hdl/axi_protocol_converter_v2_1_vl_rfs.v:2857]
WARNING: [Synth 8-6014] Unused sequential element memory_reg[4] was removed.  [c:/Users/hrish/Downloads/ReRAM_Thesis/Project Folder/ReRAM_Revision/ReRAM_Revision.srcs/sources_1/bd/RevisionDesign/ipshared/1229/hdl/axi_protocol_converter_v2_1_vl_rfs.v:2857]
INFO: [Common 17-14] Message 'Synth 8-6014' appears 100 times and further instances of the messages will be disabled. Use the Tcl command set_msg_config to change the current settings.
INFO: [Synth 8-4471] merging register 'gen_axi.s_axi_rvalid_i_reg' into 'gen_axi.read_cs_reg[0:0]' [c:/Users/hrish/Downloads/ReRAM_Thesis/Project Folder/ReRAM_Revision/ReRAM_Revision.srcs/sources_1/bd/RevisionDesign/ipshared/d293/hdl/axi_crossbar_v2_1_vl_rfs.v:3667]
INFO: [Synth 8-802] inferred FSM for state register 'gen_axi.write_cs_reg' in module 'axi_crossbar_v2_1_17_decerr_slave'
INFO: [Synth 8-5546] ROM "gen_axi.read_cs" won't be mapped to RAM because it is too sparse
INFO: [Synth 8-5546] ROM "gen_axi.s_axi_rlast_i" won't be mapped to RAM because it is too sparse
INFO: [Synth 8-5546] ROM "gen_axi.s_axi_rlast_i" won't be mapped to RAM because it is too sparse
INFO: [Synth 8-5544] ROM "f_mux_return2" won't be mapped to Block RAM because address size (2) smaller than threshold (5)
INFO: [Synth 8-5544] ROM "f_mux_return2" won't be mapped to Block RAM because address size (2) smaller than threshold (5)
INFO: [Synth 8-5544] ROM "f_mux_return1" won't be mapped to Block RAM because address size (2) smaller than threshold (5)
INFO: [Synth 8-5818] HDL ADVISOR - The operator resource <adder> is shared. To prevent sharing consider applying a KEEP on the output of the operator [c:/Users/hrish/Downloads/ReRAM_Thesis/Project Folder/ReRAM_Revision/ReRAM_Revision.srcs/sources_1/bd/RevisionDesign/ipshared/d114/hdl/axi_data_fifo_v2_1_vl_rfs.v:759]
INFO: [Synth 8-5818] HDL ADVISOR - The operator resource <adder> is shared. To prevent sharing consider applying a KEEP on the output of the operator [c:/Users/hrish/Downloads/ReRAM_Thesis/Project Folder/ReRAM_Revision/ReRAM_Revision.srcs/sources_1/bd/RevisionDesign/ipshared/d293/hdl/axi_crossbar_v2_1_vl_rfs.v:4294]
INFO: [Synth 8-5818] HDL ADVISOR - The operator resource <adder> is shared. To prevent sharing consider applying a KEEP on the output of the operator [c:/Users/hrish/Downloads/ReRAM_Thesis/Project Folder/ReRAM_Revision/ReRAM_Revision.srcs/sources_1/bd/RevisionDesign/ipshared/d293/hdl/axi_crossbar_v2_1_vl_rfs.v:4327]
INFO: [Synth 8-5818] HDL ADVISOR - The operator resource <adder> is shared. To prevent sharing consider applying a KEEP on the output of the operator [c:/Users/hrish/Downloads/ReRAM_Thesis/Project Folder/ReRAM_Revision/ReRAM_Revision.srcs/sources_1/bd/RevisionDesign/ipshared/d293/hdl/axi_crossbar_v2_1_vl_rfs.v:4327]
INFO: [Synth 8-5818] HDL ADVISOR - The operator resource <adder> is shared. To prevent sharing consider applying a KEEP on the output of the operator [c:/Users/hrish/Downloads/ReRAM_Thesis/Project Folder/ReRAM_Revision/ReRAM_Revision.srcs/sources_1/bd/RevisionDesign/ipshared/d293/hdl/axi_crossbar_v2_1_vl_rfs.v:4327]
INFO: [Synth 8-5818] HDL ADVISOR - The operator resource <adder> is shared. To prevent sharing consider applying a KEEP on the output of the operator [c:/Users/hrish/Downloads/ReRAM_Thesis/Project Folder/ReRAM_Revision/ReRAM_Revision.srcs/sources_1/bd/RevisionDesign/ipshared/d293/hdl/axi_crossbar_v2_1_vl_rfs.v:4327]
INFO: [Synth 8-5818] HDL ADVISOR - The operator resource <adder> is shared. To prevent sharing consider applying a KEEP on the output of the operator [c:/Users/hrish/Downloads/ReRAM_Thesis/Project Folder/ReRAM_Revision/ReRAM_Revision.srcs/sources_1/bd/RevisionDesign/ipshared/d293/hdl/axi_crossbar_v2_1_vl_rfs.v:4327]
INFO: [Synth 8-5818] HDL ADVISOR - The operator resource <adder> is shared. To prevent sharing consider applying a KEEP on the output of the operator [c:/Users/hrish/Downloads/ReRAM_Thesis/Project Folder/ReRAM_Revision/ReRAM_Revision.srcs/sources_1/bd/RevisionDesign/ipshared/d293/hdl/axi_crossbar_v2_1_vl_rfs.v:4327]
INFO: [Synth 8-5818] HDL ADVISOR - The operator resource <adder> is shared. To prevent sharing consider applying a KEEP on the output of the operator [c:/Users/hrish/Downloads/ReRAM_Thesis/Project Folder/ReRAM_Revision/ReRAM_Revision.srcs/sources_1/bd/RevisionDesign/ipshared/d293/hdl/axi_crossbar_v2_1_vl_rfs.v:4327]
INFO: [Synth 8-5818] HDL ADVISOR - The operator resource <adder> is shared. To prevent sharing consider applying a KEEP on the output of the operator [c:/Users/hrish/Downloads/ReRAM_Thesis/Project Folder/ReRAM_Revision/ReRAM_Revision.srcs/sources_1/bd/RevisionDesign/ipshared/d293/hdl/axi_crossbar_v2_1_vl_rfs.v:4327]
INFO: [Synth 8-5544] ROM "f_mux_return2" won't be mapped to Block RAM because address size (2) smaller than threshold (5)
INFO: [Synth 8-5544] ROM "f_mux_return2" won't be mapped to Block RAM because address size (2) smaller than threshold (5)
INFO: [Synth 8-5544] ROM "f_mux_return1" won't be mapped to Block RAM because address size (2) smaller than threshold (5)
INFO: [Synth 8-5818] HDL ADVISOR - The operator resource <adder> is shared. To prevent sharing consider applying a KEEP on the output of the operator [c:/Users/hrish/Downloads/ReRAM_Thesis/Project Folder/ReRAM_Revision/ReRAM_Revision.srcs/sources_1/bd/RevisionDesign/ipshared/d293/hdl/axi_crossbar_v2_1_vl_rfs.v:4294]
INFO: [Synth 8-5818] HDL ADVISOR - The operator resource <adder> is shared. To prevent sharing consider applying a KEEP on the output of the operator [c:/Users/hrish/Downloads/ReRAM_Thesis/Project Folder/ReRAM_Revision/ReRAM_Revision.srcs/sources_1/bd/RevisionDesign/ipshared/d293/hdl/axi_crossbar_v2_1_vl_rfs.v:4327]
INFO: [Synth 8-5818] HDL ADVISOR - The operator resource <adder> is shared. To prevent sharing consider applying a KEEP on the output of the operator [c:/Users/hrish/Downloads/ReRAM_Thesis/Project Folder/ReRAM_Revision/ReRAM_Revision.srcs/sources_1/bd/RevisionDesign/ipshared/d293/hdl/axi_crossbar_v2_1_vl_rfs.v:4327]
INFO: [Synth 8-5818] HDL ADVISOR - The operator resource <adder> is shared. To prevent sharing consider applying a KEEP on the output of the operator [c:/Users/hrish/Downloads/ReRAM_Thesis/Project Folder/ReRAM_Revision/ReRAM_Revision.srcs/sources_1/bd/RevisionDesign/ipshared/d293/hdl/axi_crossbar_v2_1_vl_rfs.v:4327]
INFO: [Synth 8-5818] HDL ADVISOR - The operator resource <adder> is shared. To prevent sharing consider applying a KEEP on the output of the operator [c:/Users/hrish/Downloads/ReRAM_Thesis/Project Folder/ReRAM_Revision/ReRAM_Revision.srcs/sources_1/bd/RevisionDesign/ipshared/d293/hdl/axi_crossbar_v2_1_vl_rfs.v:4327]
INFO: [Synth 8-5818] HDL ADVISOR - The operator resource <adder> is shared. To prevent sharing consider applying a KEEP on the output of the operator [c:/Users/hrish/Downloads/ReRAM_Thesis/Project Folder/ReRAM_Revision/ReRAM_Revision.srcs/sources_1/bd/RevisionDesign/ipshared/d293/hdl/axi_crossbar_v2_1_vl_rfs.v:4327]
INFO: [Synth 8-5818] HDL ADVISOR - The operator resource <adder> is shared. To prevent sharing consider applying a KEEP on the output of the operator [c:/Users/hrish/Downloads/ReRAM_Thesis/Project Folder/ReRAM_Revision/ReRAM_Revision.srcs/sources_1/bd/RevisionDesign/ipshared/d293/hdl/axi_crossbar_v2_1_vl_rfs.v:4327]
INFO: [Synth 8-5818] HDL ADVISOR - The operator resource <adder> is shared. To prevent sharing consider applying a KEEP on the output of the operator [c:/Users/hrish/Downloads/ReRAM_Thesis/Project Folder/ReRAM_Revision/ReRAM_Revision.srcs/sources_1/bd/RevisionDesign/ipshared/d293/hdl/axi_crossbar_v2_1_vl_rfs.v:4327]
INFO: [Synth 8-5818] HDL ADVISOR - The operator resource <adder> is shared. To prevent sharing consider applying a KEEP on the output of the operator [c:/Users/hrish/Downloads/ReRAM_Thesis/Project Folder/ReRAM_Revision/ReRAM_Revision.srcs/sources_1/bd/RevisionDesign/ipshared/d293/hdl/axi_crossbar_v2_1_vl_rfs.v:4327]
INFO: [Synth 8-802] inferred FSM for state register 'state_reg' in module 'axi_data_fifo_v2_1_15_axic_reg_srl_fifo'
INFO: [Synth 8-5544] ROM "state" won't be mapped to Block RAM because address size (1) smaller than threshold (5)
INFO: [Synth 8-5818] HDL ADVISOR - The operator resource <adder> is shared. To prevent sharing consider applying a KEEP on the output of the operator [c:/Users/hrish/Downloads/ReRAM_Thesis/Project Folder/ReRAM_Revision/ReRAM_Revision.srcs/sources_1/bd/RevisionDesign/ipshared/d293/hdl/axi_crossbar_v2_1_vl_rfs.v:3091]
INFO: [Synth 8-5818] HDL ADVISOR - The operator resource <adder> is shared. To prevent sharing consider applying a KEEP on the output of the operator [c:/Users/hrish/Downloads/ReRAM_Thesis/Project Folder/ReRAM_Revision/ReRAM_Revision.srcs/sources_1/bd/RevisionDesign/ipshared/d293/hdl/axi_crossbar_v2_1_vl_rfs.v:3091]
INFO: [Synth 8-5818] HDL ADVISOR - The operator resource <adder> is shared. To prevent sharing consider applying a KEEP on the output of the operator [c:/Users/hrish/Downloads/ReRAM_Thesis/Project Folder/ReRAM_Revision/ReRAM_Revision.srcs/sources_1/bd/RevisionDesign/ipshared/d293/hdl/axi_crossbar_v2_1_vl_rfs.v:3086]
INFO: [Synth 8-5818] HDL ADVISOR - The operator resource <adder> is shared. To prevent sharing consider applying a KEEP on the output of the operator [c:/Users/hrish/Downloads/ReRAM_Thesis/Project Folder/ReRAM_Revision/ReRAM_Revision.srcs/sources_1/bd/RevisionDesign/ipshared/d293/hdl/axi_crossbar_v2_1_vl_rfs.v:3086]
INFO: [Synth 8-4471] merging register 'seq_cnt_en_reg' into 'from_sys_reg' [c:/Users/hrish/Downloads/ReRAM_Thesis/Project Folder/ReRAM_Revision/ReRAM_Revision.srcs/sources_1/bd/RevisionDesign/ipshared/f86a/hdl/proc_sys_reset_v5_0_vh_rfs.vhd:377]
---------------------------------------------------------------------------------------------------
                   State |                     New Encoding |                Previous Encoding 
---------------------------------------------------------------------------------------------------
                    idle |                              000 |                              000
               w8_awaddr |                              001 |                              001
            brst_wr_data |                              010 |                              011
          b2b_w8_wr_data |                              011 |                              100
             sng_wr_data |                              100 |                              010
---------------------------------------------------------------------------------------------------
INFO: [Synth 8-3354] encoded FSM with state register 'GEN_WDATA_SM_NO_ECC_DUAL_REG_WREADY.wr_data_sm_cs_reg' using encoding 'sequential' in module 'wr_chnl'
---------------------------------------------------------------------------------------------------
                   State |                     New Encoding |                Previous Encoding 
---------------------------------------------------------------------------------------------------
                    idle |                              000 |                              000
          w8_throttle_b2 |                              001 |                              100
             w8_throttle |                              010 |                              001
        w8_2nd_last_data |                              011 |                              010
            w8_last_data |                              100 |                              011
---------------------------------------------------------------------------------------------------
INFO: [Synth 8-3354] encoded FSM with state register 'rlast_sm_cs_reg' using encoding 'sequential' in module 'rd_chnl'
---------------------------------------------------------------------------------------------------
                   State |                     New Encoding |                Previous Encoding 
---------------------------------------------------------------------------------------------------
                    idle |                             0000 |                             0000
                sng_addr |                             0001 |                             0001
                sec_addr |                             0010 |                             0010
               full_pipe |                             0011 |                             0011
           full_throttle |                             0100 |                             0100
               last_addr |                             0101 |                             0101
           last_throttle |                             0110 |                             0110
               last_data |                             0111 |                             0111
       last_data_ar_pend |                             1000 |                             1000
---------------------------------------------------------------------------------------------------
INFO: [Synth 8-3354] encoded FSM with state register 'rd_data_sm_cs_reg' using encoding 'sequential' in module 'rd_chnl'
---------------------------------------------------------------------------------------------------
                   State |                     New Encoding |                Previous Encoding 
---------------------------------------------------------------------------------------------------
                    IDLE |                               00 |                               00
                 SETTING |                               01 |                               01
               RESETTING |                               10 |                               10
---------------------------------------------------------------------------------------------------
INFO: [Synth 8-3354] encoded FSM with state register 'write_fsm_state_reg' using encoding 'sequential' in module 'reram_cell'
INFO: [Synth 8-6159] Found Keep on FSM register 'state_reg' in module 'axi_protocol_converter_v2_1_16_b2s_rd_cmd_fsm', re-encoding will not be performed
---------------------------------------------------------------------------------------------------
                   State |                     New Encoding |                Previous Encoding 
---------------------------------------------------------------------------------------------------
            P_WRITE_IDLE |                              001 |                               00
            P_WRITE_DATA |                              010 |                               01
            P_WRITE_RESP |                              100 |                               10
---------------------------------------------------------------------------------------------------
INFO: [Synth 8-3354] encoded FSM with state register 'gen_axi.write_cs_reg' using encoding 'one-hot' in module 'axi_crossbar_v2_1_17_decerr_slave'
---------------------------------------------------------------------------------------------------
                   State |                     New Encoding |                Previous Encoding 
---------------------------------------------------------------------------------------------------
                    ZERO |                             1000 |                               10
                     ONE |                             0010 |                               11
                     TWO |                             0001 |                               01
                  iSTATE |                             0100 |                               00
*
---------------------------------------------------------------------------------------------------
INFO: [Synth 8-3354] encoded FSM with state register 'state_reg' using encoding 'one-hot' in module 'axi_data_fifo_v2_1_15_axic_reg_srl_fifo'
---------------------------------------------------------------------------------
Finished RTL Optimization Phase 2 : Time (s): cpu = 00:01:48 ; elapsed = 00:01:56 . Memory (MB): peak = 916.711 ; gain = 609.660
---------------------------------------------------------------------------------

Report RTL Partitions: 
+-+--------------+------------+----------+
| |RTL Partition |Replication |Instances |
+-+--------------+------------+----------+
+-+--------------+------------+----------+
---------------------------------------------------------------------------------
Start RTL Component Statistics 
---------------------------------------------------------------------------------
Detailed RTL Component Info : 
+---Adders : 
	   2 Input     12 Bit       Adders := 8     
	   2 Input     10 Bit       Adders := 2     
	   2 Input      9 Bit       Adders := 2     
	   2 Input      8 Bit       Adders := 5     
	   2 Input      6 Bit       Adders := 1     
	   2 Input      5 Bit       Adders := 5     
	   2 Input      4 Bit       Adders := 59    
	   2 Input      3 Bit       Adders := 6     
	   2 Input      2 Bit       Adders := 4     
	   2 Input      1 Bit       Adders := 2     
+---XORs : 
	   2 Input      1 Bit         XORs := 28    
+---Registers : 
	               75 Bit    Registers := 2     
	               73 Bit    Registers := 4     
	               47 Bit    Registers := 8     
	               32 Bit    Registers := 21    
	               14 Bit    Registers := 5     
	               12 Bit    Registers := 33    
	               11 Bit    Registers := 2     
	               10 Bit    Registers := 2     
	                9 Bit    Registers := 2     
	                8 Bit    Registers := 8     
	                6 Bit    Registers := 1     
	                5 Bit    Registers := 8     
	                4 Bit    Registers := 28    
	                3 Bit    Registers := 17    
	                2 Bit    Registers := 24    
	                1 Bit    Registers := 301   
+---Muxes : 
	   2 Input     73 Bit        Muxes := 4     
	   2 Input     64 Bit        Muxes := 16    
	   2 Input     47 Bit        Muxes := 8     
	   2 Input     32 Bit        Muxes := 12    
	   4 Input     32 Bit        Muxes := 4     
	   3 Input     32 Bit        Muxes := 16    
	   2 Input     24 Bit        Muxes := 6     
	   2 Input     14 Bit        Muxes := 2     
	   2 Input     12 Bit        Muxes := 10    
	   5 Input     11 Bit        Muxes := 2     
	   2 Input     11 Bit        Muxes := 8     
	   2 Input     10 Bit        Muxes := 1     
	   2 Input      9 Bit        Muxes := 4     
	   2 Input      8 Bit        Muxes := 6     
	   2 Input      6 Bit        Muxes := 1     
	   2 Input      5 Bit        Muxes := 6     
	   9 Input      4 Bit        Muxes := 1     
	   2 Input      4 Bit        Muxes := 35    
	   3 Input      4 Bit        Muxes := 16    
	   4 Input      4 Bit        Muxes := 1     
	   8 Input      3 Bit        Muxes := 2     
	   2 Input      3 Bit        Muxes := 14    
	   5 Input      3 Bit        Muxes := 2     
	   4 Input      2 Bit        Muxes := 5     
	   3 Input      2 Bit        Muxes := 18    
	   2 Input      2 Bit        Muxes := 78    
	   5 Input      2 Bit        Muxes := 1     
	   2 Input      1 Bit        Muxes := 180   
	   5 Input      1 Bit        Muxes := 15    
	   3 Input      1 Bit        Muxes := 106   
	   9 Input      1 Bit        Muxes := 24    
	   4 Input      1 Bit        Muxes := 3     
---------------------------------------------------------------------------------
Finished RTL Component Statistics 
---------------------------------------------------------------------------------
---------------------------------------------------------------------------------
Start RTL Hierarchical Component Statistics 
---------------------------------------------------------------------------------
Hierarchical RTL Component report 
Module wrap_brst 
Detailed RTL Component Info : 
+---Registers : 
	               10 Bit    Registers := 1     
	                3 Bit    Registers := 1     
+---Muxes : 
	   5 Input     11 Bit        Muxes := 1     
	   8 Input      3 Bit        Muxes := 1     
	   4 Input      2 Bit        Muxes := 1     
	   3 Input      2 Bit        Muxes := 1     
	   2 Input      1 Bit        Muxes := 4     
Module SRL_FIFO 
Detailed RTL Component Info : 
+---XORs : 
	   2 Input      1 Bit         XORs := 4     
+---Muxes : 
	   2 Input      1 Bit        Muxes := 2     
Module wr_chnl 
Detailed RTL Component Info : 
+---Adders : 
	   2 Input     10 Bit       Adders := 1     
	   2 Input      3 Bit       Adders := 2     
+---Registers : 
	               12 Bit    Registers := 2     
	               11 Bit    Registers := 1     
	                8 Bit    Registers := 1     
	                4 Bit    Registers := 1     
	                3 Bit    Registers := 2     
	                2 Bit    Registers := 2     
	                1 Bit    Registers := 65    
+---Muxes : 
	   2 Input     12 Bit        Muxes := 2     
	   2 Input     11 Bit        Muxes := 4     
	   2 Input      8 Bit        Muxes := 1     
	   2 Input      3 Bit        Muxes := 7     
	   5 Input      3 Bit        Muxes := 1     
	   2 Input      2 Bit        Muxes := 1     
	   2 Input      1 Bit        Muxes := 23    
	   5 Input      1 Bit        Muxes := 13    
Module rd_chnl 
Detailed RTL Component Info : 
+---Adders : 
	   2 Input     10 Bit       Adders := 1     
	   2 Input      8 Bit       Adders := 1     
+---Registers : 
	               32 Bit    Registers := 1     
	               12 Bit    Registers := 4     
	               11 Bit    Registers := 1     
	                8 Bit    Registers := 2     
	                3 Bit    Registers := 1     
	                2 Bit    Registers := 2     
	                1 Bit    Registers := 82    
+---Muxes : 
	   2 Input     32 Bit        Muxes := 1     
	   2 Input     12 Bit        Muxes := 2     
	   2 Input     11 Bit        Muxes := 4     
	   2 Input     10 Bit        Muxes := 1     
	   2 Input      8 Bit        Muxes := 3     
	   9 Input      4 Bit        Muxes := 1     
	   2 Input      4 Bit        Muxes := 10    
	   5 Input      3 Bit        Muxes := 1     
	   2 Input      3 Bit        Muxes := 4     
	   2 Input      2 Bit        Muxes := 1     
	   2 Input      1 Bit        Muxes := 43    
	   3 Input      1 Bit        Muxes := 1     
	   5 Input      1 Bit        Muxes := 2     
	   9 Input      1 Bit        Muxes := 24    
Module axi_reram_v1_0_S00_AXI 
Detailed RTL Component Info : 
+---Registers : 
	               32 Bit    Registers := 4     
	                4 Bit    Registers := 2     
	                2 Bit    Registers := 2     
	                1 Bit    Registers := 7     
+---Muxes : 
	   2 Input     32 Bit        Muxes := 3     
	   4 Input     32 Bit        Muxes := 4     
	   2 Input      8 Bit        Muxes := 1     
	   2 Input      1 Bit        Muxes := 5     
Module reram_cell 
Detailed RTL Component Info : 
+---Adders : 
	   2 Input      4 Bit       Adders := 1     
+---Registers : 
	               32 Bit    Registers := 1     
	                1 Bit    Registers := 3     
+---Muxes : 
	   3 Input     32 Bit        Muxes := 1     
	   3 Input      2 Bit        Muxes := 1     
	   2 Input      2 Bit        Muxes := 1     
	   3 Input      1 Bit        Muxes := 6     
	   2 Input      1 Bit        Muxes := 1     
Module axi_reram_v1_0 
Detailed RTL Component Info : 
+---Adders : 
	   2 Input      4 Bit       Adders := 1     
+---Registers : 
	                4 Bit    Registers := 1     
Module blk_mem_gen_v8_4_1_blk_mem_gen_prim_width 
Detailed RTL Component Info : 
+---XORs : 
	   2 Input      1 Bit         XORs := 2     
+---Registers : 
	                5 Bit    Registers := 2     
	                1 Bit    Registers := 8     
Module blk_mem_gen_v8_4_1_blk_mem_gen_prim_width__parameterized0 
Detailed RTL Component Info : 
+---XORs : 
	   2 Input      1 Bit         XORs := 2     
+---Registers : 
	                5 Bit    Registers := 2     
	                1 Bit    Registers := 8     
Module axi_protocol_converter_v2_1_16_b2s_incr_cmd 
Detailed RTL Component Info : 
+---Adders : 
	   2 Input     12 Bit       Adders := 3     
	   2 Input      9 Bit       Adders := 1     
+---Registers : 
	               12 Bit    Registers := 1     
	                9 Bit    Registers := 1     
	                1 Bit    Registers := 2     
+---Muxes : 
	   2 Input     32 Bit        Muxes := 1     
	   2 Input     12 Bit        Muxes := 1     
	   2 Input      9 Bit        Muxes := 2     
	   2 Input      4 Bit        Muxes := 1     
	   2 Input      1 Bit        Muxes := 4     
Module axi_protocol_converter_v2_1_16_b2s_wrap_cmd 
Detailed RTL Component Info : 
+---Adders : 
	   2 Input     12 Bit       Adders := 1     
	   2 Input      5 Bit       Adders := 1     
	   2 Input      4 Bit       Adders := 2     
+---Registers : 
	               12 Bit    Registers := 2     
	                5 Bit    Registers := 1     
	                4 Bit    Registers := 3     
	                1 Bit    Registers := 2     
+---Muxes : 
	   2 Input     32 Bit        Muxes := 1     
	   2 Input     12 Bit        Muxes := 2     
	   2 Input      5 Bit        Muxes := 2     
	   2 Input      4 Bit        Muxes := 8     
	   2 Input      1 Bit        Muxes := 4     
Module axi_protocol_converter_v2_1_16_b2s_cmd_translator 
Detailed RTL Component Info : 
+---Registers : 
	                1 Bit    Registers := 3     
+---Muxes : 
	   2 Input     32 Bit        Muxes := 2     
	   2 Input      1 Bit        Muxes := 4     
Module axi_protocol_converter_v2_1_16_b2s_wr_cmd_fsm 
Detailed RTL Component Info : 
+---Registers : 
	                2 Bit    Registers := 1     
+---Muxes : 
	   2 Input      2 Bit        Muxes := 4     
	   4 Input      2 Bit        Muxes := 2     
Module axi_protocol_converter_v2_1_16_b2s_aw_channel 
Detailed RTL Component Info : 
+---Registers : 
	               12 Bit    Registers := 1     
	                8 Bit    Registers := 1     
Module axi_protocol_converter_v2_1_16_b2s_simple_fifo 
Detailed RTL Component Info : 
+---Adders : 
	   2 Input      2 Bit       Adders := 1     
+---Registers : 
	                2 Bit    Registers := 1     
+---Muxes : 
	   2 Input      2 Bit        Muxes := 1     
Module axi_protocol_converter_v2_1_16_b2s_simple_fifo__parameterized0 
Detailed RTL Component Info : 
+---Adders : 
	   2 Input      2 Bit       Adders := 2     
+---Registers : 
	                2 Bit    Registers := 1     
+---Muxes : 
	   2 Input      2 Bit        Muxes := 2     
Module axi_protocol_converter_v2_1_16_b2s_b_channel 
Detailed RTL Component Info : 
+---Adders : 
	   2 Input      8 Bit       Adders := 1     
+---Registers : 
	                8 Bit    Registers := 1     
	                2 Bit    Registers := 1     
	                1 Bit    Registers := 3     
Module axi_protocol_converter_v2_1_16_b2s_rd_cmd_fsm 
Detailed RTL Component Info : 
+---Muxes : 
	   4 Input      2 Bit        Muxes := 1     
	   2 Input      2 Bit        Muxes := 4     
	   5 Input      2 Bit        Muxes := 1     
	   2 Input      1 Bit        Muxes := 2     
Module axi_protocol_converter_v2_1_16_b2s_ar_channel 
Detailed RTL Component Info : 
+---Registers : 
	               12 Bit    Registers := 1     
Module axi_protocol_converter_v2_1_16_b2s_simple_fifo__parameterized1 
Detailed RTL Component Info : 
+---Adders : 
	   2 Input      5 Bit       Adders := 2     
+---Registers : 
	                5 Bit    Registers := 1     
+---Muxes : 
	   2 Input      5 Bit        Muxes := 2     
Module axi_protocol_converter_v2_1_16_b2s_simple_fifo__parameterized2 
Detailed RTL Component Info : 
+---Adders : 
	   2 Input      5 Bit       Adders := 1     
+---Registers : 
	                5 Bit    Registers := 1     
+---Muxes : 
	   2 Input      2 Bit        Muxes := 1     
Module axi_protocol_converter_v2_1_16_b2s_r_channel 
Detailed RTL Component Info : 
+---Registers : 
	               12 Bit    Registers := 1     
	                1 Bit    Registers := 2     
Module axi_register_slice_v2_1_16_axic_register_slice 
Detailed RTL Component Info : 
+---Registers : 
	               73 Bit    Registers := 2     
	                2 Bit    Registers := 1     
	                1 Bit    Registers := 2     
+---Muxes : 
	   2 Input     73 Bit        Muxes := 2     
Module axi_register_slice_v2_1_16_axic_register_slice__parameterized1 
Detailed RTL Component Info : 
+---Registers : 
	               14 Bit    Registers := 2     
	                2 Bit    Registers := 1     
	                1 Bit    Registers := 2     
+---Muxes : 
	   2 Input     14 Bit        Muxes := 2     
Module axi_register_slice_v2_1_16_axic_register_slice__parameterized2 
Detailed RTL Component Info : 
+---Registers : 
	               47 Bit    Registers := 2     
	                2 Bit    Registers := 1     
	                1 Bit    Registers := 2     
+---Muxes : 
	   2 Input     47 Bit        Muxes := 2     
Module axi_protocol_converter_v2_1_16_b2s 
Detailed RTL Component Info : 
+---Registers : 
	                1 Bit    Registers := 1     
Module axi_crossbar_v2_1_17_decerr_slave 
Detailed RTL Component Info : 
+---Adders : 
	   2 Input      8 Bit       Adders := 1     
+---Registers : 
	               12 Bit    Registers := 2     
	                8 Bit    Registers := 1     
	                1 Bit    Registers := 6     
+---Muxes : 
	   2 Input      8 Bit        Muxes := 1     
	   3 Input      1 Bit        Muxes := 9     
	   2 Input      1 Bit        Muxes := 12    
Module axi_crossbar_v2_1_17_addr_arbiter 
Detailed RTL Component Info : 
+---Registers : 
	               75 Bit    Registers := 1     
	                3 Bit    Registers := 1     
	                1 Bit    Registers := 3     
+---Muxes : 
	   2 Input      1 Bit        Muxes := 2     
Module axi_crossbar_v2_1_17_splitter 
Detailed RTL Component Info : 
+---Registers : 
	                2 Bit    Registers := 1     
Module axi_crossbar_v2_1_17_addr_decoder 
Detailed RTL Component Info : 
+---Muxes : 
	   2 Input      2 Bit        Muxes := 1     
Module axi_crossbar_v2_1_17_arbiter_resp 
Detailed RTL Component Info : 
+---Registers : 
	                3 Bit    Registers := 2     
Module generic_baseblocks_v2_1_0_mux_enc 
Detailed RTL Component Info : 
+---Muxes : 
	   2 Input      1 Bit        Muxes := 3     
Module axi_data_fifo_v2_1_15_axic_srl_fifo 
Detailed RTL Component Info : 
+---Adders : 
	   2 Input      4 Bit       Adders := 1     
+---XORs : 
	   2 Input      1 Bit         XORs := 1     
+---Registers : 
	                4 Bit    Registers := 1     
	                1 Bit    Registers := 1     
+---Muxes : 
	   2 Input      2 Bit        Muxes := 1     
	   2 Input      1 Bit        Muxes := 1     
Module axi_crossbar_v2_1_17_si_transactor 
Detailed RTL Component Info : 
+---Adders : 
	   2 Input      4 Bit       Adders := 9     
+---Registers : 
	               12 Bit    Registers := 8     
	                4 Bit    Registers := 1     
+---Muxes : 
	   2 Input     64 Bit        Muxes := 8     
	   3 Input      4 Bit        Muxes := 8     
	   2 Input      3 Bit        Muxes := 1     
	   2 Input      2 Bit        Muxes := 10    
	   2 Input      1 Bit        Muxes := 1     
Module generic_baseblocks_v2_1_0_mux_enc__parameterized0 
Detailed RTL Component Info : 
+---Muxes : 
	   2 Input      1 Bit        Muxes := 3     
Module axi_crossbar_v2_1_17_si_transactor__parameterized0 
Detailed RTL Component Info : 
+---Adders : 
	   2 Input      4 Bit       Adders := 9     
+---Registers : 
	               12 Bit    Registers := 8     
	                4 Bit    Registers := 1     
+---Muxes : 
	   2 Input     64 Bit        Muxes := 8     
	   3 Input      4 Bit        Muxes := 8     
	   2 Input      3 Bit        Muxes := 1     
	   2 Input      2 Bit        Muxes := 10    
	   2 Input      1 Bit        Muxes := 1     
Module axi_data_fifo_v2_1_15_axic_reg_srl_fifo 
Detailed RTL Component Info : 
+---Adders : 
	   2 Input      3 Bit       Adders := 2     
+---XORs : 
	   2 Input      1 Bit         XORs := 1     
+---Registers : 
	                3 Bit    Registers := 1     
	                2 Bit    Registers := 1     
	                1 Bit    Registers := 3     
+---Muxes : 
	   4 Input      4 Bit        Muxes := 1     
	   2 Input      4 Bit        Muxes := 3     
	   2 Input      3 Bit        Muxes := 1     
	   2 Input      2 Bit        Muxes := 1     
	   2 Input      1 Bit        Muxes := 5     
	   4 Input      1 Bit        Muxes := 3     
Module axi_data_fifo_v2_1_15_axic_srl_fifo__parameterized0 
Detailed RTL Component Info : 
+---Adders : 
	   2 Input      3 Bit       Adders := 1     
+---XORs : 
	   2 Input      1 Bit         XORs := 1     
+---Registers : 
	                3 Bit    Registers := 1     
	                1 Bit    Registers := 1     
+---Muxes : 
	   2 Input      2 Bit        Muxes := 1     
	   2 Input      1 Bit        Muxes := 1     
Module axi_register_slice_v2_1_16_axic_register_slice__parameterized9 
Detailed RTL Component Info : 
+---Registers : 
	               14 Bit    Registers := 1     
	                2 Bit    Registers := 1     
	                1 Bit    Registers := 2     
+---Muxes : 
	   2 Input      1 Bit        Muxes := 2     
Module axi_register_slice_v2_1_16_axic_register_slice__parameterized10 
Detailed RTL Component Info : 
+---Registers : 
	               47 Bit    Registers := 2     
	                2 Bit    Registers := 1     
	                1 Bit    Registers := 2     
+---Muxes : 
	   2 Input     47 Bit        Muxes := 2     
Module axi_data_fifo_v2_1_15_axic_srl_fifo__parameterized1 
Detailed RTL Component Info : 
+---Adders : 
	   2 Input      2 Bit       Adders := 1     
+---XORs : 
	   2 Input      1 Bit         XORs := 1     
+---Registers : 
	                2 Bit    Registers := 1     
	                1 Bit    Registers := 1     
+---Muxes : 
	   2 Input      2 Bit        Muxes := 1     
	   2 Input      1 Bit        Muxes := 1     
Module axi_crossbar_v2_1_17_crossbar 
Detailed RTL Component Info : 
+---Adders : 
	   2 Input      8 Bit       Adders := 2     
	   2 Input      4 Bit       Adders := 4     
	   2 Input      1 Bit       Adders := 2     
+---Registers : 
	                8 Bit    Registers := 2     
	                1 Bit    Registers := 1     
+---Muxes : 
	   2 Input     24 Bit        Muxes := 6     
	   2 Input      4 Bit        Muxes := 4     
	   2 Input      2 Bit        Muxes := 6     
	   2 Input      1 Bit        Muxes := 2     
Module lpf 
Detailed RTL Component Info : 
+---Registers : 
	                1 Bit    Registers := 3     
Module upcnt_n 
Detailed RTL Component Info : 
+---Adders : 
	   2 Input      6 Bit       Adders := 1     
+---Registers : 
	                6 Bit    Registers := 1     
+---Muxes : 
	   2 Input      6 Bit        Muxes := 1     
	   2 Input      1 Bit        Muxes := 1     
Module sequence_psr 
Detailed RTL Component Info : 
+---Registers : 
	                3 Bit    Registers := 3     
	                1 Bit    Registers := 5     
---------------------------------------------------------------------------------
Finished RTL Hierarchical Component Statistics
---------------------------------------------------------------------------------
---------------------------------------------------------------------------------
Start Part Resource Summary
---------------------------------------------------------------------------------
Part Resources:
DSPs: 220 (col length:60)
BRAMs: 280 (col length: RAMB18 60 RAMB36 30)
---------------------------------------------------------------------------------
Finished Part Resource Summary
---------------------------------------------------------------------------------
---------------------------------------------------------------------------------
Start Cross Boundary and Area Optimization
---------------------------------------------------------------------------------
Warning: Parallel synthesis criteria is not met 
INFO: [Synth 8-4471] merging register 'U0/gext_inst.abcv4_0_ext_inst/GEN_AXI4.I_FULL_AXI/I_RD_CHNL/GEN_ARREADY.axi_aresetn_d1_reg' into 'U0/gext_inst.abcv4_0_ext_inst/GEN_AXI4.I_FULL_AXI/I_WR_CHNL/GEN_AWREADY.axi_aresetn_d1_reg' [c:/Users/hrish/Downloads/ReRAM_Thesis/Project Folder/ReRAM_Revision/ReRAM_Revision.srcs/sources_1/bd/RevisionDesign/ipshared/6db1/hdl/axi_bram_ctrl_v4_0_rfs.vhd:12291]
INFO: [Synth 8-4471] merging register 'U0/gext_inst.abcv4_0_ext_inst/GEN_AXI4.I_FULL_AXI/I_RD_CHNL/GEN_ARREADY.axi_aresetn_d2_reg' into 'U0/gext_inst.abcv4_0_ext_inst/GEN_AXI4.I_FULL_AXI/I_WR_CHNL/GEN_AWREADY.axi_aresetn_d2_reg' [c:/Users/hrish/Downloads/ReRAM_Thesis/Project Folder/ReRAM_Revision/ReRAM_Revision.srcs/sources_1/bd/RevisionDesign/ipshared/6db1/hdl/axi_bram_ctrl_v4_0_rfs.vhd:12292]
INFO: [Synth 8-4471] merging register 'U0/gext_inst.abcv4_0_ext_inst/GEN_AXI4.I_FULL_AXI/I_RD_CHNL/GEN_ARREADY.axi_aresetn_d3_reg' into 'U0/gext_inst.abcv4_0_ext_inst/GEN_AXI4.I_FULL_AXI/I_WR_CHNL/GEN_AWREADY.axi_aresetn_d3_reg' [c:/Users/hrish/Downloads/ReRAM_Thesis/Project Folder/ReRAM_Revision/ReRAM_Revision.srcs/sources_1/bd/RevisionDesign/ipshared/6db1/hdl/axi_bram_ctrl_v4_0_rfs.vhd:12293]
INFO: [Synth 8-5546] ROM "U0/gext_inst.abcv4_0_ext_inst/GEN_AXI4.I_FULL_AXI/I_RD_CHNL/axi_rd_burst_two" won't be mapped to RAM because it is too sparse
INFO: [Synth 8-3936] Found unconnected internal register 'inst/gen_axilite.gen_b2s_conv.axilite_b2s/SI_REG/aw.aw_pipe/m_payload_i_reg' and it is trimmed from '73' to '65' bits. [c:/Users/hrish/Downloads/ReRAM_Thesis/Project Folder/ReRAM_Revision/ReRAM_Revision.srcs/sources_1/bd/RevisionDesign/ipshared/0cde/hdl/axi_register_slice_v2_1_vl_rfs.v:422]
INFO: [Synth 8-3936] Found unconnected internal register 'inst/gen_axilite.gen_b2s_conv.axilite_b2s/SI_REG/ar.ar_pipe/m_payload_i_reg' and it is trimmed from '73' to '65' bits. [c:/Users/hrish/Downloads/ReRAM_Thesis/Project Folder/ReRAM_Revision/ReRAM_Revision.srcs/sources_1/bd/RevisionDesign/ipshared/0cde/hdl/axi_register_slice_v2_1_vl_rfs.v:422]
INFO: [Synth 8-5546] ROM "gen_axi.s_axi_rlast_i" won't be mapped to RAM because it is too sparse
INFO: [Synth 8-5546] ROM "gen_axi.read_cs" won't be mapped to RAM because it is too sparse
INFO: [Synth 8-3886] merging instance 'RevisionDesign_i/axi_bram_ctrl_0/U0/gext_inst.abcv4_0_ext_inst/GEN_AXI4.I_FULL_AXI/I_RD_CHNL/GEN_AR_PIPE_DUAL.axi_arsize_pipe_reg[2]' (FDE) to 'RevisionDesign_i/axi_bram_ctrl_0/U0/gext_inst.abcv4_0_ext_inst/GEN_AXI4.I_FULL_AXI/I_RD_CHNL/GEN_AR_PIPE_DUAL.axi_arsize_pipe_reg[0]'
INFO: [Synth 8-3333] propagating constant 0 across sequential element (RevisionDesign_i/axi_bram_ctrl_0/\U0/gext_inst.abcv4_0_ext_inst/GEN_AXI4.I_FULL_AXI/I_RD_CHNL/GEN_AR_PIPE_DUAL.axi_arsize_pipe_reg[0] )
INFO: [Synth 8-3886] merging instance 'RevisionDesign_i/axi_bram_ctrl_0/U0/gext_inst.abcv4_0_ext_inst/GEN_AXI4.I_FULL_AXI/I_WR_CHNL/GEN_AW_PIPE_DUAL.axi_awsize_pipe_reg[2]' (FDE) to 'RevisionDesign_i/axi_bram_ctrl_0/U0/gext_inst.abcv4_0_ext_inst/GEN_AXI4.I_FULL_AXI/I_WR_CHNL/GEN_AW_PIPE_DUAL.axi_awsize_pipe_reg[0]'
INFO: [Synth 8-3333] propagating constant 0 across sequential element (RevisionDesign_i/axi_bram_ctrl_0/\U0/gext_inst.abcv4_0_ext_inst/GEN_AXI4.I_FULL_AXI/I_WR_CHNL/GEN_AW_PIPE_DUAL.axi_awsize_pipe_reg[0] )
INFO: [Synth 8-3886] merging instance 'RevisionDesign_i/axi_bram_ctrl_0/U0/gext_inst.abcv4_0_ext_inst/GEN_AXI4.I_FULL_AXI/I_RD_CHNL/GEN_RRESP.axi_rresp_int_reg[0]' (FDRE) to 'RevisionDesign_i/axi_bram_ctrl_0/U0/gext_inst.abcv4_0_ext_inst/GEN_AXI4.I_FULL_AXI/I_RD_CHNL/GEN_RRESP.axi_rresp_int_reg[1]'
INFO: [Synth 8-3333] propagating constant 0 across sequential element (RevisionDesign_i/axi_bram_ctrl_0/\U0/gext_inst.abcv4_0_ext_inst/GEN_AXI4.I_FULL_AXI/I_RD_CHNL/GEN_RRESP.axi_rresp_int_reg[1] )
INFO: [Synth 8-3886] merging instance 'RevisionDesign_i/axi_bram_ctrl_0/U0/gext_inst.abcv4_0_ext_inst/GEN_AXI4.I_FULL_AXI/I_WR_CHNL/GEN_BRESP.axi_bresp_int_reg[0]' (FDRE) to 'RevisionDesign_i/axi_bram_ctrl_0/U0/gext_inst.abcv4_0_ext_inst/GEN_AXI4.I_FULL_AXI/I_WR_CHNL/GEN_BRESP.axi_bresp_int_reg[1]'
INFO: [Synth 8-3333] propagating constant 0 across sequential element (RevisionDesign_i/axi_bram_ctrl_0/\U0/gext_inst.abcv4_0_ext_inst/GEN_AXI4.I_FULL_AXI/I_WR_CHNL/GEN_BRESP.axi_bresp_int_reg[1] )
INFO: [Synth 8-3332] Sequential element (U0/gext_inst.abcv4_0_ext_inst/GEN_AXI4.I_FULL_AXI/I_WR_CHNL/GEN_BRESP.axi_bresp_int_reg[1]) is unused and will be removed from module RevisionDesign_axi_bram_ctrl_0_0.
INFO: [Synth 8-3332] Sequential element (U0/gext_inst.abcv4_0_ext_inst/GEN_AXI4.I_FULL_AXI/I_WR_CHNL/GEN_AW_PIPE_DUAL.axi_awsize_pipe_reg[0]) is unused and will be removed from module RevisionDesign_axi_bram_ctrl_0_0.
INFO: [Synth 8-3332] Sequential element (U0/gext_inst.abcv4_0_ext_inst/GEN_AXI4.I_FULL_AXI/I_RD_CHNL/GEN_RRESP.axi_rresp_int_reg[1]) is unused and will be removed from module RevisionDesign_axi_bram_ctrl_0_0.
INFO: [Synth 8-3332] Sequential element (U0/gext_inst.abcv4_0_ext_inst/GEN_AXI4.I_FULL_AXI/I_RD_CHNL/GEN_AR_PIPE_DUAL.axi_arsize_pipe_reg[0]) is unused and will be removed from module RevisionDesign_axi_bram_ctrl_0_0.
INFO: [Synth 8-3886] merging instance 'RevisionDesign_i/axi_reram_0/inst/u_core/CELL_ARRAY[15].u_cell/delay_counter_reg[26]' (FDCE) to 'RevisionDesign_i/axi_reram_0/inst/u_core/CELL_ARRAY[15].u_cell/delay_counter_reg[31]'
INFO: [Synth 8-3886] merging instance 'RevisionDesign_i/axi_reram_0/inst/u_core/CELL_ARRAY[15].u_cell/delay_counter_reg[27]' (FDCE) to 'RevisionDesign_i/axi_reram_0/inst/u_core/CELL_ARRAY[15].u_cell/delay_counter_reg[31]'
INFO: [Synth 8-3886] merging instance 'RevisionDesign_i/axi_reram_0/inst/u_core/CELL_ARRAY[15].u_cell/delay_counter_reg[28]' (FDCE) to 'RevisionDesign_i/axi_reram_0/inst/u_core/CELL_ARRAY[15].u_cell/delay_counter_reg[31]'
INFO: [Synth 8-3886] merging instance 'RevisionDesign_i/axi_reram_0/inst/u_core/CELL_ARRAY[15].u_cell/delay_counter_reg[29]' (FDCE) to 'RevisionDesign_i/axi_reram_0/inst/u_core/CELL_ARRAY[15].u_cell/delay_counter_reg[31]'
INFO: [Synth 8-3886] merging instance 'RevisionDesign_i/axi_reram_0/inst/u_core/CELL_ARRAY[15].u_cell/delay_counter_reg[31]' (FDCE) to 'RevisionDesign_i/axi_reram_0/inst/u_core/CELL_ARRAY[15].u_cell/delay_counter_reg[30]'
INFO: [Synth 8-3886] merging instance 'RevisionDesign_i/axi_reram_0/inst/u_core/CELL_ARRAY[15].u_cell/delay_counter_reg[30]' (FDCE) to 'RevisionDesign_i/axi_reram_0/inst/u_core/CELL_ARRAY[15].u_cell/delay_counter_reg[25]'
INFO: [Synth 8-3886] merging instance 'RevisionDesign_i/axi_reram_0/inst/u_core/CELL_ARRAY[15].u_cell/delay_counter_reg[21]' (FDCE) to 'RevisionDesign_i/axi_reram_0/inst/u_core/CELL_ARRAY[15].u_cell/delay_counter_reg[25]'
INFO: [Synth 8-3886] merging instance 'RevisionDesign_i/axi_reram_0/inst/u_core/CELL_ARRAY[15].u_cell/delay_counter_reg[22]' (FDCE) to 'RevisionDesign_i/axi_reram_0/inst/u_core/CELL_ARRAY[15].u_cell/delay_counter_reg[25]'
INFO: [Synth 8-3886] merging instance 'RevisionDesign_i/axi_reram_0/inst/u_core/CELL_ARRAY[15].u_cell/delay_counter_reg[19]' (FDCE) to 'RevisionDesign_i/axi_reram_0/inst/u_core/CELL_ARRAY[15].u_cell/delay_counter_reg[25]'
INFO: [Synth 8-3886] merging instance 'RevisionDesign_i/axi_reram_0/inst/u_core/CELL_ARRAY[15].u_cell/delay_counter_reg[20]' (FDCE) to 'RevisionDesign_i/axi_reram_0/inst/u_core/CELL_ARRAY[15].u_cell/delay_counter_reg[25]'
INFO: [Synth 8-3886] merging instance 'RevisionDesign_i/axi_reram_0/inst/u_core/CELL_ARRAY[15].u_cell/delay_counter_reg[23]' (FDCE) to 'RevisionDesign_i/axi_reram_0/inst/u_core/CELL_ARRAY[15].u_cell/delay_counter_reg[25]'
INFO: [Synth 8-3886] merging instance 'RevisionDesign_i/axi_reram_0/inst/u_core/CELL_ARRAY[15].u_cell/delay_counter_reg[24]' (FDCE) to 'RevisionDesign_i/axi_reram_0/inst/u_core/CELL_ARRAY[15].u_cell/delay_counter_reg[25]'
INFO: [Synth 8-3886] merging instance 'RevisionDesign_i/axi_reram_0/inst/u_core/CELL_ARRAY[15].u_cell/delay_counter_reg[25]' (FDCE) to 'RevisionDesign_i/axi_reram_0/inst/u_core/CELL_ARRAY[15].u_cell/delay_counter_reg[18]'
INFO: [Synth 8-3886] merging instance 'RevisionDesign_i/axi_reram_0/inst/u_core/CELL_ARRAY[15].u_cell/delay_counter_reg[10]' (FDCE) to 'RevisionDesign_i/axi_reram_0/inst/u_core/CELL_ARRAY[15].u_cell/delay_counter_reg[18]'
INFO: [Synth 8-3886] merging instance 'RevisionDesign_i/axi_reram_0/inst/u_core/CELL_ARRAY[15].u_cell/delay_counter_reg[11]' (FDCE) to 'RevisionDesign_i/axi_reram_0/inst/u_core/CELL_ARRAY[15].u_cell/delay_counter_reg[18]'
INFO: [Synth 8-3886] merging instance 'RevisionDesign_i/axi_reram_0/inst/u_core/CELL_ARRAY[15].u_cell/delay_counter_reg[8]' (FDCE) to 'RevisionDesign_i/axi_reram_0/inst/u_core/CELL_ARRAY[15].u_cell/delay_counter_reg[18]'
INFO: [Synth 8-3886] merging instance 'RevisionDesign_i/axi_reram_0/inst/u_core/CELL_ARRAY[15].u_cell/delay_counter_reg[9]' (FDCE) to 'RevisionDesign_i/axi_reram_0/inst/u_core/CELL_ARRAY[15].u_cell/delay_counter_reg[18]'
INFO: [Synth 8-3886] merging instance 'RevisionDesign_i/axi_reram_0/inst/u_core/CELL_ARRAY[15].u_cell/delay_counter_reg[4]' (FDCE) to 'RevisionDesign_i/axi_reram_0/inst/u_core/CELL_ARRAY[15].u_cell/delay_counter_reg[18]'
INFO: [Synth 8-3886] merging instance 'RevisionDesign_i/axi_reram_0/inst/u_core/CELL_ARRAY[15].u_cell/delay_counter_reg[5]' (FDCE) to 'RevisionDesign_i/axi_reram_0/inst/u_core/CELL_ARRAY[15].u_cell/delay_counter_reg[18]'
INFO: [Synth 8-3886] merging instance 'RevisionDesign_i/axi_reram_0/inst/u_core/CELL_ARRAY[15].u_cell/delay_counter_reg[6]' (FDCE) to 'RevisionDesign_i/axi_reram_0/inst/u_core/CELL_ARRAY[15].u_cell/delay_counter_reg[18]'
INFO: [Synth 8-3886] merging instance 'RevisionDesign_i/axi_reram_0/inst/u_core/CELL_ARRAY[15].u_cell/delay_counter_reg[7]' (FDCE) to 'RevisionDesign_i/axi_reram_0/inst/u_core/CELL_ARRAY[15].u_cell/delay_counter_reg[18]'
INFO: [Synth 8-3886] merging instance 'RevisionDesign_i/axi_reram_0/inst/u_core/CELL_ARRAY[15].u_cell/delay_counter_reg[16]' (FDCE) to 'RevisionDesign_i/axi_reram_0/inst/u_core/CELL_ARRAY[15].u_cell/delay_counter_reg[18]'
INFO: [Synth 8-3886] merging instance 'RevisionDesign_i/axi_reram_0/inst/u_core/CELL_ARRAY[15].u_cell/delay_counter_reg[17]' (FDCE) to 'RevisionDesign_i/axi_reram_0/inst/u_core/CELL_ARRAY[15].u_cell/delay_counter_reg[18]'
INFO: [Synth 8-3886] merging instance 'RevisionDesign_i/axi_reram_0/inst/u_core/CELL_ARRAY[15].u_cell/delay_counter_reg[18]' (FDCE) to 'RevisionDesign_i/axi_reram_0/inst/u_core/CELL_ARRAY[15].u_cell/delay_counter_reg[15]'
INFO: [Synth 8-3886] merging instance 'RevisionDesign_i/axi_reram_0/inst/u_core/CELL_ARRAY[15].u_cell/delay_counter_reg[12]' (FDCE) to 'RevisionDesign_i/axi_reram_0/inst/u_core/CELL_ARRAY[15].u_cell/delay_counter_reg[15]'
INFO: [Synth 8-3886] merging instance 'RevisionDesign_i/axi_reram_0/inst/u_core/CELL_ARRAY[15].u_cell/delay_counter_reg[13]' (FDCE) to 'RevisionDesign_i/axi_reram_0/inst/u_core/CELL_ARRAY[15].u_cell/delay_counter_reg[15]'
INFO: [Synth 8-3886] merging instance 'RevisionDesign_i/axi_reram_0/inst/u_core/CELL_ARRAY[15].u_cell/delay_counter_reg[14]' (FDCE) to 'RevisionDesign_i/axi_reram_0/inst/u_core/CELL_ARRAY[15].u_cell/delay_counter_reg[15]'
INFO: [Synth 8-3333] propagating constant 0 across sequential element (RevisionDesign_i/axi_reram_0/\inst/u_core/CELL_ARRAY[15].u_cell/delay_counter_reg[15] )
INFO: [Synth 8-3886] merging instance 'RevisionDesign_i/axi_reram_0/inst/u_core/CELL_ARRAY[14].u_cell/delay_counter_reg[26]' (FDCE) to 'RevisionDesign_i/axi_reram_0/inst/u_core/CELL_ARRAY[14].u_cell/delay_counter_reg[31]'
INFO: [Synth 8-3886] merging instance 'RevisionDesign_i/axi_reram_0/inst/u_core/CELL_ARRAY[14].u_cell/delay_counter_reg[27]' (FDCE) to 'RevisionDesign_i/axi_reram_0/inst/u_core/CELL_ARRAY[14].u_cell/delay_counter_reg[31]'
INFO: [Synth 8-3886] merging instance 'RevisionDesign_i/axi_reram_0/inst/u_core/CELL_ARRAY[14].u_cell/delay_counter_reg[28]' (FDCE) to 'RevisionDesign_i/axi_reram_0/inst/u_core/CELL_ARRAY[14].u_cell/delay_counter_reg[31]'
INFO: [Synth 8-3886] merging instance 'RevisionDesign_i/axi_reram_0/inst/u_core/CELL_ARRAY[14].u_cell/delay_counter_reg[29]' (FDCE) to 'RevisionDesign_i/axi_reram_0/inst/u_core/CELL_ARRAY[14].u_cell/delay_counter_reg[31]'
INFO: [Synth 8-3886] merging instance 'RevisionDesign_i/axi_reram_0/inst/u_core/CELL_ARRAY[14].u_cell/delay_counter_reg[31]' (FDCE) to 'RevisionDesign_i/axi_reram_0/inst/u_core/CELL_ARRAY[14].u_cell/delay_counter_reg[30]'
INFO: [Synth 8-3886] merging instance 'RevisionDesign_i/axi_reram_0/inst/u_core/CELL_ARRAY[14].u_cell/delay_counter_reg[30]' (FDCE) to 'RevisionDesign_i/axi_reram_0/inst/u_core/CELL_ARRAY[14].u_cell/delay_counter_reg[25]'
INFO: [Synth 8-3886] merging instance 'RevisionDesign_i/axi_reram_0/inst/u_core/CELL_ARRAY[14].u_cell/delay_counter_reg[21]' (FDCE) to 'RevisionDesign_i/axi_reram_0/inst/u_core/CELL_ARRAY[14].u_cell/delay_counter_reg[25]'
INFO: [Synth 8-3886] merging instance 'RevisionDesign_i/axi_reram_0/inst/u_core/CELL_ARRAY[14].u_cell/delay_counter_reg[22]' (FDCE) to 'RevisionDesign_i/axi_reram_0/inst/u_core/CELL_ARRAY[14].u_cell/delay_counter_reg[25]'
INFO: [Synth 8-3886] merging instance 'RevisionDesign_i/axi_reram_0/inst/u_core/CELL_ARRAY[14].u_cell/delay_counter_reg[19]' (FDCE) to 'RevisionDesign_i/axi_reram_0/inst/u_core/CELL_ARRAY[14].u_cell/delay_counter_reg[25]'
INFO: [Synth 8-3886] merging instance 'RevisionDesign_i/axi_reram_0/inst/u_core/CELL_ARRAY[14].u_cell/delay_counter_reg[20]' (FDCE) to 'RevisionDesign_i/axi_reram_0/inst/u_core/CELL_ARRAY[14].u_cell/delay_counter_reg[25]'
INFO: [Synth 8-3886] merging instance 'RevisionDesign_i/axi_reram_0/inst/u_core/CELL_ARRAY[14].u_cell/delay_counter_reg[23]' (FDCE) to 'RevisionDesign_i/axi_reram_0/inst/u_core/CELL_ARRAY[14].u_cell/delay_counter_reg[25]'
INFO: [Synth 8-3886] merging instance 'RevisionDesign_i/axi_reram_0/inst/u_core/CELL_ARRAY[14].u_cell/delay_counter_reg[24]' (FDCE) to 'RevisionDesign_i/axi_reram_0/inst/u_core/CELL_ARRAY[14].u_cell/delay_counter_reg[25]'
INFO: [Synth 8-3886] merging instance 'RevisionDesign_i/axi_reram_0/inst/u_core/CELL_ARRAY[14].u_cell/delay_counter_reg[25]' (FDCE) to 'RevisionDesign_i/axi_reram_0/inst/u_core/CELL_ARRAY[14].u_cell/delay_counter_reg[18]'
INFO: [Synth 8-3886] merging instance 'RevisionDesign_i/axi_reram_0/inst/u_core/CELL_ARRAY[14].u_cell/delay_counter_reg[10]' (FDCE) to 'RevisionDesign_i/axi_reram_0/inst/u_core/CELL_ARRAY[14].u_cell/delay_counter_reg[18]'
INFO: [Synth 8-3886] merging instance 'RevisionDesign_i/axi_reram_0/inst/u_core/CELL_ARRAY[14].u_cell/delay_counter_reg[11]' (FDCE) to 'RevisionDesign_i/axi_reram_0/inst/u_core/CELL_ARRAY[14].u_cell/delay_counter_reg[18]'
INFO: [Synth 8-3886] merging instance 'RevisionDesign_i/axi_reram_0/inst/u_core/CELL_ARRAY[14].u_cell/delay_counter_reg[8]' (FDCE) to 'RevisionDesign_i/axi_reram_0/inst/u_core/CELL_ARRAY[14].u_cell/delay_counter_reg[18]'
INFO: [Synth 8-3886] merging instance 'RevisionDesign_i/axi_reram_0/inst/u_core/CELL_ARRAY[14].u_cell/delay_counter_reg[9]' (FDCE) to 'RevisionDesign_i/axi_reram_0/inst/u_core/CELL_ARRAY[14].u_cell/delay_counter_reg[18]'
INFO: [Synth 8-3886] merging instance 'RevisionDesign_i/axi_reram_0/inst/u_core/CELL_ARRAY[14].u_cell/delay_counter_reg[4]' (FDCE) to 'RevisionDesign_i/axi_reram_0/inst/u_core/CELL_ARRAY[14].u_cell/delay_counter_reg[18]'
INFO: [Synth 8-3886] merging instance 'RevisionDesign_i/axi_reram_0/inst/u_core/CELL_ARRAY[14].u_cell/delay_counter_reg[5]' (FDCE) to 'RevisionDesign_i/axi_reram_0/inst/u_core/CELL_ARRAY[14].u_cell/delay_counter_reg[18]'
INFO: [Synth 8-3886] merging instance 'RevisionDesign_i/axi_reram_0/inst/u_core/CELL_ARRAY[14].u_cell/delay_counter_reg[6]' (FDCE) to 'RevisionDesign_i/axi_reram_0/inst/u_core/CELL_ARRAY[14].u_cell/delay_counter_reg[18]'
INFO: [Synth 8-3886] merging instance 'RevisionDesign_i/axi_reram_0/inst/u_core/CELL_ARRAY[14].u_cell/delay_counter_reg[7]' (FDCE) to 'RevisionDesign_i/axi_reram_0/inst/u_core/CELL_ARRAY[14].u_cell/delay_counter_reg[18]'
INFO: [Synth 8-3886] merging instance 'RevisionDesign_i/axi_reram_0/inst/u_core/CELL_ARRAY[14].u_cell/delay_counter_reg[16]' (FDCE) to 'RevisionDesign_i/axi_reram_0/inst/u_core/CELL_ARRAY[14].u_cell/delay_counter_reg[18]'
INFO: [Synth 8-3886] merging instance 'RevisionDesign_i/axi_reram_0/inst/u_core/CELL_ARRAY[14].u_cell/delay_counter_reg[17]' (FDCE) to 'RevisionDesign_i/axi_reram_0/inst/u_core/CELL_ARRAY[14].u_cell/delay_counter_reg[18]'
INFO: [Synth 8-3886] merging instance 'RevisionDesign_i/axi_reram_0/inst/u_core/CELL_ARRAY[14].u_cell/delay_counter_reg[18]' (FDCE) to 'RevisionDesign_i/axi_reram_0/inst/u_core/CELL_ARRAY[14].u_cell/delay_counter_reg[15]'
INFO: [Synth 8-3886] merging instance 'RevisionDesign_i/axi_reram_0/inst/u_core/CELL_ARRAY[14].u_cell/delay_counter_reg[12]' (FDCE) to 'RevisionDesign_i/axi_reram_0/inst/u_core/CELL_ARRAY[14].u_cell/delay_counter_reg[15]'
INFO: [Synth 8-3886] merging instance 'RevisionDesign_i/axi_reram_0/inst/u_core/CELL_ARRAY[14].u_cell/delay_counter_reg[13]' (FDCE) to 'RevisionDesign_i/axi_reram_0/inst/u_core/CELL_ARRAY[14].u_cell/delay_counter_reg[15]'
INFO: [Synth 8-3886] merging instance 'RevisionDesign_i/axi_reram_0/inst/u_core/CELL_ARRAY[14].u_cell/delay_counter_reg[14]' (FDCE) to 'RevisionDesign_i/axi_reram_0/inst/u_core/CELL_ARRAY[14].u_cell/delay_counter_reg[15]'
INFO: [Synth 8-3333] propagating constant 0 across sequential element (RevisionDesign_i/axi_reram_0/\inst/u_core/CELL_ARRAY[14].u_cell/delay_counter_reg[15] )
INFO: [Synth 8-3886] merging instance 'RevisionDesign_i/axi_reram_0/inst/u_core/CELL_ARRAY[13].u_cell/delay_counter_reg[26]' (FDCE) to 'RevisionDesign_i/axi_reram_0/inst/u_core/CELL_ARRAY[13].u_cell/delay_counter_reg[31]'
INFO: [Synth 8-3886] merging instance 'RevisionDesign_i/axi_reram_0/inst/u_core/CELL_ARRAY[13].u_cell/delay_counter_reg[27]' (FDCE) to 'RevisionDesign_i/axi_reram_0/inst/u_core/CELL_ARRAY[13].u_cell/delay_counter_reg[31]'
INFO: [Synth 8-3886] merging instance 'RevisionDesign_i/axi_reram_0/inst/u_core/CELL_ARRAY[13].u_cell/delay_counter_reg[28]' (FDCE) to 'RevisionDesign_i/axi_reram_0/inst/u_core/CELL_ARRAY[13].u_cell/delay_counter_reg[31]'
INFO: [Synth 8-3886] merging instance 'RevisionDesign_i/axi_reram_0/inst/u_core/CELL_ARRAY[13].u_cell/delay_counter_reg[29]' (FDCE) to 'RevisionDesign_i/axi_reram_0/inst/u_core/CELL_ARRAY[13].u_cell/delay_counter_reg[31]'
INFO: [Synth 8-3886] merging instance 'RevisionDesign_i/axi_reram_0/inst/u_core/CELL_ARRAY[13].u_cell/delay_counter_reg[31]' (FDCE) to 'RevisionDesign_i/axi_reram_0/inst/u_core/CELL_ARRAY[13].u_cell/delay_counter_reg[30]'
INFO: [Synth 8-3886] merging instance 'RevisionDesign_i/axi_reram_0/inst/u_core/CELL_ARRAY[13].u_cell/delay_counter_reg[30]' (FDCE) to 'RevisionDesign_i/axi_reram_0/inst/u_core/CELL_ARRAY[13].u_cell/delay_counter_reg[25]'
INFO: [Synth 8-3886] merging instance 'RevisionDesign_i/axi_reram_0/inst/u_core/CELL_ARRAY[13].u_cell/delay_counter_reg[21]' (FDCE) to 'RevisionDesign_i/axi_reram_0/inst/u_core/CELL_ARRAY[13].u_cell/delay_counter_reg[25]'
INFO: [Synth 8-3886] merging instance 'RevisionDesign_i/axi_reram_0/inst/u_core/CELL_ARRAY[13].u_cell/delay_counter_reg[22]' (FDCE) to 'RevisionDesign_i/axi_reram_0/inst/u_core/CELL_ARRAY[13].u_cell/delay_counter_reg[25]'
INFO: [Synth 8-3886] merging instance 'RevisionDesign_i/axi_reram_0/inst/u_core/CELL_ARRAY[13].u_cell/delay_counter_reg[19]' (FDCE) to 'RevisionDesign_i/axi_reram_0/inst/u_core/CELL_ARRAY[13].u_cell/delay_counter_reg[25]'
INFO: [Synth 8-3886] merging instance 'RevisionDesign_i/axi_reram_0/inst/u_core/CELL_ARRAY[13].u_cell/delay_counter_reg[20]' (FDCE) to 'RevisionDesign_i/axi_reram_0/inst/u_core/CELL_ARRAY[13].u_cell/delay_counter_reg[25]'
INFO: [Synth 8-3886] merging instance 'RevisionDesign_i/axi_reram_0/inst/u_core/CELL_ARRAY[13].u_cell/delay_counter_reg[23]' (FDCE) to 'RevisionDesign_i/axi_reram_0/inst/u_core/CELL_ARRAY[13].u_cell/delay_counter_reg[25]'
INFO: [Synth 8-3886] merging instance 'RevisionDesign_i/axi_reram_0/inst/u_core/CELL_ARRAY[13].u_cell/delay_counter_reg[24]' (FDCE) to 'RevisionDesign_i/axi_reram_0/inst/u_core/CELL_ARRAY[13].u_cell/delay_counter_reg[25]'
INFO: [Synth 8-3886] merging instance 'RevisionDesign_i/axi_reram_0/inst/u_core/CELL_ARRAY[13].u_cell/delay_counter_reg[25]' (FDCE) to 'RevisionDesign_i/axi_reram_0/inst/u_core/CELL_ARRAY[13].u_cell/delay_counter_reg[18]'
INFO: [Synth 8-3886] merging instance 'RevisionDesign_i/axi_reram_0/inst/u_core/CELL_ARRAY[13].u_cell/delay_counter_reg[10]' (FDCE) to 'RevisionDesign_i/axi_reram_0/inst/u_core/CELL_ARRAY[13].u_cell/delay_counter_reg[18]'
INFO: [Synth 8-3886] merging instance 'RevisionDesign_i/axi_reram_0/inst/u_core/CELL_ARRAY[13].u_cell/delay_counter_reg[11]' (FDCE) to 'RevisionDesign_i/axi_reram_0/inst/u_core/CELL_ARRAY[13].u_cell/delay_counter_reg[18]'
INFO: [Synth 8-3886] merging instance 'RevisionDesign_i/axi_reram_0/inst/u_core/CELL_ARRAY[13].u_cell/delay_counter_reg[8]' (FDCE) to 'RevisionDesign_i/axi_reram_0/inst/u_core/CELL_ARRAY[13].u_cell/delay_counter_reg[18]'
INFO: [Synth 8-3886] merging instance 'RevisionDesign_i/axi_reram_0/inst/u_core/CELL_ARRAY[13].u_cell/delay_counter_reg[9]' (FDCE) to 'RevisionDesign_i/axi_reram_0/inst/u_core/CELL_ARRAY[13].u_cell/delay_counter_reg[18]'
INFO: [Synth 8-3886] merging instance 'RevisionDesign_i/axi_reram_0/inst/u_core/CELL_ARRAY[13].u_cell/delay_counter_reg[4]' (FDCE) to 'RevisionDesign_i/axi_reram_0/inst/u_core/CELL_ARRAY[13].u_cell/delay_counter_reg[18]'
INFO: [Synth 8-3886] merging instance 'RevisionDesign_i/axi_reram_0/inst/u_core/CELL_ARRAY[13].u_cell/delay_counter_reg[5]' (FDCE) to 'RevisionDesign_i/axi_reram_0/inst/u_core/CELL_ARRAY[13].u_cell/delay_counter_reg[18]'
INFO: [Synth 8-3886] merging instance 'RevisionDesign_i/axi_reram_0/inst/u_core/CELL_ARRAY[13].u_cell/delay_counter_reg[6]' (FDCE) to 'RevisionDesign_i/axi_reram_0/inst/u_core/CELL_ARRAY[13].u_cell/delay_counter_reg[18]'
INFO: [Synth 8-3886] merging instance 'RevisionDesign_i/axi_reram_0/inst/u_core/CELL_ARRAY[13].u_cell/delay_counter_reg[7]' (FDCE) to 'RevisionDesign_i/axi_reram_0/inst/u_core/CELL_ARRAY[13].u_cell/delay_counter_reg[18]'
INFO: [Synth 8-3886] merging instance 'RevisionDesign_i/axi_reram_0/inst/u_core/CELL_ARRAY[13].u_cell/delay_counter_reg[16]' (FDCE) to 'RevisionDesign_i/axi_reram_0/inst/u_core/CELL_ARRAY[13].u_cell/delay_counter_reg[18]'
INFO: [Synth 8-3886] merging instance 'RevisionDesign_i/axi_reram_0/inst/u_core/CELL_ARRAY[13].u_cell/delay_counter_reg[17]' (FDCE) to 'RevisionDesign_i/axi_reram_0/inst/u_core/CELL_ARRAY[13].u_cell/delay_counter_reg[18]'
INFO: [Synth 8-3886] merging instance 'RevisionDesign_i/axi_reram_0/inst/u_core/CELL_ARRAY[13].u_cell/delay_counter_reg[18]' (FDCE) to 'RevisionDesign_i/axi_reram_0/inst/u_core/CELL_ARRAY[13].u_cell/delay_counter_reg[15]'
INFO: [Synth 8-3886] merging instance 'RevisionDesign_i/axi_reram_0/inst/u_core/CELL_ARRAY[13].u_cell/delay_counter_reg[12]' (FDCE) to 'RevisionDesign_i/axi_reram_0/inst/u_core/CELL_ARRAY[13].u_cell/delay_counter_reg[15]'
INFO: [Synth 8-3886] merging instance 'RevisionDesign_i/axi_reram_0/inst/u_core/CELL_ARRAY[13].u_cell/delay_counter_reg[13]' (FDCE) to 'RevisionDesign_i/axi_reram_0/inst/u_core/CELL_ARRAY[13].u_cell/delay_counter_reg[15]'
INFO: [Synth 8-3886] merging instance 'RevisionDesign_i/axi_reram_0/inst/u_core/CELL_ARRAY[13].u_cell/delay_counter_reg[14]' (FDCE) to 'RevisionDesign_i/axi_reram_0/inst/u_core/CELL_ARRAY[13].u_cell/delay_counter_reg[15]'
INFO: [Synth 8-3333] propagating constant 0 across sequential element (RevisionDesign_i/axi_reram_0/\inst/u_core/CELL_ARRAY[13].u_cell/delay_counter_reg[15] )
INFO: [Synth 8-3886] merging instance 'RevisionDesign_i/axi_reram_0/inst/u_core/CELL_ARRAY[12].u_cell/delay_counter_reg[26]' (FDCE) to 'RevisionDesign_i/axi_reram_0/inst/u_core/CELL_ARRAY[12].u_cell/delay_counter_reg[31]'
INFO: [Synth 8-3886] merging instance 'RevisionDesign_i/axi_reram_0/inst/u_core/CELL_ARRAY[12].u_cell/delay_counter_reg[27]' (FDCE) to 'RevisionDesign_i/axi_reram_0/inst/u_core/CELL_ARRAY[12].u_cell/delay_counter_reg[31]'
INFO: [Synth 8-3886] merging instance 'RevisionDesign_i/axi_reram_0/inst/u_core/CELL_ARRAY[12].u_cell/delay_counter_reg[28]' (FDCE) to 'RevisionDesign_i/axi_reram_0/inst/u_core/CELL_ARRAY[12].u_cell/delay_counter_reg[31]'
INFO: [Synth 8-3886] merging instance 'RevisionDesign_i/axi_reram_0/inst/u_core/CELL_ARRAY[12].u_cell/delay_counter_reg[29]' (FDCE) to 'RevisionDesign_i/axi_reram_0/inst/u_core/CELL_ARRAY[12].u_cell/delay_counter_reg[31]'
INFO: [Synth 8-3886] merging instance 'RevisionDesign_i/axi_reram_0/inst/u_core/CELL_ARRAY[12].u_cell/delay_counter_reg[31]' (FDCE) to 'RevisionDesign_i/axi_reram_0/inst/u_core/CELL_ARRAY[12].u_cell/delay_counter_reg[30]'
INFO: [Synth 8-3886] merging instance 'RevisionDesign_i/axi_reram_0/inst/u_core/CELL_ARRAY[12].u_cell/delay_counter_reg[30]' (FDCE) to 'RevisionDesign_i/axi_reram_0/inst/u_core/CELL_ARRAY[12].u_cell/delay_counter_reg[25]'
INFO: [Synth 8-3886] merging instance 'RevisionDesign_i/axi_reram_0/inst/u_core/CELL_ARRAY[12].u_cell/delay_counter_reg[21]' (FDCE) to 'RevisionDesign_i/axi_reram_0/inst/u_core/CELL_ARRAY[12].u_cell/delay_counter_reg[25]'
INFO: [Synth 8-3886] merging instance 'RevisionDesign_i/axi_reram_0/inst/u_core/CELL_ARRAY[12].u_cell/delay_counter_reg[22]' (FDCE) to 'RevisionDesign_i/axi_reram_0/inst/u_core/CELL_ARRAY[12].u_cell/delay_counter_reg[25]'
INFO: [Synth 8-3886] merging instance 'RevisionDesign_i/axi_reram_0/inst/u_core/CELL_ARRAY[12].u_cell/delay_counter_reg[19]' (FDCE) to 'RevisionDesign_i/axi_reram_0/inst/u_core/CELL_ARRAY[12].u_cell/delay_counter_reg[25]'
INFO: [Synth 8-3886] merging instance 'RevisionDesign_i/axi_reram_0/inst/u_core/CELL_ARRAY[12].u_cell/delay_counter_reg[20]' (FDCE) to 'RevisionDesign_i/axi_reram_0/inst/u_core/CELL_ARRAY[12].u_cell/delay_counter_reg[25]'
INFO: [Synth 8-3886] merging instance 'RevisionDesign_i/axi_reram_0/inst/u_core/CELL_ARRAY[12].u_cell/delay_counter_reg[23]' (FDCE) to 'RevisionDesign_i/axi_reram_0/inst/u_core/CELL_ARRAY[12].u_cell/delay_counter_reg[25]'
INFO: [Synth 8-3886] merging instance 'RevisionDesign_i/axi_reram_0/inst/u_core/CELL_ARRAY[12].u_cell/delay_counter_reg[24]' (FDCE) to 'RevisionDesign_i/axi_reram_0/inst/u_core/CELL_ARRAY[12].u_cell/delay_counter_reg[25]'
INFO: [Synth 8-3886] merging instance 'RevisionDesign_i/axi_reram_0/inst/u_core/CELL_ARRAY[12].u_cell/delay_counter_reg[25]' (FDCE) to 'RevisionDesign_i/axi_reram_0/inst/u_core/CELL_ARRAY[12].u_cell/delay_counter_reg[18]'
INFO: [Synth 8-3886] merging instance 'RevisionDesign_i/axi_reram_0/inst/u_core/CELL_ARRAY[12].u_cell/delay_counter_reg[10]' (FDCE) to 'RevisionDesign_i/axi_reram_0/inst/u_core/CELL_ARRAY[12].u_cell/delay_counter_reg[18]'
INFO: [Synth 8-3886] merging instance 'RevisionDesign_i/axi_reram_0/inst/u_core/CELL_ARRAY[12].u_cell/delay_counter_reg[11]' (FDCE) to 'RevisionDesign_i/axi_reram_0/inst/u_core/CELL_ARRAY[12].u_cell/delay_counter_reg[18]'
INFO: [Common 17-14] Message 'Synth 8-3886' appears 100 times and further instances of the messages will be disabled. Use the Tcl command set_msg_config to change the current settings.
INFO: [Synth 8-3333] propagating constant 0 across sequential element (RevisionDesign_i/axi_reram_0/\inst/u_core/CELL_ARRAY[12].u_cell/delay_counter_reg[15] )
INFO: [Synth 8-3333] propagating constant 0 across sequential element (RevisionDesign_i/axi_reram_0/\inst/u_core/CELL_ARRAY[11].u_cell/delay_counter_reg[15] )
INFO: [Synth 8-3333] propagating constant 0 across sequential element (RevisionDesign_i/axi_reram_0/\inst/u_core/CELL_ARRAY[10].u_cell/delay_counter_reg[15] )
INFO: [Synth 8-3333] propagating constant 0 across sequential element (RevisionDesign_i/axi_reram_0/\inst/u_core/CELL_ARRAY[9].u_cell/delay_counter_reg[15] )
INFO: [Synth 8-3333] propagating constant 0 across sequential element (RevisionDesign_i/axi_reram_0/\inst/u_core/CELL_ARRAY[8].u_cell/delay_counter_reg[15] )
INFO: [Synth 8-3333] propagating constant 0 across sequential element (RevisionDesign_i/axi_reram_0/\inst/u_core/CELL_ARRAY[7].u_cell/delay_counter_reg[15] )
INFO: [Synth 8-3333] propagating constant 0 across sequential element (RevisionDesign_i/axi_reram_0/\inst/u_core/CELL_ARRAY[6].u_cell/delay_counter_reg[15] )
INFO: [Synth 8-3333] propagating constant 0 across sequential element (RevisionDesign_i/axi_reram_0/\inst/u_core/CELL_ARRAY[5].u_cell/delay_counter_reg[15] )
INFO: [Synth 8-3333] propagating constant 0 across sequential element (RevisionDesign_i/axi_reram_0/\inst/u_core/CELL_ARRAY[4].u_cell/delay_counter_reg[15] )
INFO: [Synth 8-3333] propagating constant 0 across sequential element (RevisionDesign_i/axi_reram_0/\inst/u_core/CELL_ARRAY[3].u_cell/delay_counter_reg[15] )
INFO: [Synth 8-3333] propagating constant 0 across sequential element (RevisionDesign_i/axi_reram_0/\inst/u_core/CELL_ARRAY[2].u_cell/delay_counter_reg[15] )
INFO: [Synth 8-3333] propagating constant 0 across sequential element (RevisionDesign_i/axi_reram_0/\inst/u_core/CELL_ARRAY[1].u_cell/delay_counter_reg[15] )
INFO: [Synth 8-3333] propagating constant 0 across sequential element (RevisionDesign_i/axi_reram_0/\inst/u_core/CELL_ARRAY[0].u_cell/delay_counter_reg[15] )
INFO: [Synth 8-3333] propagating constant 0 across sequential element (RevisionDesign_i/axi_reram_0/\inst/S00_AXI_inst/slv_reg0_reg[0] )
INFO: [Synth 8-3333] propagating constant 0 across sequential element (RevisionDesign_i/axi_reram_0/\inst/S00_AXI_inst/axi_rresp_reg[1] )
INFO: [Synth 8-3333] propagating constant 0 across sequential element (RevisionDesign_i/axi_reram_0/\inst/S00_AXI_inst/axi_bresp_reg[1] )
INFO: [Synth 8-3332] Sequential element (inst/u_core/CELL_ARRAY[0].u_cell/delay_counter_reg[15]) is unused and will be removed from module RevisionDesign_axi_reram_0_0.
INFO: [Synth 8-3332] Sequential element (inst/u_core/CELL_ARRAY[1].u_cell/delay_counter_reg[15]) is unused and will be removed from module RevisionDesign_axi_reram_0_0.
INFO: [Synth 8-3332] Sequential element (inst/u_core/CELL_ARRAY[2].u_cell/delay_counter_reg[15]) is unused and will be removed from module RevisionDesign_axi_reram_0_0.
INFO: [Synth 8-3332] Sequential element (inst/u_core/CELL_ARRAY[3].u_cell/delay_counter_reg[15]) is unused and will be removed from module RevisionDesign_axi_reram_0_0.
INFO: [Synth 8-3332] Sequential element (inst/u_core/CELL_ARRAY[4].u_cell/delay_counter_reg[15]) is unused and will be removed from module RevisionDesign_axi_reram_0_0.
INFO: [Synth 8-3332] Sequential element (inst/u_core/CELL_ARRAY[5].u_cell/delay_counter_reg[15]) is unused and will be removed from module RevisionDesign_axi_reram_0_0.
INFO: [Synth 8-3332] Sequential element (inst/u_core/CELL_ARRAY[6].u_cell/delay_counter_reg[15]) is unused and will be removed from module RevisionDesign_axi_reram_0_0.
INFO: [Synth 8-3332] Sequential element (inst/u_core/CELL_ARRAY[7].u_cell/delay_counter_reg[15]) is unused and will be removed from module RevisionDesign_axi_reram_0_0.
INFO: [Synth 8-3332] Sequential element (inst/u_core/CELL_ARRAY[8].u_cell/delay_counter_reg[15]) is unused and will be removed from module RevisionDesign_axi_reram_0_0.
INFO: [Synth 8-3332] Sequential element (inst/u_core/CELL_ARRAY[9].u_cell/delay_counter_reg[15]) is unused and will be removed from module RevisionDesign_axi_reram_0_0.
INFO: [Synth 8-3332] Sequential element (inst/u_core/CELL_ARRAY[10].u_cell/delay_counter_reg[15]) is unused and will be removed from module RevisionDesign_axi_reram_0_0.
INFO: [Synth 8-3332] Sequential element (inst/u_core/CELL_ARRAY[11].u_cell/delay_counter_reg[15]) is unused and will be removed from module RevisionDesign_axi_reram_0_0.
INFO: [Synth 8-3332] Sequential element (inst/u_core/CELL_ARRAY[12].u_cell/delay_counter_reg[15]) is unused and will be removed from module RevisionDesign_axi_reram_0_0.
INFO: [Synth 8-3332] Sequential element (inst/u_core/CELL_ARRAY[13].u_cell/delay_counter_reg[15]) is unused and will be removed from module RevisionDesign_axi_reram_0_0.
INFO: [Synth 8-3332] Sequential element (inst/u_core/CELL_ARRAY[14].u_cell/delay_counter_reg[15]) is unused and will be removed from module RevisionDesign_axi_reram_0_0.
INFO: [Synth 8-3332] Sequential element (inst/u_core/CELL_ARRAY[15].u_cell/delay_counter_reg[15]) is unused and will be removed from module RevisionDesign_axi_reram_0_0.
INFO: [Synth 8-3332] Sequential element (inst/S00_AXI_inst/axi_bresp_reg[1]) is unused and will be removed from module RevisionDesign_axi_reram_0_0.
INFO: [Synth 8-3332] Sequential element (inst/S00_AXI_inst/axi_awaddr_reg[1]) is unused and will be removed from module RevisionDesign_axi_reram_0_0.
INFO: [Synth 8-3332] Sequential element (inst/S00_AXI_inst/axi_awaddr_reg[0]) is unused and will be removed from module RevisionDesign_axi_reram_0_0.
INFO: [Synth 8-3332] Sequential element (inst/S00_AXI_inst/slv_reg0_reg[0]) is unused and will be removed from module RevisionDesign_axi_reram_0_0.
INFO: [Synth 8-3332] Sequential element (inst/S00_AXI_inst/axi_araddr_reg[1]) is unused and will be removed from module RevisionDesign_axi_reram_0_0.
INFO: [Synth 8-3332] Sequential element (inst/S00_AXI_inst/axi_araddr_reg[0]) is unused and will be removed from module RevisionDesign_axi_reram_0_0.
INFO: [Synth 8-3332] Sequential element (inst/S00_AXI_inst/axi_rresp_reg[1]) is unused and will be removed from module RevisionDesign_axi_reram_0_0.
INFO: [Synth 8-3332] Sequential element (inst/gen_axilite.gen_b2s_conv.axilite_b2s/SI_REG/aw.aw_pipe/skid_buffer_reg[72]) is unused and will be removed from module RevisionDesign_auto_pc_0.
INFO: [Synth 8-3332] Sequential element (inst/gen_axilite.gen_b2s_conv.axilite_b2s/SI_REG/aw.aw_pipe/skid_buffer_reg[71]) is unused and will be removed from module RevisionDesign_auto_pc_0.
INFO: [Synth 8-3332] Sequential element (inst/gen_axilite.gen_b2s_conv.axilite_b2s/SI_REG/aw.aw_pipe/skid_buffer_reg[70]) is unused and will be removed from module RevisionDesign_auto_pc_0.
INFO: [Synth 8-3332] Sequential element (inst/gen_axilite.gen_b2s_conv.axilite_b2s/SI_REG/aw.aw_pipe/skid_buffer_reg[69]) is unused and will be removed from module RevisionDesign_auto_pc_0.
INFO: [Synth 8-3332] Sequential element (inst/gen_axilite.gen_b2s_conv.axilite_b2s/SI_REG/aw.aw_pipe/skid_buffer_reg[68]) is unused and will be removed from module RevisionDesign_auto_pc_0.
INFO: [Synth 8-3332] Sequential element (inst/gen_axilite.gen_b2s_conv.axilite_b2s/SI_REG/aw.aw_pipe/skid_buffer_reg[67]) is unused and will be removed from module RevisionDesign_auto_pc_0.
INFO: [Synth 8-3332] Sequential element (inst/gen_axilite.gen_b2s_conv.axilite_b2s/SI_REG/aw.aw_pipe/skid_buffer_reg[66]) is unused and will be removed from module RevisionDesign_auto_pc_0.
INFO: [Synth 8-3332] Sequential element (inst/gen_axilite.gen_b2s_conv.axilite_b2s/SI_REG/aw.aw_pipe/skid_buffer_reg[65]) is unused and will be removed from module RevisionDesign_auto_pc_0.
INFO: [Synth 8-3332] Sequential element (inst/gen_axilite.gen_b2s_conv.axilite_b2s/SI_REG/aw.aw_pipe/skid_buffer_reg[52]) is unused and will be removed from module RevisionDesign_auto_pc_0.
INFO: [Synth 8-3332] Sequential element (inst/gen_axilite.gen_b2s_conv.axilite_b2s/SI_REG/aw.aw_pipe/skid_buffer_reg[43]) is unused and will be removed from module RevisionDesign_auto_pc_0.
INFO: [Synth 8-3332] Sequential element (inst/gen_axilite.gen_b2s_conv.axilite_b2s/SI_REG/aw.aw_pipe/skid_buffer_reg[42]) is unused and will be removed from module RevisionDesign_auto_pc_0.
INFO: [Synth 8-3332] Sequential element (inst/gen_axilite.gen_b2s_conv.axilite_b2s/SI_REG/aw.aw_pipe/skid_buffer_reg[41]) is unused and will be removed from module RevisionDesign_auto_pc_0.
INFO: [Synth 8-3332] Sequential element (inst/gen_axilite.gen_b2s_conv.axilite_b2s/SI_REG/aw.aw_pipe/skid_buffer_reg[40]) is unused and will be removed from module RevisionDesign_auto_pc_0.
INFO: [Synth 8-3332] Sequential element (inst/gen_axilite.gen_b2s_conv.axilite_b2s/SI_REG/aw.aw_pipe/skid_buffer_reg[37]) is unused and will be removed from module RevisionDesign_auto_pc_0.
INFO: [Synth 8-3332] Sequential element (inst/gen_axilite.gen_b2s_conv.axilite_b2s/SI_REG/aw.aw_pipe/m_payload_i_reg[52]) is unused and will be removed from module RevisionDesign_auto_pc_0.
INFO: [Synth 8-3332] Sequential element (inst/gen_axilite.gen_b2s_conv.axilite_b2s/SI_REG/aw.aw_pipe/m_payload_i_reg[43]) is unused and will be removed from module RevisionDesign_auto_pc_0.
INFO: [Synth 8-3332] Sequential element (inst/gen_axilite.gen_b2s_conv.axilite_b2s/SI_REG/aw.aw_pipe/m_payload_i_reg[42]) is unused and will be removed from module RevisionDesign_auto_pc_0.
INFO: [Synth 8-3332] Sequential element (inst/gen_axilite.gen_b2s_conv.axilite_b2s/SI_REG/aw.aw_pipe/m_payload_i_reg[41]) is unused and will be removed from module RevisionDesign_auto_pc_0.
INFO: [Synth 8-3332] Sequential element (inst/gen_axilite.gen_b2s_conv.axilite_b2s/SI_REG/aw.aw_pipe/m_payload_i_reg[40]) is unused and will be removed from module RevisionDesign_auto_pc_0.
INFO: [Synth 8-3332] Sequential element (inst/gen_axilite.gen_b2s_conv.axilite_b2s/SI_REG/aw.aw_pipe/m_payload_i_reg[37]) is unused and will be removed from module RevisionDesign_auto_pc_0.
INFO: [Synth 8-3332] Sequential element (inst/gen_axilite.gen_b2s_conv.axilite_b2s/SI_REG/ar.ar_pipe/skid_buffer_reg[72]) is unused and will be removed from module RevisionDesign_auto_pc_0.
INFO: [Synth 8-3332] Sequential element (inst/gen_axilite.gen_b2s_conv.axilite_b2s/SI_REG/ar.ar_pipe/skid_buffer_reg[71]) is unused and will be removed from module RevisionDesign_auto_pc_0.
INFO: [Synth 8-3332] Sequential element (inst/gen_axilite.gen_b2s_conv.axilite_b2s/SI_REG/ar.ar_pipe/skid_buffer_reg[70]) is unused and will be removed from module RevisionDesign_auto_pc_0.
INFO: [Synth 8-3332] Sequential element (inst/gen_axilite.gen_b2s_conv.axilite_b2s/SI_REG/ar.ar_pipe/skid_buffer_reg[69]) is unused and will be removed from module RevisionDesign_auto_pc_0.
INFO: [Synth 8-3332] Sequential element (inst/gen_axilite.gen_b2s_conv.axilite_b2s/SI_REG/ar.ar_pipe/skid_buffer_reg[68]) is unused and will be removed from module RevisionDesign_auto_pc_0.
INFO: [Synth 8-3332] Sequential element (inst/gen_axilite.gen_b2s_conv.axilite_b2s/SI_REG/ar.ar_pipe/skid_buffer_reg[67]) is unused and will be removed from module RevisionDesign_auto_pc_0.
INFO: [Synth 8-3332] Sequential element (inst/gen_axilite.gen_b2s_conv.axilite_b2s/SI_REG/ar.ar_pipe/skid_buffer_reg[66]) is unused and will be removed from module RevisionDesign_auto_pc_0.
INFO: [Synth 8-3332] Sequential element (inst/gen_axilite.gen_b2s_conv.axilite_b2s/SI_REG/ar.ar_pipe/skid_buffer_reg[65]) is unused and will be removed from module RevisionDesign_auto_pc_0.
INFO: [Synth 8-3332] Sequential element (inst/gen_axilite.gen_b2s_conv.axilite_b2s/SI_REG/ar.ar_pipe/skid_buffer_reg[52]) is unused and will be removed from module RevisionDesign_auto_pc_0.
INFO: [Synth 8-3332] Sequential element (inst/gen_axilite.gen_b2s_conv.axilite_b2s/SI_REG/ar.ar_pipe/skid_buffer_reg[43]) is unused and will be removed from module RevisionDesign_auto_pc_0.
INFO: [Synth 8-3332] Sequential element (inst/gen_axilite.gen_b2s_conv.axilite_b2s/SI_REG/ar.ar_pipe/skid_buffer_reg[42]) is unused and will be removed from module RevisionDesign_auto_pc_0.
INFO: [Synth 8-3332] Sequential element (inst/gen_axilite.gen_b2s_conv.axilite_b2s/SI_REG/ar.ar_pipe/skid_buffer_reg[41]) is unused and will be removed from module RevisionDesign_auto_pc_0.
INFO: [Synth 8-3332] Sequential element (inst/gen_axilite.gen_b2s_conv.axilite_b2s/SI_REG/ar.ar_pipe/skid_buffer_reg[40]) is unused and will be removed from module RevisionDesign_auto_pc_0.
INFO: [Synth 8-3332] Sequential element (inst/gen_axilite.gen_b2s_conv.axilite_b2s/SI_REG/ar.ar_pipe/skid_buffer_reg[37]) is unused and will be removed from module RevisionDesign_auto_pc_0.
INFO: [Synth 8-3332] Sequential element (inst/gen_axilite.gen_b2s_conv.axilite_b2s/SI_REG/ar.ar_pipe/m_payload_i_reg[52]) is unused and will be removed from module RevisionDesign_auto_pc_0.
INFO: [Synth 8-3332] Sequential element (inst/gen_axilite.gen_b2s_conv.axilite_b2s/SI_REG/ar.ar_pipe/m_payload_i_reg[43]) is unused and will be removed from module RevisionDesign_auto_pc_0.
INFO: [Synth 8-3332] Sequential element (inst/gen_axilite.gen_b2s_conv.axilite_b2s/SI_REG/ar.ar_pipe/m_payload_i_reg[42]) is unused and will be removed from module RevisionDesign_auto_pc_0.
INFO: [Synth 8-3332] Sequential element (inst/gen_axilite.gen_b2s_conv.axilite_b2s/SI_REG/ar.ar_pipe/m_payload_i_reg[41]) is unused and will be removed from module RevisionDesign_auto_pc_0.
INFO: [Synth 8-3332] Sequential element (inst/gen_axilite.gen_b2s_conv.axilite_b2s/SI_REG/ar.ar_pipe/m_payload_i_reg[40]) is unused and will be removed from module RevisionDesign_auto_pc_0.
INFO: [Synth 8-3332] Sequential element (inst/gen_axilite.gen_b2s_conv.axilite_b2s/SI_REG/ar.ar_pipe/m_payload_i_reg[37]) is unused and will be removed from module RevisionDesign_auto_pc_0.
INFO: [Synth 8-3333] propagating constant 0 across sequential element (RevisionDesign_i/ps7_0_axi_periph/xbar/\inst/gen_samd.crossbar_samd/gen_slave_slots[0].gen_si_read.si_transactor_ar/gen_multi_thread.active_region_reg[2] )
INFO: [Synth 8-3333] propagating constant 0 across sequential element (RevisionDesign_i/ps7_0_axi_periph/xbar/\inst/gen_samd.crossbar_samd/gen_slave_slots[0].gen_si_read.si_transactor_ar/gen_multi_thread.active_region_reg[10] )
INFO: [Synth 8-3333] propagating constant 0 across sequential element (RevisionDesign_i/ps7_0_axi_periph/xbar/\inst/gen_samd.crossbar_samd/gen_slave_slots[0].gen_si_read.si_transactor_ar/gen_multi_thread.active_region_reg[18] )
INFO: [Synth 8-3333] propagating constant 0 across sequential element (RevisionDesign_i/ps7_0_axi_periph/xbar/\inst/gen_samd.crossbar_samd/gen_slave_slots[0].gen_si_read.si_transactor_ar/gen_multi_thread.active_region_reg[26] )
INFO: [Synth 8-3333] propagating constant 0 across sequential element (RevisionDesign_i/ps7_0_axi_periph/xbar/\inst/gen_samd.crossbar_samd/gen_slave_slots[0].gen_si_read.si_transactor_ar/gen_multi_thread.active_region_reg[34] )
INFO: [Synth 8-3333] propagating constant 0 across sequential element (RevisionDesign_i/ps7_0_axi_periph/xbar/\inst/gen_samd.crossbar_samd/gen_slave_slots[0].gen_si_read.si_transactor_ar/gen_multi_thread.active_region_reg[42] )
INFO: [Synth 8-3333] propagating constant 0 across sequential element (RevisionDesign_i/ps7_0_axi_periph/xbar/\inst/gen_samd.crossbar_samd/gen_slave_slots[0].gen_si_read.si_transactor_ar/gen_multi_thread.active_region_reg[50] )
INFO: [Synth 8-3333] propagating constant 0 across sequential element (RevisionDesign_i/ps7_0_axi_periph/xbar/\inst/gen_samd.crossbar_samd/gen_slave_slots[0].gen_si_read.si_transactor_ar/gen_multi_thread.active_region_reg[58] )
INFO: [Synth 8-3333] propagating constant 0 across sequential element (RevisionDesign_i/ps7_0_axi_periph/xbar/\inst/gen_samd.crossbar_samd/gen_slave_slots[0].gen_si_write.si_transactor_aw/gen_multi_thread.active_region_reg[2] )
INFO: [Synth 8-3333] propagating constant 0 across sequential element (RevisionDesign_i/ps7_0_axi_periph/xbar/\inst/gen_samd.crossbar_samd/gen_slave_slots[0].gen_si_write.si_transactor_aw/gen_multi_thread.active_region_reg[10] )
INFO: [Synth 8-3333] propagating constant 0 across sequential element (RevisionDesign_i/ps7_0_axi_periph/xbar/\inst/gen_samd.crossbar_samd/gen_slave_slots[0].gen_si_write.si_transactor_aw/gen_multi_thread.active_region_reg[18] )
INFO: [Synth 8-3333] propagating constant 0 across sequential element (RevisionDesign_i/ps7_0_axi_periph/xbar/\inst/gen_samd.crossbar_samd/gen_slave_slots[0].gen_si_write.si_transactor_aw/gen_multi_thread.active_region_reg[26] )
INFO: [Synth 8-3333] propagating constant 0 across sequential element (RevisionDesign_i/ps7_0_axi_periph/xbar/\inst/gen_samd.crossbar_samd/gen_slave_slots[0].gen_si_write.si_transactor_aw/gen_multi_thread.active_region_reg[34] )
INFO: [Synth 8-3333] propagating constant 0 across sequential element (RevisionDesign_i/ps7_0_axi_periph/xbar/\inst/gen_samd.crossbar_samd/gen_slave_slots[0].gen_si_write.si_transactor_aw/gen_multi_thread.active_region_reg[42] )
INFO: [Synth 8-3333] propagating constant 0 across sequential element (RevisionDesign_i/ps7_0_axi_periph/xbar/\inst/gen_samd.crossbar_samd/gen_slave_slots[0].gen_si_write.si_transactor_aw/gen_multi_thread.active_region_reg[50] )
INFO: [Synth 8-3333] propagating constant 0 across sequential element (RevisionDesign_i/ps7_0_axi_periph/xbar/\inst/gen_samd.crossbar_samd/gen_slave_slots[0].gen_si_write.si_transactor_aw/gen_multi_thread.active_region_reg[58] )
INFO: [Synth 8-3333] propagating constant 0 across sequential element (RevisionDesign_i/ps7_0_axi_periph/xbar/\inst/gen_samd.crossbar_samd/addr_arbiter_ar/gen_no_arbiter.m_mesg_i_reg[63] )
INFO: [Synth 8-3333] propagating constant 0 across sequential element (RevisionDesign_i/ps7_0_axi_periph/xbar/\inst/gen_samd.crossbar_samd/addr_arbiter_aw/gen_no_arbiter.m_mesg_i_reg[63] )
INFO: [Synth 8-3333] propagating constant 1 across sequential element (RevisionDesign_i/ps7_0_axi_periph/xbar/\inst/gen_samd.crossbar_samd/gen_master_slots[2].reg_slice_mi/b.b_pipe/m_payload_i_reg[1] )
INFO: [Synth 8-3332] Sequential element (inst/gen_samd.crossbar_samd/gen_slave_slots[0].gen_si_read.si_transactor_ar/gen_multi_thread.active_region_reg[63]) is unused and will be removed from module RevisionDesign_xbar_0.
INFO: [Synth 8-3332] Sequential element (inst/gen_samd.crossbar_samd/gen_slave_slots[0].gen_si_read.si_transactor_ar/gen_multi_thread.active_region_reg[62]) is unused and will be removed from module RevisionDesign_xbar_0.
INFO: [Synth 8-3332] Sequential element (inst/gen_samd.crossbar_samd/gen_slave_slots[0].gen_si_read.si_transactor_ar/gen_multi_thread.active_region_reg[61]) is unused and will be removed from module RevisionDesign_xbar_0.
INFO: [Synth 8-3332] Sequential element (inst/gen_samd.crossbar_samd/gen_slave_slots[0].gen_si_read.si_transactor_ar/gen_multi_thread.active_region_reg[60]) is unused and will be removed from module RevisionDesign_xbar_0.
INFO: [Synth 8-3332] Sequential element (inst/gen_samd.crossbar_samd/gen_slave_slots[0].gen_si_read.si_transactor_ar/gen_multi_thread.active_region_reg[58]) is unused and will be removed from module RevisionDesign_xbar_0.
INFO: [Synth 8-3332] Sequential element (inst/gen_samd.crossbar_samd/gen_slave_slots[0].gen_si_read.si_transactor_ar/gen_multi_thread.active_region_reg[55]) is unused and will be removed from module RevisionDesign_xbar_0.
INFO: [Synth 8-3332] Sequential element (inst/gen_samd.crossbar_samd/gen_slave_slots[0].gen_si_read.si_transactor_ar/gen_multi_thread.active_region_reg[54]) is unused and will be removed from module RevisionDesign_xbar_0.
INFO: [Synth 8-3332] Sequential element (inst/gen_samd.crossbar_samd/gen_slave_slots[0].gen_si_read.si_transactor_ar/gen_multi_thread.active_region_reg[53]) is unused and will be removed from module RevisionDesign_xbar_0.
INFO: [Synth 8-3332] Sequential element (inst/gen_samd.crossbar_samd/gen_slave_slots[0].gen_si_read.si_transactor_ar/gen_multi_thread.active_region_reg[52]) is unused and will be removed from module RevisionDesign_xbar_0.
INFO: [Synth 8-3332] Sequential element (inst/gen_samd.crossbar_samd/gen_slave_slots[0].gen_si_read.si_transactor_ar/gen_multi_thread.active_region_reg[50]) is unused and will be removed from module RevisionDesign_xbar_0.
INFO: [Synth 8-3332] Sequential element (inst/gen_samd.crossbar_samd/gen_slave_slots[0].gen_si_read.si_transactor_ar/gen_multi_thread.active_region_reg[47]) is unused and will be removed from module RevisionDesign_xbar_0.
INFO: [Synth 8-3332] Sequential element (inst/gen_samd.crossbar_samd/gen_slave_slots[0].gen_si_read.si_transactor_ar/gen_multi_thread.active_region_reg[46]) is unused and will be removed from module RevisionDesign_xbar_0.
INFO: [Synth 8-3332] Sequential element (inst/gen_samd.crossbar_samd/gen_slave_slots[0].gen_si_read.si_transactor_ar/gen_multi_thread.active_region_reg[45]) is unused and will be removed from module RevisionDesign_xbar_0.
INFO: [Synth 8-3332] Sequential element (inst/gen_samd.crossbar_samd/gen_slave_slots[0].gen_si_read.si_transactor_ar/gen_multi_thread.active_region_reg[44]) is unused and will be removed from module RevisionDesign_xbar_0.
INFO: [Synth 8-3332] Sequential element (inst/gen_samd.crossbar_samd/gen_slave_slots[0].gen_si_read.si_transactor_ar/gen_multi_thread.active_region_reg[42]) is unused and will be removed from module RevisionDesign_xbar_0.
INFO: [Synth 8-3332] Sequential element (inst/gen_samd.crossbar_samd/gen_slave_slots[0].gen_si_read.si_transactor_ar/gen_multi_thread.active_region_reg[39]) is unused and will be removed from module RevisionDesign_xbar_0.
INFO: [Synth 8-3332] Sequential element (inst/gen_samd.crossbar_samd/gen_slave_slots[0].gen_si_read.si_transactor_ar/gen_multi_thread.active_region_reg[38]) is unused and will be removed from module RevisionDesign_xbar_0.
INFO: [Synth 8-3332] Sequential element (inst/gen_samd.crossbar_samd/gen_slave_slots[0].gen_si_read.si_transactor_ar/gen_multi_thread.active_region_reg[37]) is unused and will be removed from module RevisionDesign_xbar_0.
INFO: [Synth 8-3332] Sequential element (inst/gen_samd.crossbar_samd/gen_slave_slots[0].gen_si_read.si_transactor_ar/gen_multi_thread.active_region_reg[36]) is unused and will be removed from module RevisionDesign_xbar_0.
INFO: [Synth 8-3332] Sequential element (inst/gen_samd.crossbar_samd/gen_slave_slots[0].gen_si_read.si_transactor_ar/gen_multi_thread.active_region_reg[34]) is unused and will be removed from module RevisionDesign_xbar_0.
INFO: [Synth 8-3332] Sequential element (inst/gen_samd.crossbar_samd/gen_slave_slots[0].gen_si_read.si_transactor_ar/gen_multi_thread.active_region_reg[31]) is unused and will be removed from module RevisionDesign_xbar_0.
INFO: [Synth 8-3332] Sequential element (inst/gen_samd.crossbar_samd/gen_slave_slots[0].gen_si_read.si_transactor_ar/gen_multi_thread.active_region_reg[30]) is unused and will be removed from module RevisionDesign_xbar_0.
INFO: [Synth 8-3332] Sequential element (inst/gen_samd.crossbar_samd/gen_slave_slots[0].gen_si_read.si_transactor_ar/gen_multi_thread.active_region_reg[29]) is unused and will be removed from module RevisionDesign_xbar_0.
INFO: [Synth 8-3332] Sequential element (inst/gen_samd.crossbar_samd/gen_slave_slots[0].gen_si_read.si_transactor_ar/gen_multi_thread.active_region_reg[28]) is unused and will be removed from module RevisionDesign_xbar_0.
INFO: [Synth 8-3332] Sequential element (inst/gen_samd.crossbar_samd/gen_slave_slots[0].gen_si_read.si_transactor_ar/gen_multi_thread.active_region_reg[26]) is unused and will be removed from module RevisionDesign_xbar_0.
INFO: [Synth 8-3332] Sequential element (inst/gen_samd.crossbar_samd/gen_slave_slots[0].gen_si_read.si_transactor_ar/gen_multi_thread.active_region_reg[23]) is unused and will be removed from module RevisionDesign_xbar_0.
INFO: [Synth 8-3332] Sequential element (inst/gen_samd.crossbar_samd/gen_slave_slots[0].gen_si_read.si_transactor_ar/gen_multi_thread.active_region_reg[22]) is unused and will be removed from module RevisionDesign_xbar_0.
INFO: [Synth 8-3332] Sequential element (inst/gen_samd.crossbar_samd/gen_slave_slots[0].gen_si_read.si_transactor_ar/gen_multi_thread.active_region_reg[21]) is unused and will be removed from module RevisionDesign_xbar_0.
INFO: [Synth 8-3332] Sequential element (inst/gen_samd.crossbar_samd/gen_slave_slots[0].gen_si_read.si_transactor_ar/gen_multi_thread.active_region_reg[20]) is unused and will be removed from module RevisionDesign_xbar_0.
INFO: [Synth 8-3332] Sequential element (inst/gen_samd.crossbar_samd/gen_slave_slots[0].gen_si_read.si_transactor_ar/gen_multi_thread.active_region_reg[18]) is unused and will be removed from module RevisionDesign_xbar_0.
INFO: [Synth 8-3332] Sequential element (inst/gen_samd.crossbar_samd/gen_slave_slots[0].gen_si_read.si_transactor_ar/gen_multi_thread.active_region_reg[15]) is unused and will be removed from module RevisionDesign_xbar_0.
INFO: [Synth 8-3332] Sequential element (inst/gen_samd.crossbar_samd/gen_slave_slots[0].gen_si_read.si_transactor_ar/gen_multi_thread.active_region_reg[14]) is unused and will be removed from module RevisionDesign_xbar_0.
INFO: [Synth 8-3332] Sequential element (inst/gen_samd.crossbar_samd/gen_slave_slots[0].gen_si_read.si_transactor_ar/gen_multi_thread.active_region_reg[13]) is unused and will be removed from module RevisionDesign_xbar_0.
INFO: [Common 17-14] Message 'Synth 8-3332' appears 100 times and further instances of the messages will be disabled. Use the Tcl command set_msg_config to change the current settings.
---------------------------------------------------------------------------------
Finished Cross Boundary and Area Optimization : Time (s): cpu = 00:01:57 ; elapsed = 00:02:06 . Memory (MB): peak = 916.711 ; gain = 609.660
---------------------------------------------------------------------------------

Report RTL Partitions: 
+-+--------------+------------+----------+
| |RTL Partition |Replication |Instances |
+-+--------------+------------+----------+
+-+--------------+------------+----------+
---------------------------------------------------------------------------------
Start Applying XDC Timing Constraints
---------------------------------------------------------------------------------
---------------------------------------------------------------------------------
Finished Applying XDC Timing Constraints : Time (s): cpu = 00:02:06 ; elapsed = 00:02:16 . Memory (MB): peak = 1017.816 ; gain = 710.766
---------------------------------------------------------------------------------
---------------------------------------------------------------------------------
Start Timing Optimization
---------------------------------------------------------------------------------
---------------------------------------------------------------------------------
Finished Timing Optimization : Time (s): cpu = 00:02:10 ; elapsed = 00:02:20 . Memory (MB): peak = 1135.285 ; gain = 828.234
---------------------------------------------------------------------------------

Report RTL Partitions: 
+-+--------------+------------+----------+
| |RTL Partition |Replication |Instances |
+-+--------------+------------+----------+
+-+--------------+------------+----------+
---------------------------------------------------------------------------------
Start Technology Mapping
---------------------------------------------------------------------------------
---------------------------------------------------------------------------------
Finished Technology Mapping : Time (s): cpu = 00:02:12 ; elapsed = 00:02:23 . Memory (MB): peak = 1136.355 ; gain = 829.305
---------------------------------------------------------------------------------

Report RTL Partitions: 
+-+--------------+------------+----------+
| |RTL Partition |Replication |Instances |
+-+--------------+------------+----------+
+-+--------------+------------+----------+
---------------------------------------------------------------------------------
Start IO Insertion
---------------------------------------------------------------------------------
---------------------------------------------------------------------------------
Start Flattening Before IO Insertion
---------------------------------------------------------------------------------
---------------------------------------------------------------------------------
Finished Flattening Before IO Insertion
---------------------------------------------------------------------------------
---------------------------------------------------------------------------------
Start Final Netlist Cleanup
---------------------------------------------------------------------------------
INFO: [Synth 8-5365] Flop inst/gen_axilite.gen_b2s_conv.axilite_b2s/SI_REG/ar.ar_pipe/aresetn_d_reg[1] is being inverted and renamed to inst/gen_axilite.gen_b2s_conv.axilite_b2s/SI_REG/ar.ar_pipe/aresetn_d_reg[1]_inv.
INFO: [Synth 8-4618] Found max_fanout attribute set to 10 on net \inst/gen_axilite.gen_b2s_conv.axilite_b2s/RD.r_channel_0/transaction_fifo_0/cnt_read [3]. Fanout reduced from 17 to 7 by creating 2 replicas.
INFO: [Synth 8-4618] Found max_fanout attribute set to 10 on net \inst/gen_axilite.gen_b2s_conv.axilite_b2s/RD.r_channel_0/transaction_fifo_0/cnt_read [4]. Fanout reduced from 16 to 7 by creating 2 replicas.
INFO: [Synth 8-4618] Found max_fanout attribute set to 10 on net \inst/gen_axilite.gen_b2s_conv.axilite_b2s/RD.r_channel_0/transaction_fifo_0/cnt_read [2]. Fanout reduced from 18 to 7 by creating 2 replicas.
INFO: [Synth 8-4618] Found max_fanout attribute set to 10 on net \inst/gen_axilite.gen_b2s_conv.axilite_b2s/RD.r_channel_0/transaction_fifo_0/cnt_read [1]. Fanout reduced from 20 to 7 by creating 2 replicas.
INFO: [Synth 8-4618] Found max_fanout attribute set to 10 on net \inst/gen_axilite.gen_b2s_conv.axilite_b2s/RD.r_channel_0/transaction_fifo_0/cnt_read [0]. Fanout reduced from 21 to 7 by creating 3 replicas.
INFO: [Synth 8-4618] Found max_fanout attribute set to 10 on net \inst/gen_axilite.gen_b2s_conv.axilite_b2s/WR.b_channel_0/bid_fifo_0/cnt_read [0]. Fanout reduced from 28 to 10 by creating 2 replicas.
INFO: [Synth 8-4618] Found max_fanout attribute set to 10 on net \inst/gen_axilite.gen_b2s_conv.axilite_b2s/WR.b_channel_0/bid_fifo_0/cnt_read [1]. Fanout reduced from 27 to 7 by creating 3 replicas.
INFO: [Synth 8-4618] Found max_fanout attribute set to 10 on net \inst/gen_axilite.gen_b2s_conv.axilite_b2s/RD.r_channel_0/rd_data_fifo_0/cnt_read [4]. Fanout reduced from 40 to 9 by creating 4 replicas.
INFO: [Synth 8-4618] Found max_fanout attribute set to 10 on net \inst/gen_axilite.gen_b2s_conv.axilite_b2s/RD.r_channel_0/rd_data_fifo_0/cnt_read [3]. Fanout reduced from 41 to 9 by creating 4 replicas.
INFO: [Synth 8-4618] Found max_fanout attribute set to 10 on net \inst/gen_axilite.gen_b2s_conv.axilite_b2s/RD.r_channel_0/rd_data_fifo_0/cnt_read [0]. Fanout reduced from 45 to 9 by creating 5 replicas.
INFO: [Synth 8-4618] Found max_fanout attribute set to 10 on net \inst/gen_axilite.gen_b2s_conv.axilite_b2s/RD.r_channel_0/rd_data_fifo_0/cnt_read [1]. Fanout reduced from 44 to 9 by creating 5 replicas.
INFO: [Synth 8-4618] Found max_fanout attribute set to 10 on net \inst/gen_axilite.gen_b2s_conv.axilite_b2s/RD.r_channel_0/rd_data_fifo_0/cnt_read [2]. Fanout reduced from 43 to 9 by creating 4 replicas.
INFO: [Synth 8-4618] Found max_fanout attribute set to 20 on net \inst/gen_axilite.gen_b2s_conv.axilite_b2s/RD.ar_channel_0/ar_cmd_fsm_0/state [1]. Fanout reduced from 27 to 14 by creating 1 replicas.
INFO: [Synth 8-4618] Found max_fanout attribute set to 20 on net \inst/gen_axilite.gen_b2s_conv.axilite_b2s/RD.ar_channel_0/ar_cmd_fsm_0/state [0]. Fanout reduced from 29 to 15 by creating 1 replicas.
INFO: [Synth 8-4618] Found max_fanout attribute set to 20 on net \inst/gen_axilite.gen_b2s_conv.axilite_b2s/WR.aw_channel_0/aw_cmd_fsm_0/state [1]. Fanout reduced from 27 to 14 by creating 1 replicas.
INFO: [Synth 8-4618] Found max_fanout attribute set to 20 on net \inst/gen_axilite.gen_b2s_conv.axilite_b2s/WR.aw_channel_0/aw_cmd_fsm_0/state [0]. Fanout reduced from 27 to 14 by creating 1 replicas.
---------------------------------------------------------------------------------
Finished Final Netlist Cleanup
---------------------------------------------------------------------------------
---------------------------------------------------------------------------------
Finished IO Insertion : Time (s): cpu = 00:02:13 ; elapsed = 00:02:24 . Memory (MB): peak = 1136.355 ; gain = 829.305
---------------------------------------------------------------------------------

Report Check Netlist: 
+------+------------------+-------+---------+-------+------------------+
|      |Item              |Errors |Warnings |Status |Description       |
+------+------------------+-------+---------+-------+------------------+
|1     |multi_driven_nets |      0|        0|Passed |Multi driven nets |
+------+------------------+-------+---------+-------+------------------+
---------------------------------------------------------------------------------
Start Renaming Generated Instances
---------------------------------------------------------------------------------
---------------------------------------------------------------------------------
Finished Renaming Generated Instances : Time (s): cpu = 00:02:13 ; elapsed = 00:02:24 . Memory (MB): peak = 1136.355 ; gain = 829.305
---------------------------------------------------------------------------------

Report RTL Partitions: 
+-+--------------+------------+----------+
| |RTL Partition |Replication |Instances |
+-+--------------+------------+----------+
+-+--------------+------------+----------+
---------------------------------------------------------------------------------
Start Rebuilding User Hierarchy
---------------------------------------------------------------------------------
---------------------------------------------------------------------------------
Finished Rebuilding User Hierarchy : Time (s): cpu = 00:02:14 ; elapsed = 00:02:24 . Memory (MB): peak = 1136.355 ; gain = 829.305
---------------------------------------------------------------------------------
---------------------------------------------------------------------------------
Start Renaming Generated Ports
---------------------------------------------------------------------------------
---------------------------------------------------------------------------------
Finished Renaming Generated Ports : Time (s): cpu = 00:02:14 ; elapsed = 00:02:24 . Memory (MB): peak = 1136.355 ; gain = 829.305
---------------------------------------------------------------------------------
---------------------------------------------------------------------------------
Start Handling Custom Attributes
---------------------------------------------------------------------------------
---------------------------------------------------------------------------------
Finished Handling Custom Attributes : Time (s): cpu = 00:02:14 ; elapsed = 00:02:24 . Memory (MB): peak = 1136.355 ; gain = 829.305
---------------------------------------------------------------------------------
---------------------------------------------------------------------------------
Start Renaming Generated Nets
---------------------------------------------------------------------------------
---------------------------------------------------------------------------------
Finished Renaming Generated Nets : Time (s): cpu = 00:02:14 ; elapsed = 00:02:25 . Memory (MB): peak = 1136.355 ; gain = 829.305
---------------------------------------------------------------------------------
---------------------------------------------------------------------------------
Start ROM, RAM, DSP and Shift Register Reporting
---------------------------------------------------------------------------------

Static Shift Register Report:
+-------------------+----------------------------------------------------------------------------------------------------------------------------------------+--------+-------+--------------+--------------------+-------------------+--------+---------+
|Module Name        | RTL Name                                                                                                                               | Length | Width | Reset Signal | Pull out first Reg | Pull out last Reg | SRL16E | SRLC32E | 
+-------------------+----------------------------------------------------------------------------------------------------------------------------------------+--------+-------+--------------+--------------------+-------------------+--------+---------+
|blk_mem_gen_v8_4_1 | inst_blk_mem_gen/gnbram.gnative_mem_map_bmg.native_mem_map_blk_mem_gen/valid.cstr/ramloop[1].ram.r/SAFETY_CKT_GEN.RSTA_SHFT_REG_reg[4] | 4      | 1     | NO           | NO                 | YES               | 1      | 0       | 
+-------------------+----------------------------------------------------------------------------------------------------------------------------------------+--------+-------+--------------+--------------------+-------------------+--------+---------+


Dynamic Shift Register Report:
+------------+----------------+--------+------------+--------+---------+--------+--------+--------+
|Module Name | RTL Name       | Length | Data Width | SRL16E | SRLC32E | Mux F7 | Mux F8 | Mux F9 | 
+------------+----------------+--------+------------+--------+---------+--------+--------+--------+
|dsrl        | memory_reg[3]  | 4      | 20         | 20     | 0       | 0      | 0      | 0      | 
|dsrl__1     | memory_reg[3]  | 4      | 2          | 2      | 0       | 0      | 0      | 0      | 
|dsrl__2     | memory_reg[31] | 32     | 34         | 0      | 34      | 0      | 0      | 0      | 
|dsrl__3     | memory_reg[31] | 32     | 13         | 0      | 13      | 0      | 0      | 0      | 
+------------+----------------+--------+------------+--------+---------+--------+--------+--------+

---------------------------------------------------------------------------------
Finished ROM, RAM, DSP and Shift Register Reporting
---------------------------------------------------------------------------------
---------------------------------------------------------------------------------
Start Writing Synthesis Report
---------------------------------------------------------------------------------

Report BlackBoxes: 
+-+--------------+----------+
| |BlackBox name |Instances |
+-+--------------+----------+
+-+--------------+----------+

Report Cell Usage: 
+------+---------+------+
|      |Cell     |Count |
+------+---------+------+
|1     |BIBUF    |   130|
|2     |BUFG     |     1|
|3     |CARRY4   |   178|
|4     |LUT1     |   211|
|5     |LUT2     |   121|
|6     |LUT3     |   526|
|7     |LUT4     |   316|
|8     |LUT5     |   431|
|9     |LUT6     |   706|
|10    |MUXCY_L  |     3|
|11    |MUXF7    |    19|
|12    |MUXF8    |     6|
|13    |PS7      |     1|
|14    |RAMB36E1 |     2|
|15    |SRL16    |     1|
|16    |SRL16E   |    35|
|17    |SRLC32E  |    49|
|18    |XORCY    |     4|
|19    |FDCE     |   644|
|20    |FDPE     |    16|
|21    |FDR      |     9|
|22    |FDRE     |  1885|
|23    |FDSE     |    64|
+------+---------+------+

Report Instance Areas: 
+------+------------------------------------------------------------------+-------------------------------------------------------------------+------+
|      |Instance                                                          |Module                                                             |Cells |
+------+------------------------------------------------------------------+-------------------------------------------------------------------+------+
|1     |top                                                               |                                                                   |  5358|
|2     |  RevisionDesign_i                                                |RevisionDesign                                                     |  5358|
|3     |    axi_bram_ctrl_0                                               |RevisionDesign_axi_bram_ctrl_0_0                                   |   788|
|4     |      U0                                                          |axi_bram_ctrl                                                      |   788|
|5     |        \gext_inst.abcv4_0_ext_inst                               |axi_bram_ctrl_top                                                  |   788|
|6     |          \GEN_AXI4.I_FULL_AXI                                    |full_axi                                                           |   788|
|7     |            I_RD_CHNL                                             |rd_chnl                                                            |   472|
|8     |              I_WRAP_BRST                                         |wrap_brst_30                                                       |    62|
|9     |            I_WR_CHNL                                             |wr_chnl                                                            |   316|
|10    |              BID_FIFO                                            |SRL_FIFO                                                           |    68|
|11    |              I_WRAP_BRST                                         |wrap_brst                                                          |    59|
|12    |    axi_reram_0                                                   |RevisionDesign_axi_reram_0_0                                       |  1437|
|13    |      inst                                                        |axi_reram_v1_0                                                     |  1437|
|14    |        S00_AXI_inst                                              |axi_reram_v1_0_S00_AXI                                             |   222|
|15    |        u_core                                                    |reram_core                                                         |  1207|
|16    |          \CELL_ARRAY[0].u_cell                                   |reram_cell                                                         |    65|
|17    |          \CELL_ARRAY[10].u_cell                                  |reram_cell_15                                                      |    72|
|18    |          \CELL_ARRAY[11].u_cell                                  |reram_cell_16                                                      |    80|
|19    |          \CELL_ARRAY[12].u_cell                                  |reram_cell_17                                                      |    71|
|20    |          \CELL_ARRAY[13].u_cell                                  |reram_cell_18                                                      |    77|
|21    |          \CELL_ARRAY[14].u_cell                                  |reram_cell_19                                                      |    72|
|22    |          \CELL_ARRAY[15].u_cell                                  |reram_cell_20                                                      |    80|
|23    |          \CELL_ARRAY[1].u_cell                                   |reram_cell_21                                                      |    76|
|24    |          \CELL_ARRAY[2].u_cell                                   |reram_cell_22                                                      |    72|
|25    |          \CELL_ARRAY[3].u_cell                                   |reram_cell_23                                                      |    86|
|26    |          \CELL_ARRAY[4].u_cell                                   |reram_cell_24                                                      |    72|
|27    |          \CELL_ARRAY[5].u_cell                                   |reram_cell_25                                                      |    75|
|28    |          \CELL_ARRAY[6].u_cell                                   |reram_cell_26                                                      |    73|
|29    |          \CELL_ARRAY[7].u_cell                                   |reram_cell_27                                                      |    78|
|30    |          \CELL_ARRAY[8].u_cell                                   |reram_cell_28                                                      |    72|
|31    |          \CELL_ARRAY[9].u_cell                                   |reram_cell_29                                                      |    78|
|32    |    blk_mem_gen_0                                                 |RevisionDesign_blk_mem_gen_0_0                                     |    19|
|33    |      U0                                                          |blk_mem_gen_v8_4_1                                                 |    19|
|34    |        inst_blk_mem_gen                                          |blk_mem_gen_v8_4_1_synth                                           |    19|
|35    |          \gnbram.gnative_mem_map_bmg.native_mem_map_blk_mem_gen  |blk_mem_gen_v8_4_1_blk_mem_gen_top                                 |    19|
|36    |            \valid.cstr                                           |blk_mem_gen_v8_4_1_blk_mem_gen_generic_cstr                        |    19|
|37    |              \ramloop[0].ram.r                                   |blk_mem_gen_v8_4_1_blk_mem_gen_prim_width                          |     1|
|38    |                \prim_noinit.ram                                  |blk_mem_gen_v8_4_1_blk_mem_gen_prim_wrapper                        |     1|
|39    |              \ramloop[1].ram.r                                   |blk_mem_gen_v8_4_1_blk_mem_gen_prim_width__parameterized0          |    18|
|40    |                \prim_noinit.ram                                  |blk_mem_gen_v8_4_1_blk_mem_gen_prim_wrapper__parameterized0        |     5|
|41    |    processing_system7_0                                          |RevisionDesign_processing_system7_0_0                              |   244|
|42    |      inst                                                        |processing_system7_v5_5_processing_system7                         |   244|
|43    |    ps7_0_axi_periph                                              |RevisionDesign_ps7_0_axi_periph_0                                  |  2804|
|44    |      xbar                                                        |RevisionDesign_xbar_0                                              |  1578|
|45    |        inst                                                      |axi_crossbar_v2_1_17_axi_crossbar                                  |  1578|
|46    |          \gen_samd.crossbar_samd                                 |axi_crossbar_v2_1_17_crossbar                                      |  1565|
|47    |            addr_arbiter_ar                                       |axi_crossbar_v2_1_17_addr_arbiter                                  |   103|
|48    |            addr_arbiter_aw                                       |axi_crossbar_v2_1_17_addr_arbiter_5                                |    99|
|49    |            \gen_decerr_slave.decerr_slave_inst                   |axi_crossbar_v2_1_17_decerr_slave                                  |    61|
|50    |            \gen_master_slots[0].reg_slice_mi                     |axi_register_slice_v2_1_16_axi_register_slice__parameterized1      |   167|
|51    |              \b.b_pipe                                           |axi_register_slice_v2_1_16_axic_register_slice__parameterized9_13  |    19|
|52    |              \r.r_pipe                                           |axi_register_slice_v2_1_16_axic_register_slice__parameterized10_14 |   148|
|53    |            \gen_master_slots[1].reg_slice_mi                     |axi_register_slice_v2_1_16_axi_register_slice__parameterized1_6    |   198|
|54    |              \b.b_pipe                                           |axi_register_slice_v2_1_16_axic_register_slice__parameterized9_11  |    31|
|55    |              \r.r_pipe                                           |axi_register_slice_v2_1_16_axic_register_slice__parameterized10_12 |   167|
|56    |            \gen_master_slots[2].reg_slice_mi                     |axi_register_slice_v2_1_16_axi_register_slice__parameterized1_7    |    88|
|57    |              \b.b_pipe                                           |axi_register_slice_v2_1_16_axic_register_slice__parameterized9     |    43|
|58    |              \r.r_pipe                                           |axi_register_slice_v2_1_16_axic_register_slice__parameterized10    |    45|
|59    |            \gen_slave_slots[0].gen_si_read.si_transactor_ar      |axi_crossbar_v2_1_17_si_transactor                                 |   406|
|60    |              \gen_multi_thread.arbiter_resp_inst                 |axi_crossbar_v2_1_17_arbiter_resp_10                               |   111|
|61    |            \gen_slave_slots[0].gen_si_write.si_transactor_aw     |axi_crossbar_v2_1_17_si_transactor__parameterized0                 |   371|
|62    |              \gen_multi_thread.arbiter_resp_inst                 |axi_crossbar_v2_1_17_arbiter_resp                                  |    44|
|63    |            \gen_slave_slots[0].gen_si_write.splitter_aw_si       |axi_crossbar_v2_1_17_splitter                                      |     7|
|64    |            \gen_slave_slots[0].gen_si_write.wdata_router_w       |axi_crossbar_v2_1_17_wdata_router                                  |    38|
|65    |              wrouter_aw_fifo                                     |axi_data_fifo_v2_1_15_axic_reg_srl_fifo                            |    38|
|66    |                \gen_srls[0].gen_rep[0].srl_nx1                   |axi_data_fifo_v2_1_15_ndeep_srl__parameterized0                    |     1|
|67    |                \gen_srls[0].gen_rep[1].srl_nx1                   |axi_data_fifo_v2_1_15_ndeep_srl__parameterized0_9                  |     6|
|68    |            splitter_aw_mi                                        |axi_crossbar_v2_1_17_splitter_8                                    |     4|
|69    |      m00_couplers                                                |m00_couplers_imp_17TE66S                                           |  1226|
|70    |        auto_pc                                                   |RevisionDesign_auto_pc_0                                           |  1226|
|71    |          inst                                                    |axi_protocol_converter_v2_1_16_axi_protocol_converter              |  1226|
|72    |            \gen_axilite.gen_b2s_conv.axilite_b2s                 |axi_protocol_converter_v2_1_16_b2s                                 |  1226|
|73    |              \RD.ar_channel_0                                    |axi_protocol_converter_v2_1_16_b2s_ar_channel                      |   203|
|74    |                ar_cmd_fsm_0                                      |axi_protocol_converter_v2_1_16_b2s_rd_cmd_fsm                      |    35|
|75    |                cmd_translator_0                                  |axi_protocol_converter_v2_1_16_b2s_cmd_translator_2                |   156|
|76    |                  incr_cmd_0                                      |axi_protocol_converter_v2_1_16_b2s_incr_cmd_3                      |    69|
|77    |                  wrap_cmd_0                                      |axi_protocol_converter_v2_1_16_b2s_wrap_cmd_4                      |    82|
|78    |              \RD.r_channel_0                                     |axi_protocol_converter_v2_1_16_b2s_r_channel                       |   125|
|79    |                rd_data_fifo_0                                    |axi_protocol_converter_v2_1_16_b2s_simple_fifo__parameterized1     |    73|
|80    |                transaction_fifo_0                                |axi_protocol_converter_v2_1_16_b2s_simple_fifo__parameterized2     |    38|
|81    |              SI_REG                                              |axi_register_slice_v2_1_16_axi_register_slice                      |   615|
|82    |                \ar.ar_pipe                                       |axi_register_slice_v2_1_16_axic_register_slice                     |   210|
|83    |                \aw.aw_pipe                                       |axi_register_slice_v2_1_16_axic_register_slice_1                   |   210|
|84    |                \b.b_pipe                                         |axi_register_slice_v2_1_16_axic_register_slice__parameterized1     |    48|
|85    |                \r.r_pipe                                         |axi_register_slice_v2_1_16_axic_register_slice__parameterized2     |   147|
|86    |              \WR.aw_channel_0                                    |axi_protocol_converter_v2_1_16_b2s_aw_channel                      |   212|
|87    |                aw_cmd_fsm_0                                      |axi_protocol_converter_v2_1_16_b2s_wr_cmd_fsm                      |    35|
|88    |                cmd_translator_0                                  |axi_protocol_converter_v2_1_16_b2s_cmd_translator                  |   157|
|89    |                  incr_cmd_0                                      |axi_protocol_converter_v2_1_16_b2s_incr_cmd                        |    71|
|90    |                  wrap_cmd_0                                      |axi_protocol_converter_v2_1_16_b2s_wrap_cmd                        |    82|
|91    |              \WR.b_channel_0                                     |axi_protocol_converter_v2_1_16_b2s_b_channel                       |    69|
|92    |                bid_fifo_0                                        |axi_protocol_converter_v2_1_16_b2s_simple_fifo                     |    38|
|93    |                bresp_fifo_0                                      |axi_protocol_converter_v2_1_16_b2s_simple_fifo__parameterized0     |     7|
|94    |      s00_couplers                                                |s00_couplers_imp_PW1UHT                                            |     0|
|95    |        auto_pc                                                   |RevisionDesign_auto_pc_1                                           |     0|
|96    |    rst_ps7_0_50M                                                 |RevisionDesign_rst_ps7_0_50M_0                                     |    66|
|97    |      U0                                                          |proc_sys_reset                                                     |    66|
|98    |        EXT_LPF                                                   |lpf                                                                |    23|
|99    |          \ACTIVE_LOW_AUX.ACT_LO_AUX                              |cdc_sync                                                           |     6|
|100   |          \ACTIVE_LOW_EXT.ACT_LO_EXT                              |cdc_sync_0                                                         |     6|
|101   |        SEQ                                                       |sequence_psr                                                       |    38|
|102   |          SEQ_COUNTER                                             |upcnt_n                                                            |    13|
+------+------------------------------------------------------------------+-------------------------------------------------------------------+------+
---------------------------------------------------------------------------------
Finished Writing Synthesis Report : Time (s): cpu = 00:02:14 ; elapsed = 00:02:25 . Memory (MB): peak = 1136.355 ; gain = 829.305
---------------------------------------------------------------------------------
Synthesis finished with 0 errors, 0 critical warnings and 534 warnings.
Synthesis Optimization Runtime : Time (s): cpu = 00:00:34 ; elapsed = 00:02:13 . Memory (MB): peak = 1136.355 ; gain = 718.840
Synthesis Optimization Complete : Time (s): cpu = 00:02:14 ; elapsed = 00:02:25 . Memory (MB): peak = 1136.355 ; gain = 829.305
INFO: [Project 1-571] Translating synthesized netlist
INFO: [Netlist 29-17] Analyzing 222 Unisim elements for replacement
INFO: [Netlist 29-28] Unisim Transformation completed in 0 CPU seconds
INFO: [Project 1-570] Preparing netlist for logic optimization
INFO: [Opt 31-138] Pushed 0 inverter(s) to 0 load pin(s).
INFO: [Project 1-111] Unisim Transformation Summary:
  A total of 11 instances were transformed.
  (MUXCY,XORCY) => CARRY4: 1 instances
  FDR => FDRE: 9 instances
  SRL16 => SRL16E: 1 instances

INFO: [Common 17-83] Releasing license: Synthesis
627 Infos, 223 Warnings, 0 Critical Warnings and 0 Errors encountered.
synth_design completed successfully
synth_design: Time (s): cpu = 00:02:17 ; elapsed = 00:02:30 . Memory (MB): peak = 1136.355 ; gain = 836.227
INFO: [Common 17-1381] The checkpoint 'C:/Users/hrish/Downloads/ReRAM_Thesis/Project Folder/ReRAM_Revision/ReRAM_Revision.runs/synth_1/RevisionDesign_wrapper.dcp' has been generated.
INFO: [runtcl-4] Executing : report_utilization -file RevisionDesign_wrapper_utilization_synth.rpt -pb RevisionDesign_wrapper_utilization_synth.pb
report_utilization: Time (s): cpu = 00:00:00 ; elapsed = 00:00:00.041 . Memory (MB): peak = 1136.355 ; gain = 0.000
INFO: [Common 17-206] Exiting Vivado at Sun Oct 12 22:44:09 2025...
