Copyright 1986-2018 Xilinx, Inc. All Rights Reserved.
-----------------------------------------------------------------------------------------------------------------------------------------------------------------------------------------------------------------------------------------
| Tool Version : Vivado v.2018.1 (win64) Build 2188600 Wed Apr  4 18:40:38 MDT 2018
| Date         : Sun Oct 12 22:45:30 2025
| Host         : LOREFARM running 64-bit major release  (build 9200)
| Command      : report_timing_summary -max_paths 10 -file RevisionDesign_wrapper_timing_summary_routed.rpt -pb RevisionDesign_wrapper_timing_summary_routed.pb -rpx RevisionDesign_wrapper_timing_summary_routed.rpx -warn_on_violation
| Design       : RevisionDesign_wrapper
| Device       : 7z020-clg400
| Speed File   : -1  PRODUCTION 1.11 2014-09-11
-----------------------------------------------------------------------------------------------------------------------------------------------------------------------------------------------------------------------------------------

Timing Summary Report

------------------------------------------------------------------------------------------------
| Timer Settings
| --------------
------------------------------------------------------------------------------------------------

  Enable Multi Corner Analysis               :  Yes
  Enable Pessimism Removal                   :  Yes
  Pessimism Removal Resolution               :  Nearest Common Node
  Enable Input Delay Default Clock           :  No
  Enable Preset / Clear Arcs                 :  No
  Disable Flight Delays                      :  No
  Ignore I/O Paths                           :  No
  Timing Early Launch at Borrowing Latches   :  false

  Corner  Analyze    Analyze    
  Name    Max Paths  Min Paths  
  ------  ---------  ---------  
  Slow    Yes        Yes        
  Fast    Yes        Yes        



check_timing report

Table of Contents
-----------------
1. checking no_clock
2. checking constant_clock
3. checking pulse_width_clock
4. checking unconstrained_internal_endpoints
5. checking no_input_delay
6. checking no_output_delay
7. checking multiple_clock
8. checking generated_clocks
9. checking loops
10. checking partial_input_delay
11. checking partial_output_delay
12. checking latch_loops

1. checking no_clock
--------------------
 There are 0 register/latch pins with no clock.


2. checking constant_clock
--------------------------
 There are 0 register/latch pins with constant_clock.


3. checking pulse_width_clock
-----------------------------
 There are 0 register/latch pins which need pulse_width check


4. checking unconstrained_internal_endpoints
--------------------------------------------
 There are 0 pins that are not constrained for maximum delay.

 There are 0 pins that are not constrained for maximum delay due to constant clock.


5. checking no_input_delay
--------------------------
 There are 0 input ports with no input delay specified.

 There are 0 input ports with no input delay but user has a false path constraint.


6. checking no_output_delay
---------------------------
 There are 0 ports with no output delay specified.

 There are 0 ports with no output delay but user has a false path constraint

 There are 0 ports with no output delay but with a timing clock defined on it or propagating through it


7. checking multiple_clock
--------------------------
 There are 0 register/latch pins with multiple clocks.


8. checking generated_clocks
----------------------------
 There are 0 generated clocks that are not connected to a clock source.


9. checking loops
-----------------
 There are 0 combinational loops in the design.


10. checking partial_input_delay
--------------------------------
 There are 0 input ports with partial input delay specified.


11. checking partial_output_delay
---------------------------------
 There are 0 ports with partial output delay specified.


12. checking latch_loops
------------------------
 There are 0 combinational latch loops in the design through latch input



------------------------------------------------------------------------------------------------
| Design Timing Summary
| ---------------------
------------------------------------------------------------------------------------------------

    WNS(ns)      TNS(ns)  TNS Failing Endpoints  TNS Total Endpoints      WHS(ns)      THS(ns)  THS Failing Endpoints  THS Total Endpoints     WPWS(ns)     TPWS(ns)  TPWS Failing Endpoints  TPWS Total Endpoints  
    -------      -------  ---------------------  -------------------      -------      -------  ---------------------  -------------------     --------     --------  ----------------------  --------------------  
      9.342        0.000                      0                 5422        0.044        0.000                      0                 5422        9.020        0.000                       0                  2150  


All user specified timing constraints are met.


------------------------------------------------------------------------------------------------
| Clock Summary
| -------------
------------------------------------------------------------------------------------------------

Clock       Waveform(ns)       Period(ns)      Frequency(MHz)
-----       ------------       ----------      --------------
clk_fpga_0  {0.000 10.000}     20.000          50.000          


------------------------------------------------------------------------------------------------
| Intra Clock Table
| -----------------
------------------------------------------------------------------------------------------------

Clock             WNS(ns)      TNS(ns)  TNS Failing Endpoints  TNS Total Endpoints      WHS(ns)      THS(ns)  THS Failing Endpoints  THS Total Endpoints     WPWS(ns)     TPWS(ns)  TPWS Failing Endpoints  TPWS Total Endpoints  
-----             -------      -------  ---------------------  -------------------      -------      -------  ---------------------  -------------------     --------     --------  ----------------------  --------------------  
clk_fpga_0         10.049        0.000                      0                 4766        0.044        0.000                      0                 4766        9.020        0.000                       0                  2150  


------------------------------------------------------------------------------------------------
| Inter Clock Table
| -----------------
------------------------------------------------------------------------------------------------

From Clock    To Clock          WNS(ns)      TNS(ns)  TNS Failing Endpoints  TNS Total Endpoints      WHS(ns)      THS(ns)  THS Failing Endpoints  THS Total Endpoints  
----------    --------          -------      -------  ---------------------  -------------------      -------      -------  ---------------------  -------------------  


------------------------------------------------------------------------------------------------
| Other Path Groups Table
| -----------------------
------------------------------------------------------------------------------------------------

Path Group         From Clock         To Clock               WNS(ns)      TNS(ns)  TNS Failing Endpoints  TNS Total Endpoints      WHS(ns)      THS(ns)  THS Failing Endpoints  THS Total Endpoints  
----------         ----------         --------               -------      -------  ---------------------  -------------------      -------      -------  ---------------------  -------------------  
**async_default**  clk_fpga_0         clk_fpga_0               9.342        0.000                      0                  656        0.828        0.000                      0                  656  


------------------------------------------------------------------------------------------------
| Timing Details
| --------------
------------------------------------------------------------------------------------------------


---------------------------------------------------------------------------------------------------
From Clock:  clk_fpga_0
  To Clock:  clk_fpga_0

Setup :            0  Failing Endpoints,  Worst Slack       10.049ns,  Total Violation        0.000ns
Hold  :            0  Failing Endpoints,  Worst Slack        0.044ns,  Total Violation        0.000ns
PW    :            0  Failing Endpoints,  Worst Slack        9.020ns,  Total Violation        0.000ns
---------------------------------------------------------------------------------------------------


Max Delay Paths
--------------------------------------------------------------------------------------
Slack (MET) :             10.049ns  (required time - arrival time)
  Source:                 RevisionDesign_i/processing_system7_0/inst/PS7_i/MAXIGP0ACLK
                            (rising edge-triggered cell PS7 clocked by clk_fpga_0  {rise@0.000ns fall@10.000ns period=20.000ns})
  Destination:            RevisionDesign_i/ps7_0_axi_periph/xbar/inst/gen_samd.crossbar_samd/addr_arbiter_ar/gen_no_arbiter.m_target_hot_i_reg[1]/D
                            (rising edge-triggered cell FDRE clocked by clk_fpga_0  {rise@0.000ns fall@10.000ns period=20.000ns})
  Path Group:             clk_fpga_0
  Path Type:              Setup (Max at Slow Process Corner)
  Requirement:            20.000ns  (clk_fpga_0 rise@20.000ns - clk_fpga_0 rise@0.000ns)
  Data Path Delay:        9.253ns  (logic 2.494ns (26.952%)  route 6.759ns (73.048%))
  Logic Levels:           6  (CARRY4=1 LUT4=1 LUT6=4)
  Clock Path Skew:        -0.145ns (DCD - SCD + CPR)
    Destination Clock Delay (DCD):    2.657ns = ( 22.657 - 20.000 ) 
    Source Clock Delay      (SCD):    3.031ns
    Clock Pessimism Removal (CPR):    0.229ns
  Clock Uncertainty:      0.302ns  ((TSJ^2 + TIJ^2)^1/2 + DJ) / 2 + PE
    Total System Jitter     (TSJ):    0.071ns
    Total Input Jitter      (TIJ):    0.600ns
    Discrete Jitter          (DJ):    0.000ns
    Phase Error              (PE):    0.000ns

    Location             Delay type                Incr(ns)  Path(ns)    Netlist Resource(s)
  -------------------------------------------------------------------    -------------------
                         (clock clk_fpga_0 rise edge)
                                                      0.000     0.000 r  
    PS7_X0Y0             PS7                          0.000     0.000 r  RevisionDesign_i/processing_system7_0/inst/PS7_i/FCLKCLK[0]
                         net (fo=1, routed)           1.193     1.193    RevisionDesign_i/processing_system7_0/inst/FCLK_CLK_unbuffered[0]
    BUFGCTRL_X0Y16       BUFG (Prop_bufg_I_O)         0.101     1.294 r  RevisionDesign_i/processing_system7_0/inst/buffer_fclk_clk_0.FCLK_CLK_0_BUFG/O
                         net (fo=2150, routed)        1.737     3.031    RevisionDesign_i/processing_system7_0/inst/M_AXI_GP0_ACLK
    PS7_X0Y0             PS7                                          r  RevisionDesign_i/processing_system7_0/inst/PS7_i/MAXIGP0ACLK
  -------------------------------------------------------------------    -------------------
    PS7_X0Y0             PS7 (Prop_ps7_MAXIGP0ACLK_MAXIGP0ARID[7])
                                                      1.450     4.481 r  RevisionDesign_i/processing_system7_0/inst/PS7_i/MAXIGP0ARID[7]
                         net (fo=17, routed)          2.149     6.629    RevisionDesign_i/ps7_0_axi_periph/xbar/inst/gen_samd.crossbar_samd/gen_slave_slots[0].gen_si_read.si_transactor_ar/s_axi_arid[7]
    SLICE_X33Y86         LUT6 (Prop_lut6_I2_O)        0.124     6.753 r  RevisionDesign_i/ps7_0_axi_periph/xbar/inst/gen_samd.crossbar_samd/gen_slave_slots[0].gen_si_read.si_transactor_ar/gen_multi_thread.aid_match_50_carry_i_2/O
                         net (fo=1, routed)           0.000     6.753    RevisionDesign_i/ps7_0_axi_periph/xbar/inst/gen_samd.crossbar_samd/gen_slave_slots[0].gen_si_read.si_transactor_ar/gen_multi_thread.aid_match_50_carry_i_2_n_0
    SLICE_X33Y86         CARRY4 (Prop_carry4_S[2]_CO[3])
                                                      0.398     7.151 f  RevisionDesign_i/ps7_0_axi_periph/xbar/inst/gen_samd.crossbar_samd/gen_slave_slots[0].gen_si_read.si_transactor_ar/gen_multi_thread.aid_match_50_carry/CO[3]
                         net (fo=5, routed)           1.191     8.342    RevisionDesign_i/ps7_0_axi_periph/xbar/inst/gen_samd.crossbar_samd/gen_slave_slots[0].gen_si_read.si_transactor_ar/gen_multi_thread.aid_match_50
    SLICE_X31Y82         LUT6 (Prop_lut6_I4_O)        0.124     8.466 r  RevisionDesign_i/ps7_0_axi_periph/xbar/inst/gen_samd.crossbar_samd/gen_slave_slots[0].gen_si_read.si_transactor_ar/gen_no_arbiter.s_ready_i[0]_i_14__0/O
                         net (fo=1, routed)           0.902     9.368    RevisionDesign_i/ps7_0_axi_periph/xbar/inst/gen_samd.crossbar_samd/gen_slave_slots[0].gen_si_read.si_transactor_ar/gen_no_arbiter.s_ready_i[0]_i_14__0_n_0
    SLICE_X32Y82         LUT6 (Prop_lut6_I1_O)        0.124     9.492 r  RevisionDesign_i/ps7_0_axi_periph/xbar/inst/gen_samd.crossbar_samd/gen_slave_slots[0].gen_si_read.si_transactor_ar/gen_no_arbiter.s_ready_i[0]_i_4__0/O
                         net (fo=1, routed)           0.992    10.484    RevisionDesign_i/ps7_0_axi_periph/xbar/inst/gen_samd.crossbar_samd/gen_slave_slots[0].gen_si_read.si_transactor_ar/gen_multi_thread.arbiter_resp_inst/gen_multi_thread.active_target_reg[48]
    SLICE_X35Y82         LUT6 (Prop_lut6_I1_O)        0.124    10.608 r  RevisionDesign_i/ps7_0_axi_periph/xbar/inst/gen_samd.crossbar_samd/gen_slave_slots[0].gen_si_read.si_transactor_ar/gen_multi_thread.arbiter_resp_inst/gen_no_arbiter.s_ready_i[0]_i_2__0/O
                         net (fo=5, routed)           1.144    11.752    RevisionDesign_i/ps7_0_axi_periph/xbar/inst/gen_samd.crossbar_samd/addr_arbiter_ar/gen_multi_thread.active_target_reg[48]
    SLICE_X37Y92         LUT4 (Prop_lut4_I1_O)        0.150    11.902 r  RevisionDesign_i/ps7_0_axi_periph/xbar/inst/gen_samd.crossbar_samd/addr_arbiter_ar/gen_no_arbiter.m_target_hot_i[1]_i_1/O
                         net (fo=1, routed)           0.383    12.284    RevisionDesign_i/ps7_0_axi_periph/xbar/inst/gen_samd.crossbar_samd/addr_arbiter_ar/gen_no_arbiter.m_target_hot_i[1]_i_1_n_0
    SLICE_X37Y92         FDRE                                         r  RevisionDesign_i/ps7_0_axi_periph/xbar/inst/gen_samd.crossbar_samd/addr_arbiter_ar/gen_no_arbiter.m_target_hot_i_reg[1]/D
  -------------------------------------------------------------------    -------------------

                         (clock clk_fpga_0 rise edge)
                                                     20.000    20.000 r  
    PS7_X0Y0             PS7                          0.000    20.000 r  RevisionDesign_i/processing_system7_0/inst/PS7_i/FCLKCLK[0]
                         net (fo=1, routed)           1.088    21.088    RevisionDesign_i/processing_system7_0/inst/FCLK_CLK_unbuffered[0]
    BUFGCTRL_X0Y16       BUFG (Prop_bufg_I_O)         0.091    21.179 r  RevisionDesign_i/processing_system7_0/inst/buffer_fclk_clk_0.FCLK_CLK_0_BUFG/O
                         net (fo=2150, routed)        1.478    22.657    RevisionDesign_i/ps7_0_axi_periph/xbar/inst/gen_samd.crossbar_samd/addr_arbiter_ar/aclk
    SLICE_X37Y92         FDRE                                         r  RevisionDesign_i/ps7_0_axi_periph/xbar/inst/gen_samd.crossbar_samd/addr_arbiter_ar/gen_no_arbiter.m_target_hot_i_reg[1]/C
                         clock pessimism              0.229    22.886    
                         clock uncertainty           -0.302    22.584    
    SLICE_X37Y92         FDRE (Setup_fdre_C_D)       -0.251    22.333    RevisionDesign_i/ps7_0_axi_periph/xbar/inst/gen_samd.crossbar_samd/addr_arbiter_ar/gen_no_arbiter.m_target_hot_i_reg[1]
  -------------------------------------------------------------------
                         required time                         22.333    
                         arrival time                         -12.284    
  -------------------------------------------------------------------
                         slack                                 10.049    

Slack (MET) :             10.207ns  (required time - arrival time)
  Source:                 RevisionDesign_i/processing_system7_0/inst/PS7_i/MAXIGP0ACLK
                            (rising edge-triggered cell PS7 clocked by clk_fpga_0  {rise@0.000ns fall@10.000ns period=20.000ns})
  Destination:            RevisionDesign_i/ps7_0_axi_periph/xbar/inst/gen_samd.crossbar_samd/addr_arbiter_ar/gen_no_arbiter.m_target_hot_i_reg[0]/D
                            (rising edge-triggered cell FDRE clocked by clk_fpga_0  {rise@0.000ns fall@10.000ns period=20.000ns})
  Path Group:             clk_fpga_0
  Path Type:              Setup (Max at Slow Process Corner)
  Requirement:            20.000ns  (clk_fpga_0 rise@20.000ns - clk_fpga_0 rise@0.000ns)
  Data Path Delay:        9.279ns  (logic 2.468ns (26.598%)  route 6.811ns (73.402%))
  Logic Levels:           6  (CARRY4=1 LUT4=1 LUT6=4)
  Clock Path Skew:        -0.145ns (DCD - SCD + CPR)
    Destination Clock Delay (DCD):    2.657ns = ( 22.657 - 20.000 ) 
    Source Clock Delay      (SCD):    3.031ns
    Clock Pessimism Removal (CPR):    0.229ns
  Clock Uncertainty:      0.302ns  ((TSJ^2 + TIJ^2)^1/2 + DJ) / 2 + PE
    Total System Jitter     (TSJ):    0.071ns
    Total Input Jitter      (TIJ):    0.600ns
    Discrete Jitter          (DJ):    0.000ns
    Phase Error              (PE):    0.000ns

    Location             Delay type                Incr(ns)  Path(ns)    Netlist Resource(s)
  -------------------------------------------------------------------    -------------------
                         (clock clk_fpga_0 rise edge)
                                                      0.000     0.000 r  
    PS7_X0Y0             PS7                          0.000     0.000 r  RevisionDesign_i/processing_system7_0/inst/PS7_i/FCLKCLK[0]
                         net (fo=1, routed)           1.193     1.193    RevisionDesign_i/processing_system7_0/inst/FCLK_CLK_unbuffered[0]
    BUFGCTRL_X0Y16       BUFG (Prop_bufg_I_O)         0.101     1.294 r  RevisionDesign_i/processing_system7_0/inst/buffer_fclk_clk_0.FCLK_CLK_0_BUFG/O
                         net (fo=2150, routed)        1.737     3.031    RevisionDesign_i/processing_system7_0/inst/M_AXI_GP0_ACLK
    PS7_X0Y0             PS7                                          r  RevisionDesign_i/processing_system7_0/inst/PS7_i/MAXIGP0ACLK
  -------------------------------------------------------------------    -------------------
    PS7_X0Y0             PS7 (Prop_ps7_MAXIGP0ACLK_MAXIGP0ARID[7])
                                                      1.450     4.481 r  RevisionDesign_i/processing_system7_0/inst/PS7_i/MAXIGP0ARID[7]
                         net (fo=17, routed)          2.149     6.629    RevisionDesign_i/ps7_0_axi_periph/xbar/inst/gen_samd.crossbar_samd/gen_slave_slots[0].gen_si_read.si_transactor_ar/s_axi_arid[7]
    SLICE_X33Y86         LUT6 (Prop_lut6_I2_O)        0.124     6.753 r  RevisionDesign_i/ps7_0_axi_periph/xbar/inst/gen_samd.crossbar_samd/gen_slave_slots[0].gen_si_read.si_transactor_ar/gen_multi_thread.aid_match_50_carry_i_2/O
                         net (fo=1, routed)           0.000     6.753    RevisionDesign_i/ps7_0_axi_periph/xbar/inst/gen_samd.crossbar_samd/gen_slave_slots[0].gen_si_read.si_transactor_ar/gen_multi_thread.aid_match_50_carry_i_2_n_0
    SLICE_X33Y86         CARRY4 (Prop_carry4_S[2]_CO[3])
                                                      0.398     7.151 f  RevisionDesign_i/ps7_0_axi_periph/xbar/inst/gen_samd.crossbar_samd/gen_slave_slots[0].gen_si_read.si_transactor_ar/gen_multi_thread.aid_match_50_carry/CO[3]
                         net (fo=5, routed)           1.191     8.342    RevisionDesign_i/ps7_0_axi_periph/xbar/inst/gen_samd.crossbar_samd/gen_slave_slots[0].gen_si_read.si_transactor_ar/gen_multi_thread.aid_match_50
    SLICE_X31Y82         LUT6 (Prop_lut6_I4_O)        0.124     8.466 r  RevisionDesign_i/ps7_0_axi_periph/xbar/inst/gen_samd.crossbar_samd/gen_slave_slots[0].gen_si_read.si_transactor_ar/gen_no_arbiter.s_ready_i[0]_i_14__0/O
                         net (fo=1, routed)           0.902     9.368    RevisionDesign_i/ps7_0_axi_periph/xbar/inst/gen_samd.crossbar_samd/gen_slave_slots[0].gen_si_read.si_transactor_ar/gen_no_arbiter.s_ready_i[0]_i_14__0_n_0
    SLICE_X32Y82         LUT6 (Prop_lut6_I1_O)        0.124     9.492 r  RevisionDesign_i/ps7_0_axi_periph/xbar/inst/gen_samd.crossbar_samd/gen_slave_slots[0].gen_si_read.si_transactor_ar/gen_no_arbiter.s_ready_i[0]_i_4__0/O
                         net (fo=1, routed)           0.992    10.484    RevisionDesign_i/ps7_0_axi_periph/xbar/inst/gen_samd.crossbar_samd/gen_slave_slots[0].gen_si_read.si_transactor_ar/gen_multi_thread.arbiter_resp_inst/gen_multi_thread.active_target_reg[48]
    SLICE_X35Y82         LUT6 (Prop_lut6_I1_O)        0.124    10.608 r  RevisionDesign_i/ps7_0_axi_periph/xbar/inst/gen_samd.crossbar_samd/gen_slave_slots[0].gen_si_read.si_transactor_ar/gen_multi_thread.arbiter_resp_inst/gen_no_arbiter.s_ready_i[0]_i_2__0/O
                         net (fo=5, routed)           1.199    11.807    RevisionDesign_i/ps7_0_axi_periph/xbar/inst/gen_samd.crossbar_samd/addr_arbiter_ar/gen_multi_thread.active_target_reg[48]
    SLICE_X36Y91         LUT4 (Prop_lut4_I1_O)        0.124    11.931 r  RevisionDesign_i/ps7_0_axi_periph/xbar/inst/gen_samd.crossbar_samd/addr_arbiter_ar/gen_no_arbiter.m_target_hot_i[0]_i_1/O
                         net (fo=1, routed)           0.379    12.310    RevisionDesign_i/ps7_0_axi_periph/xbar/inst/gen_samd.crossbar_samd/addr_arbiter_ar/gen_no_arbiter.m_target_hot_i[0]_i_1_n_0
    SLICE_X37Y91         FDRE                                         r  RevisionDesign_i/ps7_0_axi_periph/xbar/inst/gen_samd.crossbar_samd/addr_arbiter_ar/gen_no_arbiter.m_target_hot_i_reg[0]/D
  -------------------------------------------------------------------    -------------------

                         (clock clk_fpga_0 rise edge)
                                                     20.000    20.000 r  
    PS7_X0Y0             PS7                          0.000    20.000 r  RevisionDesign_i/processing_system7_0/inst/PS7_i/FCLKCLK[0]
                         net (fo=1, routed)           1.088    21.088    RevisionDesign_i/processing_system7_0/inst/FCLK_CLK_unbuffered[0]
    BUFGCTRL_X0Y16       BUFG (Prop_bufg_I_O)         0.091    21.179 r  RevisionDesign_i/processing_system7_0/inst/buffer_fclk_clk_0.FCLK_CLK_0_BUFG/O
                         net (fo=2150, routed)        1.478    22.657    RevisionDesign_i/ps7_0_axi_periph/xbar/inst/gen_samd.crossbar_samd/addr_arbiter_ar/aclk
    SLICE_X37Y91         FDRE                                         r  RevisionDesign_i/ps7_0_axi_periph/xbar/inst/gen_samd.crossbar_samd/addr_arbiter_ar/gen_no_arbiter.m_target_hot_i_reg[0]/C
                         clock pessimism              0.229    22.886    
                         clock uncertainty           -0.302    22.584    
    SLICE_X37Y91         FDRE (Setup_fdre_C_D)       -0.067    22.517    RevisionDesign_i/ps7_0_axi_periph/xbar/inst/gen_samd.crossbar_samd/addr_arbiter_ar/gen_no_arbiter.m_target_hot_i_reg[0]
  -------------------------------------------------------------------
                         required time                         22.517    
                         arrival time                         -12.310    
  -------------------------------------------------------------------
                         slack                                 10.207    

Slack (MET) :             10.221ns  (required time - arrival time)
  Source:                 RevisionDesign_i/processing_system7_0/inst/PS7_i/MAXIGP0ACLK
                            (rising edge-triggered cell PS7 clocked by clk_fpga_0  {rise@0.000ns fall@10.000ns period=20.000ns})
  Destination:            RevisionDesign_i/ps7_0_axi_periph/xbar/inst/gen_samd.crossbar_samd/gen_slave_slots[0].gen_si_write.si_transactor_aw/gen_multi_thread.active_cnt_reg[24]/CE
                            (rising edge-triggered cell FDRE clocked by clk_fpga_0  {rise@0.000ns fall@10.000ns period=20.000ns})
  Path Group:             clk_fpga_0
  Path Type:              Setup (Max at Slow Process Corner)
  Requirement:            20.000ns  (clk_fpga_0 rise@20.000ns - clk_fpga_0 rise@0.000ns)
  Data Path Delay:        9.201ns  (logic 2.453ns (26.660%)  route 6.748ns (73.340%))
  Logic Levels:           6  (CARRY4=1 LUT4=2 LUT5=1 LUT6=2)
  Clock Path Skew:        -0.071ns (DCD - SCD + CPR)
    Destination Clock Delay (DCD):    2.831ns = ( 22.831 - 20.000 ) 
    Source Clock Delay      (SCD):    3.031ns
    Clock Pessimism Removal (CPR):    0.129ns
  Clock Uncertainty:      0.302ns  ((TSJ^2 + TIJ^2)^1/2 + DJ) / 2 + PE
    Total System Jitter     (TSJ):    0.071ns
    Total Input Jitter      (TIJ):    0.600ns
    Discrete Jitter          (DJ):    0.000ns
    Phase Error              (PE):    0.000ns

    Location             Delay type                Incr(ns)  Path(ns)    Netlist Resource(s)
  -------------------------------------------------------------------    -------------------
                         (clock clk_fpga_0 rise edge)
                                                      0.000     0.000 r  
    PS7_X0Y0             PS7                          0.000     0.000 r  RevisionDesign_i/processing_system7_0/inst/PS7_i/FCLKCLK[0]
                         net (fo=1, routed)           1.193     1.193    RevisionDesign_i/processing_system7_0/inst/FCLK_CLK_unbuffered[0]
    BUFGCTRL_X0Y16       BUFG (Prop_bufg_I_O)         0.101     1.294 r  RevisionDesign_i/processing_system7_0/inst/buffer_fclk_clk_0.FCLK_CLK_0_BUFG/O
                         net (fo=2150, routed)        1.737     3.031    RevisionDesign_i/processing_system7_0/inst/M_AXI_GP0_ACLK
    PS7_X0Y0             PS7                                          r  RevisionDesign_i/processing_system7_0/inst/PS7_i/MAXIGP0ACLK
  -------------------------------------------------------------------    -------------------
    PS7_X0Y0             PS7 (Prop_ps7_MAXIGP0ACLK_MAXIGP0AWID[6])
                                                      1.453     4.484 r  RevisionDesign_i/processing_system7_0/inst/PS7_i/MAXIGP0AWID[6]
                         net (fo=17, routed)          2.862     7.346    RevisionDesign_i/ps7_0_axi_periph/xbar/inst/gen_samd.crossbar_samd/gen_slave_slots[0].gen_si_write.si_transactor_aw/gen_no_arbiter.s_ready_i_reg[0]_3[6]
    SLICE_X36Y104        LUT6 (Prop_lut6_I1_O)        0.124     7.470 r  RevisionDesign_i/ps7_0_axi_periph/xbar/inst/gen_samd.crossbar_samd/gen_slave_slots[0].gen_si_write.si_transactor_aw/gen_multi_thread.aid_match_60_carry_i_2__0/O
                         net (fo=1, routed)           0.000     7.470    RevisionDesign_i/ps7_0_axi_periph/xbar/inst/gen_samd.crossbar_samd/gen_slave_slots[0].gen_si_write.si_transactor_aw/gen_multi_thread.aid_match_60_carry_i_2__0_n_0
    SLICE_X36Y104        CARRY4 (Prop_carry4_S[2]_CO[3])
                                                      0.380     7.850 f  RevisionDesign_i/ps7_0_axi_periph/xbar/inst/gen_samd.crossbar_samd/gen_slave_slots[0].gen_si_write.si_transactor_aw/gen_multi_thread.aid_match_60_carry/CO[3]
                         net (fo=4, routed)           1.127     8.977    RevisionDesign_i/ps7_0_axi_periph/xbar/inst/gen_samd.crossbar_samd/gen_slave_slots[0].gen_si_write.si_transactor_aw/gen_multi_thread.aid_match_60
    SLICE_X38Y108        LUT5 (Prop_lut5_I0_O)        0.124     9.101 f  RevisionDesign_i/ps7_0_axi_periph/xbar/inst/gen_samd.crossbar_samd/gen_slave_slots[0].gen_si_write.si_transactor_aw/gen_multi_thread.active_target[49]_i_3/O
                         net (fo=3, routed)           0.858     9.958    RevisionDesign_i/ps7_0_axi_periph/xbar/inst/gen_samd.crossbar_samd/gen_slave_slots[0].gen_si_write.si_transactor_aw/gen_multi_thread.active_target[49]_i_3_n_0
    SLICE_X32Y108        LUT4 (Prop_lut4_I1_O)        0.124    10.082 f  RevisionDesign_i/ps7_0_axi_periph/xbar/inst/gen_samd.crossbar_samd/gen_slave_slots[0].gen_si_write.si_transactor_aw/gen_multi_thread.active_target[41]_i_3/O
                         net (fo=9, routed)           0.451    10.534    RevisionDesign_i/ps7_0_axi_periph/xbar/inst/gen_samd.crossbar_samd/gen_slave_slots[0].gen_si_write.si_transactor_aw/gen_multi_thread.active_target[41]_i_3_n_0
    SLICE_X33Y109        LUT6 (Prop_lut6_I2_O)        0.124    10.658 r  RevisionDesign_i/ps7_0_axi_periph/xbar/inst/gen_samd.crossbar_samd/gen_slave_slots[0].gen_si_write.si_transactor_aw/gen_multi_thread.active_target[25]_i_1/O
                         net (fo=18, routed)          0.781    11.439    RevisionDesign_i/ps7_0_axi_periph/xbar/inst/gen_samd.crossbar_samd/gen_slave_slots[0].gen_si_write.si_transactor_aw/gen_multi_thread.arbiter_resp_inst/gen_multi_thread.cmd_push_3
    SLICE_X35Y106        LUT4 (Prop_lut4_I3_O)        0.124    11.563 r  RevisionDesign_i/ps7_0_axi_periph/xbar/inst/gen_samd.crossbar_samd/gen_slave_slots[0].gen_si_write.si_transactor_aw/gen_multi_thread.arbiter_resp_inst/gen_multi_thread.active_cnt[27]_i_1/O
                         net (fo=4, routed)           0.669    12.232    RevisionDesign_i/ps7_0_axi_periph/xbar/inst/gen_samd.crossbar_samd/gen_slave_slots[0].gen_si_write.si_transactor_aw/gen_multi_thread.arbiter_resp_inst_n_16
    SLICE_X35Y110        FDRE                                         r  RevisionDesign_i/ps7_0_axi_periph/xbar/inst/gen_samd.crossbar_samd/gen_slave_slots[0].gen_si_write.si_transactor_aw/gen_multi_thread.active_cnt_reg[24]/CE
  -------------------------------------------------------------------    -------------------

                         (clock clk_fpga_0 rise edge)
                                                     20.000    20.000 r  
    PS7_X0Y0             PS7                          0.000    20.000 r  RevisionDesign_i/processing_system7_0/inst/PS7_i/FCLKCLK[0]
                         net (fo=1, routed)           1.088    21.088    RevisionDesign_i/processing_system7_0/inst/FCLK_CLK_unbuffered[0]
    BUFGCTRL_X0Y16       BUFG (Prop_bufg_I_O)         0.091    21.179 r  RevisionDesign_i/processing_system7_0/inst/buffer_fclk_clk_0.FCLK_CLK_0_BUFG/O
                         net (fo=2150, routed)        1.652    22.831    RevisionDesign_i/ps7_0_axi_periph/xbar/inst/gen_samd.crossbar_samd/gen_slave_slots[0].gen_si_write.si_transactor_aw/aclk
    SLICE_X35Y110        FDRE                                         r  RevisionDesign_i/ps7_0_axi_periph/xbar/inst/gen_samd.crossbar_samd/gen_slave_slots[0].gen_si_write.si_transactor_aw/gen_multi_thread.active_cnt_reg[24]/C
                         clock pessimism              0.129    22.960    
                         clock uncertainty           -0.302    22.658    
    SLICE_X35Y110        FDRE (Setup_fdre_C_CE)      -0.205    22.453    RevisionDesign_i/ps7_0_axi_periph/xbar/inst/gen_samd.crossbar_samd/gen_slave_slots[0].gen_si_write.si_transactor_aw/gen_multi_thread.active_cnt_reg[24]
  -------------------------------------------------------------------
                         required time                         22.453    
                         arrival time                         -12.232    
  -------------------------------------------------------------------
                         slack                                 10.221    

Slack (MET) :             10.221ns  (required time - arrival time)
  Source:                 RevisionDesign_i/processing_system7_0/inst/PS7_i/MAXIGP0ACLK
                            (rising edge-triggered cell PS7 clocked by clk_fpga_0  {rise@0.000ns fall@10.000ns period=20.000ns})
  Destination:            RevisionDesign_i/ps7_0_axi_periph/xbar/inst/gen_samd.crossbar_samd/gen_slave_slots[0].gen_si_write.si_transactor_aw/gen_multi_thread.active_cnt_reg[25]/CE
                            (rising edge-triggered cell FDRE clocked by clk_fpga_0  {rise@0.000ns fall@10.000ns period=20.000ns})
  Path Group:             clk_fpga_0
  Path Type:              Setup (Max at Slow Process Corner)
  Requirement:            20.000ns  (clk_fpga_0 rise@20.000ns - clk_fpga_0 rise@0.000ns)
  Data Path Delay:        9.201ns  (logic 2.453ns (26.660%)  route 6.748ns (73.340%))
  Logic Levels:           6  (CARRY4=1 LUT4=2 LUT5=1 LUT6=2)
  Clock Path Skew:        -0.071ns (DCD - SCD + CPR)
    Destination Clock Delay (DCD):    2.831ns = ( 22.831 - 20.000 ) 
    Source Clock Delay      (SCD):    3.031ns
    Clock Pessimism Removal (CPR):    0.129ns
  Clock Uncertainty:      0.302ns  ((TSJ^2 + TIJ^2)^1/2 + DJ) / 2 + PE
    Total System Jitter     (TSJ):    0.071ns
    Total Input Jitter      (TIJ):    0.600ns
    Discrete Jitter          (DJ):    0.000ns
    Phase Error              (PE):    0.000ns

    Location             Delay type                Incr(ns)  Path(ns)    Netlist Resource(s)
  -------------------------------------------------------------------    -------------------
                         (clock clk_fpga_0 rise edge)
                                                      0.000     0.000 r  
    PS7_X0Y0             PS7                          0.000     0.000 r  RevisionDesign_i/processing_system7_0/inst/PS7_i/FCLKCLK[0]
                         net (fo=1, routed)           1.193     1.193    RevisionDesign_i/processing_system7_0/inst/FCLK_CLK_unbuffered[0]
    BUFGCTRL_X0Y16       BUFG (Prop_bufg_I_O)         0.101     1.294 r  RevisionDesign_i/processing_system7_0/inst/buffer_fclk_clk_0.FCLK_CLK_0_BUFG/O
                         net (fo=2150, routed)        1.737     3.031    RevisionDesign_i/processing_system7_0/inst/M_AXI_GP0_ACLK
    PS7_X0Y0             PS7                                          r  RevisionDesign_i/processing_system7_0/inst/PS7_i/MAXIGP0ACLK
  -------------------------------------------------------------------    -------------------
    PS7_X0Y0             PS7 (Prop_ps7_MAXIGP0ACLK_MAXIGP0AWID[6])
                                                      1.453     4.484 r  RevisionDesign_i/processing_system7_0/inst/PS7_i/MAXIGP0AWID[6]
                         net (fo=17, routed)          2.862     7.346    RevisionDesign_i/ps7_0_axi_periph/xbar/inst/gen_samd.crossbar_samd/gen_slave_slots[0].gen_si_write.si_transactor_aw/gen_no_arbiter.s_ready_i_reg[0]_3[6]
    SLICE_X36Y104        LUT6 (Prop_lut6_I1_O)        0.124     7.470 r  RevisionDesign_i/ps7_0_axi_periph/xbar/inst/gen_samd.crossbar_samd/gen_slave_slots[0].gen_si_write.si_transactor_aw/gen_multi_thread.aid_match_60_carry_i_2__0/O
                         net (fo=1, routed)           0.000     7.470    RevisionDesign_i/ps7_0_axi_periph/xbar/inst/gen_samd.crossbar_samd/gen_slave_slots[0].gen_si_write.si_transactor_aw/gen_multi_thread.aid_match_60_carry_i_2__0_n_0
    SLICE_X36Y104        CARRY4 (Prop_carry4_S[2]_CO[3])
                                                      0.380     7.850 f  RevisionDesign_i/ps7_0_axi_periph/xbar/inst/gen_samd.crossbar_samd/gen_slave_slots[0].gen_si_write.si_transactor_aw/gen_multi_thread.aid_match_60_carry/CO[3]
                         net (fo=4, routed)           1.127     8.977    RevisionDesign_i/ps7_0_axi_periph/xbar/inst/gen_samd.crossbar_samd/gen_slave_slots[0].gen_si_write.si_transactor_aw/gen_multi_thread.aid_match_60
    SLICE_X38Y108        LUT5 (Prop_lut5_I0_O)        0.124     9.101 f  RevisionDesign_i/ps7_0_axi_periph/xbar/inst/gen_samd.crossbar_samd/gen_slave_slots[0].gen_si_write.si_transactor_aw/gen_multi_thread.active_target[49]_i_3/O
                         net (fo=3, routed)           0.858     9.958    RevisionDesign_i/ps7_0_axi_periph/xbar/inst/gen_samd.crossbar_samd/gen_slave_slots[0].gen_si_write.si_transactor_aw/gen_multi_thread.active_target[49]_i_3_n_0
    SLICE_X32Y108        LUT4 (Prop_lut4_I1_O)        0.124    10.082 f  RevisionDesign_i/ps7_0_axi_periph/xbar/inst/gen_samd.crossbar_samd/gen_slave_slots[0].gen_si_write.si_transactor_aw/gen_multi_thread.active_target[41]_i_3/O
                         net (fo=9, routed)           0.451    10.534    RevisionDesign_i/ps7_0_axi_periph/xbar/inst/gen_samd.crossbar_samd/gen_slave_slots[0].gen_si_write.si_transactor_aw/gen_multi_thread.active_target[41]_i_3_n_0
    SLICE_X33Y109        LUT6 (Prop_lut6_I2_O)        0.124    10.658 r  RevisionDesign_i/ps7_0_axi_periph/xbar/inst/gen_samd.crossbar_samd/gen_slave_slots[0].gen_si_write.si_transactor_aw/gen_multi_thread.active_target[25]_i_1/O
                         net (fo=18, routed)          0.781    11.439    RevisionDesign_i/ps7_0_axi_periph/xbar/inst/gen_samd.crossbar_samd/gen_slave_slots[0].gen_si_write.si_transactor_aw/gen_multi_thread.arbiter_resp_inst/gen_multi_thread.cmd_push_3
    SLICE_X35Y106        LUT4 (Prop_lut4_I3_O)        0.124    11.563 r  RevisionDesign_i/ps7_0_axi_periph/xbar/inst/gen_samd.crossbar_samd/gen_slave_slots[0].gen_si_write.si_transactor_aw/gen_multi_thread.arbiter_resp_inst/gen_multi_thread.active_cnt[27]_i_1/O
                         net (fo=4, routed)           0.669    12.232    RevisionDesign_i/ps7_0_axi_periph/xbar/inst/gen_samd.crossbar_samd/gen_slave_slots[0].gen_si_write.si_transactor_aw/gen_multi_thread.arbiter_resp_inst_n_16
    SLICE_X35Y110        FDRE                                         r  RevisionDesign_i/ps7_0_axi_periph/xbar/inst/gen_samd.crossbar_samd/gen_slave_slots[0].gen_si_write.si_transactor_aw/gen_multi_thread.active_cnt_reg[25]/CE
  -------------------------------------------------------------------    -------------------

                         (clock clk_fpga_0 rise edge)
                                                     20.000    20.000 r  
    PS7_X0Y0             PS7                          0.000    20.000 r  RevisionDesign_i/processing_system7_0/inst/PS7_i/FCLKCLK[0]
                         net (fo=1, routed)           1.088    21.088    RevisionDesign_i/processing_system7_0/inst/FCLK_CLK_unbuffered[0]
    BUFGCTRL_X0Y16       BUFG (Prop_bufg_I_O)         0.091    21.179 r  RevisionDesign_i/processing_system7_0/inst/buffer_fclk_clk_0.FCLK_CLK_0_BUFG/O
                         net (fo=2150, routed)        1.652    22.831    RevisionDesign_i/ps7_0_axi_periph/xbar/inst/gen_samd.crossbar_samd/gen_slave_slots[0].gen_si_write.si_transactor_aw/aclk
    SLICE_X35Y110        FDRE                                         r  RevisionDesign_i/ps7_0_axi_periph/xbar/inst/gen_samd.crossbar_samd/gen_slave_slots[0].gen_si_write.si_transactor_aw/gen_multi_thread.active_cnt_reg[25]/C
                         clock pessimism              0.129    22.960    
                         clock uncertainty           -0.302    22.658    
    SLICE_X35Y110        FDRE (Setup_fdre_C_CE)      -0.205    22.453    RevisionDesign_i/ps7_0_axi_periph/xbar/inst/gen_samd.crossbar_samd/gen_slave_slots[0].gen_si_write.si_transactor_aw/gen_multi_thread.active_cnt_reg[25]
  -------------------------------------------------------------------
                         required time                         22.453    
                         arrival time                         -12.232    
  -------------------------------------------------------------------
                         slack                                 10.221    

Slack (MET) :             10.221ns  (required time - arrival time)
  Source:                 RevisionDesign_i/processing_system7_0/inst/PS7_i/MAXIGP0ACLK
                            (rising edge-triggered cell PS7 clocked by clk_fpga_0  {rise@0.000ns fall@10.000ns period=20.000ns})
  Destination:            RevisionDesign_i/ps7_0_axi_periph/xbar/inst/gen_samd.crossbar_samd/gen_slave_slots[0].gen_si_write.si_transactor_aw/gen_multi_thread.active_cnt_reg[26]/CE
                            (rising edge-triggered cell FDRE clocked by clk_fpga_0  {rise@0.000ns fall@10.000ns period=20.000ns})
  Path Group:             clk_fpga_0
  Path Type:              Setup (Max at Slow Process Corner)
  Requirement:            20.000ns  (clk_fpga_0 rise@20.000ns - clk_fpga_0 rise@0.000ns)
  Data Path Delay:        9.201ns  (logic 2.453ns (26.660%)  route 6.748ns (73.340%))
  Logic Levels:           6  (CARRY4=1 LUT4=2 LUT5=1 LUT6=2)
  Clock Path Skew:        -0.071ns (DCD - SCD + CPR)
    Destination Clock Delay (DCD):    2.831ns = ( 22.831 - 20.000 ) 
    Source Clock Delay      (SCD):    3.031ns
    Clock Pessimism Removal (CPR):    0.129ns
  Clock Uncertainty:      0.302ns  ((TSJ^2 + TIJ^2)^1/2 + DJ) / 2 + PE
    Total System Jitter     (TSJ):    0.071ns
    Total Input Jitter      (TIJ):    0.600ns
    Discrete Jitter          (DJ):    0.000ns
    Phase Error              (PE):    0.000ns

    Location             Delay type                Incr(ns)  Path(ns)    Netlist Resource(s)
  -------------------------------------------------------------------    -------------------
                         (clock clk_fpga_0 rise edge)
                                                      0.000     0.000 r  
    PS7_X0Y0             PS7                          0.000     0.000 r  RevisionDesign_i/processing_system7_0/inst/PS7_i/FCLKCLK[0]
                         net (fo=1, routed)           1.193     1.193    RevisionDesign_i/processing_system7_0/inst/FCLK_CLK_unbuffered[0]
    BUFGCTRL_X0Y16       BUFG (Prop_bufg_I_O)         0.101     1.294 r  RevisionDesign_i/processing_system7_0/inst/buffer_fclk_clk_0.FCLK_CLK_0_BUFG/O
                         net (fo=2150, routed)        1.737     3.031    RevisionDesign_i/processing_system7_0/inst/M_AXI_GP0_ACLK
    PS7_X0Y0             PS7                                          r  RevisionDesign_i/processing_system7_0/inst/PS7_i/MAXIGP0ACLK
  -------------------------------------------------------------------    -------------------
    PS7_X0Y0             PS7 (Prop_ps7_MAXIGP0ACLK_MAXIGP0AWID[6])
                                                      1.453     4.484 r  RevisionDesign_i/processing_system7_0/inst/PS7_i/MAXIGP0AWID[6]
                         net (fo=17, routed)          2.862     7.346    RevisionDesign_i/ps7_0_axi_periph/xbar/inst/gen_samd.crossbar_samd/gen_slave_slots[0].gen_si_write.si_transactor_aw/gen_no_arbiter.s_ready_i_reg[0]_3[6]
    SLICE_X36Y104        LUT6 (Prop_lut6_I1_O)        0.124     7.470 r  RevisionDesign_i/ps7_0_axi_periph/xbar/inst/gen_samd.crossbar_samd/gen_slave_slots[0].gen_si_write.si_transactor_aw/gen_multi_thread.aid_match_60_carry_i_2__0/O
                         net (fo=1, routed)           0.000     7.470    RevisionDesign_i/ps7_0_axi_periph/xbar/inst/gen_samd.crossbar_samd/gen_slave_slots[0].gen_si_write.si_transactor_aw/gen_multi_thread.aid_match_60_carry_i_2__0_n_0
    SLICE_X36Y104        CARRY4 (Prop_carry4_S[2]_CO[3])
                                                      0.380     7.850 f  RevisionDesign_i/ps7_0_axi_periph/xbar/inst/gen_samd.crossbar_samd/gen_slave_slots[0].gen_si_write.si_transactor_aw/gen_multi_thread.aid_match_60_carry/CO[3]
                         net (fo=4, routed)           1.127     8.977    RevisionDesign_i/ps7_0_axi_periph/xbar/inst/gen_samd.crossbar_samd/gen_slave_slots[0].gen_si_write.si_transactor_aw/gen_multi_thread.aid_match_60
    SLICE_X38Y108        LUT5 (Prop_lut5_I0_O)        0.124     9.101 f  RevisionDesign_i/ps7_0_axi_periph/xbar/inst/gen_samd.crossbar_samd/gen_slave_slots[0].gen_si_write.si_transactor_aw/gen_multi_thread.active_target[49]_i_3/O
                         net (fo=3, routed)           0.858     9.958    RevisionDesign_i/ps7_0_axi_periph/xbar/inst/gen_samd.crossbar_samd/gen_slave_slots[0].gen_si_write.si_transactor_aw/gen_multi_thread.active_target[49]_i_3_n_0
    SLICE_X32Y108        LUT4 (Prop_lut4_I1_O)        0.124    10.082 f  RevisionDesign_i/ps7_0_axi_periph/xbar/inst/gen_samd.crossbar_samd/gen_slave_slots[0].gen_si_write.si_transactor_aw/gen_multi_thread.active_target[41]_i_3/O
                         net (fo=9, routed)           0.451    10.534    RevisionDesign_i/ps7_0_axi_periph/xbar/inst/gen_samd.crossbar_samd/gen_slave_slots[0].gen_si_write.si_transactor_aw/gen_multi_thread.active_target[41]_i_3_n_0
    SLICE_X33Y109        LUT6 (Prop_lut6_I2_O)        0.124    10.658 r  RevisionDesign_i/ps7_0_axi_periph/xbar/inst/gen_samd.crossbar_samd/gen_slave_slots[0].gen_si_write.si_transactor_aw/gen_multi_thread.active_target[25]_i_1/O
                         net (fo=18, routed)          0.781    11.439    RevisionDesign_i/ps7_0_axi_periph/xbar/inst/gen_samd.crossbar_samd/gen_slave_slots[0].gen_si_write.si_transactor_aw/gen_multi_thread.arbiter_resp_inst/gen_multi_thread.cmd_push_3
    SLICE_X35Y106        LUT4 (Prop_lut4_I3_O)        0.124    11.563 r  RevisionDesign_i/ps7_0_axi_periph/xbar/inst/gen_samd.crossbar_samd/gen_slave_slots[0].gen_si_write.si_transactor_aw/gen_multi_thread.arbiter_resp_inst/gen_multi_thread.active_cnt[27]_i_1/O
                         net (fo=4, routed)           0.669    12.232    RevisionDesign_i/ps7_0_axi_periph/xbar/inst/gen_samd.crossbar_samd/gen_slave_slots[0].gen_si_write.si_transactor_aw/gen_multi_thread.arbiter_resp_inst_n_16
    SLICE_X35Y110        FDRE                                         r  RevisionDesign_i/ps7_0_axi_periph/xbar/inst/gen_samd.crossbar_samd/gen_slave_slots[0].gen_si_write.si_transactor_aw/gen_multi_thread.active_cnt_reg[26]/CE
  -------------------------------------------------------------------    -------------------

                         (clock clk_fpga_0 rise edge)
                                                     20.000    20.000 r  
    PS7_X0Y0             PS7                          0.000    20.000 r  RevisionDesign_i/processing_system7_0/inst/PS7_i/FCLKCLK[0]
                         net (fo=1, routed)           1.088    21.088    RevisionDesign_i/processing_system7_0/inst/FCLK_CLK_unbuffered[0]
    BUFGCTRL_X0Y16       BUFG (Prop_bufg_I_O)         0.091    21.179 r  RevisionDesign_i/processing_system7_0/inst/buffer_fclk_clk_0.FCLK_CLK_0_BUFG/O
                         net (fo=2150, routed)        1.652    22.831    RevisionDesign_i/ps7_0_axi_periph/xbar/inst/gen_samd.crossbar_samd/gen_slave_slots[0].gen_si_write.si_transactor_aw/aclk
    SLICE_X35Y110        FDRE                                         r  RevisionDesign_i/ps7_0_axi_periph/xbar/inst/gen_samd.crossbar_samd/gen_slave_slots[0].gen_si_write.si_transactor_aw/gen_multi_thread.active_cnt_reg[26]/C
                         clock pessimism              0.129    22.960    
                         clock uncertainty           -0.302    22.658    
    SLICE_X35Y110        FDRE (Setup_fdre_C_CE)      -0.205    22.453    RevisionDesign_i/ps7_0_axi_periph/xbar/inst/gen_samd.crossbar_samd/gen_slave_slots[0].gen_si_write.si_transactor_aw/gen_multi_thread.active_cnt_reg[26]
  -------------------------------------------------------------------
                         required time                         22.453    
                         arrival time                         -12.232    
  -------------------------------------------------------------------
                         slack                                 10.221    

Slack (MET) :             10.221ns  (required time - arrival time)
  Source:                 RevisionDesign_i/processing_system7_0/inst/PS7_i/MAXIGP0ACLK
                            (rising edge-triggered cell PS7 clocked by clk_fpga_0  {rise@0.000ns fall@10.000ns period=20.000ns})
  Destination:            RevisionDesign_i/ps7_0_axi_periph/xbar/inst/gen_samd.crossbar_samd/gen_slave_slots[0].gen_si_write.si_transactor_aw/gen_multi_thread.active_cnt_reg[27]/CE
                            (rising edge-triggered cell FDRE clocked by clk_fpga_0  {rise@0.000ns fall@10.000ns period=20.000ns})
  Path Group:             clk_fpga_0
  Path Type:              Setup (Max at Slow Process Corner)
  Requirement:            20.000ns  (clk_fpga_0 rise@20.000ns - clk_fpga_0 rise@0.000ns)
  Data Path Delay:        9.201ns  (logic 2.453ns (26.660%)  route 6.748ns (73.340%))
  Logic Levels:           6  (CARRY4=1 LUT4=2 LUT5=1 LUT6=2)
  Clock Path Skew:        -0.071ns (DCD - SCD + CPR)
    Destination Clock Delay (DCD):    2.831ns = ( 22.831 - 20.000 ) 
    Source Clock Delay      (SCD):    3.031ns
    Clock Pessimism Removal (CPR):    0.129ns
  Clock Uncertainty:      0.302ns  ((TSJ^2 + TIJ^2)^1/2 + DJ) / 2 + PE
    Total System Jitter     (TSJ):    0.071ns
    Total Input Jitter      (TIJ):    0.600ns
    Discrete Jitter          (DJ):    0.000ns
    Phase Error              (PE):    0.000ns

    Location             Delay type                Incr(ns)  Path(ns)    Netlist Resource(s)
  -------------------------------------------------------------------    -------------------
                         (clock clk_fpga_0 rise edge)
                                                      0.000     0.000 r  
    PS7_X0Y0             PS7                          0.000     0.000 r  RevisionDesign_i/processing_system7_0/inst/PS7_i/FCLKCLK[0]
                         net (fo=1, routed)           1.193     1.193    RevisionDesign_i/processing_system7_0/inst/FCLK_CLK_unbuffered[0]
    BUFGCTRL_X0Y16       BUFG (Prop_bufg_I_O)         0.101     1.294 r  RevisionDesign_i/processing_system7_0/inst/buffer_fclk_clk_0.FCLK_CLK_0_BUFG/O
                         net (fo=2150, routed)        1.737     3.031    RevisionDesign_i/processing_system7_0/inst/M_AXI_GP0_ACLK
    PS7_X0Y0             PS7                                          r  RevisionDesign_i/processing_system7_0/inst/PS7_i/MAXIGP0ACLK
  -------------------------------------------------------------------    -------------------
    PS7_X0Y0             PS7 (Prop_ps7_MAXIGP0ACLK_MAXIGP0AWID[6])
                                                      1.453     4.484 r  RevisionDesign_i/processing_system7_0/inst/PS7_i/MAXIGP0AWID[6]
                         net (fo=17, routed)          2.862     7.346    RevisionDesign_i/ps7_0_axi_periph/xbar/inst/gen_samd.crossbar_samd/gen_slave_slots[0].gen_si_write.si_transactor_aw/gen_no_arbiter.s_ready_i_reg[0]_3[6]
    SLICE_X36Y104        LUT6 (Prop_lut6_I1_O)        0.124     7.470 r  RevisionDesign_i/ps7_0_axi_periph/xbar/inst/gen_samd.crossbar_samd/gen_slave_slots[0].gen_si_write.si_transactor_aw/gen_multi_thread.aid_match_60_carry_i_2__0/O
                         net (fo=1, routed)           0.000     7.470    RevisionDesign_i/ps7_0_axi_periph/xbar/inst/gen_samd.crossbar_samd/gen_slave_slots[0].gen_si_write.si_transactor_aw/gen_multi_thread.aid_match_60_carry_i_2__0_n_0
    SLICE_X36Y104        CARRY4 (Prop_carry4_S[2]_CO[3])
                                                      0.380     7.850 f  RevisionDesign_i/ps7_0_axi_periph/xbar/inst/gen_samd.crossbar_samd/gen_slave_slots[0].gen_si_write.si_transactor_aw/gen_multi_thread.aid_match_60_carry/CO[3]
                         net (fo=4, routed)           1.127     8.977    RevisionDesign_i/ps7_0_axi_periph/xbar/inst/gen_samd.crossbar_samd/gen_slave_slots[0].gen_si_write.si_transactor_aw/gen_multi_thread.aid_match_60
    SLICE_X38Y108        LUT5 (Prop_lut5_I0_O)        0.124     9.101 f  RevisionDesign_i/ps7_0_axi_periph/xbar/inst/gen_samd.crossbar_samd/gen_slave_slots[0].gen_si_write.si_transactor_aw/gen_multi_thread.active_target[49]_i_3/O
                         net (fo=3, routed)           0.858     9.958    RevisionDesign_i/ps7_0_axi_periph/xbar/inst/gen_samd.crossbar_samd/gen_slave_slots[0].gen_si_write.si_transactor_aw/gen_multi_thread.active_target[49]_i_3_n_0
    SLICE_X32Y108        LUT4 (Prop_lut4_I1_O)        0.124    10.082 f  RevisionDesign_i/ps7_0_axi_periph/xbar/inst/gen_samd.crossbar_samd/gen_slave_slots[0].gen_si_write.si_transactor_aw/gen_multi_thread.active_target[41]_i_3/O
                         net (fo=9, routed)           0.451    10.534    RevisionDesign_i/ps7_0_axi_periph/xbar/inst/gen_samd.crossbar_samd/gen_slave_slots[0].gen_si_write.si_transactor_aw/gen_multi_thread.active_target[41]_i_3_n_0
    SLICE_X33Y109        LUT6 (Prop_lut6_I2_O)        0.124    10.658 r  RevisionDesign_i/ps7_0_axi_periph/xbar/inst/gen_samd.crossbar_samd/gen_slave_slots[0].gen_si_write.si_transactor_aw/gen_multi_thread.active_target[25]_i_1/O
                         net (fo=18, routed)          0.781    11.439    RevisionDesign_i/ps7_0_axi_periph/xbar/inst/gen_samd.crossbar_samd/gen_slave_slots[0].gen_si_write.si_transactor_aw/gen_multi_thread.arbiter_resp_inst/gen_multi_thread.cmd_push_3
    SLICE_X35Y106        LUT4 (Prop_lut4_I3_O)        0.124    11.563 r  RevisionDesign_i/ps7_0_axi_periph/xbar/inst/gen_samd.crossbar_samd/gen_slave_slots[0].gen_si_write.si_transactor_aw/gen_multi_thread.arbiter_resp_inst/gen_multi_thread.active_cnt[27]_i_1/O
                         net (fo=4, routed)           0.669    12.232    RevisionDesign_i/ps7_0_axi_periph/xbar/inst/gen_samd.crossbar_samd/gen_slave_slots[0].gen_si_write.si_transactor_aw/gen_multi_thread.arbiter_resp_inst_n_16
    SLICE_X35Y110        FDRE                                         r  RevisionDesign_i/ps7_0_axi_periph/xbar/inst/gen_samd.crossbar_samd/gen_slave_slots[0].gen_si_write.si_transactor_aw/gen_multi_thread.active_cnt_reg[27]/CE
  -------------------------------------------------------------------    -------------------

                         (clock clk_fpga_0 rise edge)
                                                     20.000    20.000 r  
    PS7_X0Y0             PS7                          0.000    20.000 r  RevisionDesign_i/processing_system7_0/inst/PS7_i/FCLKCLK[0]
                         net (fo=1, routed)           1.088    21.088    RevisionDesign_i/processing_system7_0/inst/FCLK_CLK_unbuffered[0]
    BUFGCTRL_X0Y16       BUFG (Prop_bufg_I_O)         0.091    21.179 r  RevisionDesign_i/processing_system7_0/inst/buffer_fclk_clk_0.FCLK_CLK_0_BUFG/O
                         net (fo=2150, routed)        1.652    22.831    RevisionDesign_i/ps7_0_axi_periph/xbar/inst/gen_samd.crossbar_samd/gen_slave_slots[0].gen_si_write.si_transactor_aw/aclk
    SLICE_X35Y110        FDRE                                         r  RevisionDesign_i/ps7_0_axi_periph/xbar/inst/gen_samd.crossbar_samd/gen_slave_slots[0].gen_si_write.si_transactor_aw/gen_multi_thread.active_cnt_reg[27]/C
                         clock pessimism              0.129    22.960    
                         clock uncertainty           -0.302    22.658    
    SLICE_X35Y110        FDRE (Setup_fdre_C_CE)      -0.205    22.453    RevisionDesign_i/ps7_0_axi_periph/xbar/inst/gen_samd.crossbar_samd/gen_slave_slots[0].gen_si_write.si_transactor_aw/gen_multi_thread.active_cnt_reg[27]
  -------------------------------------------------------------------
                         required time                         22.453    
                         arrival time                         -12.232    
  -------------------------------------------------------------------
                         slack                                 10.221    

Slack (MET) :             10.280ns  (required time - arrival time)
  Source:                 RevisionDesign_i/processing_system7_0/inst/PS7_i/MAXIGP0ACLK
                            (rising edge-triggered cell PS7 clocked by clk_fpga_0  {rise@0.000ns fall@10.000ns period=20.000ns})
  Destination:            RevisionDesign_i/ps7_0_axi_periph/xbar/inst/gen_samd.crossbar_samd/gen_slave_slots[0].gen_si_write.si_transactor_aw/gen_multi_thread.active_cnt_reg[41]/CE
                            (rising edge-triggered cell FDRE clocked by clk_fpga_0  {rise@0.000ns fall@10.000ns period=20.000ns})
  Path Group:             clk_fpga_0
  Path Type:              Setup (Max at Slow Process Corner)
  Requirement:            20.000ns  (clk_fpga_0 rise@20.000ns - clk_fpga_0 rise@0.000ns)
  Data Path Delay:        9.141ns  (logic 2.453ns (26.835%)  route 6.688ns (73.165%))
  Logic Levels:           6  (CARRY4=1 LUT4=2 LUT5=1 LUT6=2)
  Clock Path Skew:        -0.072ns (DCD - SCD + CPR)
    Destination Clock Delay (DCD):    2.830ns = ( 22.830 - 20.000 ) 
    Source Clock Delay      (SCD):    3.031ns
    Clock Pessimism Removal (CPR):    0.129ns
  Clock Uncertainty:      0.302ns  ((TSJ^2 + TIJ^2)^1/2 + DJ) / 2 + PE
    Total System Jitter     (TSJ):    0.071ns
    Total Input Jitter      (TIJ):    0.600ns
    Discrete Jitter          (DJ):    0.000ns
    Phase Error              (PE):    0.000ns

    Location             Delay type                Incr(ns)  Path(ns)    Netlist Resource(s)
  -------------------------------------------------------------------    -------------------
                         (clock clk_fpga_0 rise edge)
                                                      0.000     0.000 r  
    PS7_X0Y0             PS7                          0.000     0.000 r  RevisionDesign_i/processing_system7_0/inst/PS7_i/FCLKCLK[0]
                         net (fo=1, routed)           1.193     1.193    RevisionDesign_i/processing_system7_0/inst/FCLK_CLK_unbuffered[0]
    BUFGCTRL_X0Y16       BUFG (Prop_bufg_I_O)         0.101     1.294 r  RevisionDesign_i/processing_system7_0/inst/buffer_fclk_clk_0.FCLK_CLK_0_BUFG/O
                         net (fo=2150, routed)        1.737     3.031    RevisionDesign_i/processing_system7_0/inst/M_AXI_GP0_ACLK
    PS7_X0Y0             PS7                                          r  RevisionDesign_i/processing_system7_0/inst/PS7_i/MAXIGP0ACLK
  -------------------------------------------------------------------    -------------------
    PS7_X0Y0             PS7 (Prop_ps7_MAXIGP0ACLK_MAXIGP0AWID[6])
                                                      1.453     4.484 r  RevisionDesign_i/processing_system7_0/inst/PS7_i/MAXIGP0AWID[6]
                         net (fo=17, routed)          2.862     7.346    RevisionDesign_i/ps7_0_axi_periph/xbar/inst/gen_samd.crossbar_samd/gen_slave_slots[0].gen_si_write.si_transactor_aw/gen_no_arbiter.s_ready_i_reg[0]_3[6]
    SLICE_X36Y104        LUT6 (Prop_lut6_I1_O)        0.124     7.470 r  RevisionDesign_i/ps7_0_axi_periph/xbar/inst/gen_samd.crossbar_samd/gen_slave_slots[0].gen_si_write.si_transactor_aw/gen_multi_thread.aid_match_60_carry_i_2__0/O
                         net (fo=1, routed)           0.000     7.470    RevisionDesign_i/ps7_0_axi_periph/xbar/inst/gen_samd.crossbar_samd/gen_slave_slots[0].gen_si_write.si_transactor_aw/gen_multi_thread.aid_match_60_carry_i_2__0_n_0
    SLICE_X36Y104        CARRY4 (Prop_carry4_S[2]_CO[3])
                                                      0.380     7.850 f  RevisionDesign_i/ps7_0_axi_periph/xbar/inst/gen_samd.crossbar_samd/gen_slave_slots[0].gen_si_write.si_transactor_aw/gen_multi_thread.aid_match_60_carry/CO[3]
                         net (fo=4, routed)           1.127     8.977    RevisionDesign_i/ps7_0_axi_periph/xbar/inst/gen_samd.crossbar_samd/gen_slave_slots[0].gen_si_write.si_transactor_aw/gen_multi_thread.aid_match_60
    SLICE_X38Y108        LUT5 (Prop_lut5_I0_O)        0.124     9.101 f  RevisionDesign_i/ps7_0_axi_periph/xbar/inst/gen_samd.crossbar_samd/gen_slave_slots[0].gen_si_write.si_transactor_aw/gen_multi_thread.active_target[49]_i_3/O
                         net (fo=3, routed)           0.858     9.958    RevisionDesign_i/ps7_0_axi_periph/xbar/inst/gen_samd.crossbar_samd/gen_slave_slots[0].gen_si_write.si_transactor_aw/gen_multi_thread.active_target[49]_i_3_n_0
    SLICE_X32Y108        LUT4 (Prop_lut4_I1_O)        0.124    10.082 f  RevisionDesign_i/ps7_0_axi_periph/xbar/inst/gen_samd.crossbar_samd/gen_slave_slots[0].gen_si_write.si_transactor_aw/gen_multi_thread.active_target[41]_i_3/O
                         net (fo=9, routed)           0.657    10.739    RevisionDesign_i/ps7_0_axi_periph/xbar/inst/gen_samd.crossbar_samd/gen_slave_slots[0].gen_si_write.si_transactor_aw/gen_multi_thread.active_target[41]_i_3_n_0
    SLICE_X36Y109        LUT6 (Prop_lut6_I1_O)        0.124    10.863 r  RevisionDesign_i/ps7_0_axi_periph/xbar/inst/gen_samd.crossbar_samd/gen_slave_slots[0].gen_si_write.si_transactor_aw/gen_multi_thread.active_target[41]_i_1/O
                         net (fo=18, routed)          0.842    11.705    RevisionDesign_i/ps7_0_axi_periph/xbar/inst/gen_samd.crossbar_samd/gen_slave_slots[0].gen_si_write.si_transactor_aw/gen_multi_thread.arbiter_resp_inst/gen_multi_thread.cmd_push_5
    SLICE_X36Y108        LUT4 (Prop_lut4_I3_O)        0.124    11.829 r  RevisionDesign_i/ps7_0_axi_periph/xbar/inst/gen_samd.crossbar_samd/gen_slave_slots[0].gen_si_write.si_transactor_aw/gen_multi_thread.arbiter_resp_inst/gen_multi_thread.active_cnt[43]_i_1/O
                         net (fo=4, routed)           0.343    12.172    RevisionDesign_i/ps7_0_axi_periph/xbar/inst/gen_samd.crossbar_samd/gen_slave_slots[0].gen_si_write.si_transactor_aw/gen_multi_thread.arbiter_resp_inst_n_10
    SLICE_X37Y109        FDRE                                         r  RevisionDesign_i/ps7_0_axi_periph/xbar/inst/gen_samd.crossbar_samd/gen_slave_slots[0].gen_si_write.si_transactor_aw/gen_multi_thread.active_cnt_reg[41]/CE
  -------------------------------------------------------------------    -------------------

                         (clock clk_fpga_0 rise edge)
                                                     20.000    20.000 r  
    PS7_X0Y0             PS7                          0.000    20.000 r  RevisionDesign_i/processing_system7_0/inst/PS7_i/FCLKCLK[0]
                         net (fo=1, routed)           1.088    21.088    RevisionDesign_i/processing_system7_0/inst/FCLK_CLK_unbuffered[0]
    BUFGCTRL_X0Y16       BUFG (Prop_bufg_I_O)         0.091    21.179 r  RevisionDesign_i/processing_system7_0/inst/buffer_fclk_clk_0.FCLK_CLK_0_BUFG/O
                         net (fo=2150, routed)        1.651    22.830    RevisionDesign_i/ps7_0_axi_periph/xbar/inst/gen_samd.crossbar_samd/gen_slave_slots[0].gen_si_write.si_transactor_aw/aclk
    SLICE_X37Y109        FDRE                                         r  RevisionDesign_i/ps7_0_axi_periph/xbar/inst/gen_samd.crossbar_samd/gen_slave_slots[0].gen_si_write.si_transactor_aw/gen_multi_thread.active_cnt_reg[41]/C
                         clock pessimism              0.129    22.959    
                         clock uncertainty           -0.302    22.657    
    SLICE_X37Y109        FDRE (Setup_fdre_C_CE)      -0.205    22.452    RevisionDesign_i/ps7_0_axi_periph/xbar/inst/gen_samd.crossbar_samd/gen_slave_slots[0].gen_si_write.si_transactor_aw/gen_multi_thread.active_cnt_reg[41]
  -------------------------------------------------------------------
                         required time                         22.452    
                         arrival time                         -12.172    
  -------------------------------------------------------------------
                         slack                                 10.280    

Slack (MET) :             10.376ns  (required time - arrival time)
  Source:                 RevisionDesign_i/processing_system7_0/inst/PS7_i/MAXIGP0ACLK
                            (rising edge-triggered cell PS7 clocked by clk_fpga_0  {rise@0.000ns fall@10.000ns period=20.000ns})
  Destination:            RevisionDesign_i/ps7_0_axi_periph/xbar/inst/gen_samd.crossbar_samd/gen_slave_slots[0].gen_si_read.si_transactor_ar/gen_multi_thread.active_cnt_reg[18]/CE
                            (rising edge-triggered cell FDRE clocked by clk_fpga_0  {rise@0.000ns fall@10.000ns period=20.000ns})
  Path Group:             clk_fpga_0
  Path Type:              Setup (Max at Slow Process Corner)
  Requirement:            20.000ns  (clk_fpga_0 rise@20.000ns - clk_fpga_0 rise@0.000ns)
  Data Path Delay:        8.962ns  (logic 2.811ns (31.364%)  route 6.151ns (68.636%))
  Logic Levels:           6  (CARRY4=1 LUT3=1 LUT4=1 LUT5=1 LUT6=2)
  Clock Path Skew:        -0.155ns (DCD - SCD + CPR)
    Destination Clock Delay (DCD):    2.647ns = ( 22.647 - 20.000 ) 
    Source Clock Delay      (SCD):    3.031ns
    Clock Pessimism Removal (CPR):    0.229ns
  Clock Uncertainty:      0.302ns  ((TSJ^2 + TIJ^2)^1/2 + DJ) / 2 + PE
    Total System Jitter     (TSJ):    0.071ns
    Total Input Jitter      (TIJ):    0.600ns
    Discrete Jitter          (DJ):    0.000ns
    Phase Error              (PE):    0.000ns

    Location             Delay type                Incr(ns)  Path(ns)    Netlist Resource(s)
  -------------------------------------------------------------------    -------------------
                         (clock clk_fpga_0 rise edge)
                                                      0.000     0.000 r  
    PS7_X0Y0             PS7                          0.000     0.000 r  RevisionDesign_i/processing_system7_0/inst/PS7_i/FCLKCLK[0]
                         net (fo=1, routed)           1.193     1.193    RevisionDesign_i/processing_system7_0/inst/FCLK_CLK_unbuffered[0]
    BUFGCTRL_X0Y16       BUFG (Prop_bufg_I_O)         0.101     1.294 r  RevisionDesign_i/processing_system7_0/inst/buffer_fclk_clk_0.FCLK_CLK_0_BUFG/O
                         net (fo=2150, routed)        1.737     3.031    RevisionDesign_i/processing_system7_0/inst/M_AXI_GP0_ACLK
    PS7_X0Y0             PS7                                          r  RevisionDesign_i/processing_system7_0/inst/PS7_i/MAXIGP0ACLK
  -------------------------------------------------------------------    -------------------
    PS7_X0Y0             PS7 (Prop_ps7_MAXIGP0ACLK_MAXIGP0ARID[1])
                                                      1.450     4.481 r  RevisionDesign_i/processing_system7_0/inst/PS7_i/MAXIGP0ARID[1]
                         net (fo=17, routed)          1.753     6.234    RevisionDesign_i/ps7_0_axi_periph/xbar/inst/gen_samd.crossbar_samd/gen_slave_slots[0].gen_si_read.si_transactor_ar/s_axi_arid[1]
    SLICE_X32Y89         LUT6 (Prop_lut6_I1_O)        0.124     6.358 r  RevisionDesign_i/ps7_0_axi_periph/xbar/inst/gen_samd.crossbar_samd/gen_slave_slots[0].gen_si_read.si_transactor_ar/gen_multi_thread.aid_match_30_carry_i_4/O
                         net (fo=1, routed)           0.000     6.358    RevisionDesign_i/ps7_0_axi_periph/xbar/inst/gen_samd.crossbar_samd/gen_slave_slots[0].gen_si_read.si_transactor_ar/gen_multi_thread.aid_match_30_carry_i_4_n_0
    SLICE_X32Y89         CARRY4 (Prop_carry4_S[0]_CO[3])
                                                      0.513     6.871 f  RevisionDesign_i/ps7_0_axi_periph/xbar/inst/gen_samd.crossbar_samd/gen_slave_slots[0].gen_si_read.si_transactor_ar/gen_multi_thread.aid_match_30_carry/CO[3]
                         net (fo=5, routed)           1.444     8.316    RevisionDesign_i/ps7_0_axi_periph/xbar/inst/gen_samd.crossbar_samd/gen_slave_slots[0].gen_si_read.si_transactor_ar/gen_multi_thread.aid_match_30
    SLICE_X30Y78         LUT5 (Prop_lut5_I4_O)        0.124     8.440 r  RevisionDesign_i/ps7_0_axi_periph/xbar/inst/gen_samd.crossbar_samd/gen_slave_slots[0].gen_si_read.si_transactor_ar/gen_multi_thread.active_target[1]_i_2/O
                         net (fo=5, routed)           1.076     9.515    RevisionDesign_i/ps7_0_axi_periph/xbar/inst/gen_samd.crossbar_samd/gen_slave_slots[0].gen_si_read.si_transactor_ar/gen_multi_thread.active_target[1]_i_2_n_0
    SLICE_X34Y81         LUT3 (Prop_lut3_I2_O)        0.148     9.663 r  RevisionDesign_i/ps7_0_axi_periph/xbar/inst/gen_samd.crossbar_samd/gen_slave_slots[0].gen_si_read.si_transactor_ar/gen_multi_thread.active_target[57]_i_8/O
                         net (fo=4, routed)           0.484    10.147    RevisionDesign_i/ps7_0_axi_periph/xbar/inst/gen_samd.crossbar_samd/gen_slave_slots[0].gen_si_read.si_transactor_ar/gen_multi_thread.active_target[57]_i_8_n_0
    SLICE_X32Y80         LUT6 (Prop_lut6_I4_O)        0.328    10.475 r  RevisionDesign_i/ps7_0_axi_periph/xbar/inst/gen_samd.crossbar_samd/gen_slave_slots[0].gen_si_read.si_transactor_ar/gen_multi_thread.active_target[17]_i_2__0/O
                         net (fo=18, routed)          0.686    11.161    RevisionDesign_i/ps7_0_axi_periph/xbar/inst/gen_samd.crossbar_samd/gen_slave_slots[0].gen_si_read.si_transactor_ar/gen_multi_thread.arbiter_resp_inst/gen_no_arbiter.s_ready_i_reg[0]_9
    SLICE_X31Y82         LUT4 (Prop_lut4_I3_O)        0.124    11.285 r  RevisionDesign_i/ps7_0_axi_periph/xbar/inst/gen_samd.crossbar_samd/gen_slave_slots[0].gen_si_read.si_transactor_ar/gen_multi_thread.arbiter_resp_inst/gen_multi_thread.active_cnt[19]_i_1__0/O
                         net (fo=4, routed)           0.708    11.993    RevisionDesign_i/ps7_0_axi_periph/xbar/inst/gen_samd.crossbar_samd/gen_slave_slots[0].gen_si_read.si_transactor_ar/gen_multi_thread.arbiter_resp_inst_n_13
    SLICE_X33Y80         FDRE                                         r  RevisionDesign_i/ps7_0_axi_periph/xbar/inst/gen_samd.crossbar_samd/gen_slave_slots[0].gen_si_read.si_transactor_ar/gen_multi_thread.active_cnt_reg[18]/CE
  -------------------------------------------------------------------    -------------------

                         (clock clk_fpga_0 rise edge)
                                                     20.000    20.000 r  
    PS7_X0Y0             PS7                          0.000    20.000 r  RevisionDesign_i/processing_system7_0/inst/PS7_i/FCLKCLK[0]
                         net (fo=1, routed)           1.088    21.088    RevisionDesign_i/processing_system7_0/inst/FCLK_CLK_unbuffered[0]
    BUFGCTRL_X0Y16       BUFG (Prop_bufg_I_O)         0.091    21.179 r  RevisionDesign_i/processing_system7_0/inst/buffer_fclk_clk_0.FCLK_CLK_0_BUFG/O
                         net (fo=2150, routed)        1.468    22.647    RevisionDesign_i/ps7_0_axi_periph/xbar/inst/gen_samd.crossbar_samd/gen_slave_slots[0].gen_si_read.si_transactor_ar/aclk
    SLICE_X33Y80         FDRE                                         r  RevisionDesign_i/ps7_0_axi_periph/xbar/inst/gen_samd.crossbar_samd/gen_slave_slots[0].gen_si_read.si_transactor_ar/gen_multi_thread.active_cnt_reg[18]/C
                         clock pessimism              0.229    22.876    
                         clock uncertainty           -0.302    22.574    
    SLICE_X33Y80         FDRE (Setup_fdre_C_CE)      -0.205    22.369    RevisionDesign_i/ps7_0_axi_periph/xbar/inst/gen_samd.crossbar_samd/gen_slave_slots[0].gen_si_read.si_transactor_ar/gen_multi_thread.active_cnt_reg[18]
  -------------------------------------------------------------------
                         required time                         22.369    
                         arrival time                         -11.993    
  -------------------------------------------------------------------
                         slack                                 10.376    

Slack (MET) :             10.376ns  (required time - arrival time)
  Source:                 RevisionDesign_i/processing_system7_0/inst/PS7_i/MAXIGP0ACLK
                            (rising edge-triggered cell PS7 clocked by clk_fpga_0  {rise@0.000ns fall@10.000ns period=20.000ns})
  Destination:            RevisionDesign_i/ps7_0_axi_periph/xbar/inst/gen_samd.crossbar_samd/gen_slave_slots[0].gen_si_read.si_transactor_ar/gen_multi_thread.active_cnt_reg[19]/CE
                            (rising edge-triggered cell FDRE clocked by clk_fpga_0  {rise@0.000ns fall@10.000ns period=20.000ns})
  Path Group:             clk_fpga_0
  Path Type:              Setup (Max at Slow Process Corner)
  Requirement:            20.000ns  (clk_fpga_0 rise@20.000ns - clk_fpga_0 rise@0.000ns)
  Data Path Delay:        8.962ns  (logic 2.811ns (31.364%)  route 6.151ns (68.636%))
  Logic Levels:           6  (CARRY4=1 LUT3=1 LUT4=1 LUT5=1 LUT6=2)
  Clock Path Skew:        -0.155ns (DCD - SCD + CPR)
    Destination Clock Delay (DCD):    2.647ns = ( 22.647 - 20.000 ) 
    Source Clock Delay      (SCD):    3.031ns
    Clock Pessimism Removal (CPR):    0.229ns
  Clock Uncertainty:      0.302ns  ((TSJ^2 + TIJ^2)^1/2 + DJ) / 2 + PE
    Total System Jitter     (TSJ):    0.071ns
    Total Input Jitter      (TIJ):    0.600ns
    Discrete Jitter          (DJ):    0.000ns
    Phase Error              (PE):    0.000ns

    Location             Delay type                Incr(ns)  Path(ns)    Netlist Resource(s)
  -------------------------------------------------------------------    -------------------
                         (clock clk_fpga_0 rise edge)
                                                      0.000     0.000 r  
    PS7_X0Y0             PS7                          0.000     0.000 r  RevisionDesign_i/processing_system7_0/inst/PS7_i/FCLKCLK[0]
                         net (fo=1, routed)           1.193     1.193    RevisionDesign_i/processing_system7_0/inst/FCLK_CLK_unbuffered[0]
    BUFGCTRL_X0Y16       BUFG (Prop_bufg_I_O)         0.101     1.294 r  RevisionDesign_i/processing_system7_0/inst/buffer_fclk_clk_0.FCLK_CLK_0_BUFG/O
                         net (fo=2150, routed)        1.737     3.031    RevisionDesign_i/processing_system7_0/inst/M_AXI_GP0_ACLK
    PS7_X0Y0             PS7                                          r  RevisionDesign_i/processing_system7_0/inst/PS7_i/MAXIGP0ACLK
  -------------------------------------------------------------------    -------------------
    PS7_X0Y0             PS7 (Prop_ps7_MAXIGP0ACLK_MAXIGP0ARID[1])
                                                      1.450     4.481 r  RevisionDesign_i/processing_system7_0/inst/PS7_i/MAXIGP0ARID[1]
                         net (fo=17, routed)          1.753     6.234    RevisionDesign_i/ps7_0_axi_periph/xbar/inst/gen_samd.crossbar_samd/gen_slave_slots[0].gen_si_read.si_transactor_ar/s_axi_arid[1]
    SLICE_X32Y89         LUT6 (Prop_lut6_I1_O)        0.124     6.358 r  RevisionDesign_i/ps7_0_axi_periph/xbar/inst/gen_samd.crossbar_samd/gen_slave_slots[0].gen_si_read.si_transactor_ar/gen_multi_thread.aid_match_30_carry_i_4/O
                         net (fo=1, routed)           0.000     6.358    RevisionDesign_i/ps7_0_axi_periph/xbar/inst/gen_samd.crossbar_samd/gen_slave_slots[0].gen_si_read.si_transactor_ar/gen_multi_thread.aid_match_30_carry_i_4_n_0
    SLICE_X32Y89         CARRY4 (Prop_carry4_S[0]_CO[3])
                                                      0.513     6.871 f  RevisionDesign_i/ps7_0_axi_periph/xbar/inst/gen_samd.crossbar_samd/gen_slave_slots[0].gen_si_read.si_transactor_ar/gen_multi_thread.aid_match_30_carry/CO[3]
                         net (fo=5, routed)           1.444     8.316    RevisionDesign_i/ps7_0_axi_periph/xbar/inst/gen_samd.crossbar_samd/gen_slave_slots[0].gen_si_read.si_transactor_ar/gen_multi_thread.aid_match_30
    SLICE_X30Y78         LUT5 (Prop_lut5_I4_O)        0.124     8.440 r  RevisionDesign_i/ps7_0_axi_periph/xbar/inst/gen_samd.crossbar_samd/gen_slave_slots[0].gen_si_read.si_transactor_ar/gen_multi_thread.active_target[1]_i_2/O
                         net (fo=5, routed)           1.076     9.515    RevisionDesign_i/ps7_0_axi_periph/xbar/inst/gen_samd.crossbar_samd/gen_slave_slots[0].gen_si_read.si_transactor_ar/gen_multi_thread.active_target[1]_i_2_n_0
    SLICE_X34Y81         LUT3 (Prop_lut3_I2_O)        0.148     9.663 r  RevisionDesign_i/ps7_0_axi_periph/xbar/inst/gen_samd.crossbar_samd/gen_slave_slots[0].gen_si_read.si_transactor_ar/gen_multi_thread.active_target[57]_i_8/O
                         net (fo=4, routed)           0.484    10.147    RevisionDesign_i/ps7_0_axi_periph/xbar/inst/gen_samd.crossbar_samd/gen_slave_slots[0].gen_si_read.si_transactor_ar/gen_multi_thread.active_target[57]_i_8_n_0
    SLICE_X32Y80         LUT6 (Prop_lut6_I4_O)        0.328    10.475 r  RevisionDesign_i/ps7_0_axi_periph/xbar/inst/gen_samd.crossbar_samd/gen_slave_slots[0].gen_si_read.si_transactor_ar/gen_multi_thread.active_target[17]_i_2__0/O
                         net (fo=18, routed)          0.686    11.161    RevisionDesign_i/ps7_0_axi_periph/xbar/inst/gen_samd.crossbar_samd/gen_slave_slots[0].gen_si_read.si_transactor_ar/gen_multi_thread.arbiter_resp_inst/gen_no_arbiter.s_ready_i_reg[0]_9
    SLICE_X31Y82         LUT4 (Prop_lut4_I3_O)        0.124    11.285 r  RevisionDesign_i/ps7_0_axi_periph/xbar/inst/gen_samd.crossbar_samd/gen_slave_slots[0].gen_si_read.si_transactor_ar/gen_multi_thread.arbiter_resp_inst/gen_multi_thread.active_cnt[19]_i_1__0/O
                         net (fo=4, routed)           0.708    11.993    RevisionDesign_i/ps7_0_axi_periph/xbar/inst/gen_samd.crossbar_samd/gen_slave_slots[0].gen_si_read.si_transactor_ar/gen_multi_thread.arbiter_resp_inst_n_13
    SLICE_X33Y80         FDRE                                         r  RevisionDesign_i/ps7_0_axi_periph/xbar/inst/gen_samd.crossbar_samd/gen_slave_slots[0].gen_si_read.si_transactor_ar/gen_multi_thread.active_cnt_reg[19]/CE
  -------------------------------------------------------------------    -------------------

                         (clock clk_fpga_0 rise edge)
                                                     20.000    20.000 r  
    PS7_X0Y0             PS7                          0.000    20.000 r  RevisionDesign_i/processing_system7_0/inst/PS7_i/FCLKCLK[0]
                         net (fo=1, routed)           1.088    21.088    RevisionDesign_i/processing_system7_0/inst/FCLK_CLK_unbuffered[0]
    BUFGCTRL_X0Y16       BUFG (Prop_bufg_I_O)         0.091    21.179 r  RevisionDesign_i/processing_system7_0/inst/buffer_fclk_clk_0.FCLK_CLK_0_BUFG/O
                         net (fo=2150, routed)        1.468    22.647    RevisionDesign_i/ps7_0_axi_periph/xbar/inst/gen_samd.crossbar_samd/gen_slave_slots[0].gen_si_read.si_transactor_ar/aclk
    SLICE_X33Y80         FDRE                                         r  RevisionDesign_i/ps7_0_axi_periph/xbar/inst/gen_samd.crossbar_samd/gen_slave_slots[0].gen_si_read.si_transactor_ar/gen_multi_thread.active_cnt_reg[19]/C
                         clock pessimism              0.229    22.876    
                         clock uncertainty           -0.302    22.574    
    SLICE_X33Y80         FDRE (Setup_fdre_C_CE)      -0.205    22.369    RevisionDesign_i/ps7_0_axi_periph/xbar/inst/gen_samd.crossbar_samd/gen_slave_slots[0].gen_si_read.si_transactor_ar/gen_multi_thread.active_cnt_reg[19]
  -------------------------------------------------------------------
                         required time                         22.369    
                         arrival time                         -11.993    
  -------------------------------------------------------------------
                         slack                                 10.376    

Slack (MET) :             10.377ns  (required time - arrival time)
  Source:                 RevisionDesign_i/processing_system7_0/inst/PS7_i/MAXIGP0ACLK
                            (rising edge-triggered cell PS7 clocked by clk_fpga_0  {rise@0.000ns fall@10.000ns period=20.000ns})
  Destination:            RevisionDesign_i/ps7_0_axi_periph/xbar/inst/gen_samd.crossbar_samd/gen_slave_slots[0].gen_si_write.si_transactor_aw/gen_multi_thread.active_cnt_reg[48]/CE
                            (rising edge-triggered cell FDRE clocked by clk_fpga_0  {rise@0.000ns fall@10.000ns period=20.000ns})
  Path Group:             clk_fpga_0
  Path Type:              Setup (Max at Slow Process Corner)
  Requirement:            20.000ns  (clk_fpga_0 rise@20.000ns - clk_fpga_0 rise@0.000ns)
  Data Path Delay:        9.081ns  (logic 2.453ns (27.012%)  route 6.628ns (72.988%))
  Logic Levels:           6  (CARRY4=1 LUT4=2 LUT5=1 LUT6=2)
  Clock Path Skew:        -0.071ns (DCD - SCD + CPR)
    Destination Clock Delay (DCD):    2.831ns = ( 22.831 - 20.000 ) 
    Source Clock Delay      (SCD):    3.031ns
    Clock Pessimism Removal (CPR):    0.129ns
  Clock Uncertainty:      0.302ns  ((TSJ^2 + TIJ^2)^1/2 + DJ) / 2 + PE
    Total System Jitter     (TSJ):    0.071ns
    Total Input Jitter      (TIJ):    0.600ns
    Discrete Jitter          (DJ):    0.000ns
    Phase Error              (PE):    0.000ns

    Location             Delay type                Incr(ns)  Path(ns)    Netlist Resource(s)
  -------------------------------------------------------------------    -------------------
                         (clock clk_fpga_0 rise edge)
                                                      0.000     0.000 r  
    PS7_X0Y0             PS7                          0.000     0.000 r  RevisionDesign_i/processing_system7_0/inst/PS7_i/FCLKCLK[0]
                         net (fo=1, routed)           1.193     1.193    RevisionDesign_i/processing_system7_0/inst/FCLK_CLK_unbuffered[0]
    BUFGCTRL_X0Y16       BUFG (Prop_bufg_I_O)         0.101     1.294 r  RevisionDesign_i/processing_system7_0/inst/buffer_fclk_clk_0.FCLK_CLK_0_BUFG/O
                         net (fo=2150, routed)        1.737     3.031    RevisionDesign_i/processing_system7_0/inst/M_AXI_GP0_ACLK
    PS7_X0Y0             PS7                                          r  RevisionDesign_i/processing_system7_0/inst/PS7_i/MAXIGP0ACLK
  -------------------------------------------------------------------    -------------------
    PS7_X0Y0             PS7 (Prop_ps7_MAXIGP0ACLK_MAXIGP0AWID[6])
                                                      1.453     4.484 r  RevisionDesign_i/processing_system7_0/inst/PS7_i/MAXIGP0AWID[6]
                         net (fo=17, routed)          2.862     7.346    RevisionDesign_i/ps7_0_axi_periph/xbar/inst/gen_samd.crossbar_samd/gen_slave_slots[0].gen_si_write.si_transactor_aw/gen_no_arbiter.s_ready_i_reg[0]_3[6]
    SLICE_X36Y104        LUT6 (Prop_lut6_I1_O)        0.124     7.470 r  RevisionDesign_i/ps7_0_axi_periph/xbar/inst/gen_samd.crossbar_samd/gen_slave_slots[0].gen_si_write.si_transactor_aw/gen_multi_thread.aid_match_60_carry_i_2__0/O
                         net (fo=1, routed)           0.000     7.470    RevisionDesign_i/ps7_0_axi_periph/xbar/inst/gen_samd.crossbar_samd/gen_slave_slots[0].gen_si_write.si_transactor_aw/gen_multi_thread.aid_match_60_carry_i_2__0_n_0
    SLICE_X36Y104        CARRY4 (Prop_carry4_S[2]_CO[3])
                                                      0.380     7.850 f  RevisionDesign_i/ps7_0_axi_periph/xbar/inst/gen_samd.crossbar_samd/gen_slave_slots[0].gen_si_write.si_transactor_aw/gen_multi_thread.aid_match_60_carry/CO[3]
                         net (fo=4, routed)           1.127     8.977    RevisionDesign_i/ps7_0_axi_periph/xbar/inst/gen_samd.crossbar_samd/gen_slave_slots[0].gen_si_write.si_transactor_aw/gen_multi_thread.aid_match_60
    SLICE_X38Y108        LUT5 (Prop_lut5_I0_O)        0.124     9.101 f  RevisionDesign_i/ps7_0_axi_periph/xbar/inst/gen_samd.crossbar_samd/gen_slave_slots[0].gen_si_write.si_transactor_aw/gen_multi_thread.active_target[49]_i_3/O
                         net (fo=3, routed)           0.858     9.958    RevisionDesign_i/ps7_0_axi_periph/xbar/inst/gen_samd.crossbar_samd/gen_slave_slots[0].gen_si_write.si_transactor_aw/gen_multi_thread.active_target[49]_i_3_n_0
    SLICE_X32Y108        LUT4 (Prop_lut4_I1_O)        0.124    10.082 f  RevisionDesign_i/ps7_0_axi_periph/xbar/inst/gen_samd.crossbar_samd/gen_slave_slots[0].gen_si_write.si_transactor_aw/gen_multi_thread.active_target[41]_i_3/O
                         net (fo=9, routed)           0.660    10.742    RevisionDesign_i/ps7_0_axi_periph/xbar/inst/gen_samd.crossbar_samd/gen_slave_slots[0].gen_si_write.si_transactor_aw/gen_multi_thread.active_target[41]_i_3_n_0
    SLICE_X36Y108        LUT6 (Prop_lut6_I2_O)        0.124    10.866 r  RevisionDesign_i/ps7_0_axi_periph/xbar/inst/gen_samd.crossbar_samd/gen_slave_slots[0].gen_si_write.si_transactor_aw/gen_multi_thread.active_target[49]_i_2/O
                         net (fo=18, routed)          0.507    11.373    RevisionDesign_i/ps7_0_axi_periph/xbar/inst/gen_samd.crossbar_samd/gen_slave_slots[0].gen_si_write.si_transactor_aw/gen_multi_thread.arbiter_resp_inst/gen_multi_thread.active_cnt_reg[50]_0
    SLICE_X37Y106        LUT4 (Prop_lut4_I3_O)        0.124    11.497 r  RevisionDesign_i/ps7_0_axi_periph/xbar/inst/gen_samd.crossbar_samd/gen_slave_slots[0].gen_si_write.si_transactor_aw/gen_multi_thread.arbiter_resp_inst/gen_multi_thread.active_cnt[51]_i_1/O
                         net (fo=4, routed)           0.615    12.112    RevisionDesign_i/ps7_0_axi_periph/xbar/inst/gen_samd.crossbar_samd/gen_slave_slots[0].gen_si_write.si_transactor_aw/gen_multi_thread.arbiter_resp_inst_n_11
    SLICE_X38Y108        FDRE                                         r  RevisionDesign_i/ps7_0_axi_periph/xbar/inst/gen_samd.crossbar_samd/gen_slave_slots[0].gen_si_write.si_transactor_aw/gen_multi_thread.active_cnt_reg[48]/CE
  -------------------------------------------------------------------    -------------------

                         (clock clk_fpga_0 rise edge)
                                                     20.000    20.000 r  
    PS7_X0Y0             PS7                          0.000    20.000 r  RevisionDesign_i/processing_system7_0/inst/PS7_i/FCLKCLK[0]
                         net (fo=1, routed)           1.088    21.088    RevisionDesign_i/processing_system7_0/inst/FCLK_CLK_unbuffered[0]
    BUFGCTRL_X0Y16       BUFG (Prop_bufg_I_O)         0.091    21.179 r  RevisionDesign_i/processing_system7_0/inst/buffer_fclk_clk_0.FCLK_CLK_0_BUFG/O
                         net (fo=2150, routed)        1.652    22.831    RevisionDesign_i/ps7_0_axi_periph/xbar/inst/gen_samd.crossbar_samd/gen_slave_slots[0].gen_si_write.si_transactor_aw/aclk
    SLICE_X38Y108        FDRE                                         r  RevisionDesign_i/ps7_0_axi_periph/xbar/inst/gen_samd.crossbar_samd/gen_slave_slots[0].gen_si_write.si_transactor_aw/gen_multi_thread.active_cnt_reg[48]/C
                         clock pessimism              0.129    22.960    
                         clock uncertainty           -0.302    22.658    
    SLICE_X38Y108        FDRE (Setup_fdre_C_CE)      -0.169    22.489    RevisionDesign_i/ps7_0_axi_periph/xbar/inst/gen_samd.crossbar_samd/gen_slave_slots[0].gen_si_write.si_transactor_aw/gen_multi_thread.active_cnt_reg[48]
  -------------------------------------------------------------------
                         required time                         22.489    
                         arrival time                         -12.112    
  -------------------------------------------------------------------
                         slack                                 10.377    





Min Delay Paths
--------------------------------------------------------------------------------------
Slack (MET) :             0.044ns  (arrival time - required time)
  Source:                 RevisionDesign_i/ps7_0_axi_periph/m00_couplers/auto_pc/inst/gen_axilite.gen_b2s_conv.axilite_b2s/RD.r_channel_0/r_arid_r_reg[4]/C
                            (rising edge-triggered cell FDRE clocked by clk_fpga_0  {rise@0.000ns fall@10.000ns period=20.000ns})
  Destination:            RevisionDesign_i/ps7_0_axi_periph/m00_couplers/auto_pc/inst/gen_axilite.gen_b2s_conv.axilite_b2s/RD.r_channel_0/transaction_fifo_0/memory_reg[31][5]_srl32/D
                            (rising edge-triggered cell SRLC32E clocked by clk_fpga_0  {rise@0.000ns fall@10.000ns period=20.000ns})
  Path Group:             clk_fpga_0
  Path Type:              Hold (Min at Fast Process Corner)
  Requirement:            0.000ns  (clk_fpga_0 rise@0.000ns - clk_fpga_0 rise@0.000ns)
  Data Path Delay:        0.243ns  (logic 0.141ns (58.024%)  route 0.102ns (41.976%))
  Logic Levels:           0  
  Clock Path Skew:        0.016ns (DCD - SCD - CPR)
    Destination Clock Delay (DCD):    1.189ns
    Source Clock Delay      (SCD):    0.891ns
    Clock Pessimism Removal (CPR):    0.282ns

    Location             Delay type                Incr(ns)  Path(ns)    Netlist Resource(s)
  -------------------------------------------------------------------    -------------------
                         (clock clk_fpga_0 rise edge)
                                                      0.000     0.000 r  
    PS7_X0Y0             PS7                          0.000     0.000 r  RevisionDesign_i/processing_system7_0/inst/PS7_i/FCLKCLK[0]
                         net (fo=1, routed)           0.310     0.310    RevisionDesign_i/processing_system7_0/inst/FCLK_CLK_unbuffered[0]
    BUFGCTRL_X0Y16       BUFG (Prop_bufg_I_O)         0.026     0.336 r  RevisionDesign_i/processing_system7_0/inst/buffer_fclk_clk_0.FCLK_CLK_0_BUFG/O
                         net (fo=2150, routed)        0.555     0.891    RevisionDesign_i/ps7_0_axi_periph/m00_couplers/auto_pc/inst/gen_axilite.gen_b2s_conv.axilite_b2s/RD.r_channel_0/aclk
    SLICE_X37Y92         FDRE                                         r  RevisionDesign_i/ps7_0_axi_periph/m00_couplers/auto_pc/inst/gen_axilite.gen_b2s_conv.axilite_b2s/RD.r_channel_0/r_arid_r_reg[4]/C
  -------------------------------------------------------------------    -------------------
    SLICE_X37Y92         FDRE (Prop_fdre_C_Q)         0.141     1.032 r  RevisionDesign_i/ps7_0_axi_periph/m00_couplers/auto_pc/inst/gen_axilite.gen_b2s_conv.axilite_b2s/RD.r_channel_0/r_arid_r_reg[4]/Q
                         net (fo=1, routed)           0.102     1.134    RevisionDesign_i/ps7_0_axi_periph/m00_couplers/auto_pc/inst/gen_axilite.gen_b2s_conv.axilite_b2s/RD.r_channel_0/transaction_fifo_0/in[5]
    SLICE_X38Y92         SRLC32E                                      r  RevisionDesign_i/ps7_0_axi_periph/m00_couplers/auto_pc/inst/gen_axilite.gen_b2s_conv.axilite_b2s/RD.r_channel_0/transaction_fifo_0/memory_reg[31][5]_srl32/D
  -------------------------------------------------------------------    -------------------

                         (clock clk_fpga_0 rise edge)
                                                      0.000     0.000 r  
    PS7_X0Y0             PS7                          0.000     0.000 r  RevisionDesign_i/processing_system7_0/inst/PS7_i/FCLKCLK[0]
                         net (fo=1, routed)           0.337     0.337    RevisionDesign_i/processing_system7_0/inst/FCLK_CLK_unbuffered[0]
    BUFGCTRL_X0Y16       BUFG (Prop_bufg_I_O)         0.029     0.366 r  RevisionDesign_i/processing_system7_0/inst/buffer_fclk_clk_0.FCLK_CLK_0_BUFG/O
                         net (fo=2150, routed)        0.823     1.189    RevisionDesign_i/ps7_0_axi_periph/m00_couplers/auto_pc/inst/gen_axilite.gen_b2s_conv.axilite_b2s/RD.r_channel_0/transaction_fifo_0/aclk
    SLICE_X38Y92         SRLC32E                                      r  RevisionDesign_i/ps7_0_axi_periph/m00_couplers/auto_pc/inst/gen_axilite.gen_b2s_conv.axilite_b2s/RD.r_channel_0/transaction_fifo_0/memory_reg[31][5]_srl32/CLK
                         clock pessimism             -0.282     0.907    
    SLICE_X38Y92         SRLC32E (Hold_srlc32e_CLK_D)
                                                      0.183     1.090    RevisionDesign_i/ps7_0_axi_periph/m00_couplers/auto_pc/inst/gen_axilite.gen_b2s_conv.axilite_b2s/RD.r_channel_0/transaction_fifo_0/memory_reg[31][5]_srl32
  -------------------------------------------------------------------
                         required time                         -1.090    
                         arrival time                           1.134    
  -------------------------------------------------------------------
                         slack                                  0.044    

Slack (MET) :             0.061ns  (arrival time - required time)
  Source:                 RevisionDesign_i/axi_reram_0/inst/S00_AXI_inst/axi_rdata_reg[6]/C
                            (rising edge-triggered cell FDRE clocked by clk_fpga_0  {rise@0.000ns fall@10.000ns period=20.000ns})
  Destination:            RevisionDesign_i/ps7_0_axi_periph/m00_couplers/auto_pc/inst/gen_axilite.gen_b2s_conv.axilite_b2s/RD.r_channel_0/rd_data_fifo_0/memory_reg[31][6]_srl32/D
                            (rising edge-triggered cell SRLC32E clocked by clk_fpga_0  {rise@0.000ns fall@10.000ns period=20.000ns})
  Path Group:             clk_fpga_0
  Path Type:              Hold (Min at Fast Process Corner)
  Requirement:            0.000ns  (clk_fpga_0 rise@0.000ns - clk_fpga_0 rise@0.000ns)
  Data Path Delay:        0.257ns  (logic 0.141ns (54.828%)  route 0.116ns (45.172%))
  Logic Levels:           0  
  Clock Path Skew:        0.013ns (DCD - SCD - CPR)
    Destination Clock Delay (DCD):    1.208ns
    Source Clock Delay      (SCD):    0.910ns
    Clock Pessimism Removal (CPR):    0.285ns

    Location             Delay type                Incr(ns)  Path(ns)    Netlist Resource(s)
  -------------------------------------------------------------------    -------------------
                         (clock clk_fpga_0 rise edge)
                                                      0.000     0.000 r  
    PS7_X0Y0             PS7                          0.000     0.000 r  RevisionDesign_i/processing_system7_0/inst/PS7_i/FCLKCLK[0]
                         net (fo=1, routed)           0.310     0.310    RevisionDesign_i/processing_system7_0/inst/FCLK_CLK_unbuffered[0]
    BUFGCTRL_X0Y16       BUFG (Prop_bufg_I_O)         0.026     0.336 r  RevisionDesign_i/processing_system7_0/inst/buffer_fclk_clk_0.FCLK_CLK_0_BUFG/O
                         net (fo=2150, routed)        0.574     0.910    RevisionDesign_i/axi_reram_0/inst/S00_AXI_inst/s00_axi_aclk
    SLICE_X31Y89         FDRE                                         r  RevisionDesign_i/axi_reram_0/inst/S00_AXI_inst/axi_rdata_reg[6]/C
  -------------------------------------------------------------------    -------------------
    SLICE_X31Y89         FDRE (Prop_fdre_C_Q)         0.141     1.051 r  RevisionDesign_i/axi_reram_0/inst/S00_AXI_inst/axi_rdata_reg[6]/Q
                         net (fo=1, routed)           0.116     1.167    RevisionDesign_i/ps7_0_axi_periph/m00_couplers/auto_pc/inst/gen_axilite.gen_b2s_conv.axilite_b2s/RD.r_channel_0/rd_data_fifo_0/in[6]
    SLICE_X30Y89         SRLC32E                                      r  RevisionDesign_i/ps7_0_axi_periph/m00_couplers/auto_pc/inst/gen_axilite.gen_b2s_conv.axilite_b2s/RD.r_channel_0/rd_data_fifo_0/memory_reg[31][6]_srl32/D
  -------------------------------------------------------------------    -------------------

                         (clock clk_fpga_0 rise edge)
                                                      0.000     0.000 r  
    PS7_X0Y0             PS7                          0.000     0.000 r  RevisionDesign_i/processing_system7_0/inst/PS7_i/FCLKCLK[0]
                         net (fo=1, routed)           0.337     0.337    RevisionDesign_i/processing_system7_0/inst/FCLK_CLK_unbuffered[0]
    BUFGCTRL_X0Y16       BUFG (Prop_bufg_I_O)         0.029     0.366 r  RevisionDesign_i/processing_system7_0/inst/buffer_fclk_clk_0.FCLK_CLK_0_BUFG/O
                         net (fo=2150, routed)        0.842     1.208    RevisionDesign_i/ps7_0_axi_periph/m00_couplers/auto_pc/inst/gen_axilite.gen_b2s_conv.axilite_b2s/RD.r_channel_0/rd_data_fifo_0/aclk
    SLICE_X30Y89         SRLC32E                                      r  RevisionDesign_i/ps7_0_axi_periph/m00_couplers/auto_pc/inst/gen_axilite.gen_b2s_conv.axilite_b2s/RD.r_channel_0/rd_data_fifo_0/memory_reg[31][6]_srl32/CLK
                         clock pessimism             -0.285     0.923    
    SLICE_X30Y89         SRLC32E (Hold_srlc32e_CLK_D)
                                                      0.183     1.106    RevisionDesign_i/ps7_0_axi_periph/m00_couplers/auto_pc/inst/gen_axilite.gen_b2s_conv.axilite_b2s/RD.r_channel_0/rd_data_fifo_0/memory_reg[31][6]_srl32
  -------------------------------------------------------------------
                         required time                         -1.106    
                         arrival time                           1.167    
  -------------------------------------------------------------------
                         slack                                  0.061    

Slack (MET) :             0.084ns  (arrival time - required time)
  Source:                 RevisionDesign_i/axi_reram_0/inst/S00_AXI_inst/axi_rdata_reg[9]/C
                            (rising edge-triggered cell FDRE clocked by clk_fpga_0  {rise@0.000ns fall@10.000ns period=20.000ns})
  Destination:            RevisionDesign_i/ps7_0_axi_periph/m00_couplers/auto_pc/inst/gen_axilite.gen_b2s_conv.axilite_b2s/RD.r_channel_0/rd_data_fifo_0/memory_reg[31][9]_srl32/D
                            (rising edge-triggered cell SRLC32E clocked by clk_fpga_0  {rise@0.000ns fall@10.000ns period=20.000ns})
  Path Group:             clk_fpga_0
  Path Type:              Hold (Min at Fast Process Corner)
  Requirement:            0.000ns  (clk_fpga_0 rise@0.000ns - clk_fpga_0 rise@0.000ns)
  Data Path Delay:        0.304ns  (logic 0.141ns (46.424%)  route 0.163ns (53.576%))
  Logic Levels:           0  
  Clock Path Skew:        0.037ns (DCD - SCD - CPR)
    Destination Clock Delay (DCD):    1.210ns
    Source Clock Delay      (SCD):    0.909ns
    Clock Pessimism Removal (CPR):    0.264ns

    Location             Delay type                Incr(ns)  Path(ns)    Netlist Resource(s)
  -------------------------------------------------------------------    -------------------
                         (clock clk_fpga_0 rise edge)
                                                      0.000     0.000 r  
    PS7_X0Y0             PS7                          0.000     0.000 r  RevisionDesign_i/processing_system7_0/inst/PS7_i/FCLKCLK[0]
                         net (fo=1, routed)           0.310     0.310    RevisionDesign_i/processing_system7_0/inst/FCLK_CLK_unbuffered[0]
    BUFGCTRL_X0Y16       BUFG (Prop_bufg_I_O)         0.026     0.336 r  RevisionDesign_i/processing_system7_0/inst/buffer_fclk_clk_0.FCLK_CLK_0_BUFG/O
                         net (fo=2150, routed)        0.573     0.909    RevisionDesign_i/axi_reram_0/inst/S00_AXI_inst/s00_axi_aclk
    SLICE_X27Y93         FDRE                                         r  RevisionDesign_i/axi_reram_0/inst/S00_AXI_inst/axi_rdata_reg[9]/C
  -------------------------------------------------------------------    -------------------
    SLICE_X27Y93         FDRE (Prop_fdre_C_Q)         0.141     1.050 r  RevisionDesign_i/axi_reram_0/inst/S00_AXI_inst/axi_rdata_reg[9]/Q
                         net (fo=1, routed)           0.163     1.212    RevisionDesign_i/ps7_0_axi_periph/m00_couplers/auto_pc/inst/gen_axilite.gen_b2s_conv.axilite_b2s/RD.r_channel_0/rd_data_fifo_0/in[9]
    SLICE_X30Y93         SRLC32E                                      r  RevisionDesign_i/ps7_0_axi_periph/m00_couplers/auto_pc/inst/gen_axilite.gen_b2s_conv.axilite_b2s/RD.r_channel_0/rd_data_fifo_0/memory_reg[31][9]_srl32/D
  -------------------------------------------------------------------    -------------------

                         (clock clk_fpga_0 rise edge)
                                                      0.000     0.000 r  
    PS7_X0Y0             PS7                          0.000     0.000 r  RevisionDesign_i/processing_system7_0/inst/PS7_i/FCLKCLK[0]
                         net (fo=1, routed)           0.337     0.337    RevisionDesign_i/processing_system7_0/inst/FCLK_CLK_unbuffered[0]
    BUFGCTRL_X0Y16       BUFG (Prop_bufg_I_O)         0.029     0.366 r  RevisionDesign_i/processing_system7_0/inst/buffer_fclk_clk_0.FCLK_CLK_0_BUFG/O
                         net (fo=2150, routed)        0.844     1.210    RevisionDesign_i/ps7_0_axi_periph/m00_couplers/auto_pc/inst/gen_axilite.gen_b2s_conv.axilite_b2s/RD.r_channel_0/rd_data_fifo_0/aclk
    SLICE_X30Y93         SRLC32E                                      r  RevisionDesign_i/ps7_0_axi_periph/m00_couplers/auto_pc/inst/gen_axilite.gen_b2s_conv.axilite_b2s/RD.r_channel_0/rd_data_fifo_0/memory_reg[31][9]_srl32/CLK
                         clock pessimism             -0.264     0.946    
    SLICE_X30Y93         SRLC32E (Hold_srlc32e_CLK_D)
                                                      0.183     1.129    RevisionDesign_i/ps7_0_axi_periph/m00_couplers/auto_pc/inst/gen_axilite.gen_b2s_conv.axilite_b2s/RD.r_channel_0/rd_data_fifo_0/memory_reg[31][9]_srl32
  -------------------------------------------------------------------
                         required time                         -1.129    
                         arrival time                           1.212    
  -------------------------------------------------------------------
                         slack                                  0.084    

Slack (MET) :             0.095ns  (arrival time - required time)
  Source:                 RevisionDesign_i/ps7_0_axi_periph/m00_couplers/auto_pc/inst/gen_axilite.gen_b2s_conv.axilite_b2s/SI_REG/aw.aw_pipe/m_payload_i_reg[44]/C
                            (rising edge-triggered cell FDRE clocked by clk_fpga_0  {rise@0.000ns fall@10.000ns period=20.000ns})
  Destination:            RevisionDesign_i/ps7_0_axi_periph/m00_couplers/auto_pc/inst/gen_axilite.gen_b2s_conv.axilite_b2s/WR.aw_channel_0/cmd_translator_0/wrap_cmd_0/wrap_boundary_axaddr_r_reg[1]/D
                            (rising edge-triggered cell FDRE clocked by clk_fpga_0  {rise@0.000ns fall@10.000ns period=20.000ns})
  Path Group:             clk_fpga_0
  Path Type:              Hold (Min at Fast Process Corner)
  Requirement:            0.000ns  (clk_fpga_0 rise@0.000ns - clk_fpga_0 rise@0.000ns)
  Data Path Delay:        0.368ns  (logic 0.186ns (50.604%)  route 0.182ns (49.396%))
  Logic Levels:           1  (LUT5=1)
  Clock Path Skew:        0.181ns (DCD - SCD - CPR)
    Destination Clock Delay (DCD):    1.191ns
    Source Clock Delay      (SCD):    0.975ns
    Clock Pessimism Removal (CPR):    0.035ns

    Location             Delay type                Incr(ns)  Path(ns)    Netlist Resource(s)
  -------------------------------------------------------------------    -------------------
                         (clock clk_fpga_0 rise edge)
                                                      0.000     0.000 r  
    PS7_X0Y0             PS7                          0.000     0.000 r  RevisionDesign_i/processing_system7_0/inst/PS7_i/FCLKCLK[0]
                         net (fo=1, routed)           0.310     0.310    RevisionDesign_i/processing_system7_0/inst/FCLK_CLK_unbuffered[0]
    BUFGCTRL_X0Y16       BUFG (Prop_bufg_I_O)         0.026     0.336 r  RevisionDesign_i/processing_system7_0/inst/buffer_fclk_clk_0.FCLK_CLK_0_BUFG/O
                         net (fo=2150, routed)        0.639     0.975    RevisionDesign_i/ps7_0_axi_periph/m00_couplers/auto_pc/inst/gen_axilite.gen_b2s_conv.axilite_b2s/SI_REG/aw.aw_pipe/aclk
    SLICE_X44Y100        FDRE                                         r  RevisionDesign_i/ps7_0_axi_periph/m00_couplers/auto_pc/inst/gen_axilite.gen_b2s_conv.axilite_b2s/SI_REG/aw.aw_pipe/m_payload_i_reg[44]/C
  -------------------------------------------------------------------    -------------------
    SLICE_X44Y100        FDRE (Prop_fdre_C_Q)         0.141     1.116 f  RevisionDesign_i/ps7_0_axi_periph/m00_couplers/auto_pc/inst/gen_axilite.gen_b2s_conv.axilite_b2s/SI_REG/aw.aw_pipe/m_payload_i_reg[44]/Q
                         net (fo=9, routed)           0.182     1.298    RevisionDesign_i/ps7_0_axi_periph/m00_couplers/auto_pc/inst/gen_axilite.gen_b2s_conv.axilite_b2s/SI_REG/aw.aw_pipe/Q[39]
    SLICE_X43Y99         LUT5 (Prop_lut5_I2_O)        0.045     1.343 r  RevisionDesign_i/ps7_0_axi_periph/m00_couplers/auto_pc/inst/gen_axilite.gen_b2s_conv.axilite_b2s/SI_REG/aw.aw_pipe/wrap_boundary_axaddr_r[1]_i_1/O
                         net (fo=1, routed)           0.000     1.343    RevisionDesign_i/ps7_0_axi_periph/m00_couplers/auto_pc/inst/gen_axilite.gen_b2s_conv.axilite_b2s/WR.aw_channel_0/cmd_translator_0/wrap_cmd_0/m_payload_i_reg[6][1]
    SLICE_X43Y99         FDRE                                         r  RevisionDesign_i/ps7_0_axi_periph/m00_couplers/auto_pc/inst/gen_axilite.gen_b2s_conv.axilite_b2s/WR.aw_channel_0/cmd_translator_0/wrap_cmd_0/wrap_boundary_axaddr_r_reg[1]/D
  -------------------------------------------------------------------    -------------------

                         (clock clk_fpga_0 rise edge)
                                                      0.000     0.000 r  
    PS7_X0Y0             PS7                          0.000     0.000 r  RevisionDesign_i/processing_system7_0/inst/PS7_i/FCLKCLK[0]
                         net (fo=1, routed)           0.337     0.337    RevisionDesign_i/processing_system7_0/inst/FCLK_CLK_unbuffered[0]
    BUFGCTRL_X0Y16       BUFG (Prop_bufg_I_O)         0.029     0.366 r  RevisionDesign_i/processing_system7_0/inst/buffer_fclk_clk_0.FCLK_CLK_0_BUFG/O
                         net (fo=2150, routed)        0.825     1.191    RevisionDesign_i/ps7_0_axi_periph/m00_couplers/auto_pc/inst/gen_axilite.gen_b2s_conv.axilite_b2s/WR.aw_channel_0/cmd_translator_0/wrap_cmd_0/aclk
    SLICE_X43Y99         FDRE                                         r  RevisionDesign_i/ps7_0_axi_periph/m00_couplers/auto_pc/inst/gen_axilite.gen_b2s_conv.axilite_b2s/WR.aw_channel_0/cmd_translator_0/wrap_cmd_0/wrap_boundary_axaddr_r_reg[1]/C
                         clock pessimism             -0.035     1.156    
    SLICE_X43Y99         FDRE (Hold_fdre_C_D)         0.092     1.248    RevisionDesign_i/ps7_0_axi_periph/m00_couplers/auto_pc/inst/gen_axilite.gen_b2s_conv.axilite_b2s/WR.aw_channel_0/cmd_translator_0/wrap_cmd_0/wrap_boundary_axaddr_r_reg[1]
  -------------------------------------------------------------------
                         required time                         -1.248    
                         arrival time                           1.343    
  -------------------------------------------------------------------
                         slack                                  0.095    

Slack (MET) :             0.101ns  (arrival time - required time)
  Source:                 RevisionDesign_i/axi_reram_0/inst/S00_AXI_inst/axi_rdata_reg[19]/C
                            (rising edge-triggered cell FDRE clocked by clk_fpga_0  {rise@0.000ns fall@10.000ns period=20.000ns})
  Destination:            RevisionDesign_i/ps7_0_axi_periph/m00_couplers/auto_pc/inst/gen_axilite.gen_b2s_conv.axilite_b2s/RD.r_channel_0/rd_data_fifo_0/memory_reg[31][19]_srl32/D
                            (rising edge-triggered cell SRLC32E clocked by clk_fpga_0  {rise@0.000ns fall@10.000ns period=20.000ns})
  Path Group:             clk_fpga_0
  Path Type:              Hold (Min at Fast Process Corner)
  Requirement:            0.000ns  (clk_fpga_0 rise@0.000ns - clk_fpga_0 rise@0.000ns)
  Data Path Delay:        0.300ns  (logic 0.141ns (47.019%)  route 0.159ns (52.981%))
  Logic Levels:           0  
  Clock Path Skew:        0.016ns (DCD - SCD - CPR)
    Destination Clock Delay (DCD):    1.210ns
    Source Clock Delay      (SCD):    0.912ns
    Clock Pessimism Removal (CPR):    0.282ns

    Location             Delay type                Incr(ns)  Path(ns)    Netlist Resource(s)
  -------------------------------------------------------------------    -------------------
                         (clock clk_fpga_0 rise edge)
                                                      0.000     0.000 r  
    PS7_X0Y0             PS7                          0.000     0.000 r  RevisionDesign_i/processing_system7_0/inst/PS7_i/FCLKCLK[0]
                         net (fo=1, routed)           0.310     0.310    RevisionDesign_i/processing_system7_0/inst/FCLK_CLK_unbuffered[0]
    BUFGCTRL_X0Y16       BUFG (Prop_bufg_I_O)         0.026     0.336 r  RevisionDesign_i/processing_system7_0/inst/buffer_fclk_clk_0.FCLK_CLK_0_BUFG/O
                         net (fo=2150, routed)        0.576     0.912    RevisionDesign_i/axi_reram_0/inst/S00_AXI_inst/s00_axi_aclk
    SLICE_X29Y96         FDRE                                         r  RevisionDesign_i/axi_reram_0/inst/S00_AXI_inst/axi_rdata_reg[19]/C
  -------------------------------------------------------------------    -------------------
    SLICE_X29Y96         FDRE (Prop_fdre_C_Q)         0.141     1.053 r  RevisionDesign_i/axi_reram_0/inst/S00_AXI_inst/axi_rdata_reg[19]/Q
                         net (fo=1, routed)           0.159     1.211    RevisionDesign_i/ps7_0_axi_periph/m00_couplers/auto_pc/inst/gen_axilite.gen_b2s_conv.axilite_b2s/RD.r_channel_0/rd_data_fifo_0/in[19]
    SLICE_X30Y95         SRLC32E                                      r  RevisionDesign_i/ps7_0_axi_periph/m00_couplers/auto_pc/inst/gen_axilite.gen_b2s_conv.axilite_b2s/RD.r_channel_0/rd_data_fifo_0/memory_reg[31][19]_srl32/D
  -------------------------------------------------------------------    -------------------

                         (clock clk_fpga_0 rise edge)
                                                      0.000     0.000 r  
    PS7_X0Y0             PS7                          0.000     0.000 r  RevisionDesign_i/processing_system7_0/inst/PS7_i/FCLKCLK[0]
                         net (fo=1, routed)           0.337     0.337    RevisionDesign_i/processing_system7_0/inst/FCLK_CLK_unbuffered[0]
    BUFGCTRL_X0Y16       BUFG (Prop_bufg_I_O)         0.029     0.366 r  RevisionDesign_i/processing_system7_0/inst/buffer_fclk_clk_0.FCLK_CLK_0_BUFG/O
                         net (fo=2150, routed)        0.844     1.210    RevisionDesign_i/ps7_0_axi_periph/m00_couplers/auto_pc/inst/gen_axilite.gen_b2s_conv.axilite_b2s/RD.r_channel_0/rd_data_fifo_0/aclk
    SLICE_X30Y95         SRLC32E                                      r  RevisionDesign_i/ps7_0_axi_periph/m00_couplers/auto_pc/inst/gen_axilite.gen_b2s_conv.axilite_b2s/RD.r_channel_0/rd_data_fifo_0/memory_reg[31][19]_srl32/CLK
                         clock pessimism             -0.282     0.928    
    SLICE_X30Y95         SRLC32E (Hold_srlc32e_CLK_D)
                                                      0.183     1.111    RevisionDesign_i/ps7_0_axi_periph/m00_couplers/auto_pc/inst/gen_axilite.gen_b2s_conv.axilite_b2s/RD.r_channel_0/rd_data_fifo_0/memory_reg[31][19]_srl32
  -------------------------------------------------------------------
                         required time                         -1.111    
                         arrival time                           1.211    
  -------------------------------------------------------------------
                         slack                                  0.101    

Slack (MET) :             0.104ns  (arrival time - required time)
  Source:                 RevisionDesign_i/ps7_0_axi_periph/m00_couplers/auto_pc/inst/gen_axilite.gen_b2s_conv.axilite_b2s/SI_REG/ar.ar_pipe/aresetn_d_reg[1]_inv/C
                            (rising edge-triggered cell FDRE clocked by clk_fpga_0  {rise@0.000ns fall@10.000ns period=20.000ns})
  Destination:            RevisionDesign_i/ps7_0_axi_periph/m00_couplers/auto_pc/inst/gen_axilite.gen_b2s_conv.axilite_b2s/SI_REG/b.b_pipe/m_valid_i_reg/R
                            (rising edge-triggered cell FDRE clocked by clk_fpga_0  {rise@0.000ns fall@10.000ns period=20.000ns})
  Path Group:             clk_fpga_0
  Path Type:              Hold (Min at Fast Process Corner)
  Requirement:            0.000ns  (clk_fpga_0 rise@0.000ns - clk_fpga_0 rise@0.000ns)
  Data Path Delay:        0.436ns  (logic 0.164ns (37.612%)  route 0.272ns (62.388%))
  Logic Levels:           0  
  Clock Path Skew:        0.350ns (DCD - SCD - CPR)
    Destination Clock Delay (DCD):    1.277ns
    Source Clock Delay      (SCD):    0.892ns
    Clock Pessimism Removal (CPR):    0.035ns

    Location             Delay type                Incr(ns)  Path(ns)    Netlist Resource(s)
  -------------------------------------------------------------------    -------------------
                         (clock clk_fpga_0 rise edge)
                                                      0.000     0.000 r  
    PS7_X0Y0             PS7                          0.000     0.000 r  RevisionDesign_i/processing_system7_0/inst/PS7_i/FCLKCLK[0]
                         net (fo=1, routed)           0.310     0.310    RevisionDesign_i/processing_system7_0/inst/FCLK_CLK_unbuffered[0]
    BUFGCTRL_X0Y16       BUFG (Prop_bufg_I_O)         0.026     0.336 r  RevisionDesign_i/processing_system7_0/inst/buffer_fclk_clk_0.FCLK_CLK_0_BUFG/O
                         net (fo=2150, routed)        0.556     0.892    RevisionDesign_i/ps7_0_axi_periph/m00_couplers/auto_pc/inst/gen_axilite.gen_b2s_conv.axilite_b2s/SI_REG/ar.ar_pipe/aclk
    SLICE_X42Y96         FDRE                                         r  RevisionDesign_i/ps7_0_axi_periph/m00_couplers/auto_pc/inst/gen_axilite.gen_b2s_conv.axilite_b2s/SI_REG/ar.ar_pipe/aresetn_d_reg[1]_inv/C
  -------------------------------------------------------------------    -------------------
    SLICE_X42Y96         FDRE (Prop_fdre_C_Q)         0.164     1.056 r  RevisionDesign_i/ps7_0_axi_periph/m00_couplers/auto_pc/inst/gen_axilite.gen_b2s_conv.axilite_b2s/SI_REG/ar.ar_pipe/aresetn_d_reg[1]_inv/Q
                         net (fo=4, routed)           0.272     1.328    RevisionDesign_i/ps7_0_axi_periph/m00_couplers/auto_pc/inst/gen_axilite.gen_b2s_conv.axilite_b2s/SI_REG/b.b_pipe/aresetn_d_reg[1]_inv
    SLICE_X40Y100        FDRE                                         r  RevisionDesign_i/ps7_0_axi_periph/m00_couplers/auto_pc/inst/gen_axilite.gen_b2s_conv.axilite_b2s/SI_REG/b.b_pipe/m_valid_i_reg/R
  -------------------------------------------------------------------    -------------------

                         (clock clk_fpga_0 rise edge)
                                                      0.000     0.000 r  
    PS7_X0Y0             PS7                          0.000     0.000 r  RevisionDesign_i/processing_system7_0/inst/PS7_i/FCLKCLK[0]
                         net (fo=1, routed)           0.337     0.337    RevisionDesign_i/processing_system7_0/inst/FCLK_CLK_unbuffered[0]
    BUFGCTRL_X0Y16       BUFG (Prop_bufg_I_O)         0.029     0.366 r  RevisionDesign_i/processing_system7_0/inst/buffer_fclk_clk_0.FCLK_CLK_0_BUFG/O
                         net (fo=2150, routed)        0.911     1.277    RevisionDesign_i/ps7_0_axi_periph/m00_couplers/auto_pc/inst/gen_axilite.gen_b2s_conv.axilite_b2s/SI_REG/b.b_pipe/aclk
    SLICE_X40Y100        FDRE                                         r  RevisionDesign_i/ps7_0_axi_periph/m00_couplers/auto_pc/inst/gen_axilite.gen_b2s_conv.axilite_b2s/SI_REG/b.b_pipe/m_valid_i_reg/C
                         clock pessimism             -0.035     1.242    
    SLICE_X40Y100        FDRE (Hold_fdre_C_R)        -0.018     1.224    RevisionDesign_i/ps7_0_axi_periph/m00_couplers/auto_pc/inst/gen_axilite.gen_b2s_conv.axilite_b2s/SI_REG/b.b_pipe/m_valid_i_reg
  -------------------------------------------------------------------
                         required time                         -1.224    
                         arrival time                           1.328    
  -------------------------------------------------------------------
                         slack                                  0.104    

Slack (MET) :             0.107ns  (arrival time - required time)
  Source:                 RevisionDesign_i/axi_reram_0/inst/S00_AXI_inst/axi_rdata_reg[30]/C
                            (rising edge-triggered cell FDRE clocked by clk_fpga_0  {rise@0.000ns fall@10.000ns period=20.000ns})
  Destination:            RevisionDesign_i/ps7_0_axi_periph/m00_couplers/auto_pc/inst/gen_axilite.gen_b2s_conv.axilite_b2s/RD.r_channel_0/rd_data_fifo_0/memory_reg[31][30]_srl32/D
                            (rising edge-triggered cell SRLC32E clocked by clk_fpga_0  {rise@0.000ns fall@10.000ns period=20.000ns})
  Path Group:             clk_fpga_0
  Path Type:              Hold (Min at Fast Process Corner)
  Requirement:            0.000ns  (clk_fpga_0 rise@0.000ns - clk_fpga_0 rise@0.000ns)
  Data Path Delay:        0.327ns  (logic 0.164ns (50.196%)  route 0.163ns (49.804%))
  Logic Levels:           0  
  Clock Path Skew:        0.037ns (DCD - SCD - CPR)
    Destination Clock Delay (DCD):    1.211ns
    Source Clock Delay      (SCD):    0.910ns
    Clock Pessimism Removal (CPR):    0.264ns

    Location             Delay type                Incr(ns)  Path(ns)    Netlist Resource(s)
  -------------------------------------------------------------------    -------------------
                         (clock clk_fpga_0 rise edge)
                                                      0.000     0.000 r  
    PS7_X0Y0             PS7                          0.000     0.000 r  RevisionDesign_i/processing_system7_0/inst/PS7_i/FCLKCLK[0]
                         net (fo=1, routed)           0.310     0.310    RevisionDesign_i/processing_system7_0/inst/FCLK_CLK_unbuffered[0]
    BUFGCTRL_X0Y16       BUFG (Prop_bufg_I_O)         0.026     0.336 r  RevisionDesign_i/processing_system7_0/inst/buffer_fclk_clk_0.FCLK_CLK_0_BUFG/O
                         net (fo=2150, routed)        0.574     0.910    RevisionDesign_i/axi_reram_0/inst/S00_AXI_inst/s00_axi_aclk
    SLICE_X26Y98         FDRE                                         r  RevisionDesign_i/axi_reram_0/inst/S00_AXI_inst/axi_rdata_reg[30]/C
  -------------------------------------------------------------------    -------------------
    SLICE_X26Y98         FDRE (Prop_fdre_C_Q)         0.164     1.074 r  RevisionDesign_i/axi_reram_0/inst/S00_AXI_inst/axi_rdata_reg[30]/Q
                         net (fo=1, routed)           0.163     1.236    RevisionDesign_i/ps7_0_axi_periph/m00_couplers/auto_pc/inst/gen_axilite.gen_b2s_conv.axilite_b2s/RD.r_channel_0/rd_data_fifo_0/in[30]
    SLICE_X30Y98         SRLC32E                                      r  RevisionDesign_i/ps7_0_axi_periph/m00_couplers/auto_pc/inst/gen_axilite.gen_b2s_conv.axilite_b2s/RD.r_channel_0/rd_data_fifo_0/memory_reg[31][30]_srl32/D
  -------------------------------------------------------------------    -------------------

                         (clock clk_fpga_0 rise edge)
                                                      0.000     0.000 r  
    PS7_X0Y0             PS7                          0.000     0.000 r  RevisionDesign_i/processing_system7_0/inst/PS7_i/FCLKCLK[0]
                         net (fo=1, routed)           0.337     0.337    RevisionDesign_i/processing_system7_0/inst/FCLK_CLK_unbuffered[0]
    BUFGCTRL_X0Y16       BUFG (Prop_bufg_I_O)         0.029     0.366 r  RevisionDesign_i/processing_system7_0/inst/buffer_fclk_clk_0.FCLK_CLK_0_BUFG/O
                         net (fo=2150, routed)        0.845     1.211    RevisionDesign_i/ps7_0_axi_periph/m00_couplers/auto_pc/inst/gen_axilite.gen_b2s_conv.axilite_b2s/RD.r_channel_0/rd_data_fifo_0/aclk
    SLICE_X30Y98         SRLC32E                                      r  RevisionDesign_i/ps7_0_axi_periph/m00_couplers/auto_pc/inst/gen_axilite.gen_b2s_conv.axilite_b2s/RD.r_channel_0/rd_data_fifo_0/memory_reg[31][30]_srl32/CLK
                         clock pessimism             -0.264     0.947    
    SLICE_X30Y98         SRLC32E (Hold_srlc32e_CLK_D)
                                                      0.183     1.130    RevisionDesign_i/ps7_0_axi_periph/m00_couplers/auto_pc/inst/gen_axilite.gen_b2s_conv.axilite_b2s/RD.r_channel_0/rd_data_fifo_0/memory_reg[31][30]_srl32
  -------------------------------------------------------------------
                         required time                         -1.130    
                         arrival time                           1.236    
  -------------------------------------------------------------------
                         slack                                  0.107    

Slack (MET) :             0.107ns  (arrival time - required time)
  Source:                 RevisionDesign_i/axi_reram_0/inst/S00_AXI_inst/slv_reg3_reg[31]/C
                            (rising edge-triggered cell FDRE clocked by clk_fpga_0  {rise@0.000ns fall@10.000ns period=20.000ns})
  Destination:            RevisionDesign_i/axi_reram_0/inst/S00_AXI_inst/axi_rdata_reg[31]/D
                            (rising edge-triggered cell FDRE clocked by clk_fpga_0  {rise@0.000ns fall@10.000ns period=20.000ns})
  Path Group:             clk_fpga_0
  Path Type:              Hold (Min at Fast Process Corner)
  Requirement:            0.000ns  (clk_fpga_0 rise@0.000ns - clk_fpga_0 rise@0.000ns)
  Data Path Delay:        0.383ns  (logic 0.226ns (59.060%)  route 0.157ns (40.940%))
  Logic Levels:           1  (LUT5=1)
  Clock Path Skew:        0.184ns (DCD - SCD - CPR)
    Destination Clock Delay (DCD):    1.211ns
    Source Clock Delay      (SCD):    0.992ns
    Clock Pessimism Removal (CPR):    0.035ns

    Location             Delay type                Incr(ns)  Path(ns)    Netlist Resource(s)
  -------------------------------------------------------------------    -------------------
                         (clock clk_fpga_0 rise edge)
                                                      0.000     0.000 r  
    PS7_X0Y0             PS7                          0.000     0.000 r  RevisionDesign_i/processing_system7_0/inst/PS7_i/FCLKCLK[0]
                         net (fo=1, routed)           0.310     0.310    RevisionDesign_i/processing_system7_0/inst/FCLK_CLK_unbuffered[0]
    BUFGCTRL_X0Y16       BUFG (Prop_bufg_I_O)         0.026     0.336 r  RevisionDesign_i/processing_system7_0/inst/buffer_fclk_clk_0.FCLK_CLK_0_BUFG/O
                         net (fo=2150, routed)        0.656     0.992    RevisionDesign_i/axi_reram_0/inst/S00_AXI_inst/s00_axi_aclk
    SLICE_X27Y100        FDRE                                         r  RevisionDesign_i/axi_reram_0/inst/S00_AXI_inst/slv_reg3_reg[31]/C
  -------------------------------------------------------------------    -------------------
    SLICE_X27Y100        FDRE (Prop_fdre_C_Q)         0.128     1.120 r  RevisionDesign_i/axi_reram_0/inst/S00_AXI_inst/slv_reg3_reg[31]/Q
                         net (fo=1, routed)           0.157     1.277    RevisionDesign_i/axi_reram_0/inst/S00_AXI_inst/slv_reg3[31]
    SLICE_X28Y99         LUT5 (Prop_lut5_I0_O)        0.098     1.375 r  RevisionDesign_i/axi_reram_0/inst/S00_AXI_inst/axi_rdata[31]_i_1/O
                         net (fo=1, routed)           0.000     1.375    RevisionDesign_i/axi_reram_0/inst/S00_AXI_inst/reg_data_out[31]
    SLICE_X28Y99         FDRE                                         r  RevisionDesign_i/axi_reram_0/inst/S00_AXI_inst/axi_rdata_reg[31]/D
  -------------------------------------------------------------------    -------------------

                         (clock clk_fpga_0 rise edge)
                                                      0.000     0.000 r  
    PS7_X0Y0             PS7                          0.000     0.000 r  RevisionDesign_i/processing_system7_0/inst/PS7_i/FCLKCLK[0]
                         net (fo=1, routed)           0.337     0.337    RevisionDesign_i/processing_system7_0/inst/FCLK_CLK_unbuffered[0]
    BUFGCTRL_X0Y16       BUFG (Prop_bufg_I_O)         0.029     0.366 r  RevisionDesign_i/processing_system7_0/inst/buffer_fclk_clk_0.FCLK_CLK_0_BUFG/O
                         net (fo=2150, routed)        0.845     1.211    RevisionDesign_i/axi_reram_0/inst/S00_AXI_inst/s00_axi_aclk
    SLICE_X28Y99         FDRE                                         r  RevisionDesign_i/axi_reram_0/inst/S00_AXI_inst/axi_rdata_reg[31]/C
                         clock pessimism             -0.035     1.176    
    SLICE_X28Y99         FDRE (Hold_fdre_C_D)         0.092     1.268    RevisionDesign_i/axi_reram_0/inst/S00_AXI_inst/axi_rdata_reg[31]
  -------------------------------------------------------------------
                         required time                         -1.268    
                         arrival time                           1.375    
  -------------------------------------------------------------------
                         slack                                  0.107    

Slack (MET) :             0.109ns  (arrival time - required time)
  Source:                 RevisionDesign_i/axi_reram_0/inst/S00_AXI_inst/slv_reg0_reg[7]/C
                            (rising edge-triggered cell FDRE clocked by clk_fpga_0  {rise@0.000ns fall@10.000ns period=20.000ns})
  Destination:            RevisionDesign_i/axi_reram_0/inst/S00_AXI_inst/axi_rdata_reg[7]/D
                            (rising edge-triggered cell FDRE clocked by clk_fpga_0  {rise@0.000ns fall@10.000ns period=20.000ns})
  Path Group:             clk_fpga_0
  Path Type:              Hold (Min at Fast Process Corner)
  Requirement:            0.000ns  (clk_fpga_0 rise@0.000ns - clk_fpga_0 rise@0.000ns)
  Data Path Delay:        0.242ns  (logic 0.186ns (76.827%)  route 0.056ns (23.173%))
  Logic Levels:           1  (LUT5=1)
  Clock Path Skew:        0.013ns (DCD - SCD - CPR)
    Destination Clock Delay (DCD):    1.209ns
    Source Clock Delay      (SCD):    0.911ns
    Clock Pessimism Removal (CPR):    0.285ns

    Location             Delay type                Incr(ns)  Path(ns)    Netlist Resource(s)
  -------------------------------------------------------------------    -------------------
                         (clock clk_fpga_0 rise edge)
                                                      0.000     0.000 r  
    PS7_X0Y0             PS7                          0.000     0.000 r  RevisionDesign_i/processing_system7_0/inst/PS7_i/FCLKCLK[0]
                         net (fo=1, routed)           0.310     0.310    RevisionDesign_i/processing_system7_0/inst/FCLK_CLK_unbuffered[0]
    BUFGCTRL_X0Y16       BUFG (Prop_bufg_I_O)         0.026     0.336 r  RevisionDesign_i/processing_system7_0/inst/buffer_fclk_clk_0.FCLK_CLK_0_BUFG/O
                         net (fo=2150, routed)        0.575     0.911    RevisionDesign_i/axi_reram_0/inst/S00_AXI_inst/s00_axi_aclk
    SLICE_X31Y90         FDRE                                         r  RevisionDesign_i/axi_reram_0/inst/S00_AXI_inst/slv_reg0_reg[7]/C
  -------------------------------------------------------------------    -------------------
    SLICE_X31Y90         FDRE (Prop_fdre_C_Q)         0.141     1.052 r  RevisionDesign_i/axi_reram_0/inst/S00_AXI_inst/slv_reg0_reg[7]/Q
                         net (fo=1, routed)           0.056     1.108    RevisionDesign_i/axi_reram_0/inst/S00_AXI_inst/slv_reg0_reg_n_0_[7]
    SLICE_X30Y90         LUT5 (Prop_lut5_I3_O)        0.045     1.153 r  RevisionDesign_i/axi_reram_0/inst/S00_AXI_inst/axi_rdata[7]_i_1/O
                         net (fo=1, routed)           0.000     1.153    RevisionDesign_i/axi_reram_0/inst/S00_AXI_inst/reg_data_out[7]
    SLICE_X30Y90         FDRE                                         r  RevisionDesign_i/axi_reram_0/inst/S00_AXI_inst/axi_rdata_reg[7]/D
  -------------------------------------------------------------------    -------------------

                         (clock clk_fpga_0 rise edge)
                                                      0.000     0.000 r  
    PS7_X0Y0             PS7                          0.000     0.000 r  RevisionDesign_i/processing_system7_0/inst/PS7_i/FCLKCLK[0]
                         net (fo=1, routed)           0.337     0.337    RevisionDesign_i/processing_system7_0/inst/FCLK_CLK_unbuffered[0]
    BUFGCTRL_X0Y16       BUFG (Prop_bufg_I_O)         0.029     0.366 r  RevisionDesign_i/processing_system7_0/inst/buffer_fclk_clk_0.FCLK_CLK_0_BUFG/O
                         net (fo=2150, routed)        0.843     1.209    RevisionDesign_i/axi_reram_0/inst/S00_AXI_inst/s00_axi_aclk
    SLICE_X30Y90         FDRE                                         r  RevisionDesign_i/axi_reram_0/inst/S00_AXI_inst/axi_rdata_reg[7]/C
                         clock pessimism             -0.285     0.924    
    SLICE_X30Y90         FDRE (Hold_fdre_C_D)         0.120     1.044    RevisionDesign_i/axi_reram_0/inst/S00_AXI_inst/axi_rdata_reg[7]
  -------------------------------------------------------------------
                         required time                         -1.044    
                         arrival time                           1.153    
  -------------------------------------------------------------------
                         slack                                  0.109    

Slack (MET) :             0.110ns  (arrival time - required time)
  Source:                 RevisionDesign_i/axi_reram_0/inst/S00_AXI_inst/axi_rdata_reg[31]/C
                            (rising edge-triggered cell FDRE clocked by clk_fpga_0  {rise@0.000ns fall@10.000ns period=20.000ns})
  Destination:            RevisionDesign_i/ps7_0_axi_periph/m00_couplers/auto_pc/inst/gen_axilite.gen_b2s_conv.axilite_b2s/RD.r_channel_0/rd_data_fifo_0/memory_reg[31][31]_srl32/D
                            (rising edge-triggered cell SRLC32E clocked by clk_fpga_0  {rise@0.000ns fall@10.000ns period=20.000ns})
  Path Group:             clk_fpga_0
  Path Type:              Hold (Min at Fast Process Corner)
  Requirement:            0.000ns  (clk_fpga_0 rise@0.000ns - clk_fpga_0 rise@0.000ns)
  Data Path Delay:        0.309ns  (logic 0.141ns (45.662%)  route 0.168ns (54.338%))
  Logic Levels:           0  
  Clock Path Skew:        0.016ns (DCD - SCD - CPR)
    Destination Clock Delay (DCD):    1.211ns
    Source Clock Delay      (SCD):    0.913ns
    Clock Pessimism Removal (CPR):    0.282ns

    Location             Delay type                Incr(ns)  Path(ns)    Netlist Resource(s)
  -------------------------------------------------------------------    -------------------
                         (clock clk_fpga_0 rise edge)
                                                      0.000     0.000 r  
    PS7_X0Y0             PS7                          0.000     0.000 r  RevisionDesign_i/processing_system7_0/inst/PS7_i/FCLKCLK[0]
                         net (fo=1, routed)           0.310     0.310    RevisionDesign_i/processing_system7_0/inst/FCLK_CLK_unbuffered[0]
    BUFGCTRL_X0Y16       BUFG (Prop_bufg_I_O)         0.026     0.336 r  RevisionDesign_i/processing_system7_0/inst/buffer_fclk_clk_0.FCLK_CLK_0_BUFG/O
                         net (fo=2150, routed)        0.577     0.913    RevisionDesign_i/axi_reram_0/inst/S00_AXI_inst/s00_axi_aclk
    SLICE_X28Y99         FDRE                                         r  RevisionDesign_i/axi_reram_0/inst/S00_AXI_inst/axi_rdata_reg[31]/C
  -------------------------------------------------------------------    -------------------
    SLICE_X28Y99         FDRE (Prop_fdre_C_Q)         0.141     1.054 r  RevisionDesign_i/axi_reram_0/inst/S00_AXI_inst/axi_rdata_reg[31]/Q
                         net (fo=1, routed)           0.168     1.221    RevisionDesign_i/ps7_0_axi_periph/m00_couplers/auto_pc/inst/gen_axilite.gen_b2s_conv.axilite_b2s/RD.r_channel_0/rd_data_fifo_0/in[31]
    SLICE_X30Y99         SRLC32E                                      r  RevisionDesign_i/ps7_0_axi_periph/m00_couplers/auto_pc/inst/gen_axilite.gen_b2s_conv.axilite_b2s/RD.r_channel_0/rd_data_fifo_0/memory_reg[31][31]_srl32/D
  -------------------------------------------------------------------    -------------------

                         (clock clk_fpga_0 rise edge)
                                                      0.000     0.000 r  
    PS7_X0Y0             PS7                          0.000     0.000 r  RevisionDesign_i/processing_system7_0/inst/PS7_i/FCLKCLK[0]
                         net (fo=1, routed)           0.337     0.337    RevisionDesign_i/processing_system7_0/inst/FCLK_CLK_unbuffered[0]
    BUFGCTRL_X0Y16       BUFG (Prop_bufg_I_O)         0.029     0.366 r  RevisionDesign_i/processing_system7_0/inst/buffer_fclk_clk_0.FCLK_CLK_0_BUFG/O
                         net (fo=2150, routed)        0.845     1.211    RevisionDesign_i/ps7_0_axi_periph/m00_couplers/auto_pc/inst/gen_axilite.gen_b2s_conv.axilite_b2s/RD.r_channel_0/rd_data_fifo_0/aclk
    SLICE_X30Y99         SRLC32E                                      r  RevisionDesign_i/ps7_0_axi_periph/m00_couplers/auto_pc/inst/gen_axilite.gen_b2s_conv.axilite_b2s/RD.r_channel_0/rd_data_fifo_0/memory_reg[31][31]_srl32/CLK
                         clock pessimism             -0.282     0.929    
    SLICE_X30Y99         SRLC32E (Hold_srlc32e_CLK_D)
                                                      0.183     1.112    RevisionDesign_i/ps7_0_axi_periph/m00_couplers/auto_pc/inst/gen_axilite.gen_b2s_conv.axilite_b2s/RD.r_channel_0/rd_data_fifo_0/memory_reg[31][31]_srl32
  -------------------------------------------------------------------
                         required time                         -1.112    
                         arrival time                           1.221    
  -------------------------------------------------------------------
                         slack                                  0.110    





Pulse Width Checks
--------------------------------------------------------------------------------------
Clock Name:         clk_fpga_0
Waveform(ns):       { 0.000 10.000 }
Period(ns):         20.000
Sources:            { RevisionDesign_i/processing_system7_0/inst/PS7_i/FCLKCLK[0] }

Check Type        Corner  Lib Pin      Reference Pin  Required(ns)  Actual(ns)  Slack(ns)  Location        Pin
Min Period        n/a     BUFG/I       n/a            2.155         20.000      17.845     BUFGCTRL_X0Y16  RevisionDesign_i/processing_system7_0/inst/buffer_fclk_clk_0.FCLK_CLK_0_BUFG/I
Min Period        n/a     FDRE/C       n/a            1.000         20.000      19.000     SLICE_X45Y109   RevisionDesign_i/axi_bram_ctrl_0/U0/gext_inst.abcv4_0_ext_inst/GEN_AXI4.I_FULL_AXI/I_WR_CHNL/axi_bid_int_reg[7]/C
Min Period        n/a     FDRE/C       n/a            1.000         20.000      19.000     SLICE_X47Y109   RevisionDesign_i/axi_bram_ctrl_0/U0/gext_inst.abcv4_0_ext_inst/GEN_AXI4.I_FULL_AXI/I_WR_CHNL/axi_bid_int_reg[8]/C
Min Period        n/a     FDRE/C       n/a            1.000         20.000      19.000     SLICE_X44Y109   RevisionDesign_i/axi_bram_ctrl_0/U0/gext_inst.abcv4_0_ext_inst/GEN_AXI4.I_FULL_AXI/I_WR_CHNL/axi_bid_int_reg[9]/C
Min Period        n/a     FDRE/C       n/a            1.000         20.000      19.000     SLICE_X44Y104   RevisionDesign_i/axi_bram_ctrl_0/U0/gext_inst.abcv4_0_ext_inst/GEN_AXI4.I_FULL_AXI/I_WR_CHNL/axi_bvalid_int_reg/C
Min Period        n/a     FDRE/C       n/a            1.000         20.000      19.000     SLICE_X46Y103   RevisionDesign_i/axi_bram_ctrl_0/U0/gext_inst.abcv4_0_ext_inst/GEN_AXI4.I_FULL_AXI/I_WR_CHNL/axi_wr_burst_reg/C
Min Period        n/a     FDRE/C       n/a            1.000         20.000      19.000     SLICE_X48Y103   RevisionDesign_i/axi_bram_ctrl_0/U0/gext_inst.abcv4_0_ext_inst/GEN_AXI4.I_FULL_AXI/I_WR_CHNL/axi_wready_int_mod_reg/C
Min Period        n/a     FDRE/C       n/a            1.000         20.000      19.000     SLICE_X45Y105   RevisionDesign_i/axi_bram_ctrl_0/U0/gext_inst.abcv4_0_ext_inst/GEN_AXI4.I_FULL_AXI/I_WR_CHNL/bid_gets_fifo_load_d1_reg/C
Min Period        n/a     FDRE/C       n/a            1.000         20.000      19.000     SLICE_X46Y105   RevisionDesign_i/axi_bram_ctrl_0/U0/gext_inst.abcv4_0_ext_inst/GEN_AXI4.I_FULL_AXI/I_WR_CHNL/bvalid_cnt_reg[0]/C
Min Period        n/a     FDCE/C       n/a            1.000         20.000      19.000     SLICE_X55Y86    RevisionDesign_i/axi_reram_0/inst/u_core/CELL_ARRAY[10].u_cell/endurance_counter_reg[21]/C
Low Pulse Width   Slow    SRLC32E/CLK  n/a            0.980         10.000      9.020      SLICE_X38Y91    RevisionDesign_i/ps7_0_axi_periph/m00_couplers/auto_pc/inst/gen_axilite.gen_b2s_conv.axilite_b2s/RD.r_channel_0/transaction_fifo_0/memory_reg[31][0]_srl32/CLK
Low Pulse Width   Slow    SRLC32E/CLK  n/a            0.980         10.000      9.020      SLICE_X38Y92    RevisionDesign_i/ps7_0_axi_periph/m00_couplers/auto_pc/inst/gen_axilite.gen_b2s_conv.axilite_b2s/RD.r_channel_0/transaction_fifo_0/memory_reg[31][10]_srl32/CLK
Low Pulse Width   Slow    SRLC32E/CLK  n/a            0.980         10.000      9.020      SLICE_X38Y92    RevisionDesign_i/ps7_0_axi_periph/m00_couplers/auto_pc/inst/gen_axilite.gen_b2s_conv.axilite_b2s/RD.r_channel_0/transaction_fifo_0/memory_reg[31][11]_srl32/CLK
Low Pulse Width   Slow    SRLC32E/CLK  n/a            0.980         10.000      9.020      SLICE_X38Y91    RevisionDesign_i/ps7_0_axi_periph/m00_couplers/auto_pc/inst/gen_axilite.gen_b2s_conv.axilite_b2s/RD.r_channel_0/transaction_fifo_0/memory_reg[31][1]_srl32/CLK
Low Pulse Width   Slow    SRLC32E/CLK  n/a            0.980         10.000      9.020      SLICE_X38Y91    RevisionDesign_i/ps7_0_axi_periph/m00_couplers/auto_pc/inst/gen_axilite.gen_b2s_conv.axilite_b2s/RD.r_channel_0/transaction_fifo_0/memory_reg[31][2]_srl32/CLK
Low Pulse Width   Slow    SRLC32E/CLK  n/a            0.980         10.000      9.020      SLICE_X38Y91    RevisionDesign_i/ps7_0_axi_periph/m00_couplers/auto_pc/inst/gen_axilite.gen_b2s_conv.axilite_b2s/RD.r_channel_0/transaction_fifo_0/memory_reg[31][3]_srl32/CLK
Low Pulse Width   Slow    SRLC32E/CLK  n/a            0.980         10.000      9.020      SLICE_X38Y92    RevisionDesign_i/ps7_0_axi_periph/m00_couplers/auto_pc/inst/gen_axilite.gen_b2s_conv.axilite_b2s/RD.r_channel_0/transaction_fifo_0/memory_reg[31][4]_srl32/CLK
Low Pulse Width   Slow    SRLC32E/CLK  n/a            0.980         10.000      9.020      SLICE_X38Y92    RevisionDesign_i/ps7_0_axi_periph/m00_couplers/auto_pc/inst/gen_axilite.gen_b2s_conv.axilite_b2s/RD.r_channel_0/transaction_fifo_0/memory_reg[31][5]_srl32/CLK
Low Pulse Width   Slow    SRL16E/CLK   n/a            0.980         10.000      9.020      SLICE_X42Y103   RevisionDesign_i/ps7_0_axi_periph/m00_couplers/auto_pc/inst/gen_axilite.gen_b2s_conv.axilite_b2s/WR.b_channel_0/bid_fifo_0/memory_reg[3][10]_srl4/CLK
Low Pulse Width   Slow    SRL16E/CLK   n/a            0.980         10.000      9.020      SLICE_X42Y103   RevisionDesign_i/ps7_0_axi_periph/m00_couplers/auto_pc/inst/gen_axilite.gen_b2s_conv.axilite_b2s/WR.b_channel_0/bid_fifo_0/memory_reg[3][11]_srl4/CLK
High Pulse Width  Fast    SRL16E/CLK   n/a            0.980         10.000      9.020      SLICE_X34Y99    RevisionDesign_i/ps7_0_axi_periph/xbar/inst/gen_samd.crossbar_samd/gen_slave_slots[0].gen_si_write.wdata_router_w/wrouter_aw_fifo/gen_srls[0].gen_rep[0].srl_nx1/gen_primitive_shifter.gen_srls[0].srl_inst/CLK
High Pulse Width  Fast    SRL16E/CLK   n/a            0.980         10.000      9.020      SLICE_X34Y99    RevisionDesign_i/ps7_0_axi_periph/xbar/inst/gen_samd.crossbar_samd/gen_slave_slots[0].gen_si_write.wdata_router_w/wrouter_aw_fifo/gen_srls[0].gen_rep[1].srl_nx1/gen_primitive_shifter.gen_srls[0].srl_inst/CLK
High Pulse Width  Fast    SRLC32E/CLK  n/a            0.980         10.000      9.020      SLICE_X30Y98    RevisionDesign_i/ps7_0_axi_periph/m00_couplers/auto_pc/inst/gen_axilite.gen_b2s_conv.axilite_b2s/RD.r_channel_0/rd_data_fifo_0/memory_reg[31][20]_srl32/CLK
High Pulse Width  Fast    SRLC32E/CLK  n/a            0.980         10.000      9.020      SLICE_X30Y98    RevisionDesign_i/ps7_0_axi_periph/m00_couplers/auto_pc/inst/gen_axilite.gen_b2s_conv.axilite_b2s/RD.r_channel_0/rd_data_fifo_0/memory_reg[31][25]_srl32/CLK
High Pulse Width  Fast    SRLC32E/CLK  n/a            0.980         10.000      9.020      SLICE_X30Y99    RevisionDesign_i/ps7_0_axi_periph/m00_couplers/auto_pc/inst/gen_axilite.gen_b2s_conv.axilite_b2s/RD.r_channel_0/rd_data_fifo_0/memory_reg[31][26]_srl32/CLK
High Pulse Width  Fast    SRLC32E/CLK  n/a            0.980         10.000      9.020      SLICE_X30Y98    RevisionDesign_i/ps7_0_axi_periph/m00_couplers/auto_pc/inst/gen_axilite.gen_b2s_conv.axilite_b2s/RD.r_channel_0/rd_data_fifo_0/memory_reg[31][27]_srl32/CLK
High Pulse Width  Fast    SRLC32E/CLK  n/a            0.980         10.000      9.020      SLICE_X30Y99    RevisionDesign_i/ps7_0_axi_periph/m00_couplers/auto_pc/inst/gen_axilite.gen_b2s_conv.axilite_b2s/RD.r_channel_0/rd_data_fifo_0/memory_reg[31][28]_srl32/CLK
High Pulse Width  Fast    SRLC32E/CLK  n/a            0.980         10.000      9.020      SLICE_X30Y99    RevisionDesign_i/ps7_0_axi_periph/m00_couplers/auto_pc/inst/gen_axilite.gen_b2s_conv.axilite_b2s/RD.r_channel_0/rd_data_fifo_0/memory_reg[31][29]_srl32/CLK
High Pulse Width  Fast    SRLC32E/CLK  n/a            0.980         10.000      9.020      SLICE_X30Y98    RevisionDesign_i/ps7_0_axi_periph/m00_couplers/auto_pc/inst/gen_axilite.gen_b2s_conv.axilite_b2s/RD.r_channel_0/rd_data_fifo_0/memory_reg[31][30]_srl32/CLK
High Pulse Width  Fast    SRLC32E/CLK  n/a            0.980         10.000      9.020      SLICE_X30Y99    RevisionDesign_i/ps7_0_axi_periph/m00_couplers/auto_pc/inst/gen_axilite.gen_b2s_conv.axilite_b2s/RD.r_channel_0/rd_data_fifo_0/memory_reg[31][31]_srl32/CLK



---------------------------------------------------------------------------------------------------
Path Group:  **async_default**
From Clock:  clk_fpga_0
  To Clock:  clk_fpga_0

Setup :            0  Failing Endpoints,  Worst Slack        9.342ns,  Total Violation        0.000ns
Hold  :            0  Failing Endpoints,  Worst Slack        0.828ns,  Total Violation        0.000ns
---------------------------------------------------------------------------------------------------


Max Delay Paths
--------------------------------------------------------------------------------------
Slack (MET) :             9.342ns  (required time - arrival time)
  Source:                 RevisionDesign_i/rst_ps7_0_50M/U0/ACTIVE_LOW_PR_OUT_DFF[0].FDRE_PER_N/C
                            (rising edge-triggered cell FDRE clocked by clk_fpga_0  {rise@0.000ns fall@10.000ns period=20.000ns})
  Destination:            RevisionDesign_i/axi_reram_0/inst/u_core/CELL_ARRAY[0].u_cell/delay_counter_reg[0]/CLR
                            (recovery check against rising-edge clock clk_fpga_0  {rise@0.000ns fall@10.000ns period=20.000ns})
  Path Group:             **async_default**
  Path Type:              Recovery (Max at Slow Process Corner)
  Requirement:            20.000ns  (clk_fpga_0 rise@20.000ns - clk_fpga_0 rise@0.000ns)
  Data Path Delay:        9.859ns  (logic 0.580ns (5.883%)  route 9.279ns (94.117%))
  Logic Levels:           1  (LUT1=1)
  Clock Path Skew:        -0.091ns (DCD - SCD + CPR)
    Destination Clock Delay (DCD):    2.720ns = ( 22.720 - 20.000 ) 
    Source Clock Delay      (SCD):    2.940ns
    Clock Pessimism Removal (CPR):    0.129ns
  Clock Uncertainty:      0.302ns  ((TSJ^2 + TIJ^2)^1/2 + DJ) / 2 + PE
    Total System Jitter     (TSJ):    0.071ns
    Total Input Jitter      (TIJ):    0.600ns
    Discrete Jitter          (DJ):    0.000ns
    Phase Error              (PE):    0.000ns

    Location             Delay type                Incr(ns)  Path(ns)    Netlist Resource(s)
  -------------------------------------------------------------------    -------------------
                         (clock clk_fpga_0 rise edge)
                                                      0.000     0.000 r  
    PS7_X0Y0             PS7                          0.000     0.000 r  RevisionDesign_i/processing_system7_0/inst/PS7_i/FCLKCLK[0]
                         net (fo=1, routed)           1.193     1.193    RevisionDesign_i/processing_system7_0/inst/FCLK_CLK_unbuffered[0]
    BUFGCTRL_X0Y16       BUFG (Prop_bufg_I_O)         0.101     1.294 r  RevisionDesign_i/processing_system7_0/inst/buffer_fclk_clk_0.FCLK_CLK_0_BUFG/O
                         net (fo=2150, routed)        1.646     2.940    RevisionDesign_i/rst_ps7_0_50M/U0/slowest_sync_clk
    SLICE_X44Y85         FDRE                                         r  RevisionDesign_i/rst_ps7_0_50M/U0/ACTIVE_LOW_PR_OUT_DFF[0].FDRE_PER_N/C
  -------------------------------------------------------------------    -------------------
    SLICE_X44Y85         FDRE (Prop_fdre_C_Q)         0.456     3.396 r  RevisionDesign_i/rst_ps7_0_50M/U0/ACTIVE_LOW_PR_OUT_DFF[0].FDRE_PER_N/Q
                         net (fo=20, routed)          0.567     3.963    RevisionDesign_i/axi_reram_0/inst/u_core/CELL_ARRAY[0].u_cell/s00_axi_aresetn
    SLICE_X48Y91         LUT1 (Prop_lut1_I0_O)        0.124     4.087 f  RevisionDesign_i/axi_reram_0/inst/u_core/CELL_ARRAY[0].u_cell/bram_rstb_INST_0/O
                         net (fo=794, routed)         8.712    12.799    RevisionDesign_i/axi_reram_0/inst/u_core/CELL_ARRAY[0].u_cell/endurance_counter_reg[0]_0
    SLICE_X60Y97         FDCE                                         f  RevisionDesign_i/axi_reram_0/inst/u_core/CELL_ARRAY[0].u_cell/delay_counter_reg[0]/CLR
  -------------------------------------------------------------------    -------------------

                         (clock clk_fpga_0 rise edge)
                                                     20.000    20.000 r  
    PS7_X0Y0             PS7                          0.000    20.000 r  RevisionDesign_i/processing_system7_0/inst/PS7_i/FCLKCLK[0]
                         net (fo=1, routed)           1.088    21.088    RevisionDesign_i/processing_system7_0/inst/FCLK_CLK_unbuffered[0]
    BUFGCTRL_X0Y16       BUFG (Prop_bufg_I_O)         0.091    21.179 r  RevisionDesign_i/processing_system7_0/inst/buffer_fclk_clk_0.FCLK_CLK_0_BUFG/O
                         net (fo=2150, routed)        1.541    22.720    RevisionDesign_i/axi_reram_0/inst/u_core/CELL_ARRAY[0].u_cell/s00_axi_aclk
    SLICE_X60Y97         FDCE                                         r  RevisionDesign_i/axi_reram_0/inst/u_core/CELL_ARRAY[0].u_cell/delay_counter_reg[0]/C
                         clock pessimism              0.129    22.849    
                         clock uncertainty           -0.302    22.547    
    SLICE_X60Y97         FDCE (Recov_fdce_C_CLR)     -0.405    22.142    RevisionDesign_i/axi_reram_0/inst/u_core/CELL_ARRAY[0].u_cell/delay_counter_reg[0]
  -------------------------------------------------------------------
                         required time                         22.142    
                         arrival time                         -12.799    
  -------------------------------------------------------------------
                         slack                                  9.342    

Slack (MET) :             9.475ns  (required time - arrival time)
  Source:                 RevisionDesign_i/rst_ps7_0_50M/U0/ACTIVE_LOW_PR_OUT_DFF[0].FDRE_PER_N/C
                            (rising edge-triggered cell FDRE clocked by clk_fpga_0  {rise@0.000ns fall@10.000ns period=20.000ns})
  Destination:            RevisionDesign_i/axi_reram_0/inst/u_core/CELL_ARRAY[0].u_cell/delay_counter_reg[1]/CLR
                            (recovery check against rising-edge clock clk_fpga_0  {rise@0.000ns fall@10.000ns period=20.000ns})
  Path Group:             **async_default**
  Path Type:              Recovery (Max at Slow Process Corner)
  Requirement:            20.000ns  (clk_fpga_0 rise@20.000ns - clk_fpga_0 rise@0.000ns)
  Data Path Delay:        9.725ns  (logic 0.580ns (5.964%)  route 9.145ns (94.036%))
  Logic Levels:           1  (LUT1=1)
  Clock Path Skew:        -0.092ns (DCD - SCD + CPR)
    Destination Clock Delay (DCD):    2.719ns = ( 22.719 - 20.000 ) 
    Source Clock Delay      (SCD):    2.940ns
    Clock Pessimism Removal (CPR):    0.129ns
  Clock Uncertainty:      0.302ns  ((TSJ^2 + TIJ^2)^1/2 + DJ) / 2 + PE
    Total System Jitter     (TSJ):    0.071ns
    Total Input Jitter      (TIJ):    0.600ns
    Discrete Jitter          (DJ):    0.000ns
    Phase Error              (PE):    0.000ns

    Location             Delay type                Incr(ns)  Path(ns)    Netlist Resource(s)
  -------------------------------------------------------------------    -------------------
                         (clock clk_fpga_0 rise edge)
                                                      0.000     0.000 r  
    PS7_X0Y0             PS7                          0.000     0.000 r  RevisionDesign_i/processing_system7_0/inst/PS7_i/FCLKCLK[0]
                         net (fo=1, routed)           1.193     1.193    RevisionDesign_i/processing_system7_0/inst/FCLK_CLK_unbuffered[0]
    BUFGCTRL_X0Y16       BUFG (Prop_bufg_I_O)         0.101     1.294 r  RevisionDesign_i/processing_system7_0/inst/buffer_fclk_clk_0.FCLK_CLK_0_BUFG/O
                         net (fo=2150, routed)        1.646     2.940    RevisionDesign_i/rst_ps7_0_50M/U0/slowest_sync_clk
    SLICE_X44Y85         FDRE                                         r  RevisionDesign_i/rst_ps7_0_50M/U0/ACTIVE_LOW_PR_OUT_DFF[0].FDRE_PER_N/C
  -------------------------------------------------------------------    -------------------
    SLICE_X44Y85         FDRE (Prop_fdre_C_Q)         0.456     3.396 r  RevisionDesign_i/rst_ps7_0_50M/U0/ACTIVE_LOW_PR_OUT_DFF[0].FDRE_PER_N/Q
                         net (fo=20, routed)          0.567     3.963    RevisionDesign_i/axi_reram_0/inst/u_core/CELL_ARRAY[0].u_cell/s00_axi_aresetn
    SLICE_X48Y91         LUT1 (Prop_lut1_I0_O)        0.124     4.087 f  RevisionDesign_i/axi_reram_0/inst/u_core/CELL_ARRAY[0].u_cell/bram_rstb_INST_0/O
                         net (fo=794, routed)         8.578    12.665    RevisionDesign_i/axi_reram_0/inst/u_core/CELL_ARRAY[0].u_cell/endurance_counter_reg[0]_0
    SLICE_X60Y96         FDCE                                         f  RevisionDesign_i/axi_reram_0/inst/u_core/CELL_ARRAY[0].u_cell/delay_counter_reg[1]/CLR
  -------------------------------------------------------------------    -------------------

                         (clock clk_fpga_0 rise edge)
                                                     20.000    20.000 r  
    PS7_X0Y0             PS7                          0.000    20.000 r  RevisionDesign_i/processing_system7_0/inst/PS7_i/FCLKCLK[0]
                         net (fo=1, routed)           1.088    21.088    RevisionDesign_i/processing_system7_0/inst/FCLK_CLK_unbuffered[0]
    BUFGCTRL_X0Y16       BUFG (Prop_bufg_I_O)         0.091    21.179 r  RevisionDesign_i/processing_system7_0/inst/buffer_fclk_clk_0.FCLK_CLK_0_BUFG/O
                         net (fo=2150, routed)        1.540    22.719    RevisionDesign_i/axi_reram_0/inst/u_core/CELL_ARRAY[0].u_cell/s00_axi_aclk
    SLICE_X60Y96         FDCE                                         r  RevisionDesign_i/axi_reram_0/inst/u_core/CELL_ARRAY[0].u_cell/delay_counter_reg[1]/C
                         clock pessimism              0.129    22.848    
                         clock uncertainty           -0.302    22.546    
    SLICE_X60Y96         FDCE (Recov_fdce_C_CLR)     -0.405    22.141    RevisionDesign_i/axi_reram_0/inst/u_core/CELL_ARRAY[0].u_cell/delay_counter_reg[1]
  -------------------------------------------------------------------
                         required time                         22.141    
                         arrival time                         -12.665    
  -------------------------------------------------------------------
                         slack                                  9.475    

Slack (MET) :             9.475ns  (required time - arrival time)
  Source:                 RevisionDesign_i/rst_ps7_0_50M/U0/ACTIVE_LOW_PR_OUT_DFF[0].FDRE_PER_N/C
                            (rising edge-triggered cell FDRE clocked by clk_fpga_0  {rise@0.000ns fall@10.000ns period=20.000ns})
  Destination:            RevisionDesign_i/axi_reram_0/inst/u_core/CELL_ARRAY[0].u_cell/delay_counter_reg[2]/CLR
                            (recovery check against rising-edge clock clk_fpga_0  {rise@0.000ns fall@10.000ns period=20.000ns})
  Path Group:             **async_default**
  Path Type:              Recovery (Max at Slow Process Corner)
  Requirement:            20.000ns  (clk_fpga_0 rise@20.000ns - clk_fpga_0 rise@0.000ns)
  Data Path Delay:        9.725ns  (logic 0.580ns (5.964%)  route 9.145ns (94.036%))
  Logic Levels:           1  (LUT1=1)
  Clock Path Skew:        -0.092ns (DCD - SCD + CPR)
    Destination Clock Delay (DCD):    2.719ns = ( 22.719 - 20.000 ) 
    Source Clock Delay      (SCD):    2.940ns
    Clock Pessimism Removal (CPR):    0.129ns
  Clock Uncertainty:      0.302ns  ((TSJ^2 + TIJ^2)^1/2 + DJ) / 2 + PE
    Total System Jitter     (TSJ):    0.071ns
    Total Input Jitter      (TIJ):    0.600ns
    Discrete Jitter          (DJ):    0.000ns
    Phase Error              (PE):    0.000ns

    Location             Delay type                Incr(ns)  Path(ns)    Netlist Resource(s)
  -------------------------------------------------------------------    -------------------
                         (clock clk_fpga_0 rise edge)
                                                      0.000     0.000 r  
    PS7_X0Y0             PS7                          0.000     0.000 r  RevisionDesign_i/processing_system7_0/inst/PS7_i/FCLKCLK[0]
                         net (fo=1, routed)           1.193     1.193    RevisionDesign_i/processing_system7_0/inst/FCLK_CLK_unbuffered[0]
    BUFGCTRL_X0Y16       BUFG (Prop_bufg_I_O)         0.101     1.294 r  RevisionDesign_i/processing_system7_0/inst/buffer_fclk_clk_0.FCLK_CLK_0_BUFG/O
                         net (fo=2150, routed)        1.646     2.940    RevisionDesign_i/rst_ps7_0_50M/U0/slowest_sync_clk
    SLICE_X44Y85         FDRE                                         r  RevisionDesign_i/rst_ps7_0_50M/U0/ACTIVE_LOW_PR_OUT_DFF[0].FDRE_PER_N/C
  -------------------------------------------------------------------    -------------------
    SLICE_X44Y85         FDRE (Prop_fdre_C_Q)         0.456     3.396 r  RevisionDesign_i/rst_ps7_0_50M/U0/ACTIVE_LOW_PR_OUT_DFF[0].FDRE_PER_N/Q
                         net (fo=20, routed)          0.567     3.963    RevisionDesign_i/axi_reram_0/inst/u_core/CELL_ARRAY[0].u_cell/s00_axi_aresetn
    SLICE_X48Y91         LUT1 (Prop_lut1_I0_O)        0.124     4.087 f  RevisionDesign_i/axi_reram_0/inst/u_core/CELL_ARRAY[0].u_cell/bram_rstb_INST_0/O
                         net (fo=794, routed)         8.578    12.665    RevisionDesign_i/axi_reram_0/inst/u_core/CELL_ARRAY[0].u_cell/endurance_counter_reg[0]_0
    SLICE_X60Y96         FDCE                                         f  RevisionDesign_i/axi_reram_0/inst/u_core/CELL_ARRAY[0].u_cell/delay_counter_reg[2]/CLR
  -------------------------------------------------------------------    -------------------

                         (clock clk_fpga_0 rise edge)
                                                     20.000    20.000 r  
    PS7_X0Y0             PS7                          0.000    20.000 r  RevisionDesign_i/processing_system7_0/inst/PS7_i/FCLKCLK[0]
                         net (fo=1, routed)           1.088    21.088    RevisionDesign_i/processing_system7_0/inst/FCLK_CLK_unbuffered[0]
    BUFGCTRL_X0Y16       BUFG (Prop_bufg_I_O)         0.091    21.179 r  RevisionDesign_i/processing_system7_0/inst/buffer_fclk_clk_0.FCLK_CLK_0_BUFG/O
                         net (fo=2150, routed)        1.540    22.719    RevisionDesign_i/axi_reram_0/inst/u_core/CELL_ARRAY[0].u_cell/s00_axi_aclk
    SLICE_X60Y96         FDCE                                         r  RevisionDesign_i/axi_reram_0/inst/u_core/CELL_ARRAY[0].u_cell/delay_counter_reg[2]/C
                         clock pessimism              0.129    22.848    
                         clock uncertainty           -0.302    22.546    
    SLICE_X60Y96         FDCE (Recov_fdce_C_CLR)     -0.405    22.141    RevisionDesign_i/axi_reram_0/inst/u_core/CELL_ARRAY[0].u_cell/delay_counter_reg[2]
  -------------------------------------------------------------------
                         required time                         22.141    
                         arrival time                         -12.665    
  -------------------------------------------------------------------
                         slack                                  9.475    

Slack (MET) :             9.811ns  (required time - arrival time)
  Source:                 RevisionDesign_i/rst_ps7_0_50M/U0/ACTIVE_LOW_PR_OUT_DFF[0].FDRE_PER_N/C
                            (rising edge-triggered cell FDRE clocked by clk_fpga_0  {rise@0.000ns fall@10.000ns period=20.000ns})
  Destination:            RevisionDesign_i/axi_reram_0/inst/u_core/CELL_ARRAY[0].u_cell/delay_counter_reg[3]/CLR
                            (recovery check against rising-edge clock clk_fpga_0  {rise@0.000ns fall@10.000ns period=20.000ns})
  Path Group:             **async_default**
  Path Type:              Recovery (Max at Slow Process Corner)
  Requirement:            20.000ns  (clk_fpga_0 rise@20.000ns - clk_fpga_0 rise@0.000ns)
  Data Path Delay:        9.389ns  (logic 0.580ns (6.177%)  route 8.809ns (93.823%))
  Logic Levels:           1  (LUT1=1)
  Clock Path Skew:        -0.092ns (DCD - SCD + CPR)
    Destination Clock Delay (DCD):    2.719ns = ( 22.719 - 20.000 ) 
    Source Clock Delay      (SCD):    2.940ns
    Clock Pessimism Removal (CPR):    0.129ns
  Clock Uncertainty:      0.302ns  ((TSJ^2 + TIJ^2)^1/2 + DJ) / 2 + PE
    Total System Jitter     (TSJ):    0.071ns
    Total Input Jitter      (TIJ):    0.600ns
    Discrete Jitter          (DJ):    0.000ns
    Phase Error              (PE):    0.000ns

    Location             Delay type                Incr(ns)  Path(ns)    Netlist Resource(s)
  -------------------------------------------------------------------    -------------------
                         (clock clk_fpga_0 rise edge)
                                                      0.000     0.000 r  
    PS7_X0Y0             PS7                          0.000     0.000 r  RevisionDesign_i/processing_system7_0/inst/PS7_i/FCLKCLK[0]
                         net (fo=1, routed)           1.193     1.193    RevisionDesign_i/processing_system7_0/inst/FCLK_CLK_unbuffered[0]
    BUFGCTRL_X0Y16       BUFG (Prop_bufg_I_O)         0.101     1.294 r  RevisionDesign_i/processing_system7_0/inst/buffer_fclk_clk_0.FCLK_CLK_0_BUFG/O
                         net (fo=2150, routed)        1.646     2.940    RevisionDesign_i/rst_ps7_0_50M/U0/slowest_sync_clk
    SLICE_X44Y85         FDRE                                         r  RevisionDesign_i/rst_ps7_0_50M/U0/ACTIVE_LOW_PR_OUT_DFF[0].FDRE_PER_N/C
  -------------------------------------------------------------------    -------------------
    SLICE_X44Y85         FDRE (Prop_fdre_C_Q)         0.456     3.396 r  RevisionDesign_i/rst_ps7_0_50M/U0/ACTIVE_LOW_PR_OUT_DFF[0].FDRE_PER_N/Q
                         net (fo=20, routed)          0.567     3.963    RevisionDesign_i/axi_reram_0/inst/u_core/CELL_ARRAY[0].u_cell/s00_axi_aresetn
    SLICE_X48Y91         LUT1 (Prop_lut1_I0_O)        0.124     4.087 f  RevisionDesign_i/axi_reram_0/inst/u_core/CELL_ARRAY[0].u_cell/bram_rstb_INST_0/O
                         net (fo=794, routed)         8.242    12.329    RevisionDesign_i/axi_reram_0/inst/u_core/CELL_ARRAY[0].u_cell/endurance_counter_reg[0]_0
    SLICE_X60Y95         FDCE                                         f  RevisionDesign_i/axi_reram_0/inst/u_core/CELL_ARRAY[0].u_cell/delay_counter_reg[3]/CLR
  -------------------------------------------------------------------    -------------------

                         (clock clk_fpga_0 rise edge)
                                                     20.000    20.000 r  
    PS7_X0Y0             PS7                          0.000    20.000 r  RevisionDesign_i/processing_system7_0/inst/PS7_i/FCLKCLK[0]
                         net (fo=1, routed)           1.088    21.088    RevisionDesign_i/processing_system7_0/inst/FCLK_CLK_unbuffered[0]
    BUFGCTRL_X0Y16       BUFG (Prop_bufg_I_O)         0.091    21.179 r  RevisionDesign_i/processing_system7_0/inst/buffer_fclk_clk_0.FCLK_CLK_0_BUFG/O
                         net (fo=2150, routed)        1.540    22.719    RevisionDesign_i/axi_reram_0/inst/u_core/CELL_ARRAY[0].u_cell/s00_axi_aclk
    SLICE_X60Y95         FDCE                                         r  RevisionDesign_i/axi_reram_0/inst/u_core/CELL_ARRAY[0].u_cell/delay_counter_reg[3]/C
                         clock pessimism              0.129    22.848    
                         clock uncertainty           -0.302    22.546    
    SLICE_X60Y95         FDCE (Recov_fdce_C_CLR)     -0.405    22.141    RevisionDesign_i/axi_reram_0/inst/u_core/CELL_ARRAY[0].u_cell/delay_counter_reg[3]
  -------------------------------------------------------------------
                         required time                         22.141    
                         arrival time                         -12.329    
  -------------------------------------------------------------------
                         slack                                  9.811    

Slack (MET) :             10.088ns  (required time - arrival time)
  Source:                 RevisionDesign_i/rst_ps7_0_50M/U0/ACTIVE_LOW_PR_OUT_DFF[0].FDRE_PER_N/C
                            (rising edge-triggered cell FDRE clocked by clk_fpga_0  {rise@0.000ns fall@10.000ns period=20.000ns})
  Destination:            RevisionDesign_i/axi_reram_0/inst/u_core/CELL_ARRAY[15].u_cell/endurance_counter_reg[28]/CLR
                            (recovery check against rising-edge clock clk_fpga_0  {rise@0.000ns fall@10.000ns period=20.000ns})
  Path Group:             **async_default**
  Path Type:              Recovery (Max at Slow Process Corner)
  Requirement:            20.000ns  (clk_fpga_0 rise@20.000ns - clk_fpga_0 rise@0.000ns)
  Data Path Delay:        9.192ns  (logic 0.580ns (6.310%)  route 8.612ns (93.690%))
  Logic Levels:           1  (LUT1=1)
  Clock Path Skew:        -0.099ns (DCD - SCD + CPR)
    Destination Clock Delay (DCD):    2.712ns = ( 22.712 - 20.000 ) 
    Source Clock Delay      (SCD):    2.940ns
    Clock Pessimism Removal (CPR):    0.129ns
  Clock Uncertainty:      0.302ns  ((TSJ^2 + TIJ^2)^1/2 + DJ) / 2 + PE
    Total System Jitter     (TSJ):    0.071ns
    Total Input Jitter      (TIJ):    0.600ns
    Discrete Jitter          (DJ):    0.000ns
    Phase Error              (PE):    0.000ns

    Location             Delay type                Incr(ns)  Path(ns)    Netlist Resource(s)
  -------------------------------------------------------------------    -------------------
                         (clock clk_fpga_0 rise edge)
                                                      0.000     0.000 r  
    PS7_X0Y0             PS7                          0.000     0.000 r  RevisionDesign_i/processing_system7_0/inst/PS7_i/FCLKCLK[0]
                         net (fo=1, routed)           1.193     1.193    RevisionDesign_i/processing_system7_0/inst/FCLK_CLK_unbuffered[0]
    BUFGCTRL_X0Y16       BUFG (Prop_bufg_I_O)         0.101     1.294 r  RevisionDesign_i/processing_system7_0/inst/buffer_fclk_clk_0.FCLK_CLK_0_BUFG/O
                         net (fo=2150, routed)        1.646     2.940    RevisionDesign_i/rst_ps7_0_50M/U0/slowest_sync_clk
    SLICE_X44Y85         FDRE                                         r  RevisionDesign_i/rst_ps7_0_50M/U0/ACTIVE_LOW_PR_OUT_DFF[0].FDRE_PER_N/C
  -------------------------------------------------------------------    -------------------
    SLICE_X44Y85         FDRE (Prop_fdre_C_Q)         0.456     3.396 r  RevisionDesign_i/rst_ps7_0_50M/U0/ACTIVE_LOW_PR_OUT_DFF[0].FDRE_PER_N/Q
                         net (fo=20, routed)          0.567     3.963    RevisionDesign_i/axi_reram_0/inst/u_core/CELL_ARRAY[0].u_cell/s00_axi_aresetn
    SLICE_X48Y91         LUT1 (Prop_lut1_I0_O)        0.124     4.087 f  RevisionDesign_i/axi_reram_0/inst/u_core/CELL_ARRAY[0].u_cell/bram_rstb_INST_0/O
                         net (fo=794, routed)         8.045    12.132    RevisionDesign_i/axi_reram_0/inst/u_core/CELL_ARRAY[15].u_cell/ACTIVE_LOW_PR_OUT_DFF[0].FDRE_PER_N
    SLICE_X62Y83         FDCE                                         f  RevisionDesign_i/axi_reram_0/inst/u_core/CELL_ARRAY[15].u_cell/endurance_counter_reg[28]/CLR
  -------------------------------------------------------------------    -------------------

                         (clock clk_fpga_0 rise edge)
                                                     20.000    20.000 r  
    PS7_X0Y0             PS7                          0.000    20.000 r  RevisionDesign_i/processing_system7_0/inst/PS7_i/FCLKCLK[0]
                         net (fo=1, routed)           1.088    21.088    RevisionDesign_i/processing_system7_0/inst/FCLK_CLK_unbuffered[0]
    BUFGCTRL_X0Y16       BUFG (Prop_bufg_I_O)         0.091    21.179 r  RevisionDesign_i/processing_system7_0/inst/buffer_fclk_clk_0.FCLK_CLK_0_BUFG/O
                         net (fo=2150, routed)        1.533    22.712    RevisionDesign_i/axi_reram_0/inst/u_core/CELL_ARRAY[15].u_cell/s00_axi_aclk
    SLICE_X62Y83         FDCE                                         r  RevisionDesign_i/axi_reram_0/inst/u_core/CELL_ARRAY[15].u_cell/endurance_counter_reg[28]/C
                         clock pessimism              0.129    22.841    
                         clock uncertainty           -0.302    22.539    
    SLICE_X62Y83         FDCE (Recov_fdce_C_CLR)     -0.319    22.220    RevisionDesign_i/axi_reram_0/inst/u_core/CELL_ARRAY[15].u_cell/endurance_counter_reg[28]
  -------------------------------------------------------------------
                         required time                         22.220    
                         arrival time                         -12.132    
  -------------------------------------------------------------------
                         slack                                 10.088    

Slack (MET) :             10.088ns  (required time - arrival time)
  Source:                 RevisionDesign_i/rst_ps7_0_50M/U0/ACTIVE_LOW_PR_OUT_DFF[0].FDRE_PER_N/C
                            (rising edge-triggered cell FDRE clocked by clk_fpga_0  {rise@0.000ns fall@10.000ns period=20.000ns})
  Destination:            RevisionDesign_i/axi_reram_0/inst/u_core/CELL_ARRAY[15].u_cell/endurance_counter_reg[29]/CLR
                            (recovery check against rising-edge clock clk_fpga_0  {rise@0.000ns fall@10.000ns period=20.000ns})
  Path Group:             **async_default**
  Path Type:              Recovery (Max at Slow Process Corner)
  Requirement:            20.000ns  (clk_fpga_0 rise@20.000ns - clk_fpga_0 rise@0.000ns)
  Data Path Delay:        9.192ns  (logic 0.580ns (6.310%)  route 8.612ns (93.690%))
  Logic Levels:           1  (LUT1=1)
  Clock Path Skew:        -0.099ns (DCD - SCD + CPR)
    Destination Clock Delay (DCD):    2.712ns = ( 22.712 - 20.000 ) 
    Source Clock Delay      (SCD):    2.940ns
    Clock Pessimism Removal (CPR):    0.129ns
  Clock Uncertainty:      0.302ns  ((TSJ^2 + TIJ^2)^1/2 + DJ) / 2 + PE
    Total System Jitter     (TSJ):    0.071ns
    Total Input Jitter      (TIJ):    0.600ns
    Discrete Jitter          (DJ):    0.000ns
    Phase Error              (PE):    0.000ns

    Location             Delay type                Incr(ns)  Path(ns)    Netlist Resource(s)
  -------------------------------------------------------------------    -------------------
                         (clock clk_fpga_0 rise edge)
                                                      0.000     0.000 r  
    PS7_X0Y0             PS7                          0.000     0.000 r  RevisionDesign_i/processing_system7_0/inst/PS7_i/FCLKCLK[0]
                         net (fo=1, routed)           1.193     1.193    RevisionDesign_i/processing_system7_0/inst/FCLK_CLK_unbuffered[0]
    BUFGCTRL_X0Y16       BUFG (Prop_bufg_I_O)         0.101     1.294 r  RevisionDesign_i/processing_system7_0/inst/buffer_fclk_clk_0.FCLK_CLK_0_BUFG/O
                         net (fo=2150, routed)        1.646     2.940    RevisionDesign_i/rst_ps7_0_50M/U0/slowest_sync_clk
    SLICE_X44Y85         FDRE                                         r  RevisionDesign_i/rst_ps7_0_50M/U0/ACTIVE_LOW_PR_OUT_DFF[0].FDRE_PER_N/C
  -------------------------------------------------------------------    -------------------
    SLICE_X44Y85         FDRE (Prop_fdre_C_Q)         0.456     3.396 r  RevisionDesign_i/rst_ps7_0_50M/U0/ACTIVE_LOW_PR_OUT_DFF[0].FDRE_PER_N/Q
                         net (fo=20, routed)          0.567     3.963    RevisionDesign_i/axi_reram_0/inst/u_core/CELL_ARRAY[0].u_cell/s00_axi_aresetn
    SLICE_X48Y91         LUT1 (Prop_lut1_I0_O)        0.124     4.087 f  RevisionDesign_i/axi_reram_0/inst/u_core/CELL_ARRAY[0].u_cell/bram_rstb_INST_0/O
                         net (fo=794, routed)         8.045    12.132    RevisionDesign_i/axi_reram_0/inst/u_core/CELL_ARRAY[15].u_cell/ACTIVE_LOW_PR_OUT_DFF[0].FDRE_PER_N
    SLICE_X62Y83         FDCE                                         f  RevisionDesign_i/axi_reram_0/inst/u_core/CELL_ARRAY[15].u_cell/endurance_counter_reg[29]/CLR
  -------------------------------------------------------------------    -------------------

                         (clock clk_fpga_0 rise edge)
                                                     20.000    20.000 r  
    PS7_X0Y0             PS7                          0.000    20.000 r  RevisionDesign_i/processing_system7_0/inst/PS7_i/FCLKCLK[0]
                         net (fo=1, routed)           1.088    21.088    RevisionDesign_i/processing_system7_0/inst/FCLK_CLK_unbuffered[0]
    BUFGCTRL_X0Y16       BUFG (Prop_bufg_I_O)         0.091    21.179 r  RevisionDesign_i/processing_system7_0/inst/buffer_fclk_clk_0.FCLK_CLK_0_BUFG/O
                         net (fo=2150, routed)        1.533    22.712    RevisionDesign_i/axi_reram_0/inst/u_core/CELL_ARRAY[15].u_cell/s00_axi_aclk
    SLICE_X62Y83         FDCE                                         r  RevisionDesign_i/axi_reram_0/inst/u_core/CELL_ARRAY[15].u_cell/endurance_counter_reg[29]/C
                         clock pessimism              0.129    22.841    
                         clock uncertainty           -0.302    22.539    
    SLICE_X62Y83         FDCE (Recov_fdce_C_CLR)     -0.319    22.220    RevisionDesign_i/axi_reram_0/inst/u_core/CELL_ARRAY[15].u_cell/endurance_counter_reg[29]
  -------------------------------------------------------------------
                         required time                         22.220    
                         arrival time                         -12.132    
  -------------------------------------------------------------------
                         slack                                 10.088    

Slack (MET) :             10.088ns  (required time - arrival time)
  Source:                 RevisionDesign_i/rst_ps7_0_50M/U0/ACTIVE_LOW_PR_OUT_DFF[0].FDRE_PER_N/C
                            (rising edge-triggered cell FDRE clocked by clk_fpga_0  {rise@0.000ns fall@10.000ns period=20.000ns})
  Destination:            RevisionDesign_i/axi_reram_0/inst/u_core/CELL_ARRAY[15].u_cell/endurance_counter_reg[30]/CLR
                            (recovery check against rising-edge clock clk_fpga_0  {rise@0.000ns fall@10.000ns period=20.000ns})
  Path Group:             **async_default**
  Path Type:              Recovery (Max at Slow Process Corner)
  Requirement:            20.000ns  (clk_fpga_0 rise@20.000ns - clk_fpga_0 rise@0.000ns)
  Data Path Delay:        9.192ns  (logic 0.580ns (6.310%)  route 8.612ns (93.690%))
  Logic Levels:           1  (LUT1=1)
  Clock Path Skew:        -0.099ns (DCD - SCD + CPR)
    Destination Clock Delay (DCD):    2.712ns = ( 22.712 - 20.000 ) 
    Source Clock Delay      (SCD):    2.940ns
    Clock Pessimism Removal (CPR):    0.129ns
  Clock Uncertainty:      0.302ns  ((TSJ^2 + TIJ^2)^1/2 + DJ) / 2 + PE
    Total System Jitter     (TSJ):    0.071ns
    Total Input Jitter      (TIJ):    0.600ns
    Discrete Jitter          (DJ):    0.000ns
    Phase Error              (PE):    0.000ns

    Location             Delay type                Incr(ns)  Path(ns)    Netlist Resource(s)
  -------------------------------------------------------------------    -------------------
                         (clock clk_fpga_0 rise edge)
                                                      0.000     0.000 r  
    PS7_X0Y0             PS7                          0.000     0.000 r  RevisionDesign_i/processing_system7_0/inst/PS7_i/FCLKCLK[0]
                         net (fo=1, routed)           1.193     1.193    RevisionDesign_i/processing_system7_0/inst/FCLK_CLK_unbuffered[0]
    BUFGCTRL_X0Y16       BUFG (Prop_bufg_I_O)         0.101     1.294 r  RevisionDesign_i/processing_system7_0/inst/buffer_fclk_clk_0.FCLK_CLK_0_BUFG/O
                         net (fo=2150, routed)        1.646     2.940    RevisionDesign_i/rst_ps7_0_50M/U0/slowest_sync_clk
    SLICE_X44Y85         FDRE                                         r  RevisionDesign_i/rst_ps7_0_50M/U0/ACTIVE_LOW_PR_OUT_DFF[0].FDRE_PER_N/C
  -------------------------------------------------------------------    -------------------
    SLICE_X44Y85         FDRE (Prop_fdre_C_Q)         0.456     3.396 r  RevisionDesign_i/rst_ps7_0_50M/U0/ACTIVE_LOW_PR_OUT_DFF[0].FDRE_PER_N/Q
                         net (fo=20, routed)          0.567     3.963    RevisionDesign_i/axi_reram_0/inst/u_core/CELL_ARRAY[0].u_cell/s00_axi_aresetn
    SLICE_X48Y91         LUT1 (Prop_lut1_I0_O)        0.124     4.087 f  RevisionDesign_i/axi_reram_0/inst/u_core/CELL_ARRAY[0].u_cell/bram_rstb_INST_0/O
                         net (fo=794, routed)         8.045    12.132    RevisionDesign_i/axi_reram_0/inst/u_core/CELL_ARRAY[15].u_cell/ACTIVE_LOW_PR_OUT_DFF[0].FDRE_PER_N
    SLICE_X62Y83         FDCE                                         f  RevisionDesign_i/axi_reram_0/inst/u_core/CELL_ARRAY[15].u_cell/endurance_counter_reg[30]/CLR
  -------------------------------------------------------------------    -------------------

                         (clock clk_fpga_0 rise edge)
                                                     20.000    20.000 r  
    PS7_X0Y0             PS7                          0.000    20.000 r  RevisionDesign_i/processing_system7_0/inst/PS7_i/FCLKCLK[0]
                         net (fo=1, routed)           1.088    21.088    RevisionDesign_i/processing_system7_0/inst/FCLK_CLK_unbuffered[0]
    BUFGCTRL_X0Y16       BUFG (Prop_bufg_I_O)         0.091    21.179 r  RevisionDesign_i/processing_system7_0/inst/buffer_fclk_clk_0.FCLK_CLK_0_BUFG/O
                         net (fo=2150, routed)        1.533    22.712    RevisionDesign_i/axi_reram_0/inst/u_core/CELL_ARRAY[15].u_cell/s00_axi_aclk
    SLICE_X62Y83         FDCE                                         r  RevisionDesign_i/axi_reram_0/inst/u_core/CELL_ARRAY[15].u_cell/endurance_counter_reg[30]/C
                         clock pessimism              0.129    22.841    
                         clock uncertainty           -0.302    22.539    
    SLICE_X62Y83         FDCE (Recov_fdce_C_CLR)     -0.319    22.220    RevisionDesign_i/axi_reram_0/inst/u_core/CELL_ARRAY[15].u_cell/endurance_counter_reg[30]
  -------------------------------------------------------------------
                         required time                         22.220    
                         arrival time                         -12.132    
  -------------------------------------------------------------------
                         slack                                 10.088    

Slack (MET) :             10.088ns  (required time - arrival time)
  Source:                 RevisionDesign_i/rst_ps7_0_50M/U0/ACTIVE_LOW_PR_OUT_DFF[0].FDRE_PER_N/C
                            (rising edge-triggered cell FDRE clocked by clk_fpga_0  {rise@0.000ns fall@10.000ns period=20.000ns})
  Destination:            RevisionDesign_i/axi_reram_0/inst/u_core/CELL_ARRAY[15].u_cell/endurance_counter_reg[31]/CLR
                            (recovery check against rising-edge clock clk_fpga_0  {rise@0.000ns fall@10.000ns period=20.000ns})
  Path Group:             **async_default**
  Path Type:              Recovery (Max at Slow Process Corner)
  Requirement:            20.000ns  (clk_fpga_0 rise@20.000ns - clk_fpga_0 rise@0.000ns)
  Data Path Delay:        9.192ns  (logic 0.580ns (6.310%)  route 8.612ns (93.690%))
  Logic Levels:           1  (LUT1=1)
  Clock Path Skew:        -0.099ns (DCD - SCD + CPR)
    Destination Clock Delay (DCD):    2.712ns = ( 22.712 - 20.000 ) 
    Source Clock Delay      (SCD):    2.940ns
    Clock Pessimism Removal (CPR):    0.129ns
  Clock Uncertainty:      0.302ns  ((TSJ^2 + TIJ^2)^1/2 + DJ) / 2 + PE
    Total System Jitter     (TSJ):    0.071ns
    Total Input Jitter      (TIJ):    0.600ns
    Discrete Jitter          (DJ):    0.000ns
    Phase Error              (PE):    0.000ns

    Location             Delay type                Incr(ns)  Path(ns)    Netlist Resource(s)
  -------------------------------------------------------------------    -------------------
                         (clock clk_fpga_0 rise edge)
                                                      0.000     0.000 r  
    PS7_X0Y0             PS7                          0.000     0.000 r  RevisionDesign_i/processing_system7_0/inst/PS7_i/FCLKCLK[0]
                         net (fo=1, routed)           1.193     1.193    RevisionDesign_i/processing_system7_0/inst/FCLK_CLK_unbuffered[0]
    BUFGCTRL_X0Y16       BUFG (Prop_bufg_I_O)         0.101     1.294 r  RevisionDesign_i/processing_system7_0/inst/buffer_fclk_clk_0.FCLK_CLK_0_BUFG/O
                         net (fo=2150, routed)        1.646     2.940    RevisionDesign_i/rst_ps7_0_50M/U0/slowest_sync_clk
    SLICE_X44Y85         FDRE                                         r  RevisionDesign_i/rst_ps7_0_50M/U0/ACTIVE_LOW_PR_OUT_DFF[0].FDRE_PER_N/C
  -------------------------------------------------------------------    -------------------
    SLICE_X44Y85         FDRE (Prop_fdre_C_Q)         0.456     3.396 r  RevisionDesign_i/rst_ps7_0_50M/U0/ACTIVE_LOW_PR_OUT_DFF[0].FDRE_PER_N/Q
                         net (fo=20, routed)          0.567     3.963    RevisionDesign_i/axi_reram_0/inst/u_core/CELL_ARRAY[0].u_cell/s00_axi_aresetn
    SLICE_X48Y91         LUT1 (Prop_lut1_I0_O)        0.124     4.087 f  RevisionDesign_i/axi_reram_0/inst/u_core/CELL_ARRAY[0].u_cell/bram_rstb_INST_0/O
                         net (fo=794, routed)         8.045    12.132    RevisionDesign_i/axi_reram_0/inst/u_core/CELL_ARRAY[15].u_cell/ACTIVE_LOW_PR_OUT_DFF[0].FDRE_PER_N
    SLICE_X62Y83         FDCE                                         f  RevisionDesign_i/axi_reram_0/inst/u_core/CELL_ARRAY[15].u_cell/endurance_counter_reg[31]/CLR
  -------------------------------------------------------------------    -------------------

                         (clock clk_fpga_0 rise edge)
                                                     20.000    20.000 r  
    PS7_X0Y0             PS7                          0.000    20.000 r  RevisionDesign_i/processing_system7_0/inst/PS7_i/FCLKCLK[0]
                         net (fo=1, routed)           1.088    21.088    RevisionDesign_i/processing_system7_0/inst/FCLK_CLK_unbuffered[0]
    BUFGCTRL_X0Y16       BUFG (Prop_bufg_I_O)         0.091    21.179 r  RevisionDesign_i/processing_system7_0/inst/buffer_fclk_clk_0.FCLK_CLK_0_BUFG/O
                         net (fo=2150, routed)        1.533    22.712    RevisionDesign_i/axi_reram_0/inst/u_core/CELL_ARRAY[15].u_cell/s00_axi_aclk
    SLICE_X62Y83         FDCE                                         r  RevisionDesign_i/axi_reram_0/inst/u_core/CELL_ARRAY[15].u_cell/endurance_counter_reg[31]/C
                         clock pessimism              0.129    22.841    
                         clock uncertainty           -0.302    22.539    
    SLICE_X62Y83         FDCE (Recov_fdce_C_CLR)     -0.319    22.220    RevisionDesign_i/axi_reram_0/inst/u_core/CELL_ARRAY[15].u_cell/endurance_counter_reg[31]
  -------------------------------------------------------------------
                         required time                         22.220    
                         arrival time                         -12.132    
  -------------------------------------------------------------------
                         slack                                 10.088    

Slack (MET) :             10.225ns  (required time - arrival time)
  Source:                 RevisionDesign_i/rst_ps7_0_50M/U0/ACTIVE_LOW_PR_OUT_DFF[0].FDRE_PER_N/C
                            (rising edge-triggered cell FDRE clocked by clk_fpga_0  {rise@0.000ns fall@10.000ns period=20.000ns})
  Destination:            RevisionDesign_i/axi_reram_0/inst/u_core/CELL_ARRAY[15].u_cell/endurance_counter_reg[24]/CLR
                            (recovery check against rising-edge clock clk_fpga_0  {rise@0.000ns fall@10.000ns period=20.000ns})
  Path Group:             **async_default**
  Path Type:              Recovery (Max at Slow Process Corner)
  Requirement:            20.000ns  (clk_fpga_0 rise@20.000ns - clk_fpga_0 rise@0.000ns)
  Data Path Delay:        9.054ns  (logic 0.580ns (6.406%)  route 8.474ns (93.594%))
  Logic Levels:           1  (LUT1=1)
  Clock Path Skew:        -0.100ns (DCD - SCD + CPR)
    Destination Clock Delay (DCD):    2.711ns = ( 22.711 - 20.000 ) 
    Source Clock Delay      (SCD):    2.940ns
    Clock Pessimism Removal (CPR):    0.129ns
  Clock Uncertainty:      0.302ns  ((TSJ^2 + TIJ^2)^1/2 + DJ) / 2 + PE
    Total System Jitter     (TSJ):    0.071ns
    Total Input Jitter      (TIJ):    0.600ns
    Discrete Jitter          (DJ):    0.000ns
    Phase Error              (PE):    0.000ns

    Location             Delay type                Incr(ns)  Path(ns)    Netlist Resource(s)
  -------------------------------------------------------------------    -------------------
                         (clock clk_fpga_0 rise edge)
                                                      0.000     0.000 r  
    PS7_X0Y0             PS7                          0.000     0.000 r  RevisionDesign_i/processing_system7_0/inst/PS7_i/FCLKCLK[0]
                         net (fo=1, routed)           1.193     1.193    RevisionDesign_i/processing_system7_0/inst/FCLK_CLK_unbuffered[0]
    BUFGCTRL_X0Y16       BUFG (Prop_bufg_I_O)         0.101     1.294 r  RevisionDesign_i/processing_system7_0/inst/buffer_fclk_clk_0.FCLK_CLK_0_BUFG/O
                         net (fo=2150, routed)        1.646     2.940    RevisionDesign_i/rst_ps7_0_50M/U0/slowest_sync_clk
    SLICE_X44Y85         FDRE                                         r  RevisionDesign_i/rst_ps7_0_50M/U0/ACTIVE_LOW_PR_OUT_DFF[0].FDRE_PER_N/C
  -------------------------------------------------------------------    -------------------
    SLICE_X44Y85         FDRE (Prop_fdre_C_Q)         0.456     3.396 r  RevisionDesign_i/rst_ps7_0_50M/U0/ACTIVE_LOW_PR_OUT_DFF[0].FDRE_PER_N/Q
                         net (fo=20, routed)          0.567     3.963    RevisionDesign_i/axi_reram_0/inst/u_core/CELL_ARRAY[0].u_cell/s00_axi_aresetn
    SLICE_X48Y91         LUT1 (Prop_lut1_I0_O)        0.124     4.087 f  RevisionDesign_i/axi_reram_0/inst/u_core/CELL_ARRAY[0].u_cell/bram_rstb_INST_0/O
                         net (fo=794, routed)         7.907    11.994    RevisionDesign_i/axi_reram_0/inst/u_core/CELL_ARRAY[15].u_cell/ACTIVE_LOW_PR_OUT_DFF[0].FDRE_PER_N
    SLICE_X62Y82         FDCE                                         f  RevisionDesign_i/axi_reram_0/inst/u_core/CELL_ARRAY[15].u_cell/endurance_counter_reg[24]/CLR
  -------------------------------------------------------------------    -------------------

                         (clock clk_fpga_0 rise edge)
                                                     20.000    20.000 r  
    PS7_X0Y0             PS7                          0.000    20.000 r  RevisionDesign_i/processing_system7_0/inst/PS7_i/FCLKCLK[0]
                         net (fo=1, routed)           1.088    21.088    RevisionDesign_i/processing_system7_0/inst/FCLK_CLK_unbuffered[0]
    BUFGCTRL_X0Y16       BUFG (Prop_bufg_I_O)         0.091    21.179 r  RevisionDesign_i/processing_system7_0/inst/buffer_fclk_clk_0.FCLK_CLK_0_BUFG/O
                         net (fo=2150, routed)        1.532    22.711    RevisionDesign_i/axi_reram_0/inst/u_core/CELL_ARRAY[15].u_cell/s00_axi_aclk
    SLICE_X62Y82         FDCE                                         r  RevisionDesign_i/axi_reram_0/inst/u_core/CELL_ARRAY[15].u_cell/endurance_counter_reg[24]/C
                         clock pessimism              0.129    22.840    
                         clock uncertainty           -0.302    22.538    
    SLICE_X62Y82         FDCE (Recov_fdce_C_CLR)     -0.319    22.219    RevisionDesign_i/axi_reram_0/inst/u_core/CELL_ARRAY[15].u_cell/endurance_counter_reg[24]
  -------------------------------------------------------------------
                         required time                         22.219    
                         arrival time                         -11.994    
  -------------------------------------------------------------------
                         slack                                 10.225    

Slack (MET) :             10.225ns  (required time - arrival time)
  Source:                 RevisionDesign_i/rst_ps7_0_50M/U0/ACTIVE_LOW_PR_OUT_DFF[0].FDRE_PER_N/C
                            (rising edge-triggered cell FDRE clocked by clk_fpga_0  {rise@0.000ns fall@10.000ns period=20.000ns})
  Destination:            RevisionDesign_i/axi_reram_0/inst/u_core/CELL_ARRAY[15].u_cell/endurance_counter_reg[25]/CLR
                            (recovery check against rising-edge clock clk_fpga_0  {rise@0.000ns fall@10.000ns period=20.000ns})
  Path Group:             **async_default**
  Path Type:              Recovery (Max at Slow Process Corner)
  Requirement:            20.000ns  (clk_fpga_0 rise@20.000ns - clk_fpga_0 rise@0.000ns)
  Data Path Delay:        9.054ns  (logic 0.580ns (6.406%)  route 8.474ns (93.594%))
  Logic Levels:           1  (LUT1=1)
  Clock Path Skew:        -0.100ns (DCD - SCD + CPR)
    Destination Clock Delay (DCD):    2.711ns = ( 22.711 - 20.000 ) 
    Source Clock Delay      (SCD):    2.940ns
    Clock Pessimism Removal (CPR):    0.129ns
  Clock Uncertainty:      0.302ns  ((TSJ^2 + TIJ^2)^1/2 + DJ) / 2 + PE
    Total System Jitter     (TSJ):    0.071ns
    Total Input Jitter      (TIJ):    0.600ns
    Discrete Jitter          (DJ):    0.000ns
    Phase Error              (PE):    0.000ns

    Location             Delay type                Incr(ns)  Path(ns)    Netlist Resource(s)
  -------------------------------------------------------------------    -------------------
                         (clock clk_fpga_0 rise edge)
                                                      0.000     0.000 r  
    PS7_X0Y0             PS7                          0.000     0.000 r  RevisionDesign_i/processing_system7_0/inst/PS7_i/FCLKCLK[0]
                         net (fo=1, routed)           1.193     1.193    RevisionDesign_i/processing_system7_0/inst/FCLK_CLK_unbuffered[0]
    BUFGCTRL_X0Y16       BUFG (Prop_bufg_I_O)         0.101     1.294 r  RevisionDesign_i/processing_system7_0/inst/buffer_fclk_clk_0.FCLK_CLK_0_BUFG/O
                         net (fo=2150, routed)        1.646     2.940    RevisionDesign_i/rst_ps7_0_50M/U0/slowest_sync_clk
    SLICE_X44Y85         FDRE                                         r  RevisionDesign_i/rst_ps7_0_50M/U0/ACTIVE_LOW_PR_OUT_DFF[0].FDRE_PER_N/C
  -------------------------------------------------------------------    -------------------
    SLICE_X44Y85         FDRE (Prop_fdre_C_Q)         0.456     3.396 r  RevisionDesign_i/rst_ps7_0_50M/U0/ACTIVE_LOW_PR_OUT_DFF[0].FDRE_PER_N/Q
                         net (fo=20, routed)          0.567     3.963    RevisionDesign_i/axi_reram_0/inst/u_core/CELL_ARRAY[0].u_cell/s00_axi_aresetn
    SLICE_X48Y91         LUT1 (Prop_lut1_I0_O)        0.124     4.087 f  RevisionDesign_i/axi_reram_0/inst/u_core/CELL_ARRAY[0].u_cell/bram_rstb_INST_0/O
                         net (fo=794, routed)         7.907    11.994    RevisionDesign_i/axi_reram_0/inst/u_core/CELL_ARRAY[15].u_cell/ACTIVE_LOW_PR_OUT_DFF[0].FDRE_PER_N
    SLICE_X62Y82         FDCE                                         f  RevisionDesign_i/axi_reram_0/inst/u_core/CELL_ARRAY[15].u_cell/endurance_counter_reg[25]/CLR
  -------------------------------------------------------------------    -------------------

                         (clock clk_fpga_0 rise edge)
                                                     20.000    20.000 r  
    PS7_X0Y0             PS7                          0.000    20.000 r  RevisionDesign_i/processing_system7_0/inst/PS7_i/FCLKCLK[0]
                         net (fo=1, routed)           1.088    21.088    RevisionDesign_i/processing_system7_0/inst/FCLK_CLK_unbuffered[0]
    BUFGCTRL_X0Y16       BUFG (Prop_bufg_I_O)         0.091    21.179 r  RevisionDesign_i/processing_system7_0/inst/buffer_fclk_clk_0.FCLK_CLK_0_BUFG/O
                         net (fo=2150, routed)        1.532    22.711    RevisionDesign_i/axi_reram_0/inst/u_core/CELL_ARRAY[15].u_cell/s00_axi_aclk
    SLICE_X62Y82         FDCE                                         r  RevisionDesign_i/axi_reram_0/inst/u_core/CELL_ARRAY[15].u_cell/endurance_counter_reg[25]/C
                         clock pessimism              0.129    22.840    
                         clock uncertainty           -0.302    22.538    
    SLICE_X62Y82         FDCE (Recov_fdce_C_CLR)     -0.319    22.219    RevisionDesign_i/axi_reram_0/inst/u_core/CELL_ARRAY[15].u_cell/endurance_counter_reg[25]
  -------------------------------------------------------------------
                         required time                         22.219    
                         arrival time                         -11.994    
  -------------------------------------------------------------------
                         slack                                 10.225    





Min Delay Paths
--------------------------------------------------------------------------------------
Slack (MET) :             0.828ns  (arrival time - required time)
  Source:                 RevisionDesign_i/rst_ps7_0_50M/U0/ACTIVE_LOW_PR_OUT_DFF[0].FDRE_PER_N/C
                            (rising edge-triggered cell FDRE clocked by clk_fpga_0  {rise@0.000ns fall@10.000ns period=20.000ns})
  Destination:            RevisionDesign_i/axi_reram_0/inst/u_core/CELL_ARRAY[8].u_cell/delay_counter_reg[1]/CLR
                            (removal check against rising-edge clock clk_fpga_0  {rise@0.000ns fall@10.000ns period=20.000ns})
  Path Group:             **async_default**
  Path Type:              Removal (Min at Fast Process Corner)
  Requirement:            0.000ns  (clk_fpga_0 rise@0.000ns - clk_fpga_0 rise@0.000ns)
  Data Path Delay:        0.752ns  (logic 0.186ns (24.748%)  route 0.566ns (75.252%))
  Logic Levels:           1  (LUT1=1)
  Clock Path Skew:        0.016ns (DCD - SCD - CPR)
    Destination Clock Delay (DCD):    1.186ns
    Source Clock Delay      (SCD):    0.888ns
    Clock Pessimism Removal (CPR):    0.282ns

    Location             Delay type                Incr(ns)  Path(ns)    Netlist Resource(s)
  -------------------------------------------------------------------    -------------------
                         (clock clk_fpga_0 rise edge)
                                                      0.000     0.000 r  
    PS7_X0Y0             PS7                          0.000     0.000 r  RevisionDesign_i/processing_system7_0/inst/PS7_i/FCLKCLK[0]
                         net (fo=1, routed)           0.310     0.310    RevisionDesign_i/processing_system7_0/inst/FCLK_CLK_unbuffered[0]
    BUFGCTRL_X0Y16       BUFG (Prop_bufg_I_O)         0.026     0.336 r  RevisionDesign_i/processing_system7_0/inst/buffer_fclk_clk_0.FCLK_CLK_0_BUFG/O
                         net (fo=2150, routed)        0.552     0.888    RevisionDesign_i/rst_ps7_0_50M/U0/slowest_sync_clk
    SLICE_X44Y85         FDRE                                         r  RevisionDesign_i/rst_ps7_0_50M/U0/ACTIVE_LOW_PR_OUT_DFF[0].FDRE_PER_N/C
  -------------------------------------------------------------------    -------------------
    SLICE_X44Y85         FDRE (Prop_fdre_C_Q)         0.141     1.029 r  RevisionDesign_i/rst_ps7_0_50M/U0/ACTIVE_LOW_PR_OUT_DFF[0].FDRE_PER_N/Q
                         net (fo=20, routed)          0.263     1.291    RevisionDesign_i/axi_reram_0/inst/u_core/CELL_ARRAY[0].u_cell/s00_axi_aresetn
    SLICE_X48Y91         LUT1 (Prop_lut1_I0_O)        0.045     1.336 f  RevisionDesign_i/axi_reram_0/inst/u_core/CELL_ARRAY[0].u_cell/bram_rstb_INST_0/O
                         net (fo=794, routed)         0.303     1.639    RevisionDesign_i/axi_reram_0/inst/u_core/CELL_ARRAY[8].u_cell/ACTIVE_LOW_PR_OUT_DFF[0].FDRE_PER_N
    SLICE_X45Y87         FDCE                                         f  RevisionDesign_i/axi_reram_0/inst/u_core/CELL_ARRAY[8].u_cell/delay_counter_reg[1]/CLR
  -------------------------------------------------------------------    -------------------

                         (clock clk_fpga_0 rise edge)
                                                      0.000     0.000 r  
    PS7_X0Y0             PS7                          0.000     0.000 r  RevisionDesign_i/processing_system7_0/inst/PS7_i/FCLKCLK[0]
                         net (fo=1, routed)           0.337     0.337    RevisionDesign_i/processing_system7_0/inst/FCLK_CLK_unbuffered[0]
    BUFGCTRL_X0Y16       BUFG (Prop_bufg_I_O)         0.029     0.366 r  RevisionDesign_i/processing_system7_0/inst/buffer_fclk_clk_0.FCLK_CLK_0_BUFG/O
                         net (fo=2150, routed)        0.820     1.186    RevisionDesign_i/axi_reram_0/inst/u_core/CELL_ARRAY[8].u_cell/s00_axi_aclk
    SLICE_X45Y87         FDCE                                         r  RevisionDesign_i/axi_reram_0/inst/u_core/CELL_ARRAY[8].u_cell/delay_counter_reg[1]/C
                         clock pessimism             -0.282     0.904    
    SLICE_X45Y87         FDCE (Remov_fdce_C_CLR)     -0.092     0.812    RevisionDesign_i/axi_reram_0/inst/u_core/CELL_ARRAY[8].u_cell/delay_counter_reg[1]
  -------------------------------------------------------------------
                         required time                         -0.812    
                         arrival time                           1.639    
  -------------------------------------------------------------------
                         slack                                  0.828    

Slack (MET) :             0.832ns  (arrival time - required time)
  Source:                 RevisionDesign_i/rst_ps7_0_50M/U0/ACTIVE_LOW_PR_OUT_DFF[0].FDRE_PER_N/C
                            (rising edge-triggered cell FDRE clocked by clk_fpga_0  {rise@0.000ns fall@10.000ns period=20.000ns})
  Destination:            RevisionDesign_i/axi_reram_0/inst/u_core/CELL_ARRAY[8].u_cell/delay_counter_reg[2]/CLR
                            (removal check against rising-edge clock clk_fpga_0  {rise@0.000ns fall@10.000ns period=20.000ns})
  Path Group:             **async_default**
  Path Type:              Removal (Min at Fast Process Corner)
  Requirement:            0.000ns  (clk_fpga_0 rise@0.000ns - clk_fpga_0 rise@0.000ns)
  Data Path Delay:        0.756ns  (logic 0.186ns (24.606%)  route 0.570ns (75.394%))
  Logic Levels:           1  (LUT1=1)
  Clock Path Skew:        0.016ns (DCD - SCD - CPR)
    Destination Clock Delay (DCD):    1.186ns
    Source Clock Delay      (SCD):    0.888ns
    Clock Pessimism Removal (CPR):    0.282ns

    Location             Delay type                Incr(ns)  Path(ns)    Netlist Resource(s)
  -------------------------------------------------------------------    -------------------
                         (clock clk_fpga_0 rise edge)
                                                      0.000     0.000 r  
    PS7_X0Y0             PS7                          0.000     0.000 r  RevisionDesign_i/processing_system7_0/inst/PS7_i/FCLKCLK[0]
                         net (fo=1, routed)           0.310     0.310    RevisionDesign_i/processing_system7_0/inst/FCLK_CLK_unbuffered[0]
    BUFGCTRL_X0Y16       BUFG (Prop_bufg_I_O)         0.026     0.336 r  RevisionDesign_i/processing_system7_0/inst/buffer_fclk_clk_0.FCLK_CLK_0_BUFG/O
                         net (fo=2150, routed)        0.552     0.888    RevisionDesign_i/rst_ps7_0_50M/U0/slowest_sync_clk
    SLICE_X44Y85         FDRE                                         r  RevisionDesign_i/rst_ps7_0_50M/U0/ACTIVE_LOW_PR_OUT_DFF[0].FDRE_PER_N/C
  -------------------------------------------------------------------    -------------------
    SLICE_X44Y85         FDRE (Prop_fdre_C_Q)         0.141     1.029 r  RevisionDesign_i/rst_ps7_0_50M/U0/ACTIVE_LOW_PR_OUT_DFF[0].FDRE_PER_N/Q
                         net (fo=20, routed)          0.263     1.291    RevisionDesign_i/axi_reram_0/inst/u_core/CELL_ARRAY[0].u_cell/s00_axi_aresetn
    SLICE_X48Y91         LUT1 (Prop_lut1_I0_O)        0.045     1.336 f  RevisionDesign_i/axi_reram_0/inst/u_core/CELL_ARRAY[0].u_cell/bram_rstb_INST_0/O
                         net (fo=794, routed)         0.307     1.644    RevisionDesign_i/axi_reram_0/inst/u_core/CELL_ARRAY[8].u_cell/ACTIVE_LOW_PR_OUT_DFF[0].FDRE_PER_N
    SLICE_X44Y87         FDCE                                         f  RevisionDesign_i/axi_reram_0/inst/u_core/CELL_ARRAY[8].u_cell/delay_counter_reg[2]/CLR
  -------------------------------------------------------------------    -------------------

                         (clock clk_fpga_0 rise edge)
                                                      0.000     0.000 r  
    PS7_X0Y0             PS7                          0.000     0.000 r  RevisionDesign_i/processing_system7_0/inst/PS7_i/FCLKCLK[0]
                         net (fo=1, routed)           0.337     0.337    RevisionDesign_i/processing_system7_0/inst/FCLK_CLK_unbuffered[0]
    BUFGCTRL_X0Y16       BUFG (Prop_bufg_I_O)         0.029     0.366 r  RevisionDesign_i/processing_system7_0/inst/buffer_fclk_clk_0.FCLK_CLK_0_BUFG/O
                         net (fo=2150, routed)        0.820     1.186    RevisionDesign_i/axi_reram_0/inst/u_core/CELL_ARRAY[8].u_cell/s00_axi_aclk
    SLICE_X44Y87         FDCE                                         r  RevisionDesign_i/axi_reram_0/inst/u_core/CELL_ARRAY[8].u_cell/delay_counter_reg[2]/C
                         clock pessimism             -0.282     0.904    
    SLICE_X44Y87         FDCE (Remov_fdce_C_CLR)     -0.092     0.812    RevisionDesign_i/axi_reram_0/inst/u_core/CELL_ARRAY[8].u_cell/delay_counter_reg[2]
  -------------------------------------------------------------------
                         required time                         -0.812    
                         arrival time                           1.644    
  -------------------------------------------------------------------
                         slack                                  0.832    

Slack (MET) :             0.832ns  (arrival time - required time)
  Source:                 RevisionDesign_i/rst_ps7_0_50M/U0/ACTIVE_LOW_PR_OUT_DFF[0].FDRE_PER_N/C
                            (rising edge-triggered cell FDRE clocked by clk_fpga_0  {rise@0.000ns fall@10.000ns period=20.000ns})
  Destination:            RevisionDesign_i/axi_reram_0/inst/u_core/CELL_ARRAY[8].u_cell/delay_counter_reg[3]/CLR
                            (removal check against rising-edge clock clk_fpga_0  {rise@0.000ns fall@10.000ns period=20.000ns})
  Path Group:             **async_default**
  Path Type:              Removal (Min at Fast Process Corner)
  Requirement:            0.000ns  (clk_fpga_0 rise@0.000ns - clk_fpga_0 rise@0.000ns)
  Data Path Delay:        0.756ns  (logic 0.186ns (24.606%)  route 0.570ns (75.394%))
  Logic Levels:           1  (LUT1=1)
  Clock Path Skew:        0.016ns (DCD - SCD - CPR)
    Destination Clock Delay (DCD):    1.186ns
    Source Clock Delay      (SCD):    0.888ns
    Clock Pessimism Removal (CPR):    0.282ns

    Location             Delay type                Incr(ns)  Path(ns)    Netlist Resource(s)
  -------------------------------------------------------------------    -------------------
                         (clock clk_fpga_0 rise edge)
                                                      0.000     0.000 r  
    PS7_X0Y0             PS7                          0.000     0.000 r  RevisionDesign_i/processing_system7_0/inst/PS7_i/FCLKCLK[0]
                         net (fo=1, routed)           0.310     0.310    RevisionDesign_i/processing_system7_0/inst/FCLK_CLK_unbuffered[0]
    BUFGCTRL_X0Y16       BUFG (Prop_bufg_I_O)         0.026     0.336 r  RevisionDesign_i/processing_system7_0/inst/buffer_fclk_clk_0.FCLK_CLK_0_BUFG/O
                         net (fo=2150, routed)        0.552     0.888    RevisionDesign_i/rst_ps7_0_50M/U0/slowest_sync_clk
    SLICE_X44Y85         FDRE                                         r  RevisionDesign_i/rst_ps7_0_50M/U0/ACTIVE_LOW_PR_OUT_DFF[0].FDRE_PER_N/C
  -------------------------------------------------------------------    -------------------
    SLICE_X44Y85         FDRE (Prop_fdre_C_Q)         0.141     1.029 r  RevisionDesign_i/rst_ps7_0_50M/U0/ACTIVE_LOW_PR_OUT_DFF[0].FDRE_PER_N/Q
                         net (fo=20, routed)          0.263     1.291    RevisionDesign_i/axi_reram_0/inst/u_core/CELL_ARRAY[0].u_cell/s00_axi_aresetn
    SLICE_X48Y91         LUT1 (Prop_lut1_I0_O)        0.045     1.336 f  RevisionDesign_i/axi_reram_0/inst/u_core/CELL_ARRAY[0].u_cell/bram_rstb_INST_0/O
                         net (fo=794, routed)         0.307     1.644    RevisionDesign_i/axi_reram_0/inst/u_core/CELL_ARRAY[8].u_cell/ACTIVE_LOW_PR_OUT_DFF[0].FDRE_PER_N
    SLICE_X44Y87         FDCE                                         f  RevisionDesign_i/axi_reram_0/inst/u_core/CELL_ARRAY[8].u_cell/delay_counter_reg[3]/CLR
  -------------------------------------------------------------------    -------------------

                         (clock clk_fpga_0 rise edge)
                                                      0.000     0.000 r  
    PS7_X0Y0             PS7                          0.000     0.000 r  RevisionDesign_i/processing_system7_0/inst/PS7_i/FCLKCLK[0]
                         net (fo=1, routed)           0.337     0.337    RevisionDesign_i/processing_system7_0/inst/FCLK_CLK_unbuffered[0]
    BUFGCTRL_X0Y16       BUFG (Prop_bufg_I_O)         0.029     0.366 r  RevisionDesign_i/processing_system7_0/inst/buffer_fclk_clk_0.FCLK_CLK_0_BUFG/O
                         net (fo=2150, routed)        0.820     1.186    RevisionDesign_i/axi_reram_0/inst/u_core/CELL_ARRAY[8].u_cell/s00_axi_aclk
    SLICE_X44Y87         FDCE                                         r  RevisionDesign_i/axi_reram_0/inst/u_core/CELL_ARRAY[8].u_cell/delay_counter_reg[3]/C
                         clock pessimism             -0.282     0.904    
    SLICE_X44Y87         FDCE (Remov_fdce_C_CLR)     -0.092     0.812    RevisionDesign_i/axi_reram_0/inst/u_core/CELL_ARRAY[8].u_cell/delay_counter_reg[3]
  -------------------------------------------------------------------
                         required time                         -0.812    
                         arrival time                           1.644    
  -------------------------------------------------------------------
                         slack                                  0.832    

Slack (MET) :             0.837ns  (arrival time - required time)
  Source:                 RevisionDesign_i/rst_ps7_0_50M/U0/ACTIVE_LOW_PR_OUT_DFF[0].FDRE_PER_N/C
                            (rising edge-triggered cell FDRE clocked by clk_fpga_0  {rise@0.000ns fall@10.000ns period=20.000ns})
  Destination:            RevisionDesign_i/axi_reram_0/inst/u_core/CELL_ARRAY[5].u_cell/endurance_counter_reg[28]/CLR
                            (removal check against rising-edge clock clk_fpga_0  {rise@0.000ns fall@10.000ns period=20.000ns})
  Path Group:             **async_default**
  Path Type:              Removal (Min at Fast Process Corner)
  Requirement:            0.000ns  (clk_fpga_0 rise@0.000ns - clk_fpga_0 rise@0.000ns)
  Data Path Delay:        0.779ns  (logic 0.186ns (23.883%)  route 0.593ns (76.117%))
  Logic Levels:           1  (LUT1=1)
  Clock Path Skew:        0.034ns (DCD - SCD - CPR)
    Destination Clock Delay (DCD):    1.186ns
    Source Clock Delay      (SCD):    0.888ns
    Clock Pessimism Removal (CPR):    0.264ns

    Location             Delay type                Incr(ns)  Path(ns)    Netlist Resource(s)
  -------------------------------------------------------------------    -------------------
                         (clock clk_fpga_0 rise edge)
                                                      0.000     0.000 r  
    PS7_X0Y0             PS7                          0.000     0.000 r  RevisionDesign_i/processing_system7_0/inst/PS7_i/FCLKCLK[0]
                         net (fo=1, routed)           0.310     0.310    RevisionDesign_i/processing_system7_0/inst/FCLK_CLK_unbuffered[0]
    BUFGCTRL_X0Y16       BUFG (Prop_bufg_I_O)         0.026     0.336 r  RevisionDesign_i/processing_system7_0/inst/buffer_fclk_clk_0.FCLK_CLK_0_BUFG/O
                         net (fo=2150, routed)        0.552     0.888    RevisionDesign_i/rst_ps7_0_50M/U0/slowest_sync_clk
    SLICE_X44Y85         FDRE                                         r  RevisionDesign_i/rst_ps7_0_50M/U0/ACTIVE_LOW_PR_OUT_DFF[0].FDRE_PER_N/C
  -------------------------------------------------------------------    -------------------
    SLICE_X44Y85         FDRE (Prop_fdre_C_Q)         0.141     1.029 r  RevisionDesign_i/rst_ps7_0_50M/U0/ACTIVE_LOW_PR_OUT_DFF[0].FDRE_PER_N/Q
                         net (fo=20, routed)          0.263     1.291    RevisionDesign_i/axi_reram_0/inst/u_core/CELL_ARRAY[0].u_cell/s00_axi_aresetn
    SLICE_X48Y91         LUT1 (Prop_lut1_I0_O)        0.045     1.336 f  RevisionDesign_i/axi_reram_0/inst/u_core/CELL_ARRAY[0].u_cell/bram_rstb_INST_0/O
                         net (fo=794, routed)         0.330     1.666    RevisionDesign_i/axi_reram_0/inst/u_core/CELL_ARRAY[5].u_cell/ACTIVE_LOW_PR_OUT_DFF[0].FDRE_PER_N
    SLICE_X49Y87         FDCE                                         f  RevisionDesign_i/axi_reram_0/inst/u_core/CELL_ARRAY[5].u_cell/endurance_counter_reg[28]/CLR
  -------------------------------------------------------------------    -------------------

                         (clock clk_fpga_0 rise edge)
                                                      0.000     0.000 r  
    PS7_X0Y0             PS7                          0.000     0.000 r  RevisionDesign_i/processing_system7_0/inst/PS7_i/FCLKCLK[0]
                         net (fo=1, routed)           0.337     0.337    RevisionDesign_i/processing_system7_0/inst/FCLK_CLK_unbuffered[0]
    BUFGCTRL_X0Y16       BUFG (Prop_bufg_I_O)         0.029     0.366 r  RevisionDesign_i/processing_system7_0/inst/buffer_fclk_clk_0.FCLK_CLK_0_BUFG/O
                         net (fo=2150, routed)        0.820     1.186    RevisionDesign_i/axi_reram_0/inst/u_core/CELL_ARRAY[5].u_cell/s00_axi_aclk
    SLICE_X49Y87         FDCE                                         r  RevisionDesign_i/axi_reram_0/inst/u_core/CELL_ARRAY[5].u_cell/endurance_counter_reg[28]/C
                         clock pessimism             -0.264     0.922    
    SLICE_X49Y87         FDCE (Remov_fdce_C_CLR)     -0.092     0.830    RevisionDesign_i/axi_reram_0/inst/u_core/CELL_ARRAY[5].u_cell/endurance_counter_reg[28]
  -------------------------------------------------------------------
                         required time                         -0.830    
                         arrival time                           1.666    
  -------------------------------------------------------------------
                         slack                                  0.837    

Slack (MET) :             0.837ns  (arrival time - required time)
  Source:                 RevisionDesign_i/rst_ps7_0_50M/U0/ACTIVE_LOW_PR_OUT_DFF[0].FDRE_PER_N/C
                            (rising edge-triggered cell FDRE clocked by clk_fpga_0  {rise@0.000ns fall@10.000ns period=20.000ns})
  Destination:            RevisionDesign_i/axi_reram_0/inst/u_core/CELL_ARRAY[5].u_cell/endurance_counter_reg[29]/CLR
                            (removal check against rising-edge clock clk_fpga_0  {rise@0.000ns fall@10.000ns period=20.000ns})
  Path Group:             **async_default**
  Path Type:              Removal (Min at Fast Process Corner)
  Requirement:            0.000ns  (clk_fpga_0 rise@0.000ns - clk_fpga_0 rise@0.000ns)
  Data Path Delay:        0.779ns  (logic 0.186ns (23.883%)  route 0.593ns (76.117%))
  Logic Levels:           1  (LUT1=1)
  Clock Path Skew:        0.034ns (DCD - SCD - CPR)
    Destination Clock Delay (DCD):    1.186ns
    Source Clock Delay      (SCD):    0.888ns
    Clock Pessimism Removal (CPR):    0.264ns

    Location             Delay type                Incr(ns)  Path(ns)    Netlist Resource(s)
  -------------------------------------------------------------------    -------------------
                         (clock clk_fpga_0 rise edge)
                                                      0.000     0.000 r  
    PS7_X0Y0             PS7                          0.000     0.000 r  RevisionDesign_i/processing_system7_0/inst/PS7_i/FCLKCLK[0]
                         net (fo=1, routed)           0.310     0.310    RevisionDesign_i/processing_system7_0/inst/FCLK_CLK_unbuffered[0]
    BUFGCTRL_X0Y16       BUFG (Prop_bufg_I_O)         0.026     0.336 r  RevisionDesign_i/processing_system7_0/inst/buffer_fclk_clk_0.FCLK_CLK_0_BUFG/O
                         net (fo=2150, routed)        0.552     0.888    RevisionDesign_i/rst_ps7_0_50M/U0/slowest_sync_clk
    SLICE_X44Y85         FDRE                                         r  RevisionDesign_i/rst_ps7_0_50M/U0/ACTIVE_LOW_PR_OUT_DFF[0].FDRE_PER_N/C
  -------------------------------------------------------------------    -------------------
    SLICE_X44Y85         FDRE (Prop_fdre_C_Q)         0.141     1.029 r  RevisionDesign_i/rst_ps7_0_50M/U0/ACTIVE_LOW_PR_OUT_DFF[0].FDRE_PER_N/Q
                         net (fo=20, routed)          0.263     1.291    RevisionDesign_i/axi_reram_0/inst/u_core/CELL_ARRAY[0].u_cell/s00_axi_aresetn
    SLICE_X48Y91         LUT1 (Prop_lut1_I0_O)        0.045     1.336 f  RevisionDesign_i/axi_reram_0/inst/u_core/CELL_ARRAY[0].u_cell/bram_rstb_INST_0/O
                         net (fo=794, routed)         0.330     1.666    RevisionDesign_i/axi_reram_0/inst/u_core/CELL_ARRAY[5].u_cell/ACTIVE_LOW_PR_OUT_DFF[0].FDRE_PER_N
    SLICE_X49Y87         FDCE                                         f  RevisionDesign_i/axi_reram_0/inst/u_core/CELL_ARRAY[5].u_cell/endurance_counter_reg[29]/CLR
  -------------------------------------------------------------------    -------------------

                         (clock clk_fpga_0 rise edge)
                                                      0.000     0.000 r  
    PS7_X0Y0             PS7                          0.000     0.000 r  RevisionDesign_i/processing_system7_0/inst/PS7_i/FCLKCLK[0]
                         net (fo=1, routed)           0.337     0.337    RevisionDesign_i/processing_system7_0/inst/FCLK_CLK_unbuffered[0]
    BUFGCTRL_X0Y16       BUFG (Prop_bufg_I_O)         0.029     0.366 r  RevisionDesign_i/processing_system7_0/inst/buffer_fclk_clk_0.FCLK_CLK_0_BUFG/O
                         net (fo=2150, routed)        0.820     1.186    RevisionDesign_i/axi_reram_0/inst/u_core/CELL_ARRAY[5].u_cell/s00_axi_aclk
    SLICE_X49Y87         FDCE                                         r  RevisionDesign_i/axi_reram_0/inst/u_core/CELL_ARRAY[5].u_cell/endurance_counter_reg[29]/C
                         clock pessimism             -0.264     0.922    
    SLICE_X49Y87         FDCE (Remov_fdce_C_CLR)     -0.092     0.830    RevisionDesign_i/axi_reram_0/inst/u_core/CELL_ARRAY[5].u_cell/endurance_counter_reg[29]
  -------------------------------------------------------------------
                         required time                         -0.830    
                         arrival time                           1.666    
  -------------------------------------------------------------------
                         slack                                  0.837    

Slack (MET) :             0.837ns  (arrival time - required time)
  Source:                 RevisionDesign_i/rst_ps7_0_50M/U0/ACTIVE_LOW_PR_OUT_DFF[0].FDRE_PER_N/C
                            (rising edge-triggered cell FDRE clocked by clk_fpga_0  {rise@0.000ns fall@10.000ns period=20.000ns})
  Destination:            RevisionDesign_i/axi_reram_0/inst/u_core/CELL_ARRAY[5].u_cell/endurance_counter_reg[30]/CLR
                            (removal check against rising-edge clock clk_fpga_0  {rise@0.000ns fall@10.000ns period=20.000ns})
  Path Group:             **async_default**
  Path Type:              Removal (Min at Fast Process Corner)
  Requirement:            0.000ns  (clk_fpga_0 rise@0.000ns - clk_fpga_0 rise@0.000ns)
  Data Path Delay:        0.779ns  (logic 0.186ns (23.883%)  route 0.593ns (76.117%))
  Logic Levels:           1  (LUT1=1)
  Clock Path Skew:        0.034ns (DCD - SCD - CPR)
    Destination Clock Delay (DCD):    1.186ns
    Source Clock Delay      (SCD):    0.888ns
    Clock Pessimism Removal (CPR):    0.264ns

    Location             Delay type                Incr(ns)  Path(ns)    Netlist Resource(s)
  -------------------------------------------------------------------    -------------------
                         (clock clk_fpga_0 rise edge)
                                                      0.000     0.000 r  
    PS7_X0Y0             PS7                          0.000     0.000 r  RevisionDesign_i/processing_system7_0/inst/PS7_i/FCLKCLK[0]
                         net (fo=1, routed)           0.310     0.310    RevisionDesign_i/processing_system7_0/inst/FCLK_CLK_unbuffered[0]
    BUFGCTRL_X0Y16       BUFG (Prop_bufg_I_O)         0.026     0.336 r  RevisionDesign_i/processing_system7_0/inst/buffer_fclk_clk_0.FCLK_CLK_0_BUFG/O
                         net (fo=2150, routed)        0.552     0.888    RevisionDesign_i/rst_ps7_0_50M/U0/slowest_sync_clk
    SLICE_X44Y85         FDRE                                         r  RevisionDesign_i/rst_ps7_0_50M/U0/ACTIVE_LOW_PR_OUT_DFF[0].FDRE_PER_N/C
  -------------------------------------------------------------------    -------------------
    SLICE_X44Y85         FDRE (Prop_fdre_C_Q)         0.141     1.029 r  RevisionDesign_i/rst_ps7_0_50M/U0/ACTIVE_LOW_PR_OUT_DFF[0].FDRE_PER_N/Q
                         net (fo=20, routed)          0.263     1.291    RevisionDesign_i/axi_reram_0/inst/u_core/CELL_ARRAY[0].u_cell/s00_axi_aresetn
    SLICE_X48Y91         LUT1 (Prop_lut1_I0_O)        0.045     1.336 f  RevisionDesign_i/axi_reram_0/inst/u_core/CELL_ARRAY[0].u_cell/bram_rstb_INST_0/O
                         net (fo=794, routed)         0.330     1.666    RevisionDesign_i/axi_reram_0/inst/u_core/CELL_ARRAY[5].u_cell/ACTIVE_LOW_PR_OUT_DFF[0].FDRE_PER_N
    SLICE_X49Y87         FDCE                                         f  RevisionDesign_i/axi_reram_0/inst/u_core/CELL_ARRAY[5].u_cell/endurance_counter_reg[30]/CLR
  -------------------------------------------------------------------    -------------------

                         (clock clk_fpga_0 rise edge)
                                                      0.000     0.000 r  
    PS7_X0Y0             PS7                          0.000     0.000 r  RevisionDesign_i/processing_system7_0/inst/PS7_i/FCLKCLK[0]
                         net (fo=1, routed)           0.337     0.337    RevisionDesign_i/processing_system7_0/inst/FCLK_CLK_unbuffered[0]
    BUFGCTRL_X0Y16       BUFG (Prop_bufg_I_O)         0.029     0.366 r  RevisionDesign_i/processing_system7_0/inst/buffer_fclk_clk_0.FCLK_CLK_0_BUFG/O
                         net (fo=2150, routed)        0.820     1.186    RevisionDesign_i/axi_reram_0/inst/u_core/CELL_ARRAY[5].u_cell/s00_axi_aclk
    SLICE_X49Y87         FDCE                                         r  RevisionDesign_i/axi_reram_0/inst/u_core/CELL_ARRAY[5].u_cell/endurance_counter_reg[30]/C
                         clock pessimism             -0.264     0.922    
    SLICE_X49Y87         FDCE (Remov_fdce_C_CLR)     -0.092     0.830    RevisionDesign_i/axi_reram_0/inst/u_core/CELL_ARRAY[5].u_cell/endurance_counter_reg[30]
  -------------------------------------------------------------------
                         required time                         -0.830    
                         arrival time                           1.666    
  -------------------------------------------------------------------
                         slack                                  0.837    

Slack (MET) :             0.837ns  (arrival time - required time)
  Source:                 RevisionDesign_i/rst_ps7_0_50M/U0/ACTIVE_LOW_PR_OUT_DFF[0].FDRE_PER_N/C
                            (rising edge-triggered cell FDRE clocked by clk_fpga_0  {rise@0.000ns fall@10.000ns period=20.000ns})
  Destination:            RevisionDesign_i/axi_reram_0/inst/u_core/CELL_ARRAY[5].u_cell/endurance_counter_reg[31]/CLR
                            (removal check against rising-edge clock clk_fpga_0  {rise@0.000ns fall@10.000ns period=20.000ns})
  Path Group:             **async_default**
  Path Type:              Removal (Min at Fast Process Corner)
  Requirement:            0.000ns  (clk_fpga_0 rise@0.000ns - clk_fpga_0 rise@0.000ns)
  Data Path Delay:        0.779ns  (logic 0.186ns (23.883%)  route 0.593ns (76.117%))
  Logic Levels:           1  (LUT1=1)
  Clock Path Skew:        0.034ns (DCD - SCD - CPR)
    Destination Clock Delay (DCD):    1.186ns
    Source Clock Delay      (SCD):    0.888ns
    Clock Pessimism Removal (CPR):    0.264ns

    Location             Delay type                Incr(ns)  Path(ns)    Netlist Resource(s)
  -------------------------------------------------------------------    -------------------
                         (clock clk_fpga_0 rise edge)
                                                      0.000     0.000 r  
    PS7_X0Y0             PS7                          0.000     0.000 r  RevisionDesign_i/processing_system7_0/inst/PS7_i/FCLKCLK[0]
                         net (fo=1, routed)           0.310     0.310    RevisionDesign_i/processing_system7_0/inst/FCLK_CLK_unbuffered[0]
    BUFGCTRL_X0Y16       BUFG (Prop_bufg_I_O)         0.026     0.336 r  RevisionDesign_i/processing_system7_0/inst/buffer_fclk_clk_0.FCLK_CLK_0_BUFG/O
                         net (fo=2150, routed)        0.552     0.888    RevisionDesign_i/rst_ps7_0_50M/U0/slowest_sync_clk
    SLICE_X44Y85         FDRE                                         r  RevisionDesign_i/rst_ps7_0_50M/U0/ACTIVE_LOW_PR_OUT_DFF[0].FDRE_PER_N/C
  -------------------------------------------------------------------    -------------------
    SLICE_X44Y85         FDRE (Prop_fdre_C_Q)         0.141     1.029 r  RevisionDesign_i/rst_ps7_0_50M/U0/ACTIVE_LOW_PR_OUT_DFF[0].FDRE_PER_N/Q
                         net (fo=20, routed)          0.263     1.291    RevisionDesign_i/axi_reram_0/inst/u_core/CELL_ARRAY[0].u_cell/s00_axi_aresetn
    SLICE_X48Y91         LUT1 (Prop_lut1_I0_O)        0.045     1.336 f  RevisionDesign_i/axi_reram_0/inst/u_core/CELL_ARRAY[0].u_cell/bram_rstb_INST_0/O
                         net (fo=794, routed)         0.330     1.666    RevisionDesign_i/axi_reram_0/inst/u_core/CELL_ARRAY[5].u_cell/ACTIVE_LOW_PR_OUT_DFF[0].FDRE_PER_N
    SLICE_X49Y87         FDCE                                         f  RevisionDesign_i/axi_reram_0/inst/u_core/CELL_ARRAY[5].u_cell/endurance_counter_reg[31]/CLR
  -------------------------------------------------------------------    -------------------

                         (clock clk_fpga_0 rise edge)
                                                      0.000     0.000 r  
    PS7_X0Y0             PS7                          0.000     0.000 r  RevisionDesign_i/processing_system7_0/inst/PS7_i/FCLKCLK[0]
                         net (fo=1, routed)           0.337     0.337    RevisionDesign_i/processing_system7_0/inst/FCLK_CLK_unbuffered[0]
    BUFGCTRL_X0Y16       BUFG (Prop_bufg_I_O)         0.029     0.366 r  RevisionDesign_i/processing_system7_0/inst/buffer_fclk_clk_0.FCLK_CLK_0_BUFG/O
                         net (fo=2150, routed)        0.820     1.186    RevisionDesign_i/axi_reram_0/inst/u_core/CELL_ARRAY[5].u_cell/s00_axi_aclk
    SLICE_X49Y87         FDCE                                         r  RevisionDesign_i/axi_reram_0/inst/u_core/CELL_ARRAY[5].u_cell/endurance_counter_reg[31]/C
                         clock pessimism             -0.264     0.922    
    SLICE_X49Y87         FDCE (Remov_fdce_C_CLR)     -0.092     0.830    RevisionDesign_i/axi_reram_0/inst/u_core/CELL_ARRAY[5].u_cell/endurance_counter_reg[31]
  -------------------------------------------------------------------
                         required time                         -0.830    
                         arrival time                           1.666    
  -------------------------------------------------------------------
                         slack                                  0.837    

Slack (MET) :             0.890ns  (arrival time - required time)
  Source:                 RevisionDesign_i/rst_ps7_0_50M/U0/ACTIVE_LOW_PR_OUT_DFF[0].FDRE_PER_N/C
                            (rising edge-triggered cell FDRE clocked by clk_fpga_0  {rise@0.000ns fall@10.000ns period=20.000ns})
  Destination:            RevisionDesign_i/axi_reram_0/inst/u_core/CELL_ARRAY[8].u_cell/FSM_sequential_write_fsm_state_reg[0]/CLR
                            (removal check against rising-edge clock clk_fpga_0  {rise@0.000ns fall@10.000ns period=20.000ns})
  Path Group:             **async_default**
  Path Type:              Removal (Min at Fast Process Corner)
  Requirement:            0.000ns  (clk_fpga_0 rise@0.000ns - clk_fpga_0 rise@0.000ns)
  Data Path Delay:        0.813ns  (logic 0.186ns (22.867%)  route 0.627ns (77.133%))
  Logic Levels:           1  (LUT1=1)
  Clock Path Skew:        0.015ns (DCD - SCD - CPR)
    Destination Clock Delay (DCD):    1.185ns
    Source Clock Delay      (SCD):    0.888ns
    Clock Pessimism Removal (CPR):    0.282ns

    Location             Delay type                Incr(ns)  Path(ns)    Netlist Resource(s)
  -------------------------------------------------------------------    -------------------
                         (clock clk_fpga_0 rise edge)
                                                      0.000     0.000 r  
    PS7_X0Y0             PS7                          0.000     0.000 r  RevisionDesign_i/processing_system7_0/inst/PS7_i/FCLKCLK[0]
                         net (fo=1, routed)           0.310     0.310    RevisionDesign_i/processing_system7_0/inst/FCLK_CLK_unbuffered[0]
    BUFGCTRL_X0Y16       BUFG (Prop_bufg_I_O)         0.026     0.336 r  RevisionDesign_i/processing_system7_0/inst/buffer_fclk_clk_0.FCLK_CLK_0_BUFG/O
                         net (fo=2150, routed)        0.552     0.888    RevisionDesign_i/rst_ps7_0_50M/U0/slowest_sync_clk
    SLICE_X44Y85         FDRE                                         r  RevisionDesign_i/rst_ps7_0_50M/U0/ACTIVE_LOW_PR_OUT_DFF[0].FDRE_PER_N/C
  -------------------------------------------------------------------    -------------------
    SLICE_X44Y85         FDRE (Prop_fdre_C_Q)         0.141     1.029 r  RevisionDesign_i/rst_ps7_0_50M/U0/ACTIVE_LOW_PR_OUT_DFF[0].FDRE_PER_N/Q
                         net (fo=20, routed)          0.263     1.291    RevisionDesign_i/axi_reram_0/inst/u_core/CELL_ARRAY[0].u_cell/s00_axi_aresetn
    SLICE_X48Y91         LUT1 (Prop_lut1_I0_O)        0.045     1.336 f  RevisionDesign_i/axi_reram_0/inst/u_core/CELL_ARRAY[0].u_cell/bram_rstb_INST_0/O
                         net (fo=794, routed)         0.365     1.701    RevisionDesign_i/axi_reram_0/inst/u_core/CELL_ARRAY[8].u_cell/ACTIVE_LOW_PR_OUT_DFF[0].FDRE_PER_N
    SLICE_X45Y86         FDCE                                         f  RevisionDesign_i/axi_reram_0/inst/u_core/CELL_ARRAY[8].u_cell/FSM_sequential_write_fsm_state_reg[0]/CLR
  -------------------------------------------------------------------    -------------------

                         (clock clk_fpga_0 rise edge)
                                                      0.000     0.000 r  
    PS7_X0Y0             PS7                          0.000     0.000 r  RevisionDesign_i/processing_system7_0/inst/PS7_i/FCLKCLK[0]
                         net (fo=1, routed)           0.337     0.337    RevisionDesign_i/processing_system7_0/inst/FCLK_CLK_unbuffered[0]
    BUFGCTRL_X0Y16       BUFG (Prop_bufg_I_O)         0.029     0.366 r  RevisionDesign_i/processing_system7_0/inst/buffer_fclk_clk_0.FCLK_CLK_0_BUFG/O
                         net (fo=2150, routed)        0.819     1.185    RevisionDesign_i/axi_reram_0/inst/u_core/CELL_ARRAY[8].u_cell/s00_axi_aclk
    SLICE_X45Y86         FDCE                                         r  RevisionDesign_i/axi_reram_0/inst/u_core/CELL_ARRAY[8].u_cell/FSM_sequential_write_fsm_state_reg[0]/C
                         clock pessimism             -0.282     0.903    
    SLICE_X45Y86         FDCE (Remov_fdce_C_CLR)     -0.092     0.811    RevisionDesign_i/axi_reram_0/inst/u_core/CELL_ARRAY[8].u_cell/FSM_sequential_write_fsm_state_reg[0]
  -------------------------------------------------------------------
                         required time                         -0.811    
                         arrival time                           1.701    
  -------------------------------------------------------------------
                         slack                                  0.890    

Slack (MET) :             0.895ns  (arrival time - required time)
  Source:                 RevisionDesign_i/rst_ps7_0_50M/U0/ACTIVE_LOW_PR_OUT_DFF[0].FDRE_PER_N/C
                            (rising edge-triggered cell FDRE clocked by clk_fpga_0  {rise@0.000ns fall@10.000ns period=20.000ns})
  Destination:            RevisionDesign_i/axi_reram_0/inst/u_core/CELL_ARRAY[8].u_cell/delay_counter_reg[0]/CLR
                            (removal check against rising-edge clock clk_fpga_0  {rise@0.000ns fall@10.000ns period=20.000ns})
  Path Group:             **async_default**
  Path Type:              Removal (Min at Fast Process Corner)
  Requirement:            0.000ns  (clk_fpga_0 rise@0.000ns - clk_fpga_0 rise@0.000ns)
  Data Path Delay:        0.818ns  (logic 0.186ns (22.746%)  route 0.632ns (77.254%))
  Logic Levels:           1  (LUT1=1)
  Clock Path Skew:        0.015ns (DCD - SCD - CPR)
    Destination Clock Delay (DCD):    1.185ns
    Source Clock Delay      (SCD):    0.888ns
    Clock Pessimism Removal (CPR):    0.282ns

    Location             Delay type                Incr(ns)  Path(ns)    Netlist Resource(s)
  -------------------------------------------------------------------    -------------------
                         (clock clk_fpga_0 rise edge)
                                                      0.000     0.000 r  
    PS7_X0Y0             PS7                          0.000     0.000 r  RevisionDesign_i/processing_system7_0/inst/PS7_i/FCLKCLK[0]
                         net (fo=1, routed)           0.310     0.310    RevisionDesign_i/processing_system7_0/inst/FCLK_CLK_unbuffered[0]
    BUFGCTRL_X0Y16       BUFG (Prop_bufg_I_O)         0.026     0.336 r  RevisionDesign_i/processing_system7_0/inst/buffer_fclk_clk_0.FCLK_CLK_0_BUFG/O
                         net (fo=2150, routed)        0.552     0.888    RevisionDesign_i/rst_ps7_0_50M/U0/slowest_sync_clk
    SLICE_X44Y85         FDRE                                         r  RevisionDesign_i/rst_ps7_0_50M/U0/ACTIVE_LOW_PR_OUT_DFF[0].FDRE_PER_N/C
  -------------------------------------------------------------------    -------------------
    SLICE_X44Y85         FDRE (Prop_fdre_C_Q)         0.141     1.029 r  RevisionDesign_i/rst_ps7_0_50M/U0/ACTIVE_LOW_PR_OUT_DFF[0].FDRE_PER_N/Q
                         net (fo=20, routed)          0.263     1.291    RevisionDesign_i/axi_reram_0/inst/u_core/CELL_ARRAY[0].u_cell/s00_axi_aresetn
    SLICE_X48Y91         LUT1 (Prop_lut1_I0_O)        0.045     1.336 f  RevisionDesign_i/axi_reram_0/inst/u_core/CELL_ARRAY[0].u_cell/bram_rstb_INST_0/O
                         net (fo=794, routed)         0.369     1.705    RevisionDesign_i/axi_reram_0/inst/u_core/CELL_ARRAY[8].u_cell/ACTIVE_LOW_PR_OUT_DFF[0].FDRE_PER_N
    SLICE_X44Y86         FDCE                                         f  RevisionDesign_i/axi_reram_0/inst/u_core/CELL_ARRAY[8].u_cell/delay_counter_reg[0]/CLR
  -------------------------------------------------------------------    -------------------

                         (clock clk_fpga_0 rise edge)
                                                      0.000     0.000 r  
    PS7_X0Y0             PS7                          0.000     0.000 r  RevisionDesign_i/processing_system7_0/inst/PS7_i/FCLKCLK[0]
                         net (fo=1, routed)           0.337     0.337    RevisionDesign_i/processing_system7_0/inst/FCLK_CLK_unbuffered[0]
    BUFGCTRL_X0Y16       BUFG (Prop_bufg_I_O)         0.029     0.366 r  RevisionDesign_i/processing_system7_0/inst/buffer_fclk_clk_0.FCLK_CLK_0_BUFG/O
                         net (fo=2150, routed)        0.819     1.185    RevisionDesign_i/axi_reram_0/inst/u_core/CELL_ARRAY[8].u_cell/s00_axi_aclk
    SLICE_X44Y86         FDCE                                         r  RevisionDesign_i/axi_reram_0/inst/u_core/CELL_ARRAY[8].u_cell/delay_counter_reg[0]/C
                         clock pessimism             -0.282     0.903    
    SLICE_X44Y86         FDCE (Remov_fdce_C_CLR)     -0.092     0.811    RevisionDesign_i/axi_reram_0/inst/u_core/CELL_ARRAY[8].u_cell/delay_counter_reg[0]
  -------------------------------------------------------------------
                         required time                         -0.811    
                         arrival time                           1.705    
  -------------------------------------------------------------------
                         slack                                  0.895    

Slack (MET) :             0.901ns  (arrival time - required time)
  Source:                 RevisionDesign_i/rst_ps7_0_50M/U0/ACTIVE_LOW_PR_OUT_DFF[0].FDRE_PER_N/C
                            (rising edge-triggered cell FDRE clocked by clk_fpga_0  {rise@0.000ns fall@10.000ns period=20.000ns})
  Destination:            RevisionDesign_i/axi_reram_0/inst/u_core/CELL_ARRAY[8].u_cell/FSM_sequential_write_fsm_state_reg[1]/CLR
                            (removal check against rising-edge clock clk_fpga_0  {rise@0.000ns fall@10.000ns period=20.000ns})
  Path Group:             **async_default**
  Path Type:              Removal (Min at Fast Process Corner)
  Requirement:            0.000ns  (clk_fpga_0 rise@0.000ns - clk_fpga_0 rise@0.000ns)
  Data Path Delay:        0.849ns  (logic 0.186ns (21.912%)  route 0.663ns (78.088%))
  Logic Levels:           1  (LUT1=1)
  Clock Path Skew:        0.015ns (DCD - SCD - CPR)
    Destination Clock Delay (DCD):    1.185ns
    Source Clock Delay      (SCD):    0.888ns
    Clock Pessimism Removal (CPR):    0.282ns

    Location             Delay type                Incr(ns)  Path(ns)    Netlist Resource(s)
  -------------------------------------------------------------------    -------------------
                         (clock clk_fpga_0 rise edge)
                                                      0.000     0.000 r  
    PS7_X0Y0             PS7                          0.000     0.000 r  RevisionDesign_i/processing_system7_0/inst/PS7_i/FCLKCLK[0]
                         net (fo=1, routed)           0.310     0.310    RevisionDesign_i/processing_system7_0/inst/FCLK_CLK_unbuffered[0]
    BUFGCTRL_X0Y16       BUFG (Prop_bufg_I_O)         0.026     0.336 r  RevisionDesign_i/processing_system7_0/inst/buffer_fclk_clk_0.FCLK_CLK_0_BUFG/O
                         net (fo=2150, routed)        0.552     0.888    RevisionDesign_i/rst_ps7_0_50M/U0/slowest_sync_clk
    SLICE_X44Y85         FDRE                                         r  RevisionDesign_i/rst_ps7_0_50M/U0/ACTIVE_LOW_PR_OUT_DFF[0].FDRE_PER_N/C
  -------------------------------------------------------------------    -------------------
    SLICE_X44Y85         FDRE (Prop_fdre_C_Q)         0.141     1.029 r  RevisionDesign_i/rst_ps7_0_50M/U0/ACTIVE_LOW_PR_OUT_DFF[0].FDRE_PER_N/Q
                         net (fo=20, routed)          0.263     1.291    RevisionDesign_i/axi_reram_0/inst/u_core/CELL_ARRAY[0].u_cell/s00_axi_aresetn
    SLICE_X48Y91         LUT1 (Prop_lut1_I0_O)        0.045     1.336 f  RevisionDesign_i/axi_reram_0/inst/u_core/CELL_ARRAY[0].u_cell/bram_rstb_INST_0/O
                         net (fo=794, routed)         0.400     1.736    RevisionDesign_i/axi_reram_0/inst/u_core/CELL_ARRAY[8].u_cell/ACTIVE_LOW_PR_OUT_DFF[0].FDRE_PER_N
    SLICE_X46Y86         FDCE                                         f  RevisionDesign_i/axi_reram_0/inst/u_core/CELL_ARRAY[8].u_cell/FSM_sequential_write_fsm_state_reg[1]/CLR
  -------------------------------------------------------------------    -------------------

                         (clock clk_fpga_0 rise edge)
                                                      0.000     0.000 r  
    PS7_X0Y0             PS7                          0.000     0.000 r  RevisionDesign_i/processing_system7_0/inst/PS7_i/FCLKCLK[0]
                         net (fo=1, routed)           0.337     0.337    RevisionDesign_i/processing_system7_0/inst/FCLK_CLK_unbuffered[0]
    BUFGCTRL_X0Y16       BUFG (Prop_bufg_I_O)         0.029     0.366 r  RevisionDesign_i/processing_system7_0/inst/buffer_fclk_clk_0.FCLK_CLK_0_BUFG/O
                         net (fo=2150, routed)        0.819     1.185    RevisionDesign_i/axi_reram_0/inst/u_core/CELL_ARRAY[8].u_cell/s00_axi_aclk
    SLICE_X46Y86         FDCE                                         r  RevisionDesign_i/axi_reram_0/inst/u_core/CELL_ARRAY[8].u_cell/FSM_sequential_write_fsm_state_reg[1]/C
                         clock pessimism             -0.282     0.903    
    SLICE_X46Y86         FDCE (Remov_fdce_C_CLR)     -0.067     0.836    RevisionDesign_i/axi_reram_0/inst/u_core/CELL_ARRAY[8].u_cell/FSM_sequential_write_fsm_state_reg[1]
  -------------------------------------------------------------------
                         required time                         -0.836    
                         arrival time                           1.736    
  -------------------------------------------------------------------
                         slack                                  0.901    





